# https://github.com/mikedh/trimesh

o geometry_0
v 17.39758027 -41.36027942 62.39361375 0.54509804 0.71372549 0.60000000
v 17.22444066 -42.76446850 62.39361375 0.54509804 0.71372549 0.60000000
v 17.21765109 -42.76446850 60.98980494 0.54509804 0.71372549 0.60000000
v 17.38060479 -41.36027942 60.98980494 0.54509804 0.71372549 0.60000000
v 17.09203947 -16.50718695 65.20123555 0.54509804 0.71372549 0.60000000
v 17.36363036 -41.36027942 65.20123555 0.54509804 0.71372549 0.60000000
v 16.90532074 -43.54188656 62.39361375 0.54509804 0.71372549 0.60000000
v 16.90192543 -43.53650422 60.98980494 0.54509804 0.71372549 0.60000000
v 17.17351737 -42.76446850 65.20123555 0.54509804 0.71372549 0.60000000
v 16.90192543 -43.54457355 66.06829381 0.54509804 0.71372549 0.60000000
v 15.44551866 -42.08927313 -5.67740852 0.54509804 0.71372549 0.60000000
v 16.84081832 -42.09734664 41.88697634 0.54509804 0.71372549 0.60000000
v 17.01735219 -16.50718695 62.39361375 0.54509804 0.71372549 0.60000000
v 16.65749384 -41.36027942 34.34494056 0.54509804 0.71372549 0.60000000
v 17.02414175 -16.50718695 66.60504436 0.54509804 0.71372549 0.60000000
v 17.17351737 -41.36027942 66.60504436 0.54509804 0.71372549 0.60000000
v 17.03093131 -42.72950001 66.56375746 0.54509804 0.71372549 0.60000000
v 16.12110162 -43.83778573 62.39361375 0.54509804 0.71372549 0.60000000
v 16.12110162 -43.81626891 60.98980494 0.54509804 0.71372549 0.60000000
v 14.18261915 -43.53650422 4.90621790 0.54509804 0.71372549 0.60000000
v 14.10114230 -43.50422689 2.09859806 0.54509804 0.71372549 0.60000000
v 12.91293111 -42.38786765 -59.58646632 0.54509804 0.71372549 0.60000000
v 12.88577181 -42.36096431 -60.99027513 0.54509804 0.71372549 0.60000000
v 16.90192543 -42.23991597 67.38952882 0.54509804 0.71372549 0.60000000
v 16.12110162 -43.22715337 67.04545603 0.54509804 0.71372549 0.60000000
v 16.12110162 -43.65755673 66.34354953 0.54509804 0.71372549 0.60000000
v 16.12110162 -43.81088657 65.20123555 0.54509804 0.71372549 0.60000000
v 14.02305971 -42.06506513 -39.34132374 0.54509804 0.71372549 0.60000000
v 14.00268997 -42.03278363 -40.27719488 0.54509804 0.71372549 0.60000000
v 14.20298888 -41.48401892 -39.86431338 0.54509804 0.71372549 0.60000000
v 14.19619932 -41.25805674 -41.35070016 0.54509804 0.71372549 0.60000000
v 14.38631231 -39.95877733 -39.94688717 0.54509804 0.71372549 0.60000000
v 15.45909779 -41.36027942 -5.88385136 0.54509804 0.71372549 0.60000000
v 16.97661376 -16.50718695 60.98980494 0.54509804 0.71372549 0.60000000
v 15.44891292 -40.56134036 -5.89761383 0.54509804 0.71372549 0.60000000
v 13.44253376 -28.74408613 -66.59175364 0.54509804 0.71372549 0.60000000
v 16.88155674 -16.50718695 67.38952882 0.54509804 0.71372549 0.60000000
v 16.90871604 -41.36027942 67.40328973 0.54509804 0.71372549 0.60000000
v 14.71901241 -43.98573741 62.39361375 0.54509804 0.71372549 0.60000000
v 10.51274370 -43.24329203 -60.99027513 0.54509804 0.71372549 0.60000000
v 10.51274370 -43.22177103 -62.39408394 0.54509804 0.71372549 0.60000000
v 11.91483292 -42.95007985 -59.58646632 0.54509804 0.71372549 0.60000000
v 11.91483292 -42.92586767 -60.99027513 0.54509804 0.71372549 0.60000000
v 11.91483292 -42.86130884 -62.39408394 0.54509804 0.71372549 0.60000000
v 11.91483292 -42.64072900 -66.59175364 0.54509804 0.71372549 0.60000000
v 12.70923690 -42.16728363 -66.59175364 0.54509804 0.71372549 0.60000000
v 16.12110162 -41.36027942 67.89875338 0.54509804 0.71372549 0.60000000
v 16.12110162 -42.52505883 67.60973257 0.54509804 0.71372549 0.60000000
v 14.71901241 -42.64610716 67.78864942 0.54509804 0.71372549 0.60000000
v 14.71901241 -43.34820170 67.10050801 0.54509804 0.71372549 0.60000000
v 14.71901241 -43.67907773 66.39860151 0.54509804 0.71372549 0.60000000
v 14.71901241 -43.92924791 65.20123555 0.54509804 0.71372549 0.60000000
v 14.71901241 -43.97228992 63.79742674 0.54509804 0.71372549 0.60000000
v 13.34747674 -41.36027942 -59.58646632 0.54509804 0.71372549 0.60000000
v 13.02496152 -41.36027942 -66.59175364 0.54509804 0.71372549 0.60000000
v 13.28297328 -41.36027942 -60.99027513 0.54509804 0.71372549 0.60000000
v 13.14378358 -39.95877733 -66.59175364 0.54509804 0.71372549 0.60000000
v 13.32031745 -34.35008823 -66.59175364 0.54509804 0.71372549 0.60000000
v 13.42216403 -30.14558613 -66.59175364 0.54509804 0.71372549 0.60000000
v 13.44253376 -16.50718695 -53.97122690 0.54509804 0.71372549 0.60000000
v 13.16075801 -28.74408613 -67.99556245 0.54509804 0.71372549 0.60000000
v 12.67528804 -16.50718695 -67.45881190 0.54509804 0.71372549 0.60000000
v 12.80089966 -16.50718695 -66.59175364 0.54509804 0.71372549 0.60000000
v 12.83484852 -16.50718695 -66.20639395 0.54509804 0.71372549 0.60000000
v 12.95366954 -16.50718695 -64.81634605 0.54509804 0.71372549 0.60000000
v 13.01817196 -16.50718695 -63.78413185 0.54509804 0.71372549 0.60000000
v 13.09964985 -16.50718695 -62.39408394 0.54509804 0.71372549 0.60000000
v 13.18112670 -16.50718695 -60.99027513 0.54509804 0.71372549 0.60000000
v 13.23884060 -16.50718695 -59.58646632 0.54509804 0.71372549 0.60000000
v 16.12110162 -16.50718695 68.03637916 0.54509804 0.71372549 0.60000000
v 15.87327473 -16.50718695 68.21529601 0.54509804 0.71372549 0.60000000
v 15.24521975 -16.50718695 68.64194677 0.54509804 0.71372549 0.60000000
v -9.11311215 -43.87006724 59.58599613 0.54509804 0.71372549 0.60000000
v -9.11311215 -43.87813657 58.18218314 0.54509804 0.71372549 0.60000000
v -9.11311215 -43.88082774 56.77837433 0.54509804 0.71372549 0.60000000
v -4.83555199 -43.46925422 -62.40784903 0.54509804 0.71372549 0.60000000
v -3.50475501 -43.47732355 -60.99027513 0.54509804 0.71372549 0.60000000
v -2.10266566 -43.47732355 -60.99027513 0.54509804 0.71372549 0.60000000
v 0.12098692 -43.46656304 -61.74723361 0.54509804 0.71372549 0.60000000
v 3.50229683 -43.42083405 -60.99027513 0.54509804 0.71372549 0.60000000
v 4.90438631 -43.39393488 -60.99027513 0.54509804 0.71372549 0.60000000
v 9.11065449 -43.30247270 -60.99027513 0.54509804 0.71372549 0.60000000
v 9.11065449 -43.29171220 -62.39408394 0.54509804 0.71372549 0.60000000
v 9.11065449 -43.26481304 -63.78413185 0.54509804 0.71372549 0.60000000
v 9.11065449 -43.22715337 -65.18794483 0.54509804 0.71372549 0.60000000
v 10.51274370 -43.13031303 -65.18794483 0.54509804 0.71372549 0.60000000
v 10.51274370 -43.07920169 -66.59175364 0.54509804 0.71372549 0.60000000
v 10.51274370 -42.74832984 -67.99556245 0.54509804 0.71372549 0.60000000
v 11.86051537 -42.32599581 -67.92674957 0.54509804 0.71372549 0.60000000
v 12.66849848 -42.12155463 -67.40375992 0.54509804 0.71372549 0.60000000
v 15.16713716 -23.13539495 68.61442078 0.54509804 0.71372549 0.60000000
v 14.71901241 -38.55727941 68.50431682 0.54509804 0.71372549 0.60000000
v 14.71901241 -39.95877733 68.47679083 0.54509804 0.71372549 0.60000000
v 14.71901241 -41.36027942 68.38045195 0.54509804 0.71372549 0.60000000
v 10.01030035 -42.16459246 68.76581164 0.54509804 0.71372549 0.60000000
v 9.11065449 -42.23184664 68.83462453 0.54509804 0.71372549 0.60000000
v -9.11311215 -43.34282354 66.97664314 0.54509804 0.71372549 0.60000000
v 9.11065449 -42.81019750 67.99509226 0.54509804 0.71372549 0.60000000
v -9.11311215 -43.57954623 66.27473665 0.54509804 0.71372549 0.60000000
v -9.11311215 -43.74094540 65.20123555 0.54509804 0.71372549 0.60000000
v -9.11311215 -43.80281724 63.79742674 0.54509804 0.71372549 0.60000000
v -9.11311215 -43.83240757 62.39361375 0.54509804 0.71372549 0.60000000
v -9.11311215 -43.85392858 60.98980494 0.54509804 0.71372549 0.60000000
v 12.76695080 -41.22846640 -67.92674957 0.54509804 0.71372549 0.60000000
v 12.83145322 -39.83772899 -68.13319241 0.54509804 0.71372549 0.60000000
v 12.69226247 -27.34258613 -68.76628184 0.54509804 0.71372549 0.60000000
v 12.34937855 -16.50718695 -68.16071840 0.54509804 0.71372549 0.60000000
v 12.62097049 -40.67163237 -68.69746895 0.54509804 0.71372549 0.60000000
v 12.73639620 -28.74408613 -68.82133382 0.54509804 0.71372549 0.60000000
v 15.05171145 -16.50718695 68.71075966 0.54509804 0.71372549 0.60000000
v -10.51520241 -43.70328573 59.58599613 0.54509804 0.71372549 0.60000000
v -10.51520241 -43.71673740 58.18218314 0.54509804 0.71372549 0.60000000
v -10.51520241 -43.74094540 55.38832642 0.54509804 0.71372549 0.60000000
v -10.51520241 -43.75170590 53.98451762 0.54509804 0.71372549 0.60000000
v -12.62342815 -43.46387605 -22.44055141 0.54509804 0.71372549 0.60000000
v -13.31938085 -43.32668488 -62.39408394 0.54509804 0.71372549 0.60000000
v -11.91729163 -43.36972271 -60.99027513 0.54509804 0.71372549 0.60000000
v -11.91729163 -43.36434455 -62.39408394 0.54509804 0.71372549 0.60000000
v -9.11311215 -43.42083405 -62.39408394 0.54509804 0.71372549 0.60000000
v -7.71102345 -43.43966388 -62.39408394 0.54509804 0.71372549 0.60000000
v -6.29874936 -43.45849371 -62.40784903 0.54509804 0.71372549 0.60000000
v -5.82346479 -43.46656304 -61.95367645 0.54509804 0.71372549 0.60000000
v -5.25651797 -43.46118488 -62.87578669 0.54509804 0.71372549 0.60000000
v -4.32292350 -43.46387605 -63.13727733 0.54509804 0.71372549 0.60000000
v -3.50475501 -43.46656304 -63.13727733 0.54509804 0.71372549 0.60000000
v -2.19093273 -43.46925422 -62.39408394 0.54509804 0.71372549 0.60000000
v -2.72053564 -43.46387605 -63.10975552 0.54509804 0.71372549 0.60000000
v -1.78354613 -43.46118488 -62.86202160 0.54509804 0.71372549 0.60000000
v -0.70057631 -43.45580254 -62.61429187 0.54509804 0.71372549 0.60000000
v 2.10020748 -43.40200421 -63.78413185 0.54509804 0.71372549 0.60000000
v 2.10020748 -43.43159455 -62.39408394 0.54509804 0.71372549 0.60000000
v 3.50229683 -43.41007354 -62.39408394 0.54509804 0.71372549 0.60000000
v 3.50229683 -43.37779204 -63.78413185 0.54509804 0.71372549 0.60000000
v 7.70856527 -43.24867437 -65.18794483 0.54509804 0.71372549 0.60000000
v 9.11065449 -43.15721220 -66.59175364 0.54509804 0.71372549 0.60000000
v 9.11065449 -42.86669118 -67.99556245 0.54509804 0.71372549 0.60000000
v 9.11065449 -42.34482564 -69.00025067 0.54509804 0.71372549 0.60000000
v 10.51274370 -42.25874581 -68.90391179 0.54509804 0.71372549 0.60000000
v 11.35807097 -42.14307564 -68.78004692 0.54509804 0.71372549 0.60000000
v 12.29166570 -41.60507143 -68.33963525 0.54509804 0.71372549 0.60000000
v 14.46779021 -23.13539495 68.84838961 0.54509804 0.71372549 0.60000000
v 14.22335757 -32.94858823 68.77957255 0.54509804 0.71372549 0.60000000
v 13.88726426 -39.95877733 68.68323367 0.54509804 0.71372549 0.60000000
v 12.97064397 -40.82227522 68.76581164 0.54509804 0.71372549 0.60000000
v 9.11065449 -41.36027942 69.16493224 0.54509804 0.71372549 0.60000000
v -7.71102345 -42.14307564 68.80709854 0.54509804 0.71372549 0.60000000
v -7.71102345 -42.72411767 67.99509226 0.54509804 0.71372549 0.60000000
v 7.70856527 -41.36027942 69.20622331 0.54509804 0.71372549 0.60000000
v -0.70057631 -41.36027942 69.44019214 0.54509804 0.71372549 0.60000000
v -2.10266566 -41.36027942 69.44019214 0.54509804 0.71372549 0.60000000
v -9.11311215 -42.69990967 67.99509226 0.54509804 0.71372549 0.60000000
v -10.43372452 -42.50622899 68.05014424 0.54509804 0.71372549 0.60000000
v -10.60007456 -43.31592438 66.60504436 0.54509804 0.71372549 0.60000000
v -10.18929293 -43.53919539 66.15087178 0.54509804 0.71372549 0.60000000
v -10.60007456 -43.57416389 65.06360559 0.54509804 0.71372549 0.60000000
v -10.65439211 -43.60106723 63.76990075 0.54509804 0.71372549 0.60000000
v -10.51520241 -43.68445590 60.98980494 0.54509804 0.71372549 0.60000000
v 11.64663734 -16.50718695 -69.05530265 0.54509804 0.71372549 0.60000000
v 11.86051537 -41.22846640 -68.90391179 0.54509804 0.71372549 0.60000000
v 10.51274370 -39.95877733 -69.57828811 0.54509804 0.71372549 0.60000000
v 12.05741898 -39.83772899 -68.98648976 0.54509804 0.71372549 0.60000000
v 11.91483292 -32.94858823 -69.17916752 0.54509804 0.71372549 0.60000000
v 11.91483292 -28.74408613 -69.22045441 0.54509804 0.71372549 0.60000000
v 11.91483292 -27.34258613 -69.19292842 0.54509804 0.71372549 0.60000000
v 14.54247749 -16.50718695 68.84838961 0.54509804 0.71372549 0.60000000
v 14.45081578 -20.32970377 68.86215052 0.54509804 0.71372549 0.60000000
v -11.36731924 -43.54726472 53.98451762 0.54509804 0.71372549 0.60000000
v -11.21794363 -43.46387605 64.51309414 0.54509804 0.71372549 0.60000000
v -12.62682345 -43.46925422 19.67374840 0.54509804 0.71372549 0.60000000
v -12.62682345 -43.46925422 19.50859455 0.54509804 0.71372549 0.60000000
v -13.18358540 -43.37510087 -21.83498588 0.54509804 0.71372549 0.60000000
v -14.72147007 -43.10340969 -62.39408394 0.54509804 0.71372549 0.60000000
v -14.72147007 -43.07920169 -63.78413185 0.54509804 0.71372549 0.60000000
v -13.31938085 -43.28633404 -63.78413185 0.54509804 0.71372549 0.60000000
v -11.91729163 -43.34551471 -63.78413185 0.54509804 0.71372549 0.60000000
v -10.51520241 -43.37779204 -63.78413185 0.54509804 0.71372549 0.60000000
v -9.11311215 -43.40738237 -63.78413185 0.54509804 0.71372549 0.60000000
v -7.71102345 -43.42352522 -63.78413185 0.54509804 0.71372549 0.60000000
v -4.83555199 -43.45311555 -63.67403206 0.54509804 0.71372549 0.60000000
v -3.50475501 -43.45311555 -63.83918383 0.54509804 0.71372549 0.60000000
v -2.19093273 -43.44773321 -63.66026698 0.54509804 0.71372549 0.60000000
v 2.10020748 -43.32399371 -65.18794483 0.54509804 0.71372549 0.60000000
v 3.50229683 -43.30785504 -65.18794483 0.54509804 0.71372549 0.60000000
v -2.10266566 -43.36434455 -65.18794483 0.54509804 0.71372549 0.60000000
v -3.50475501 -43.37779204 -65.18794483 0.54509804 0.71372549 0.60000000
v -4.90684449 -43.38317438 -65.18794483 0.54509804 0.71372549 0.60000000
v 0.69811813 -43.18680253 -66.59175364 0.54509804 0.71372549 0.60000000
v -4.90684449 -43.19218069 -66.59175364 0.54509804 0.71372549 0.60000000
v -11.91729163 -43.10879203 -66.59175364 0.54509804 0.71372549 0.60000000
v -3.50475501 -42.65148950 -67.99556245 0.54509804 0.71372549 0.60000000
v 9.11065449 -41.36027942 -69.56452721 0.54509804 0.71372549 0.60000000
v -11.91729163 -42.51429833 -67.91298448 0.54509804 0.71372549 0.60000000
v -3.50475501 -42.14845380 -68.80757291 0.54509804 0.71372549 0.60000000
v 0.69811813 -41.42214708 -69.57828811 0.54509804 0.71372549 0.60000000
v 0.69811813 -40.72005254 -70.12881211 0.54509804 0.71372549 0.60000000
v 2.10020748 -40.72812605 -70.12881211 0.54509804 0.71372549 0.60000000
v 3.26125976 -40.70122271 -70.11503866 0.54509804 0.71372549 0.60000000
v 10.51274370 -41.36027942 -69.35808437 0.54509804 0.71372549 0.60000000
v 13.31692214 -16.50718695 69.16493224 0.54509804 0.71372549 0.60000000
v 13.31692214 -20.32970377 69.15117133 0.54509804 0.71372549 0.60000000
v 13.31692214 -21.73389495 69.13740625 0.54509804 0.71372549 0.60000000
v 13.31692214 -23.13539495 69.12364534 0.54509804 0.71372549 0.60000000
v 13.31692214 -32.94858823 68.95848940 0.54509804 0.71372549 0.60000000
v 13.31692214 -34.35008823 68.93096341 0.54509804 0.71372549 0.60000000
v 11.91483292 -39.95877733 69.04106737 0.54509804 0.71372549 0.60000000
v 10.51274370 -38.55727941 69.37137508 0.54509804 0.71372549 0.60000000
v 10.51274370 -39.95877733 69.27503620 0.54509804 0.71372549 0.60000000
v 9.11065449 -39.95877733 69.44019214 0.54509804 0.71372549 0.60000000
v 7.70856527 -39.95877733 69.56405701 0.54509804 0.71372549 0.60000000
v 4.90438631 -39.95877733 69.71544787 0.54509804 0.71372549 0.60000000
v 0.69811813 -39.95877733 69.88059964 0.54509804 0.71372549 0.60000000
v -7.71102345 -41.36027942 69.33008818 0.54509804 0.71372549 0.60000000
v -9.11311215 -41.36027942 69.28879711 0.54509804 0.71372549 0.60000000
v -9.11311215 -42.12155463 68.77957255 0.54509804 0.71372549 0.60000000
v -0.70057631 -39.95877733 69.90812563 0.54509804 0.71372549 0.60000000
v -2.10266566 -39.95877733 69.93565162 0.54509804 0.71372549 0.60000000
v -9.91430673 -42.09734664 68.73828565 0.54509804 0.71372549 0.60000000
v -11.52348442 -42.38517648 67.62349347 0.54509804 0.71372549 0.60000000
v -11.76791601 -42.63803783 66.60504436 0.54509804 0.71372549 0.60000000
v -11.12288765 -43.44235505 65.44896528 0.54509804 0.71372549 0.60000000
v 10.51274370 -16.50718695 -69.57828811 0.54509804 0.71372549 0.60000000
v 9.11065449 -39.95877733 -69.81225695 0.54509804 0.71372549 0.60000000
v 10.51274370 -31.54708614 -69.67463117 0.54509804 0.71372549 0.60000000
v 10.51274370 -25.94108612 -69.68839208 0.54509804 0.71372549 0.60000000
v 10.51274370 -23.13539495 -69.68839208 0.54509804 0.71372549 0.60000000
v -11.75433689 -42.89089918 65.06360559 0.54509804 0.71372549 0.60000000
v -12.62342815 -42.06775212 63.38454105 0.54509804 0.71372549 0.60000000
v -12.67774675 -42.16190547 59.58599613 0.54509804 0.71372549 0.60000000
v -12.88822948 -42.43628782 46.96546521 0.54509804 0.71372549 0.60000000
v -13.06136909 -42.58692649 37.15256027 0.54509804 0.71372549 0.60000000
v -14.31408373 -42.44435715 2.09859806 0.54509804 0.71372549 0.60000000
v -16.77537826 -41.96015546 -65.18794483 0.54509804 0.71372549 0.60000000
v -15.75012181 -42.36365548 -45.56212659 0.54509804 0.71372549 0.60000000
v -16.05226730 -42.49277732 -63.78413185 0.54509804 0.71372549 0.60000000
v -16.07603130 -42.47663448 -65.18794483 0.54509804 0.71372549 0.60000000
v -14.72147007 -43.03347269 -65.18794483 0.54509804 0.71372549 0.60000000
v -13.31938085 -43.22446220 -65.18794483 0.54509804 0.71372549 0.60000000
v -11.91729163 -43.29171220 -65.18794483 0.54509804 0.71372549 0.60000000
v -10.51520241 -43.32399371 -65.18794483 0.54509804 0.71372549 0.60000000
v -9.11311215 -43.34282354 -65.18794483 0.54509804 0.71372549 0.60000000
v -6.30893371 -43.43697271 -63.78413185 0.54509804 0.71372549 0.60000000
v -13.31938085 -43.03885085 -66.59175364 0.54509804 0.71372549 0.60000000
v 7.70856527 -39.95877733 -69.94988690 0.54509804 0.71372549 0.60000000
v 4.19485448 -40.65011555 -70.10127776 0.54509804 0.71372549 0.60000000
v -13.31938085 -42.47394749 -67.84417159 0.54509804 0.71372549 0.60000000
v -11.91729163 -41.97360295 -68.61489098 0.54509804 0.71372549 0.60000000
v -10.51520241 -42.02471429 -68.65617787 0.54509804 0.71372549 0.60000000
v -9.11311215 -42.05161346 -68.68370386 0.54509804 0.71372549 0.60000000
v -3.50475501 -41.36027942 -69.48194924 0.54509804 0.71372549 0.60000000
v -0.70057631 -40.69046638 -70.11503866 0.54509804 0.71372549 0.60000000
v -0.70057631 -39.95877733 -70.15632556 0.54509804 0.71372549 0.60000000
v 0.69811813 -39.95877733 -70.17009900 0.54509804 0.71372549 0.60000000
v 2.10020748 -39.95877733 -70.18385573 0.54509804 0.71372549 0.60000000
v 11.91483292 -16.50718695 69.45395305 0.54509804 0.71372549 0.60000000
v 11.91483292 -23.13539495 69.38514016 0.54509804 0.71372549 0.60000000
v 10.51274370 -21.73389495 69.64663499 0.54509804 0.71372549 0.60000000
v 9.11065449 -32.94858823 69.67415680 0.54509804 0.71372549 0.60000000
v 9.11065449 -38.55727941 69.53653102 0.54509804 0.71372549 0.60000000
v 6.30647553 -38.55727941 69.74297386 0.54509804 0.71372549 0.60000000
v 4.90438631 -38.55727941 69.81178675 0.54509804 0.71372549 0.60000000
v 4.90438631 -37.15577732 69.86683873 0.54509804 0.71372549 0.60000000
v 4.90438631 -34.35008823 69.97694270 0.54509804 0.71372549 0.60000000
v -9.11311215 -39.95877733 69.72920878 0.54509804 0.71372549 0.60000000
v -10.43372452 -41.26881724 68.95848940 0.54509804 0.71372549 0.60000000
v 4.34083453 -29.57530252 70.11456847 0.54509804 0.71372549 0.60000000
v 3.50229683 -27.34258613 70.16962881 0.54509804 0.71372549 0.60000000
v 3.50229683 -25.94108612 70.19714226 0.54509804 0.71372549 0.60000000
v 3.50229683 -23.13539495 70.25220260 0.54509804 0.71372549 0.60000000
v 2.10020748 -21.73389495 70.27971606 0.54509804 0.71372549 0.60000000
v -0.70057631 -16.50718695 70.34853312 0.54509804 0.71372549 0.60000000
v -2.10266566 -16.50718695 70.32101967 0.54509804 0.71372549 0.60000000
v -10.84790146 -41.67232144 68.55936880 0.54509804 0.71372549 0.60000000
v -12.38578612 -41.36027942 66.60504436 0.54509804 0.71372549 0.60000000
v -11.24510292 -40.73888237 68.72452057 0.54509804 0.71372549 0.60000000
v -11.62872526 -41.26881724 68.05014424 0.54509804 0.71372549 0.60000000
v -12.61663859 -42.03278363 64.32041220 0.54509804 0.71372549 0.60000000
v 9.11065449 -16.50718695 -69.82602203 0.54509804 0.71372549 0.60000000
v 7.70856527 -32.94858823 -70.00493888 0.54509804 0.71372549 0.60000000
v 9.11065449 -25.94108612 -69.90860000 0.54509804 0.71372549 0.60000000
v 9.11065449 -24.53689704 -69.90860000 0.54509804 0.71372549 0.60000000
v 9.11065449 -20.32970377 -69.86730893 0.54509804 0.71372549 0.60000000
v 9.11065449 -17.52670377 -69.83978294 0.54509804 0.71372549 0.60000000
v -14.03230798 -42.08120379 21.39410402 0.54509804 0.71372549 0.60000000
v -15.45476589 -42.10272480 -24.53250372 0.54509804 0.71372549 0.60000000
v -15.47513562 -42.12424580 -25.93631462 0.54509804 0.71372549 0.60000000
v -16.75161426 -41.90904412 -63.78413185 0.54509804 0.71372549 0.60000000
v -16.93833300 -40.95139706 -58.18265751 0.54509804 0.71372549 0.60000000
v -16.95530743 -41.01595589 -59.58646632 0.54509804 0.71372549 0.60000000
v -16.98925629 -41.20694540 -63.78413185 0.54509804 0.71372549 0.60000000
v -17.00283542 -41.26074791 -65.18794483 0.54509804 0.71372549 0.60000000
v -16.94172830 -41.01864706 -66.59175364 0.54509804 0.71372549 0.60000000
v -16.57507935 -41.72074161 -66.59175364 0.54509804 0.71372549 0.60000000
v -15.87233813 -42.34213447 -66.59175364 0.54509804 0.71372549 0.60000000
v -14.01872781 -42.04623530 22.32997725 0.54509804 0.71372549 0.60000000
v -14.72147007 -42.80481934 -66.59175364 0.54509804 0.71372549 0.60000000
v -14.72147007 -42.32868698 -67.65149384 0.54509804 0.71372549 0.60000000
v 5.00283811 -40.09327733 -70.08751267 0.54509804 0.71372549 0.60000000
v 4.60224134 -39.71398531 -70.11503866 0.54509804 0.71372549 0.60000000
v 6.30647553 -38.55727941 -70.04622578 0.54509804 0.71372549 0.60000000
v 6.48979948 -34.35008823 -70.07375595 0.54509804 0.71372549 0.60000000
v 6.94810963 -27.71649999 -70.10127776 0.54509804 0.71372549 0.60000000
v 3.63809253 -40.09327733 -70.14256883 0.54509804 0.71372549 0.60000000
v -13.31938085 -41.91442228 -68.53231300 0.54509804 0.71372549 0.60000000
v -13.31938085 -41.21232774 -69.11035463 0.54509804 0.71372549 0.60000000
v -10.51520241 -41.32261975 -69.19292842 0.54509804 0.71372549 0.60000000
v -1.57645779 -40.66894538 -70.10127776 0.54509804 0.71372549 0.60000000
v -0.70057631 -38.55727941 -70.17009900 0.54509804 0.71372549 0.60000000
v -2.06871680 -39.97760716 -70.12881211 0.54509804 0.71372549 0.60000000
v -3.09057859 -39.52030463 -70.11503866 0.54509804 0.71372549 0.60000000
v 0.69811813 -38.55727941 -70.18385573 0.54509804 0.71372549 0.60000000
v 2.10020748 -24.53689704 -70.23889935 0.54509804 0.71372549 0.60000000
v 3.50229683 -27.34258613 -70.22514263 0.54509804 0.71372549 0.60000000
v 4.90438631 -31.54708614 -70.17009900 0.54509804 0.71372549 0.60000000
v 11.53460589 -16.50718695 69.52276594 0.54509804 0.71372549 0.60000000
v 10.51274370 -16.50718695 69.70168279 0.54509804 0.71372549 0.60000000
v 10.13251667 -16.50718695 69.75673477 0.54509804 0.71372549 0.60000000
v 9.11065449 -16.50718695 69.89436472 0.54509804 0.71372549 0.60000000
v 9.11065449 -18.92820586 69.86683873 0.54509804 0.71372549 0.60000000
v 9.11065449 -24.53689704 69.79802584 0.54509804 0.71372549 0.60000000
v 7.70856527 -32.94858823 69.83931274 0.54509804 0.71372549 0.60000000
v 7.70856527 -34.35008823 69.79802584 0.54509804 0.71372549 0.60000000
v 6.30647553 -34.35008823 69.90812563 0.54509804 0.71372549 0.60000000
v 6.30647553 -37.15577732 69.79802584 0.54509804 0.71372549 0.60000000
v 6.30647553 -32.94858823 69.94941670 0.54509804 0.71372549 0.60000000
v -10.51520241 -35.75158824 69.38514016 0.54509804 0.71372549 0.60000000
v -10.51520241 -37.15577732 69.35761417 0.54509804 0.71372549 0.60000000
v -10.51520241 -39.95877733 69.27503620 0.54509804 0.71372549 0.60000000
v -2.48289335 -16.50718695 70.30724623 0.54509804 0.71372549 0.60000000
v -3.88498283 -16.50718695 70.25220260 0.54509804 0.71372549 0.60000000
v -4.90684449 -16.50718695 70.21091571 0.54509804 0.71372549 0.60000000
v -5.17843538 -16.50718695 70.19714226 0.54509804 0.71372549 0.60000000
v -9.11311215 -16.50718695 69.99070360 0.54509804 0.71372549 0.60000000
v 5.46793782 -27.67076890 70.10080756 0.54509804 0.71372549 0.60000000
v 4.90438631 -24.53689704 70.18338554 0.54509804 0.71372549 0.60000000
v 3.50229683 -21.73389495 70.26595933 0.54509804 0.71372549 0.60000000
v 2.10020748 -17.52670377 70.33477640 0.54509804 0.71372549 0.60000000
v 2.10020748 -16.50718695 70.33477640 0.54509804 0.71372549 0.60000000
v -11.79168001 -39.95877733 67.99509226 0.54509804 0.71372549 0.60000000
v -12.43331411 -39.95877733 66.60504436 0.54509804 0.71372549 0.60000000
v -12.60984902 -39.95877733 65.77927299 0.54509804 0.71372549 0.60000000
v -12.59287459 -41.48401892 65.31133951 0.54509804 0.71372549 0.60000000
v -11.26547266 -39.95877733 68.75204656 0.54509804 0.71372549 0.60000000
v -12.65058745 -41.09665757 64.92597982 0.54509804 0.71372549 0.60000000
v -13.50609958 -35.75158824 53.98451762 0.54509804 0.71372549 0.60000000
v -13.39746344 -37.15577732 53.98451762 0.54509804 0.71372549 0.60000000
v -13.45178099 -37.15577732 52.58070881 0.54509804 0.71372549 0.60000000
v -14.41253501 -39.95877733 20.32060292 0.54509804 0.71372549 0.60000000
v -14.46345830 -39.95877733 18.93055501 0.54509804 0.71372549 0.60000000
v -14.51438160 -39.95877733 17.52674516 0.54509804 0.71372549 0.60000000
v -15.26125759 -39.95877733 -3.50287928 0.54509804 0.71372549 0.60000000
v -15.41742277 -40.57210504 -9.95765253 0.54509804 0.71372549 0.60000000
v -15.43439720 -40.70391388 -10.89352577 0.54509804 0.71372549 0.60000000
v -16.82630155 -40.66356304 -51.83798561 0.54509804 0.71372549 0.60000000
v 8.09218761 -16.50718695 -69.94988690 0.54509804 0.71372549 0.60000000
v 7.02279744 -26.78037184 -70.10127776 0.54509804 0.71372549 0.60000000
v 7.57955939 -27.28609663 -70.04622578 0.54509804 0.71372549 0.60000000
v 7.02958700 -25.94108612 -70.10127776 0.54509804 0.71372549 0.60000000
v 7.01940265 -25.01840965 -70.10127776 0.54509804 0.71372549 0.60000000
v 7.70856527 -23.13539495 -70.03246487 0.54509804 0.71372549 0.60000000
v 6.70028273 -16.50718695 -70.08751267 0.54509804 0.71372549 0.60000000
v 7.70856527 -16.50718695 -69.99117380 0.54509804 0.71372549 0.60000000
v -16.91456900 -40.88683405 -56.77884452 0.54509804 0.71372549 0.60000000
v -17.07073418 -39.95877733 -58.18265751 0.54509804 0.71372549 0.60000000
v -17.12505173 -39.95877733 -60.99027513 0.54509804 0.71372549 0.60000000
v -17.17597503 -39.95877733 -65.18794483 0.54509804 0.71372549 0.60000000
v -17.07073418 -39.95877733 -66.59175364 0.54509804 0.71372549 0.60000000
v -16.85685510 -40.73350421 -67.34870794 0.54509804 0.71372549 0.60000000
v -15.58716707 -42.16459246 -67.43128591 0.54509804 0.71372549 0.60000000
v -16.83988067 -40.70122271 -52.56741391 0.54509804 0.71372549 0.60000000
v -14.72147007 -41.75302311 -68.35339615 0.54509804 0.71372549 0.60000000
v 5.78705774 -34.35008823 -70.11503866 0.54509804 0.71372549 0.60000000
v 5.97377648 -31.54708614 -70.12881211 0.54509804 0.71372549 0.60000000
v 6.30647553 -25.94108612 -70.14256883 0.54509804 0.71372549 0.60000000
v -14.72147007 -41.05092439 -69.00025067 0.54509804 0.71372549 0.60000000
v -13.31938085 -39.95877733 -69.57828811 0.54509804 0.71372549 0.60000000
v -2.51005239 -40.45643069 -70.08751267 0.54509804 0.71372549 0.60000000
v -9.11311215 -39.95877733 -69.82602203 0.54509804 0.71372549 0.60000000
v -2.10266566 -38.55727941 -70.14256883 0.54509804 0.71372549 0.60000000
v 0.69811813 -20.32970377 -70.23889935 0.54509804 0.71372549 0.60000000
v -3.53530909 -39.97760716 -70.07375595 0.54509804 0.71372549 0.60000000
v -4.90684449 -39.95877733 -70.01869979 0.54509804 0.71372549 0.60000000
v -7.71102345 -39.95877733 -69.89483492 0.54509804 0.71372549 0.60000000
v -6.30893371 -38.55727941 -69.99117380 0.54509804 0.71372549 0.60000000
v -13.31938085 -16.50718695 -69.86730893 0.54509804 0.71372549 0.60000000
v -12.93915277 -16.50718695 -69.88107401 0.54509804 0.71372549 0.60000000
v 2.10020748 -20.32970377 -70.25267280 0.54509804 0.71372549 0.60000000
v 3.50229683 -21.73389495 -70.23889935 0.54509804 0.71372549 0.60000000
v 4.90438631 -25.94108612 -70.19761246 0.54509804 0.71372549 0.60000000
v 8.73042693 -16.50718695 69.93565162 0.54509804 0.71372549 0.60000000
v 7.70856527 -18.92820586 70.01822959 0.54509804 0.71372549 0.60000000
v 7.70856527 -24.53689704 69.94941670 0.54509804 0.71372549 0.60000000
v 6.42869184 -25.94108612 70.05951649 0.54509804 0.71372549 0.60000000
v 6.30647553 -30.14558613 70.00446869 0.54509804 0.71372549 0.60000000
v -10.51520241 -16.50718695 69.59158300 0.54509804 0.71372549 0.60000000
v -11.34015995 -35.75158824 68.86215052 0.54509804 0.71372549 0.60000000
v -11.31979126 -37.15577732 68.83462453 0.54509804 0.71372549 0.60000000
v 5.72594958 -25.94108612 70.11456847 0.54509804 0.71372549 0.60000000
v 4.90438631 -21.73389495 70.21091571 0.54509804 0.71372549 0.60000000
v 5.85495546 -24.53689704 70.12833355 0.54509804 0.71372549 0.60000000
v 3.50229683 -17.52670377 70.30724623 0.54509804 0.71372549 0.60000000
v 3.12206927 -16.50718695 70.32101967 0.54509804 0.71372549 0.60000000
v -11.85618347 -37.15577732 67.99509226 0.54509804 0.71372549 0.60000000
v -12.66756188 -24.53689704 66.13710669 0.54509804 0.71372549 0.60000000
v -11.88334277 -35.75158824 67.99509226 0.54509804 0.71372549 0.60000000
v -12.51479200 -24.53689704 66.83901319 0.54509804 0.71372549 0.60000000
v -12.89841434 -16.50718695 65.20123555 0.54509804 0.71372549 0.60000000
v -13.11568768 -16.50718695 63.79742674 0.54509804 0.71372549 0.60000000
v -13.17000523 -16.50718695 63.41206705 0.54509804 0.71372549 0.60000000
v -13.30919598 -16.50718695 62.39361375 0.54509804 0.71372549 0.60000000
v -13.35672501 -16.50718695 62.00825406 0.54509804 0.71372549 0.60000000
v -13.16661097 -27.34258613 62.39361375 0.54509804 0.71372549 0.60000000
v -13.32277511 -27.34258613 60.98980494 0.54509804 0.71372549 0.60000000
v -13.26845756 -30.14558613 60.98980494 0.54509804 0.71372549 0.60000000
v -13.20055983 -32.94858823 60.98980494 0.54509804 0.71372549 0.60000000
v -13.35332971 -31.54708614 59.58599613 0.54509804 0.71372549 0.60000000
v -13.30919598 -32.94858823 59.58599613 0.54509804 0.71372549 0.60000000
v -13.45857160 -31.54708614 58.18218314 0.54509804 0.71372549 0.60000000
v -13.56041818 -31.54708614 56.77837433 0.54509804 0.71372549 0.60000000
v -13.64868459 -31.54708614 55.38832642 0.54509804 0.71372549 0.60000000
v -13.67244963 -32.94858823 53.98451762 0.54509804 0.71372549 0.60000000
v -13.59776130 -34.35008823 53.98451762 0.54509804 0.71372549 0.60000000
v -13.65547520 -34.35008823 52.58070881 0.54509804 0.71372549 0.60000000
v -13.56041818 -35.75158824 52.58070881 0.54509804 0.71372549 0.60000000
v -14.47703848 -37.15577732 24.53203353 0.54509804 0.71372549 0.60000000
v -14.73504919 -35.75158824 20.32060292 0.54509804 0.71372549 0.60000000
v -15.47174032 -35.82422058 -0.68149638 0.54509804 0.71372549 0.60000000
v -15.77388581 -35.75158824 -9.10435623 0.54509804 0.71372549 0.60000000
v -16.26275003 -39.95877733 -32.94160194 0.54509804 0.71372549 0.60000000
v -15.91307656 -34.35008823 -10.50816608 0.54509804 0.71372549 0.60000000
v -17.02660046 -39.95877733 -56.77884452 0.54509804 0.71372549 0.60000000
v 6.98545379 -24.08228151 -70.10127776 0.54509804 0.71372549 0.60000000
v 6.24536789 -23.13539495 -70.14256883 0.54509804 0.71372549 0.60000000
v 6.94810963 -23.13539495 -70.10127776 0.54509804 0.71372549 0.60000000
v 5.99754047 -16.50718695 -70.12881211 0.54509804 0.71372549 0.60000000
v -16.90777944 -31.54708614 -39.94688717 0.54509804 0.71372549 0.60000000
v -17.07752375 -31.54708614 -46.96593958 0.54509804 0.71372549 0.60000000
v -17.10807730 -31.54708614 -48.36974839 0.54509804 0.71372549 0.60000000
v -17.14881573 -37.15577732 -58.18265751 0.54509804 0.71372549 0.60000000
v -15.99455340 -32.94858823 -10.50816608 0.54509804 0.71372549 0.60000000
v -16.57168509 -32.94858823 -30.13398014 0.54509804 0.71372549 0.60000000
v -16.75500852 -31.54708614 -34.34541075 0.54509804 0.71372549 0.60000000
v -17.15900060 -38.55727941 -60.99027513 0.54509804 0.71372549 0.60000000
v -17.25405762 -23.13539495 -65.18794483 0.54509804 0.71372549 0.60000000
v -17.20652963 -23.13539495 -66.59175364 0.54509804 0.71372549 0.60000000
v -17.09110287 -38.55727941 -66.59175364 0.54509804 0.71372549 0.60000000
v -17.19973902 -35.75158824 -59.58646632 0.54509804 0.71372549 0.60000000
v -17.24047849 -32.94858823 -59.58646632 0.54509804 0.71372549 0.60000000
v -17.25745292 -31.54708614 -59.58646632 0.54509804 0.71372549 0.60000000
v -17.26763674 -30.14558613 -59.58646632 0.54509804 0.71372549 0.60000000
v -17.25066231 -31.54708614 -60.99027513 0.54509804 0.71372549 0.60000000
v -17.25745292 -30.14558613 -60.99027513 0.54509804 0.71372549 0.60000000
v -16.91117370 -38.55727941 -67.44505100 0.54509804 0.71372549 0.60000000
v -16.89080501 -39.95877733 -67.40375992 0.54509804 0.71372549 0.60000000
v -16.38836061 -39.95877733 -68.09190133 0.54509804 0.71372549 0.60000000
v -15.68561835 -39.95877733 -68.94519869 0.54509804 0.71372549 0.60000000
v -15.57019264 -40.83303572 -68.83509472 0.54509804 0.71372549 0.60000000
v -16.04547670 -41.24998741 -67.85793668 0.54509804 0.71372549 0.60000000
v 4.90438631 -21.73389495 -70.19761246 0.54509804 0.71372549 0.60000000
v -14.72147007 -39.95877733 -69.38561036 0.54509804 0.71372549 0.60000000
v -14.72147007 -38.55727941 -69.45442325 0.54509804 0.71372549 0.60000000
v -13.31938085 -38.55727941 -69.63334010 0.54509804 0.71372549 0.60000000
v -7.71102345 -38.55727941 -69.92236091 0.54509804 0.71372549 0.60000000
v 0.69811813 -16.50718695 -70.23889935 0.54509804 0.71372549 0.60000000
v -14.72147007 -16.50718695 -69.48194924 0.54509804 0.71372549 0.60000000
v 2.48382995 -16.50718695 -70.23889935 0.54509804 0.71372549 0.60000000
v 3.50229683 -16.50718695 -70.22514263 0.54509804 0.71372549 0.60000000
v 7.70856527 -16.50718695 70.03199468 0.54509804 0.71372549 0.60000000
v 7.70856527 -17.52670377 70.03199468 0.54509804 0.71372549 0.60000000
v 6.95489971 -17.52670377 70.10080756 0.54509804 0.71372549 0.60000000
v -10.75963400 -16.50718695 69.42642706 0.54509804 0.71372549 0.60000000
v -11.38429367 -25.94108612 68.90344159 0.54509804 0.71372549 0.60000000
v -11.97500448 -25.94108612 67.99509226 0.54509804 0.71372549 0.60000000
v 4.90438631 -18.92820586 70.23842916 0.54509804 0.71372549 0.60000000
v 6.15370565 -18.92820586 70.15585537 0.54509804 0.71372549 0.60000000
v 3.50229683 -16.50718695 70.30724623 0.54509804 0.71372549 0.60000000
v 4.52415875 -16.50718695 70.26595933 0.54509804 0.71372549 0.60000000
v -12.70151074 -16.50718695 66.27473665 0.54509804 0.71372549 0.60000000
v -12.54195130 -16.50718695 66.97664314 0.54509804 0.71372549 0.60000000
v -12.58608503 -16.50718695 66.78396121 0.54509804 0.71372549 0.60000000
v -13.47215072 -16.50718695 60.98980494 0.54509804 0.71372549 0.60000000
v -13.50949489 -16.50718695 60.60444525 0.54509804 0.71372549 0.60000000
v -13.60794617 -16.50718695 59.58599613 0.54509804 0.71372549 0.60000000
v -13.49591472 -24.53689704 59.58599613 0.54509804 0.71372549 0.60000000
v -13.47215072 -25.94108612 59.58599613 0.54509804 0.71372549 0.60000000
v -13.44838673 -27.34258613 59.58599613 0.54509804 0.71372549 0.60000000
v -13.42122743 -28.74408613 59.58599613 0.54509804 0.71372549 0.60000000
v -13.49931002 -30.14558613 58.18218314 0.54509804 0.71372549 0.60000000
v -13.60115660 -30.14558613 56.77837433 0.54509804 0.71372549 0.60000000
v -13.69960788 -30.14558613 55.38832642 0.54509804 0.71372549 0.60000000
v -13.78787534 -30.14558613 53.98451762 0.54509804 0.71372549 0.60000000
v -13.73355675 -31.54708614 53.98451762 0.54509804 0.71372549 0.60000000
v -13.80145551 -31.54708614 52.58070881 0.54509804 0.71372549 0.60000000
v -13.73355675 -32.94858823 52.58070881 0.54509804 0.71372549 0.60000000
v -14.01872781 -32.21152101 46.20851091 0.54509804 0.71372549 0.60000000
v -14.78597353 -34.35008823 21.72441173 0.54509804 0.71372549 0.60000000
v -14.58227932 -35.75158824 24.53203353 0.54509804 0.71372549 0.60000000
v -14.83689682 -34.35008823 20.32060292 0.54509804 0.71372549 0.60000000
v -15.57358690 -34.35008823 -0.69525918 0.54509804 0.71372549 0.60000000
v -15.86554752 -34.35008823 -9.10435623 0.54509804 0.71372549 0.60000000
v 4.90438631 -18.92820586 -70.18385573 0.54509804 0.71372549 0.60000000
v 3.88591943 -16.50718695 -70.21138590 0.54509804 0.71372549 0.60000000
v -16.95191213 -30.14558613 -39.94688717 0.54509804 0.71372549 0.60000000
v -16.84667128 -30.14827730 -35.79050855 0.54509804 0.71372549 0.60000000
v -17.08091801 -30.14558613 -45.56212659 0.54509804 0.71372549 0.60000000
v -17.11147261 -30.14558613 -46.96593958 0.54509804 0.71372549 0.60000000
v -17.13863191 -30.14558613 -48.36974839 0.54509804 0.71372549 0.60000000
v -17.15560634 -31.54708614 -51.16360510 0.54509804 0.71372549 0.60000000
v -17.18615989 -30.14558613 -51.16360510 0.54509804 0.71372549 0.60000000
v -17.17937033 -35.75158824 -58.18265751 0.54509804 0.71372549 0.60000000
v -17.16918546 -37.15577732 -59.58646632 0.54509804 0.71372549 0.60000000
v -15.94702542 -32.94858823 -9.10435623 0.54509804 0.71372549 0.60000000
v -16.01831740 -31.54708614 -9.10435623 0.54509804 0.71372549 0.60000000
v -16.71427010 -31.54708614 -32.94160194 0.54509804 0.71372549 0.60000000
v -16.20503718 -28.74408613 -11.91197698 0.54509804 0.71372549 0.60000000
v -17.28461222 -16.50718695 -65.18794483 0.54509804 0.71372549 0.60000000
v -17.23368788 -16.50718695 -66.59175364 0.54509804 0.71372549 0.60000000
v -17.16918546 -16.50718695 -66.83948338 0.54509804 0.71372549 0.60000000
v -16.91796326 -37.15577732 -67.45881190 0.54509804 0.71372549 0.60000000
v -17.20992389 -28.74408613 -51.16360510 0.54509804 0.71372549 0.60000000
v -17.23708319 -27.34258613 -52.56741391 0.54509804 0.71372549 0.60000000
v -17.25405762 -25.94108612 -53.97122690 0.54509804 0.71372549 0.60000000
v -17.26084718 -24.53689704 -53.97122690 0.54509804 0.71372549 0.60000000
v -17.26763674 -24.53689704 -55.37503571 0.54509804 0.71372549 0.60000000
v -17.27103205 -24.53689704 -56.77884452 0.54509804 0.71372549 0.60000000
v -16.46304894 -37.15577732 -68.16071840 0.54509804 0.71372549 0.60000000
v -16.44946877 -38.55727941 -68.14695331 0.54509804 0.71372549 0.60000000
v -15.75012181 -38.55727941 -69.00025067 0.54509804 0.71372549 0.60000000
v -15.76370094 -37.15577732 -69.00025067 0.54509804 0.71372549 0.60000000
v -15.72635782 -20.32970377 -68.97272468 0.54509804 0.71372549 0.60000000
v -15.70938339 -18.92820586 -68.95896377 0.54509804 0.71372549 0.60000000
v -15.66185436 -17.52670377 -68.93143778 0.54509804 0.71372549 0.60000000
v -15.62111593 -16.50718695 -68.89014670 0.54509804 0.71372549 0.60000000
v 6.90058112 -16.50718695 70.10080756 0.54509804 0.71372549 0.60000000
v 6.25215745 -17.52670377 70.15585537 0.54509804 0.71372549 0.60000000
v -11.41484723 -16.50718695 68.94472849 0.54509804 0.71372549 0.60000000
v -11.40805767 -17.52670377 68.94472849 0.54509804 0.71372549 0.60000000
v -11.58459258 -16.50718695 68.69699875 0.54509804 0.71372549 0.60000000
v -12.03950690 -16.50718695 67.99509226 0.54509804 0.71372549 0.60000000
v -12.17869765 -16.50718695 67.71983653 0.54509804 0.71372549 0.60000000
v 6.19783938 -16.50718695 70.15585537 0.54509804 0.71372549 0.60000000
v -13.64189503 -16.50718695 59.20063644 0.54509804 0.71372549 0.60000000
v -13.71658231 -17.52670377 58.18218314 0.54509804 0.71372549 0.60000000
v -13.59097174 -25.94108612 58.18218314 0.54509804 0.71372549 0.60000000
v -13.56720774 -27.34258613 58.18218314 0.54509804 0.71372549 0.60000000
v -13.63850077 -28.74408613 56.77837433 0.54509804 0.71372549 0.60000000
v -13.73695205 -28.74408613 55.38832642 0.54509804 0.71372549 0.60000000
v -13.83200907 -28.74408613 53.98451762 0.54509804 0.71372549 0.60000000
v -13.90669636 -28.74408613 52.58070881 0.54509804 0.71372549 0.60000000
v -13.85916837 -30.14558613 52.58070881 0.54509804 0.71372549 0.60000000
v -14.09002083 -30.14558613 46.96546521 0.54509804 0.71372549 0.60000000
v -14.03909754 -31.20814495 46.96546521 0.54509804 0.71372549 0.60000000
v -14.00514868 -31.91023950 46.96546521 0.54509804 0.71372549 0.60000000
v -15.05077486 -30.14558613 20.32060292 0.54509804 0.71372549 0.60000000
v -14.91497837 -32.94858823 20.32060292 0.54509804 0.71372549 0.60000000
v -15.65506479 -32.94858823 -0.69525918 0.54509804 0.71372549 0.60000000
v -16.88401440 -28.74408613 -35.74922165 0.54509804 0.71372549 0.60000000
v -16.91796326 -27.34258613 -35.74922165 0.54509804 0.71372549 0.60000000
v -16.95191213 -28.74408613 -38.55683927 0.54509804 0.71372549 0.60000000
v -16.83309111 -29.68021428 -34.77205943 0.54509804 0.71372549 0.60000000
v -16.98246673 -25.94108612 -37.15303046 0.54509804 0.71372549 0.60000000
v -17.13863191 -28.74408613 -46.96593958 0.54509804 0.71372549 0.60000000
v -17.16579016 -28.74408613 -48.36974839 0.54509804 0.71372549 0.60000000
v -17.18955520 -28.74408613 -49.77355720 0.54509804 0.71372549 0.60000000
v -15.92326142 -31.54708614 -6.29673652 0.54509804 0.71372549 0.60000000
v -15.98436854 -30.14558613 -6.29673652 0.54509804 0.71372549 0.60000000
v -16.07263599 -30.14558613 -9.10435623 0.54509804 0.71372549 0.60000000
v -16.16429771 -28.74408613 -10.50816608 0.54509804 0.71372549 0.60000000
v -16.20503718 -27.34258613 -10.50816608 0.54509804 0.71372549 0.60000000
v -17.27103205 -23.13539495 -56.77884452 0.54509804 0.71372549 0.60000000
v -17.26763674 -23.13539495 -55.37503571 0.54509804 0.71372549 0.60000000
v -17.23708319 -16.50718695 -55.37503571 0.54509804 0.71372549 0.60000000
v -16.96549230 -23.13539495 -67.50009880 0.54509804 0.71372549 0.60000000
v -16.98586099 -16.50718695 -67.51386389 0.54509804 0.71372549 0.60000000
v -17.20652963 -27.34258613 -49.77355720 0.54509804 0.71372549 0.60000000
v -17.22350406 -27.34258613 -51.16360510 0.54509804 0.71372549 0.60000000
v -17.24387275 -25.94108612 -52.56741391 0.54509804 0.71372549 0.60000000
v -17.25066231 -24.53689704 -52.56741391 0.54509804 0.71372549 0.60000000
v -17.20652963 -17.52670377 -48.36974839 0.54509804 0.71372549 0.60000000
v -16.97567716 -18.92820586 -67.51386389 0.54509804 0.71372549 0.60000000
v -16.42909904 -23.13539495 -68.20200529 0.54509804 0.71372549 0.60000000
v -16.41212461 -18.92820586 -68.21577038 0.54509804 0.71372549 0.60000000
v -15.73314738 -21.73389495 -68.97272468 0.54509804 0.71372549 0.60000000
v -16.81951198 -16.50718695 -67.70654164 0.54509804 0.71372549 0.60000000
v -16.32046289 -16.50718695 -68.21577038 0.54509804 0.71372549 0.60000000
v -16.13034885 -16.50718695 -68.40844814 0.54509804 0.71372549 0.60000000
v -13.72676718 -16.50718695 58.18218314 0.54509804 0.71372549 0.60000000
v -13.75732178 -16.50718695 57.81058853 0.54509804 0.71372549 0.60000000
v -13.87614280 -21.73389495 55.38832642 0.54509804 0.71372549 0.60000000
v -13.85577306 -23.13539495 55.38832642 0.54509804 0.71372549 0.60000000
v -13.83200907 -24.53689704 55.38832642 0.54509804 0.71372549 0.60000000
v -13.80484977 -25.94108612 55.38832642 0.54509804 0.71372549 0.60000000
v -13.67244963 -27.34258613 56.77837433 0.54509804 0.71372549 0.60000000
v -13.86935323 -27.34258613 53.98451762 0.54509804 0.71372549 0.60000000
v -13.94404052 -27.34258613 52.58070881 0.54509804 0.71372549 0.60000000
v -14.18847211 -27.34258613 46.96546521 0.54509804 0.71372549 0.60000000
v -14.14433838 -28.74408613 46.96546521 0.54509804 0.71372549 0.60000000
v -14.02551737 -29.52688235 49.15375848 0.54509804 0.71372549 0.60000000
v -14.80973752 -27.34258613 30.14727294 0.54509804 0.71372549 0.60000000
v -15.06095868 -28.74408613 21.72441173 0.54509804 0.71372549 0.60000000
v -15.11188197 -28.74408613 20.32060292 0.54509804 0.71372549 0.60000000
v -15.84178353 -30.14558613 -2.09906916 0.54509804 0.71372549 0.60000000
v -15.77728111 -31.54708614 -2.09906916 0.54509804 0.71372549 0.60000000
v -16.84667128 -28.73601680 -34.31788476 0.54509804 0.71372549 0.60000000
v -16.88062014 -27.34258613 -34.34541075 0.54509804 0.71372549 0.60000000
v -16.94851787 -25.94108612 -35.74922165 0.54509804 0.71372549 0.60000000
v -17.00623072 -24.53689704 -37.15303046 0.54509804 0.71372549 0.60000000
v -17.18276459 -27.34258613 -48.36974839 0.54509804 0.71372549 0.60000000
v -17.03339002 -24.53689704 -38.55683927 0.54509804 0.71372549 0.60000000
v -15.93684055 -30.14558613 -4.89292666 0.54509804 0.71372549 0.60000000
v -16.03529287 -28.74408613 -6.29673652 0.54509804 0.71372549 0.60000000
v -16.07942556 -28.74408613 -7.70054637 0.54509804 0.71372549 0.60000000
v -16.16429771 -27.34258613 -9.10435623 0.54509804 0.71372549 0.60000000
v -16.24238030 -25.94108612 -10.50816608 0.54509804 0.71372549 0.60000000
v -17.19973902 -16.50718695 -48.36974839 0.54509804 0.71372549 0.60000000
v -17.21331919 -25.94108612 -49.77355720 0.54509804 0.71372549 0.60000000
v -17.09789244 -23.13539495 -41.35070016 0.54509804 0.71372549 0.60000000
v -17.23029362 -25.94108612 -51.16360510 0.54509804 0.71372549 0.60000000
v -17.23368788 -24.53689704 -51.16360510 0.54509804 0.71372549 0.60000000
v -17.18276459 -20.32970377 -46.96593958 0.54509804 0.71372549 0.60000000
v -17.12165748 -21.73389495 -42.75450897 0.54509804 0.71372549 0.60000000
v -17.17258077 -16.50718695 -45.94748628 0.54509804 0.71372549 0.60000000
v -17.18955520 -16.50718695 -47.35129927 0.54509804 0.71372549 0.60000000
v -13.83540437 -16.50718695 56.77837433 0.54509804 0.71372549 0.60000000
v -13.89311723 -20.32970377 55.38832642 0.54509804 0.71372549 0.60000000
v -13.97119982 -21.73389495 53.98451762 0.54509804 0.71372549 0.60000000
v -13.95083008 -23.13539495 53.98451762 0.54509804 0.71372549 0.60000000
v -13.92706609 -24.53689704 53.98451762 0.54509804 0.71372549 0.60000000
v -13.89990679 -25.94108612 53.98451762 0.54509804 0.71372549 0.60000000
v -13.97459408 -25.94108612 52.58070881 0.54509804 0.71372549 0.60000000
v -14.19526272 -24.53689704 48.36927820 0.54509804 0.71372549 0.60000000
v -14.22581628 -25.94108612 46.96546521 0.54509804 0.71372549 0.60000000
v -14.28352913 -25.94108612 45.56165640 0.54509804 0.71372549 0.60000000
v -14.24279071 -27.34258613 45.56165640 0.54509804 0.71372549 0.60000000
v -14.49740717 -25.94108612 39.96018206 0.54509804 0.71372549 0.60000000
v -14.44987918 -27.34258613 39.96018206 0.54509804 0.71372549 0.60000000
v -14.85726551 -25.94108612 30.14727294 0.54509804 0.71372549 0.60000000
v -14.96250740 -27.34258613 25.93584234 0.54509804 0.71372549 0.60000000
v -15.89270682 -28.74408613 -2.09906916 0.54509804 0.71372549 0.60000000
v -16.23219543 -24.53689704 -9.10435623 0.54509804 0.71372549 0.60000000
v -16.96888656 -24.53689704 -35.74922165 0.54509804 0.71372549 0.60000000
v -16.27293490 -21.73389495 -9.10435623 0.54509804 0.71372549 0.60000000
v -16.98586099 -21.73389495 -35.74922165 0.54509804 0.71372549 0.60000000
v -17.01980985 -21.73389495 -37.15303046 0.54509804 0.71372549 0.60000000
v -17.04357489 -23.13539495 -38.55683927 0.54509804 0.71372549 0.60000000
v -17.07073418 -23.13539495 -39.94688717 0.54509804 0.71372549 0.60000000
v -15.98776384 -28.74408613 -4.89292666 0.54509804 0.71372549 0.60000000
v -16.07603130 -27.34258613 -6.29673652 0.54509804 0.71372549 0.60000000
v -15.98436854 -27.34258613 -3.50287928 0.54509804 0.71372549 0.60000000
v -16.20164188 -25.94108612 -9.10435623 0.54509804 0.71372549 0.60000000
v -17.10128774 -21.73389495 -41.35070016 0.54509804 0.71372549 0.60000000
v -17.07752375 -21.73389495 -39.94688717 0.54509804 0.71372549 0.60000000
v -17.15221103 -16.50718695 -44.54367747 0.54509804 0.71372549 0.60000000
v -13.92706609 -16.50718695 55.38832642 0.54509804 0.71372549 0.60000000
v -13.99156851 -20.39695586 53.87441365 0.54509804 0.71372549 0.60000000
v -14.02551737 -19.97193275 53.33766310 0.54509804 0.71372549 0.60000000
v -14.01533355 -21.73389495 53.15874625 0.54509804 0.71372549 0.60000000
v -14.00514868 -23.13539495 52.92477742 0.54509804 0.71372549 0.60000000
v -14.03909754 -23.13539495 52.22287511 0.54509804 0.71372549 0.60000000
v -14.15452325 -23.13539495 49.77308701 0.54509804 0.71372549 0.60000000
v -14.21902671 -23.13539495 48.36927820 0.54509804 0.71372549 0.60000000
v -14.25636983 -24.53689704 46.96546521 0.54509804 0.71372549 0.60000000
v -14.53135603 -24.53689704 39.96018206 0.54509804 0.71372549 0.60000000
v -14.58567462 -24.53689704 38.55636908 0.54509804 0.71372549 0.60000000
v -14.90818880 -25.94108612 28.74346204 0.54509804 0.71372549 0.60000000
v -15.00664113 -25.94108612 25.93584234 0.54509804 0.71372549 0.60000000
v -15.88931256 -27.34258613 -0.69525918 0.54509804 0.71372549 0.60000000
v -16.18806275 -24.53689704 -7.70054637 0.54509804 0.71372549 0.60000000
v -16.94851787 -21.73389495 -34.34541075 0.54509804 0.71372549 0.60000000
v -16.28311977 -20.32970377 -9.10435623 0.54509804 0.71372549 0.60000000
v -16.22880117 -21.73389495 -7.70054637 0.54509804 0.71372549 0.60000000
v -16.24238030 -20.32970377 -7.70054637 0.54509804 0.71372549 0.60000000
v -16.98925629 -20.32970377 -35.74922165 0.54509804 0.71372549 0.60000000
v -17.05036445 -21.73389495 -38.55683927 0.54509804 0.71372549 0.60000000
v -15.97418472 -25.94108612 -2.09906916 0.54509804 0.71372549 0.60000000
v -16.15750815 -25.94108612 -7.70054637 0.54509804 0.71372549 0.60000000
v -17.05036445 -20.32970377 -38.55683927 0.54509804 0.71372549 0.60000000
v -17.14542147 -16.50718695 -44.15831778 0.54509804 0.71372549 0.60000000
v -14.00854294 -16.50718695 54.09462158 0.54509804 0.71372549 0.60000000
v -14.03909754 -16.50718695 53.58539284 0.54509804 0.71372549 0.60000000
v -14.03570224 -17.52670377 53.50281905 0.54509804 0.71372549 0.60000000
v -14.05267667 -16.50718695 53.32390220 0.54509804 0.71372549 0.60000000
v -14.09002083 -16.50718695 52.58070881 0.54509804 0.71372549 0.60000000
v -14.26316044 -18.92820586 48.36927820 0.54509804 0.71372549 0.60000000
v -14.31408373 -20.32970377 46.96546521 0.54509804 0.71372549 0.60000000
v -14.30050356 -21.73389495 46.96546521 0.54509804 0.71372549 0.60000000
v -14.10699526 -21.73389495 51.17689582 0.54509804 0.71372549 0.60000000
v -14.28013487 -23.13539495 46.96546521 0.54509804 0.71372549 0.60000000
v -14.55512002 -23.13539495 39.96018206 0.54509804 0.71372549 0.60000000
v -15.25786228 -18.92820586 23.12822263 0.54509804 0.71372549 0.60000000
v -15.95381498 -24.53689704 -0.69525918 0.54509804 0.71372549 0.60000000
v -15.88591726 -23.13539495 2.09859806 0.54509804 0.71372549 0.60000000
v -16.23898604 -18.92820586 -7.70054637 0.54509804 0.71372549 0.60000000
v -16.38496635 -16.50718695 -13.31578683 0.54509804 0.71372549 0.60000000
v -16.82290624 -16.50718695 -29.58346660 0.54509804 0.71372549 0.60000000
v -16.02510801 -18.92820586 -0.69525918 0.54509804 0.71372549 0.60000000
v -15.98436854 -17.52670377 0.69478801 0.54509804 0.71372549 0.60000000
v -16.02510801 -16.50718695 -0.69525918 0.54509804 0.71372549 0.60000000
v -16.98586099 -18.92820586 -35.74922165 0.54509804 0.71372549 0.60000000
v -17.04696915 -18.92820586 -38.55683927 0.54509804 0.71372549 0.60000000
v -17.06394358 -16.50718695 -39.94688717 0.54509804 0.71372549 0.60000000
v -14.16810342 -16.50718695 50.79153613 0.54509804 0.71372549 0.60000000
v -14.27334426 -17.52670377 48.36927820 0.54509804 0.71372549 0.60000000
v -14.52456646 -16.50718695 42.38243999 0.54509804 0.71372549 0.60000000
v -14.55851532 -17.52670377 41.36399087 0.54509804 0.71372549 0.60000000
v -14.53814559 -20.32970377 41.36399087 0.54509804 0.71372549 0.60000000
v -14.52117116 -21.73389495 41.36399087 0.54509804 0.71372549 0.60000000
v -14.57548976 -21.73389495 39.96018206 0.54509804 0.71372549 0.60000000
v -14.59246419 -20.32970377 39.96018206 0.54509804 0.71372549 0.60000000
v -14.77239336 -16.50718695 35.74875146 0.54509804 0.71372549 0.60000000
v -15.30199601 -17.52670377 21.72441173 0.54509804 0.71372549 0.60000000
v -16.06584643 -16.50718695 -2.09906916 0.54509804 0.71372549 0.60000000
v -16.98246673 -16.50718695 -36.13458134 0.54509804 0.71372549 0.60000000
v -16.97907142 -17.52670377 -35.74922165 0.54509804 0.71372549 0.60000000
v -15.98097428 -16.50718695 0.69478801 0.54509804 0.71372549 0.60000000
v -17.00623072 -16.50718695 -37.15303046 0.54509804 0.71372549 0.60000000
v -17.03678428 -16.50718695 -38.55683927 0.54509804 0.71372549 0.60000000
v -14.29031869 -16.50718695 47.98391851 0.54509804 0.71372549 0.60000000
v -14.33445242 -16.50718695 46.96546521 0.54509804 0.71372549 0.60000000
v -14.40914075 -16.50718695 45.19006179 0.54509804 0.71372549 0.60000000
v -15.23749359 -16.50718695 22.75662593 0.54509804 0.71372549 0.60000000
f 1 2 3
f 1 3 4
f 1 4 5
f 1 5 6
f 1 6 2
f 2 7 8
f 2 8 3
f 2 6 9
f 2 9 10
f 2 10 7
f 3 8 11
f 3 11 12
f 3 12 4
f 4 13 5
f 4 12 14
f 4 14 13
f 5 15 6
f 5 13 34
f 5 34 60
f 5 60 69
f 5 69 68
f 5 68 67
f 5 67 66
f 5 66 65
f 5 65 64
f 5 64 63
f 5 63 62
f 5 62 107
f 5 107 158
f 5 158 221
f 5 221 277
f 5 277 354
f 5 354 361
f 5 361 360
f 5 360 434
f 5 434 501
f 5 501 466
f 5 466 465
f 5 465 463
f 5 463 385
f 5 385 384
f 5 384 464
f 5 464 532
f 5 532 585
f 5 585 584
f 5 584 583
f 5 583 573
f 5 573 517
f 5 517 516
f 5 516 515
f 5 515 571
f 5 571 614
f 5 614 622
f 5 622 621
f 5 621 652
f 5 652 677
f 5 677 700
f 5 700 716
f 5 716 715
f 5 715 712
f 5 712 694
f 5 694 693
f 5 693 711
f 5 711 697
f 5 697 714
f 5 714 720
f 5 720 709
f 5 709 703
f 5 703 719
f 5 719 718
f 5 718 717
f 5 717 701
f 5 701 682
f 5 682 681
f 5 681 679
f 5 679 678
f 5 678 653
f 5 653 623
f 5 623 587
f 5 587 586
f 5 586 541
f 5 541 482
f 5 482 481
f 5 481 480
f 5 480 410
f 5 410 409
f 5 409 408
f 5 408 407
f 5 407 406
f 5 406 477
f 5 477 479
f 5 479 478
f 5 478 539
f 5 539 538
f 5 538 537
f 5 537 535
f 5 535 470
f 5 470 394
f 5 394 332
f 5 332 331
f 5 331 330
f 5 330 329
f 5 329 328
f 5 328 271
f 5 271 270
f 5 270 337
f 5 337 401
f 5 401 475
f 5 475 476
f 5 476 540
f 5 540 533
f 5 533 467
f 5 467 389
f 5 389 317
f 5 317 316
f 5 316 315
f 5 315 314
f 5 314 254
f 5 254 199
f 5 199 165
f 5 165 110
f 5 110 72
f 5 72 71
f 5 71 70
f 5 70 37
f 5 37 15
f 6 15 16
f 6 16 17
f 6 17 9
f 7 18 8
f 7 10 18
f 8 18 19
f 8 19 20
f 8 20 21
f 8 21 22
f 8 22 23
f 8 23 11
f 9 17 10
f 10 17 24
f 10 24 25
f 10 25 26
f 10 26 27
f 10 27 18
f 11 23 28
f 11 28 29
f 11 29 30
f 11 30 31
f 11 31 32
f 11 32 33
f 11 33 14
f 11 14 12
f 13 14 34
f 14 33 35
f 14 35 36
f 14 36 34
f 15 37 16
f 16 37 38
f 16 38 24
f 16 24 17
f 18 39 20
f 18 20 19
f 18 27 53
f 18 53 39
f 20 39 40
f 20 40 41
f 20 41 42
f 20 42 43
f 20 43 21
f 21 43 22
f 22 43 23
f 23 43 44
f 23 44 45
f 23 45 46
f 23 46 29
f 23 29 28
f 24 38 47
f 24 47 48
f 24 48 25
f 25 48 49
f 25 49 50
f 25 50 26
f 26 51 52
f 26 52 27
f 26 50 51
f 27 52 53
f 29 54 30
f 29 46 55
f 29 55 56
f 29 56 54
f 30 54 31
f 31 54 56
f 31 56 32
f 32 56 55
f 32 55 57
f 32 57 58
f 32 58 59
f 32 59 36
f 32 36 33
f 33 36 35
f 34 36 60
f 36 59 61
f 36 61 62
f 36 62 63
f 36 63 64
f 36 64 65
f 36 65 66
f 36 66 67
f 36 67 68
f 36 68 69
f 36 69 60
f 37 70 38
f 38 70 71
f 38 71 72
f 38 72 47
f 39 53 73
f 39 73 74
f 39 74 75
f 39 75 76
f 39 76 77
f 39 77 78
f 39 78 79
f 39 79 80
f 39 80 81
f 39 81 82
f 39 82 40
f 40 82 83
f 40 83 41
f 41 83 84
f 41 84 85
f 41 85 86
f 41 86 43
f 41 43 42
f 43 86 87
f 43 87 44
f 44 87 45
f 45 87 88
f 45 88 89
f 45 89 90
f 45 90 46
f 46 90 55
f 47 72 91
f 47 91 92
f 47 92 93
f 47 93 94
f 47 94 48
f 48 94 49
f 49 94 95
f 49 95 96
f 49 96 50
f 50 97 51
f 50 96 98
f 50 98 97
f 51 99 52
f 51 97 99
f 52 99 100
f 52 100 101
f 52 101 53
f 53 101 102
f 53 102 103
f 53 103 73
f 55 90 104
f 55 104 57
f 57 104 105
f 57 105 58
f 58 105 61
f 58 61 59
f 61 106 107
f 61 107 62
f 61 105 108
f 61 108 109
f 61 109 106
f 72 110 91
f 73 103 111
f 73 111 112
f 73 112 113
f 73 113 114
f 73 114 74
f 74 114 75
f 75 114 115
f 75 115 116
f 75 116 117
f 75 117 118
f 75 118 119
f 75 119 120
f 75 120 121
f 75 121 122
f 75 122 76
f 76 121 123
f 76 123 124
f 76 124 125
f 76 125 77
f 76 122 121
f 77 125 78
f 78 125 126
f 78 126 79
f 79 126 127
f 79 127 128
f 79 128 129
f 79 129 130
f 79 130 131
f 79 131 80
f 80 131 132
f 80 132 81
f 81 132 83
f 81 83 82
f 83 132 84
f 84 132 133
f 84 133 85
f 85 134 135
f 85 135 87
f 85 87 86
f 85 133 130
f 85 130 134
f 87 135 136
f 87 136 88
f 88 136 137
f 88 137 138
f 88 138 139
f 88 139 89
f 89 139 90
f 90 139 140
f 90 140 108
f 90 108 104
f 91 110 141
f 91 141 142
f 91 142 92
f 92 142 93
f 93 142 143
f 93 143 94
f 94 143 144
f 94 144 145
f 94 145 95
f 95 145 96
f 96 146 147
f 96 147 98
f 96 145 148
f 96 148 149
f 96 149 150
f 96 150 146
f 97 98 147
f 97 147 151
f 97 151 152
f 97 152 153
f 97 153 154
f 97 154 99
f 99 154 100
f 100 155 101
f 100 154 155
f 101 156 157
f 101 157 102
f 101 155 156
f 102 157 103
f 103 157 111
f 104 108 105
f 106 109 158
f 106 158 107
f 108 140 139
f 108 139 159
f 108 159 160
f 108 160 161
f 108 161 162
f 108 162 109
f 109 162 163
f 109 163 164
f 109 164 158
f 110 165 166
f 110 166 141
f 111 167 112
f 111 157 168
f 111 168 167
f 112 167 113
f 113 167 114
f 114 167 169
f 114 169 170
f 114 170 115
f 115 171 116
f 115 170 171
f 116 172 173
f 116 173 174
f 116 174 175
f 116 175 118
f 116 118 117
f 116 171 172
f 118 175 176
f 118 176 177
f 118 177 119
f 119 177 120
f 120 177 121
f 121 177 178
f 121 178 179
f 121 179 123
f 123 179 124
f 124 179 125
f 125 127 126
f 125 179 180
f 125 180 127
f 127 180 181
f 127 181 128
f 128 181 129
f 129 181 130
f 130 180 182
f 130 182 183
f 130 183 135
f 130 135 134
f 130 133 132
f 130 132 131
f 130 181 180
f 135 183 182
f 135 182 184
f 135 184 185
f 135 185 186
f 135 186 187
f 135 187 136
f 136 187 188
f 136 188 189
f 136 189 190
f 136 190 137
f 137 191 138
f 137 190 192
f 137 192 193
f 137 193 194
f 137 194 195
f 137 195 196
f 137 196 197
f 137 197 191
f 138 191 198
f 138 198 139
f 139 198 159
f 141 166 199
f 141 199 200
f 141 200 201
f 141 201 202
f 141 202 142
f 142 202 203
f 142 203 204
f 142 204 143
f 143 205 144
f 143 204 206
f 143 206 205
f 144 205 207
f 144 207 145
f 145 207 208
f 145 208 209
f 145 209 210
f 145 210 211
f 145 211 148
f 146 150 212
f 146 212 213
f 146 213 214
f 146 214 151
f 146 151 147
f 148 211 149
f 149 211 215
f 149 215 216
f 149 216 150
f 150 216 212
f 151 214 217
f 151 217 152
f 152 217 218
f 152 218 153
f 153 218 219
f 153 219 220
f 153 220 154
f 154 220 155
f 155 220 168
f 155 168 156
f 156 168 157
f 158 164 221
f 159 198 160
f 160 162 161
f 160 198 222
f 160 222 223
f 160 223 162
f 162 223 163
f 163 221 164
f 163 223 224
f 163 224 225
f 163 225 221
f 165 199 166
f 167 168 169
f 168 220 226
f 168 226 227
f 168 227 228
f 168 228 229
f 168 229 230
f 168 230 169
f 169 230 231
f 169 231 232
f 169 232 233
f 169 233 234
f 169 234 172
f 169 172 171
f 169 171 170
f 172 234 235
f 172 235 173
f 173 235 236
f 173 236 174
f 174 236 237
f 174 237 238
f 174 238 175
f 175 238 239
f 175 239 176
f 176 239 177
f 177 239 240
f 177 240 178
f 178 241 179
f 178 240 186
f 178 186 241
f 179 241 186
f 179 186 180
f 180 186 185
f 180 185 184
f 180 184 182
f 186 240 188
f 186 188 187
f 188 240 189
f 189 242 192
f 189 192 190
f 189 240 239
f 189 239 238
f 189 238 237
f 189 237 242
f 191 243 222
f 191 222 198
f 191 197 244
f 191 244 243
f 192 242 245
f 192 245 246
f 192 246 247
f 192 247 248
f 192 248 193
f 193 249 194
f 193 248 247
f 193 247 249
f 194 249 250
f 194 250 195
f 195 250 251
f 195 251 252
f 195 252 253
f 195 253 196
f 196 253 197
f 197 253 244
f 199 254 200
f 200 254 201
f 201 254 202
f 202 254 255
f 202 255 203
f 203 255 206
f 203 206 204
f 205 206 207
f 206 255 256
f 206 256 257
f 206 257 320
f 206 320 258
f 206 258 208
f 206 208 207
f 208 258 209
f 209 258 259
f 209 259 210
f 210 259 260
f 210 260 211
f 211 261 262
f 211 262 215
f 211 260 261
f 212 216 263
f 212 263 213
f 213 263 264
f 213 264 217
f 213 217 214
f 215 262 216
f 216 262 265
f 216 265 266
f 216 266 267
f 216 267 268
f 216 268 269
f 216 269 270
f 216 270 271
f 216 271 263
f 217 272 218
f 217 264 272
f 218 273 219
f 218 272 274
f 218 274 275
f 218 275 273
f 219 273 276
f 219 276 226
f 219 226 220
f 221 225 277
f 222 243 278
f 222 278 279
f 222 279 223
f 223 279 224
f 224 279 280
f 224 280 225
f 225 280 281
f 225 281 282
f 225 282 277
f 226 276 227
f 227 276 283
f 227 283 228
f 228 283 229
f 229 283 231
f 229 231 230
f 231 283 284
f 231 284 285
f 231 285 232
f 232 286 287
f 232 287 288
f 232 288 289
f 232 289 290
f 232 290 291
f 232 291 292
f 232 292 293
f 232 293 235
f 232 235 234
f 232 234 233
f 232 285 284
f 232 284 294
f 232 294 286
f 235 293 236
f 236 293 295
f 236 295 242
f 236 242 237
f 242 295 296
f 242 296 245
f 243 244 297
f 243 297 298
f 243 298 299
f 243 299 300
f 243 300 301
f 243 301 278
f 244 253 302
f 244 302 297
f 245 296 303
f 245 303 246
f 246 303 304
f 246 304 305
f 246 305 247
f 247 305 306
f 247 306 249
f 249 306 250
f 250 306 251
f 251 307 310
f 251 310 252
f 251 306 308
f 251 308 309
f 251 309 307
f 252 310 253
f 253 310 311
f 253 311 312
f 253 312 313
f 253 313 302
f 254 314 255
f 255 314 256
f 256 315 316
f 256 316 317
f 256 317 318
f 256 318 319
f 256 319 257
f 256 314 315
f 257 319 320
f 258 321 322
f 258 322 323
f 258 323 259
f 258 320 321
f 259 323 261
f 259 261 260
f 261 323 322
f 261 322 262
f 262 322 324
f 262 324 265
f 263 325 326
f 263 326 327
f 263 327 264
f 263 271 328
f 263 328 329
f 263 329 330
f 263 330 331
f 263 331 332
f 263 332 325
f 264 274 272
f 264 327 274
f 265 333 334
f 265 334 268
f 265 268 267
f 265 267 266
f 265 324 333
f 268 335 336
f 268 336 269
f 268 334 398
f 268 398 335
f 269 336 270
f 270 336 337
f 273 275 338
f 273 338 339
f 273 339 340
f 273 340 341
f 273 341 276
f 274 342 338
f 274 338 275
f 274 327 342
f 276 294 283
f 276 341 343
f 276 343 344
f 276 344 345
f 276 345 346
f 276 346 347
f 276 347 348
f 276 348 349
f 276 349 350
f 276 350 351
f 276 351 352
f 276 352 353
f 276 353 294
f 277 282 354
f 278 301 355
f 278 355 356
f 278 356 279
f 279 356 355
f 279 355 357
f 279 357 280
f 280 357 358
f 280 358 359
f 280 359 360
f 280 360 361
f 280 361 354
f 280 354 281
f 281 354 282
f 283 294 284
f 286 294 287
f 287 362 363
f 287 363 364
f 287 364 288
f 287 294 362
f 288 364 290
f 288 290 289
f 290 365 291
f 290 364 365
f 291 366 367
f 291 367 292
f 291 365 366
f 292 367 368
f 292 368 293
f 293 368 295
f 294 353 369
f 294 369 362
f 295 368 296
f 296 368 370
f 296 370 303
f 297 302 298
f 298 371 299
f 298 302 313
f 298 313 371
f 299 371 300
f 300 371 372
f 300 372 301
f 301 372 373
f 301 373 355
f 303 370 374
f 303 374 304
f 304 374 375
f 304 375 306
f 304 306 305
f 306 376 308
f 306 375 377
f 306 377 376
f 307 309 378
f 307 378 379
f 307 379 310
f 308 376 309
f 309 376 380
f 309 380 381
f 309 381 382
f 309 382 383
f 309 383 384
f 309 384 385
f 309 385 378
f 310 379 386
f 310 386 311
f 311 386 312
f 312 386 387
f 312 387 388
f 312 388 313
f 313 372 371
f 313 388 372
f 317 389 318
f 318 389 390
f 318 390 391
f 318 391 319
f 319 391 320
f 320 391 392
f 320 392 393
f 320 393 324
f 320 324 322
f 320 322 321
f 324 393 333
f 325 332 394
f 325 394 395
f 325 395 326
f 326 395 396
f 326 396 327
f 327 396 342
f 333 397 334
f 333 393 397
f 334 397 399
f 334 399 398
f 335 400 336
f 335 398 400
f 336 400 401
f 336 401 337
f 338 402 339
f 338 342 396
f 338 396 395
f 338 395 402
f 339 403 340
f 339 402 404
f 339 404 405
f 339 405 403
f 340 403 406
f 340 406 407
f 340 407 408
f 340 408 409
f 340 409 410
f 340 410 411
f 340 411 412
f 340 412 413
f 340 413 414
f 340 414 343
f 340 343 341
f 343 414 415
f 343 415 416
f 343 416 417
f 343 417 418
f 343 418 419
f 343 419 420
f 343 420 421
f 343 421 344
f 344 421 422
f 344 422 423
f 344 423 346
f 344 346 345
f 346 423 424
f 346 424 348
f 346 348 347
f 348 424 349
f 349 424 425
f 349 425 350
f 350 426 427
f 350 427 428
f 350 428 351
f 350 425 426
f 351 428 353
f 351 353 352
f 353 428 429
f 353 429 430
f 353 430 363
f 353 363 369
f 355 373 357
f 357 373 358
f 358 431 359
f 358 373 432
f 358 432 431
f 359 431 433
f 359 433 360
f 360 433 432
f 360 432 434
f 362 369 363
f 363 435 436
f 363 436 437
f 363 437 438
f 363 438 364
f 363 430 429
f 363 429 439
f 363 439 440
f 363 440 441
f 363 441 435
f 364 442 365
f 364 438 442
f 365 443 444
f 365 444 445
f 365 445 366
f 365 442 446
f 365 446 447
f 365 447 448
f 365 448 449
f 365 449 450
f 365 450 451
f 365 451 443
f 366 445 452
f 366 452 453
f 366 453 367
f 367 453 454
f 367 454 455
f 367 455 456
f 367 456 457
f 367 457 368
f 368 457 456
f 368 456 370
f 370 456 374
f 372 388 373
f 373 388 458
f 373 458 432
f 374 456 459
f 374 459 375
f 375 459 460
f 375 460 461
f 375 461 377
f 376 381 380
f 376 377 382
f 376 382 381
f 377 461 462
f 377 462 383
f 377 383 382
f 378 385 379
f 379 463 386
f 379 385 463
f 383 462 384
f 384 462 461
f 384 461 460
f 384 460 464
f 386 463 465
f 386 465 387
f 387 465 466
f 387 466 458
f 387 458 388
f 389 467 468
f 389 468 390
f 390 468 469
f 390 469 399
f 390 399 392
f 390 392 391
f 392 399 393
f 393 399 397
f 394 470 395
f 395 470 471
f 395 471 472
f 395 472 404
f 395 404 402
f 398 473 400
f 398 399 473
f 399 469 474
f 399 474 473
f 400 475 401
f 400 473 476
f 400 476 475
f 403 405 477
f 403 477 406
f 404 472 478
f 404 478 405
f 405 478 479
f 405 479 477
f 410 480 411
f 411 480 412
f 412 480 481
f 412 481 482
f 412 482 483
f 412 483 484
f 412 484 485
f 412 485 486
f 412 486 413
f 413 486 415
f 413 415 414
f 415 486 544
f 415 544 487
f 415 487 417
f 415 417 416
f 417 487 488
f 417 488 418
f 418 488 489
f 418 489 419
f 419 489 490
f 419 490 491
f 419 491 420
f 420 491 492
f 420 492 493
f 420 493 421
f 421 493 422
f 422 493 494
f 422 494 495
f 422 495 423
f 423 495 496
f 423 496 424
f 424 496 425
f 425 496 495
f 425 495 497
f 425 497 426
f 426 497 427
f 427 497 498
f 427 498 499
f 427 499 429
f 427 429 428
f 429 499 511
f 429 511 439
f 431 432 433
f 432 458 434
f 434 458 500
f 434 500 501
f 435 502 436
f 435 441 503
f 435 503 502
f 436 502 504
f 436 504 505
f 436 505 437
f 437 505 506
f 437 506 508
f 437 508 507
f 437 507 438
f 438 507 508
f 438 508 509
f 438 509 446
f 438 446 510
f 438 510 442
f 439 511 564
f 439 564 512
f 439 512 440
f 440 512 513
f 440 513 441
f 441 513 567
f 441 567 514
f 441 514 503
f 442 510 446
f 443 515 444
f 443 451 515
f 444 516 517
f 444 517 518
f 444 518 452
f 444 452 445
f 444 515 516
f 446 509 508
f 446 508 519
f 446 519 447
f 447 519 448
f 448 519 520
f 448 520 449
f 449 515 451
f 449 451 450
f 449 520 521
f 449 521 522
f 449 522 523
f 449 523 524
f 449 524 515
f 452 518 525
f 452 525 526
f 452 526 453
f 453 526 454
f 454 526 527
f 454 527 455
f 455 527 459
f 455 459 456
f 458 466 501
f 458 501 500
f 459 527 460
f 460 527 528
f 460 528 464
f 464 528 529
f 464 529 530
f 464 530 531
f 464 531 532
f 467 533 469
f 467 469 468
f 469 533 540
f 469 540 534
f 469 534 474
f 470 535 536
f 470 536 471
f 471 536 535
f 471 535 537
f 471 537 472
f 472 537 538
f 472 538 539
f 472 539 478
f 473 474 534
f 473 534 476
f 476 534 540
f 482 541 483
f 483 541 542
f 483 542 543
f 483 543 484
f 484 543 544
f 484 544 485
f 485 544 486
f 487 544 592
f 487 592 545
f 487 545 488
f 488 545 546
f 488 546 489
f 489 546 593
f 489 593 547
f 489 547 490
f 490 547 548
f 490 548 549
f 490 549 491
f 491 549 492
f 492 549 550
f 492 550 551
f 492 551 552
f 492 552 493
f 493 552 494
f 494 552 551
f 494 551 550
f 494 550 553
f 494 553 554
f 494 554 497
f 494 497 495
f 497 554 555
f 497 555 498
f 498 555 511
f 498 511 499
f 502 503 556
f 502 556 557
f 502 557 558
f 502 558 504
f 503 514 559
f 503 559 556
f 504 558 560
f 504 560 505
f 505 561 562
f 505 562 506
f 505 560 561
f 506 562 508
f 508 563 519
f 508 562 563
f 511 555 564
f 512 564 609
f 512 609 565
f 512 565 566
f 512 566 513
f 513 566 567
f 514 567 612
f 514 612 568
f 514 568 559
f 515 569 570
f 515 570 571
f 515 524 569
f 517 572 518
f 517 573 572
f 518 572 525
f 519 563 574
f 519 574 575
f 519 575 520
f 520 575 617
f 520 617 576
f 520 576 521
f 521 576 577
f 521 577 522
f 522 577 578
f 522 578 570
f 522 570 523
f 523 570 569
f 523 569 524
f 525 572 579
f 525 579 573
f 525 573 580
f 525 580 528
f 525 528 527
f 525 527 526
f 528 580 581
f 528 581 582
f 528 582 529
f 529 582 581
f 529 581 530
f 530 581 583
f 530 583 584
f 530 584 585
f 530 585 531
f 531 585 532
f 541 586 542
f 542 586 587
f 542 587 588
f 542 588 589
f 542 589 543
f 543 589 590
f 543 590 544
f 544 590 591
f 544 591 592
f 545 592 591
f 545 591 546
f 546 591 593
f 547 593 594
f 547 594 548
f 548 594 631
f 548 631 595
f 548 595 596
f 548 596 597
f 548 597 549
f 549 597 550
f 550 597 596
f 550 596 598
f 550 598 599
f 550 599 600
f 550 600 553
f 553 600 601
f 553 601 602
f 553 602 554
f 554 602 555
f 555 602 564
f 556 559 603
f 556 603 557
f 557 603 604
f 557 604 605
f 557 605 560
f 557 560 558
f 559 568 603
f 560 605 606
f 560 606 561
f 561 606 608
f 561 608 562
f 562 607 574
f 562 574 563
f 562 608 607
f 564 602 601
f 564 601 609
f 565 609 646
f 565 646 610
f 565 610 611
f 565 611 566
f 566 611 567
f 567 611 612
f 568 612 649
f 568 649 613
f 568 613 603
f 570 578 571
f 571 578 614
f 572 573 579
f 573 583 581
f 573 581 580
f 574 615 617
f 574 617 575
f 574 607 616
f 574 616 615
f 576 617 577
f 577 617 618
f 577 618 578
f 578 619 620
f 578 620 621
f 578 621 622
f 578 622 614
f 578 618 615
f 578 615 619
f 587 623 588
f 588 623 624
f 588 624 625
f 588 625 626
f 588 626 589
f 589 626 627
f 589 627 590
f 590 627 628
f 590 628 591
f 591 628 593
f 593 628 629
f 593 629 594
f 594 629 630
f 594 630 631
f 595 631 632
f 595 632 633
f 595 633 596
f 596 633 634
f 596 634 635
f 596 635 598
f 598 635 634
f 598 634 636
f 598 636 664
f 598 664 637
f 598 637 600
f 598 600 599
f 600 637 638
f 600 638 601
f 601 638 646
f 601 646 609
f 603 613 604
f 604 613 639
f 604 639 605
f 605 640 606
f 605 639 641
f 605 641 640
f 606 640 668
f 606 668 642
f 606 642 643
f 606 643 673
f 606 673 644
f 606 644 645
f 606 645 616
f 606 616 608
f 607 608 616
f 610 647 612
f 610 612 611
f 610 646 666
f 610 666 648
f 610 648 647
f 612 647 675
f 612 675 649
f 613 649 639
f 615 618 617
f 615 616 650
f 615 650 620
f 615 620 619
f 616 645 651
f 616 651 650
f 620 650 652
f 620 652 621
f 623 653 624
f 624 653 654
f 624 654 625
f 625 654 655
f 625 655 656
f 625 656 626
f 626 656 657
f 626 657 627
f 627 657 629
f 627 629 628
f 629 657 658
f 629 658 659
f 629 659 630
f 630 659 660
f 630 660 687
f 630 687 661
f 630 661 631
f 631 661 632
f 632 661 662
f 632 662 663
f 632 663 634
f 632 634 633
f 634 663 636
f 636 663 664
f 637 664 665
f 637 665 666
f 637 666 638
f 638 666 646
f 639 649 675
f 639 675 667
f 639 667 670
f 639 670 641
f 640 641 669
f 640 669 668
f 641 670 671
f 641 671 669
f 642 668 669
f 642 669 672
f 642 672 643
f 643 672 676
f 643 676 673
f 644 673 651
f 644 651 645
f 647 648 674
f 647 674 675
f 648 666 674
f 650 651 652
f 651 673 676
f 651 676 677
f 651 677 652
f 653 678 654
f 654 678 679
f 654 679 680
f 654 680 655
f 655 680 681
f 655 681 682
f 655 682 683
f 655 683 684
f 655 684 685
f 655 685 686
f 655 686 656
f 656 686 659
f 656 659 658
f 656 658 657
f 659 686 685
f 659 685 660
f 660 685 687
f 661 687 688
f 661 688 662
f 662 688 663
f 663 688 689
f 663 689 664
f 664 689 665
f 665 689 674
f 665 674 666
f 667 675 674
f 667 674 690
f 667 690 691
f 667 691 689
f 667 689 670
f 669 671 692
f 669 692 693
f 669 693 694
f 669 694 672
f 670 689 671
f 671 695 696
f 671 696 697
f 671 697 692
f 671 689 695
f 672 694 698
f 672 698 699
f 672 699 676
f 674 689 690
f 676 699 677
f 677 699 700
f 679 681 680
f 682 701 702
f 682 702 683
f 683 702 684
f 684 702 703
f 684 703 704
f 684 704 705
f 684 705 685
f 685 705 706
f 685 706 687
f 687 706 688
f 688 706 707
f 688 707 689
f 689 691 690
f 689 707 708
f 689 708 705
f 689 705 704
f 689 704 703
f 689 703 709
f 689 709 710
f 689 710 696
f 689 696 695
f 692 697 711
f 692 711 693
f 694 712 713
f 694 713 698
f 696 710 714
f 696 714 697
f 698 713 715
f 698 715 716
f 698 716 699
f 699 716 700
f 701 717 702
f 702 717 718
f 702 718 719
f 702 719 703
f 705 708 707
f 705 707 706
f 709 720 710
f 710 720 714
f 712 715 713

o geometry_1
v 0.69878909 -16.50449787 -70.23805523 0.54117647 0.42352941 0.64313725
v -13.31999932 -13.31449798 -70.47364127 0.54117647 0.42352941 0.64313725
v -13.31999932 -11.91184462 -70.70921895 0.54117647 0.42352941 0.64313725
v 2.48256611 -16.50449787 -70.23805523 0.54117647 0.42352941 0.64313725
v -13.31999932 -16.50449787 -69.87775602 0.54117647 0.42352941 0.64313725
v -14.09806509 -14.40347749 -70.14104774 0.54117647 0.42352941 0.64313725
v -14.31551707 -13.31449798 -70.30734868 0.54117647 0.42352941 0.64313725
v 3.50186719 2.10876445 -70.19648417 0.54117647 0.42352941 0.64313725
v 3.50186719 -11.91184462 -70.22419821 0.54117647 0.42352941 0.64313725
v 3.50186719 -16.50449787 -70.22419821 0.54117647 0.42352941 0.64313725
v -14.48539928 -11.91184462 -70.45977589 0.54117647 0.42352941 0.64313725
v -14.53296697 -10.50919126 -70.44591887 0.54117647 0.42352941 0.64313725
v -13.31999932 -10.50919126 -70.69536193 0.54117647 0.42352941 0.64313725
v 2.82573079 16.90468127 -70.09947668 0.54117647 0.42352941 0.64313725
v 3.08055619 14.72080293 -70.11333370 0.54117647 0.42352941 0.64313725
v -14.72323771 -16.50449787 -69.47588157 0.54117647 0.42352941 0.64313725
v 3.50186719 7.71937633 -70.15491311 0.54117647 0.42352941 0.64313725
v 4.32410326 10.51876321 -70.11333370 0.54117647 0.42352941 0.64313725
v 4.66726820 6.31672349 -70.12719072 0.54117647 0.42352941 0.64313725
v 4.86433321 2.10876445 -70.14104774 0.54117647 0.42352941 0.64313725
v 4.90510507 -4.90449922 -70.15491311 0.54117647 0.42352941 0.64313725
v 4.90510507 -11.91184462 -70.16877013 0.54117647 0.42352941 0.64313725
v 3.88580399 -16.50449787 -70.21034119 0.54117647 0.42352941 0.64313725
v 5.99915507 -16.50449787 -70.12719072 0.54117647 0.42352941 0.64313725
v -15.18532083 -11.91184462 -69.75303449 0.54117647 0.42352941 0.64313725
v -15.23628591 -10.50919126 -69.79460972 0.54117647 0.42352941 0.64313725
v -15.62022271 -16.50449787 -68.87999631 0.54117647 0.42352941 0.64313725
v -16.12987142 -16.50449787 -68.40883259 0.54117647 0.42352941 0.64313725
v -13.31999932 20.33141429 -69.68374521 0.54117647 0.42352941 0.64313725
v -16.97589133 34.35202441 -67.48036216 0.54117647 0.42352941 0.64313725
v -16.96569915 35.75467986 -67.46650514 0.54117647 0.42352941 0.64313725
v -16.92832573 39.96263368 -67.41107288 0.54117647 0.42352941 0.64313725
v -16.12307663 38.55998240 -67.96538290 0.54117647 0.42352941 0.64313725
v -15.02223132 38.55998240 -68.53355412 0.54117647 0.42352941 0.64313725
v -14.32231186 38.55998240 -68.81070704 0.54117647 0.42352941 0.64313725
v -11.91676092 20.33141429 -69.89161303 0.54117647 0.42352941 0.64313725
v -11.91676092 17.52610966 -69.97475933 0.54117647 0.42352941 0.64313725
v 0.69878909 31.54671977 -69.87775602 0.54117647 0.42352941 0.64313725
v 2.10202697 30.14406641 -69.93318409 0.54117647 0.42352941 0.64313725
v 3.50186719 25.94202565 -69.97475933 0.54117647 0.42352941 0.64313725
v 3.50186719 18.92876093 -70.05790562 0.54117647 0.42352941 0.64313725
v 4.20518509 12.62570187 -70.09947668 0.54117647 0.42352941 0.64313725
v 4.90510507 18.92876093 -70.00247337 0.54117647 0.42352941 0.64313725
v 6.30834294 14.72080293 -69.96090231 0.54117647 0.42352941 0.64313725
v 5.46232303 4.91407013 -70.09947668 0.54117647 0.42352941 0.64313725
v 5.70695521 -3.50184691 -70.11333370 0.54117647 0.42352941 0.64313725
v 5.98556445 -16.11980262 -70.12719072 0.54117647 0.42352941 0.64313725
v 6.69907505 -16.50449787 -70.08561966 0.54117647 0.42352941 0.64313725
v -16.32014216 -16.50449787 -68.21482596 0.54117647 0.42352941 0.64313725
v -16.81959870 -16.50449787 -67.70208700 0.54117647 0.42352941 0.64313725
v -16.98608560 -16.50449787 -67.50808038 0.54117647 0.42352941 0.64313725
v -17.00307466 -14.71715135 -67.53579441 0.54117647 0.42352941 0.64313725
v -13.31999932 37.15733113 -69.06014592 0.54117647 0.42352941 0.64313725
v -16.99627778 16.12345629 -67.48036216 0.54117647 0.42352941 0.64313725
v -17.31565992 16.12345629 -66.59346697 0.54117647 0.42352941 0.64313725
v -17.26809224 35.75467986 -66.59346697 0.54117647 0.42352941 0.64313725
v -17.23071673 38.55998240 -66.59346697 0.54117647 0.42352941 0.64313725
v -17.21033237 39.96263368 -66.59346697 0.54117647 0.42352941 0.64313725
v -16.88415544 40.83855107 -67.36950183 0.54117647 0.42352941 0.64313725
v -16.12307663 39.96263368 -67.90995483 0.54117647 0.42352941 0.64313725
v -14.69265700 40.06324750 -68.51969292 0.54117647 0.42352941 0.64313725
v -14.20679004 39.66079637 -68.76913598 0.54117647 0.42352941 0.64313725
v -13.31999932 38.55998240 -69.00471784 0.54117647 0.42352941 0.64313725
v -3.50412923 39.96263368 -69.47588157 0.54117647 0.42352941 0.64313725
v -2.10089135 38.55998240 -69.58674190 0.54117647 0.42352941 0.64313725
v 0.69878909 39.96263368 -69.64217415 0.54117647 0.42352941 0.64313725
v -11.91676092 34.35202441 -69.32344600 0.54117647 0.42352941 0.64313725
v -6.31060472 39.96263368 -69.35116004 0.54117647 0.42352941 0.64313725
v 2.10202697 32.94937105 -69.86389482 0.54117647 0.42352941 0.64313725
v 2.10202697 39.96263368 -69.66988819 0.54117647 0.42352941 0.64313725
v 3.50186719 39.96263368 -69.68374521 0.54117647 0.42352941 0.64313725
v 4.90510507 39.96263368 -69.66988819 0.54117647 0.42352941 0.64313725
v 3.50186719 31.54671977 -69.87775602 0.54117647 0.42352941 0.64313725
v 3.50186719 28.74141305 -69.93318409 0.54117647 0.42352941 0.64313725
v 4.90510507 25.94202565 -69.93318409 0.54117647 0.42352941 0.64313725
v 6.30834294 25.94202565 -69.85003780 0.54117647 0.42352941 0.64313725
v 7.70818343 23.13671892 -69.76689150 0.54117647 0.42352941 0.64313725
v 7.70818343 13.32406889 -69.85003780 0.54117647 0.42352941 0.64313725
v 6.30834294 3.51141781 -70.04404860 0.54117647 0.42352941 0.64313725
v 6.48841942 -7.70980595 -70.07176264 0.54117647 0.42352941 0.64313725
v 6.68548443 -16.11980262 -70.08561966 0.54117647 0.42352941 0.64313725
v 7.70818343 -14.71715135 -69.98861635 0.54117647 0.42352941 0.64313725
v 7.70818343 -16.50449787 -69.98861635 0.54117647 0.42352941 0.64313725
v -17.16955947 -16.50449787 -66.84290585 0.54117647 0.42352941 0.64313725
v -17.24430839 -16.11980262 -66.59346697 0.54117647 0.42352941 0.64313725
v -17.24770579 -14.71715135 -66.59346697 0.54117647 0.42352941 0.64313725
v -17.44816871 7.71937633 -65.19383281 0.54117647 0.42352941 0.64313725
v -17.37002240 35.75467986 -65.19383281 0.54117647 0.42352941 0.64313725
v -17.36322761 37.15733113 -65.19383281 0.54117647 0.42352941 0.64313725
v -17.35303334 38.55998240 -65.19383281 0.54117647 0.42352941 0.64313725
v -17.32924950 39.96263368 -65.19383281 0.54117647 0.42352941 0.64313725
v -17.27148963 41.36528913 -65.19383281 0.54117647 0.42352941 0.64313725
v -17.05403974 41.32978156 -66.63504220 0.54117647 0.42352941 0.64313725
v -16.96909654 42.32998170 -66.19159252 0.54117647 0.42352941 0.64313725
v -16.59195662 41.77365749 -67.12006295 0.54117647 0.42352941 0.64313725
v -16.12647402 41.32978156 -67.57736965 0.54117647 0.42352941 0.64313725
v -13.31999932 40.58406415 -68.68598969 0.54117647 0.42352941 0.64313725
v -14.72323771 41.36528913 -68.03467218 0.54117647 0.42352941 0.64313725
v -13.31999932 39.88569713 -68.82456406 0.54117647 0.42352941 0.64313725
v -11.91676092 37.15733113 -69.19872447 0.54117647 0.42352941 0.64313725
v -2.10089135 41.36528913 -69.32344600 0.54117647 0.42352941 0.64313725
v -0.70105107 41.36528913 -69.37887407 0.54117647 0.42352941 0.64313725
v 0.69878909 41.36528913 -69.42044931 0.54117647 0.42352941 0.64313725
v -6.31060472 41.36528913 -69.06014592 0.54117647 0.42352941 0.64313725
v -3.50412923 41.36528913 -69.24029970 0.54117647 0.42352941 0.64313725
v 4.90510507 41.36528913 -69.42044931 0.54117647 0.42352941 0.64313725
v 6.30834294 41.36528913 -69.40659229 0.54117647 0.42352941 0.64313725
v 6.30834294 39.96263368 -69.62831296 0.54117647 0.42352941 0.64313725
v 6.30834294 30.14406641 -69.79460972 0.54117647 0.42352941 0.64313725
v 6.30834294 27.33875969 -69.83618078 0.54117647 0.42352941 0.64313725
v 7.70818343 31.54671977 -69.68374521 0.54117647 0.42352941 0.64313725
v 7.70818343 25.94202565 -69.73917747 0.54117647 0.42352941 0.64313725
v 10.51465866 38.55998240 -69.36501706 0.54117647 0.42352941 0.64313725
v 9.11142026 10.51876321 -69.71146343 0.54117647 0.42352941 0.64313725
v 7.70818343 9.12202917 -69.87775602 0.54117647 0.42352941 0.64313725
v 7.70818343 2.10876445 -69.91932707 0.54117647 0.42352941 0.64313725
v 9.11142026 -16.11980262 -69.83618078 0.54117647 0.42352941 0.64313725
v 8.09211970 -16.50449787 -69.94704529 0.54117647 0.42352941 0.64313725
v -17.23411621 -16.50449787 -66.59346697 0.54117647 0.42352941 0.64313725
v -17.28168181 -16.50449787 -65.19383281 0.54117647 0.42352941 0.64313725
v -17.40060103 -6.30715258 -65.19383281 0.54117647 0.42352941 0.64313725
v -17.40739581 -4.90449922 -65.19383281 0.54117647 0.42352941 0.64313725
v -17.20013810 -16.50449787 -48.37052565 0.54117647 0.42352941 0.64313725
v -17.17295686 -16.50449787 -45.94541776 0.54117647 0.42352941 0.64313725
v -17.15257041 -16.50449787 -44.54578779 0.54117647 0.42352941 0.64313725
v -17.14577563 -16.11980262 -44.15777036 0.54117647 0.42352941 0.64313725
v -17.11859439 -16.11980262 -42.75813620 0.54117647 0.42352941 0.64313725
v -17.03705068 -16.50449787 -38.54538090 0.54117647 0.42352941 0.64313725
v -17.00647205 -16.50449787 -37.14574675 0.54117647 0.42352941 0.64313725
v -16.98948299 -13.31449798 -37.14574675 0.54117647 0.42352941 0.64313725
v -16.81959870 -14.71715135 -29.69027764 0.54117647 0.42352941 0.64313725
v -16.79581485 -14.71715135 -28.73409317 0.54117647 0.42352941 0.64313725
v -16.74824925 -13.31449798 -27.33445902 0.54117647 0.42352941 0.64313725
v -16.29635832 -13.31449798 -10.51115081 0.54117647 0.42352941 0.64313725
v -16.30994789 -10.50919126 -11.91078392 0.54117647 0.42352941 0.64313725
v -16.04153292 -11.91184462 -2.09949606 0.54117647 0.42352941 0.64313725
v -15.84446739 39.96263368 -13.31041599 0.54117647 0.42352941 0.64313725
v -16.94871009 42.32998170 -59.58144754 0.54117647 0.42352941 0.64313725
v -17.02685641 42.47202451 -65.19383281 0.54117647 0.42352941 0.64313725
v -15.70176642 41.36528913 -13.31041599 0.54117647 0.42352941 0.64313725
v -16.46624262 43.17039153 -65.19383281 0.54117647 0.42352941 0.64313725
v -15.63720967 43.55508679 -66.03915695 0.54117647 0.42352941 0.64313725
v -16.11628184 42.73243283 -66.57960995 0.54117647 0.42352941 0.64313725
v -15.65759612 42.19977754 -67.38335885 0.54117647 0.42352941 0.64313725
v -7.12604600 42.09324648 -68.72756074 0.54117647 0.42352941 0.64313725
v -14.72323771 42.29447414 -67.46650514 0.54117647 0.42352941 0.64313725
v -6.31060472 42.12875823 -68.75527478 0.54117647 0.42352941 0.64313725
v -2.10089135 42.28263550 -68.90771035 0.54117647 0.42352941 0.64313725
v -0.70105107 42.31814306 -68.93542857 0.54117647 0.42352941 0.64313725
v 0.69878909 42.31222583 -68.94928559 0.54117647 0.42352941 0.64313725
v 6.30834294 42.33590311 -68.93542857 0.54117647 0.42352941 0.64313725
v 7.70818343 42.32406447 -68.92157155 0.54117647 0.42352941 0.64313725
v 7.70818343 41.36528913 -69.33730302 0.54117647 0.42352941 0.64313725
v 7.70818343 39.96263368 -69.55902786 0.54117647 0.42352941 0.64313725
v 9.11142026 39.96263368 -69.47588157 0.54117647 0.42352941 0.64313725
v 10.51465866 39.96263368 -69.35116004 0.54117647 0.42352941 0.64313725
v 11.77859139 38.55998240 -68.99085664 0.54117647 0.42352941 0.64313725
v 10.51465866 28.74141305 -69.40659229 0.54117647 0.42352941 0.64313725
v 9.11142026 -6.30715258 -69.79460972 0.54117647 0.42352941 0.64313725
v 9.11142026 -0.69654123 -69.76689150 0.54117647 0.42352941 0.64313725
v 10.51465866 -6.30715258 -69.54516666 0.54117647 0.42352941 0.64313725
v 10.51465866 -14.71715135 -69.57288488 0.54117647 0.42352941 0.64313725
v 9.49195966 -16.50449787 -69.76689150 0.54117647 0.42352941 0.64313725
v 9.11142026 -16.50449787 -69.83618078 0.54117647 0.42352941 0.64313725
v -17.24430839 -16.50449787 -56.78217923 0.54117647 0.42352941 0.64313725
v -17.14577563 -16.50449787 -44.15777036 0.54117647 0.42352941 0.64313725
v -16.98268821 -16.50449787 -36.13413003 0.54117647 0.42352941 0.64313725
v -16.82299818 -16.11980262 -29.56555820 0.54117647 0.42352941 0.64313725
v -16.80261173 -16.11980262 -28.73409317 0.54117647 0.42352941 0.64313725
v -16.75844143 -14.71715135 -27.33445902 0.54117647 0.42352941 0.64313725
v -16.34392601 -14.71715135 -11.91078392 0.54117647 0.42352941 0.64313725
v -16.01435168 -13.31449798 -0.68600554 0.54117647 0.42352941 0.64313725
v -16.00076002 -11.91184462 -0.68600554 0.54117647 0.42352941 0.64313725
v -15.84446739 -10.50919126 3.49903520 0.54117647 0.42352941 0.64313725
v -14.64509140 -9.10653999 38.55914382 0.54117647 0.42352941 0.64313725
v -14.01312399 0.70611213 52.99892250 0.54117647 0.42352941 0.64313725
v -13.95536412 2.10876445 53.98282101 0.54117647 0.42352941 0.64313725
v -12.92926773 38.55998240 66.59337287 0.54117647 0.42352941 0.64313725
v -12.89189223 39.96263368 66.59337287 0.54117647 0.42352941 0.64313725
v -15.43674675 42.08732925 -11.01002962 0.54117647 0.42352941 0.64313725
v -15.45713320 42.11692377 -11.91078392 0.54117647 0.42352941 0.64313725
v -15.48091704 42.15243133 -13.31041599 0.54117647 0.42352941 0.64313725
v -12.74239438 41.11079803 66.59337287 0.54117647 0.42352941 0.64313725
v -15.76632107 43.60243299 -65.19383281 0.54117647 0.42352941 0.64313725
v -15.42995196 43.47222883 -44.73979441 0.54117647 0.42352941 0.64313725
v -15.54547378 43.53732673 -52.56942393 0.54117647 0.42352941 0.64313725
v -14.72323771 43.57875571 -66.09458920 0.54117647 0.42352941 0.64313725
v -14.72323771 42.99284116 -66.78747777 0.54117647 0.42352941 0.64313725
v -14.72323771 43.72079851 -65.19383281 0.54117647 0.42352941 0.64313725
v -2.10089135 42.88038869 -67.99310112 0.54117647 0.42352941 0.64313725
v -0.70105107 42.93365631 -67.99310112 0.54117647 0.42352941 0.64313725
v 9.11142026 43.50773640 -67.35564481 0.54117647 0.42352941 0.64313725
v 7.70818343 43.02834873 -68.02081516 0.54117647 0.42352941 0.64313725
v 9.11142026 42.97508529 -68.06239039 0.54117647 0.42352941 0.64313725
v 11.24175935 43.47814606 -67.31406957 0.54117647 0.42352941 0.64313725
v 9.11142026 42.27079685 -68.86613929 0.54117647 0.42352941 0.64313725
v 9.11142026 41.36528913 -69.25415672 0.54117647 0.42352941 0.64313725
v 10.51465866 41.36528913 -69.08786414 0.54117647 0.42352941 0.64313725
v 11.50677902 41.36528913 -68.83842525 0.54117647 0.42352941 0.64313725
v 11.77179660 39.96263368 -68.97699963 0.54117647 0.42352941 0.64313725
v 12.52947802 35.75467986 -68.64441445 0.54117647 0.42352941 0.64313725
v 11.82276168 32.94937105 -68.99085664 0.54117647 0.42352941 0.64313725
v 10.51465866 -16.50449787 -69.57288488 0.54117647 0.42352941 0.64313725
v -16.82299818 -16.50449787 -29.57941522 0.54117647 0.42352941 0.64313725
v -16.38469682 -16.50449787 -13.31041599 0.54117647 0.42352941 0.64313725
v -16.38469682 -16.11980262 -13.31041599 0.54117647 0.42352941 0.64313725
v -16.06871416 -16.11980262 -2.09949606 0.54117647 0.42352941 0.64313725
v -16.06191937 -14.71715135 -2.09949606 0.54117647 0.42352941 0.64313725
v -16.02114647 -14.71715135 -0.68600554 0.54117647 0.42352941 0.64313725
v -15.23968330 -16.50449787 22.74745130 0.54117647 0.42352941 0.64313725
v -14.41404984 -10.50919126 45.57116743 0.54117647 0.42352941 0.64313725
v -14.07767864 -3.50184691 52.58318685 0.54117647 0.42352941 0.64313725
v -14.03690783 -3.50184691 53.66409285 0.54117647 0.42352941 0.64313725
v -13.97574848 0.70611213 53.98282101 0.54117647 0.42352941 0.64313725
v -13.90100165 2.10876445 55.38245516 0.54117647 0.42352941 0.64313725
v -13.78887722 2.10876445 58.18171929 0.54117647 0.42352941 0.64313725
v -12.87150578 38.55998240 68.00686404 0.54117647 0.42352941 0.64313725
v -12.75598604 39.91528747 67.99300702 0.54117647 0.42352941 0.64313725
v -12.69822617 40.94508631 67.53570032 0.54117647 0.42352941 0.64313725
v -12.49436585 41.80916923 66.59337287 0.54117647 0.42352941 0.64313725
v -14.03690783 42.08732925 24.10551021 0.54117647 0.42352941 0.64313725
v -12.63706683 42.08732925 59.13790376 0.54117647 0.42352941 0.64313725
v -14.54316124 42.69692109 -2.09949606 0.54117647 0.42352941 0.64313725
v -14.58053465 42.71467696 -3.49912904 0.54117647 0.42352941 0.64313725
v -14.72323771 43.72671992 -63.79420284 0.54117647 0.42352941 0.64313725
v -14.72323771 43.66161366 -52.56942393 0.54117647 0.42352941 0.64313725
v -14.72323771 43.71487710 -59.58144754 0.54117647 0.42352941 0.64313725
v -12.70502096 42.17610444 55.38245516 0.54117647 0.42352941 0.64313725
v -12.90888128 42.39508379 44.15767626 0.54117647 0.42352941 0.64313725
v -11.91676092 42.66140934 56.78208514 0.54117647 0.42352941 0.64313725
v -11.91676092 42.70283832 55.38245516 0.54117647 0.42352941 0.64313725
v -11.91676092 42.73835006 53.98282101 0.54117647 0.42352941 0.64313725
v -11.91676092 42.76794458 52.58318685 0.54117647 0.42352941 0.64313725
v -11.91676092 42.91590044 45.57116743 0.54117647 0.42352941 0.64313725
v -11.91676092 42.94549495 44.15767626 0.54117647 0.42352941 0.64313725
v -13.31999932 43.35977636 -2.09949606 0.54117647 0.42352941 0.64313725
v -13.31999932 43.37753224 -3.49912904 0.54117647 0.42352941 0.64313725
v 9.11142026 43.71487710 -66.59346697 0.54117647 0.42352941 0.64313725
v -3.50412923 43.83916404 -63.79420284 0.54117647 0.42352941 0.64313725
v -10.51691991 43.75630608 -65.19383281 0.54117647 0.42352941 0.64313725
v -13.31999932 43.76814472 -59.58144754 0.54117647 0.42352941 0.64313725
v -0.70105107 43.95161650 -58.18181339 0.54117647 0.42352941 0.64313725
v 10.51465866 43.50181917 -67.34178779 0.54117647 0.42352941 0.64313725
v 12.80468778 42.28855691 -67.52193740 0.54117647 0.42352941 0.64313725
v 11.70384455 42.64957488 -67.88223661 0.54117647 0.42352941 0.64313725
v 11.23496456 42.07549479 -68.69984671 0.54117647 0.42352941 0.64313725
v 10.51465866 42.16426998 -68.76913598 0.54117647 0.42352941 0.64313725
v 10.51465866 43.66753090 -66.59346697 0.54117647 0.42352941 0.64313725
v 11.37427023 43.53732673 -66.59346697 0.54117647 0.42352941 0.64313725
v 12.07418969 43.17039153 -66.59346697 0.54117647 0.42352941 0.64313725
v 12.21009587 41.36528913 -68.46426484 0.54117647 0.42352941 0.64313725
v 12.47171606 39.96263368 -68.58898219 0.54117647 0.42352941 0.64313725
v 12.53287541 34.35202441 -68.64441445 0.54117647 0.42352941 0.64313725
v 13.08669441 39.96263368 -67.89609781 0.54117647 0.42352941 0.64313725
v 13.11727513 35.75467986 -67.93766886 0.54117647 0.42352941 0.64313725
v 13.12406992 34.35202441 -67.93766886 0.54117647 0.42352941 0.64313725
v 11.78199087 21.73406765 -69.00471784 0.54117647 0.42352941 0.64313725
v 10.82384653 -16.50449787 -69.43430633 0.54117647 0.42352941 0.64313725
v -16.06531676 -16.50449787 -2.09949606 0.54117647 0.42352941 0.64313725
v -16.02454386 -16.50449787 -0.68600554 0.54117647 0.42352941 0.64313725
v -15.99396523 -16.50449787 0.31175250 0.54117647 0.42352941 0.64313725
v -16.02454386 -16.11980262 -0.68600554 0.54117647 0.42352941 0.64313725
v -15.98037566 -16.11980262 0.69976950 0.54117647 0.42352941 0.64313725
v -14.77420279 -16.50449787 35.74602268 0.54117647 0.42352941 0.64313725
v -14.77420279 -16.11980262 35.74602268 0.54117647 0.42352941 0.64313725
v -14.52617218 -16.50449787 42.38388169 0.54117647 0.42352941 0.64313725
v -14.51258052 -16.11980262 42.75804210 0.54117647 0.42352941 0.64313725
v -14.39706078 -16.11980262 45.57116743 0.54117647 0.42352941 0.64313725
v -14.23057388 -16.50449787 49.39590530 0.54117647 0.42352941 0.64313725
v -14.15922444 -14.71715135 51.16969568 0.54117647 0.42352941 0.64313725
v -14.09806509 -14.71715135 52.58318685 0.54117647 0.42352941 0.64313725
v -14.01991877 -7.70980595 54.62027732 0.54117647 0.42352941 0.64313725
v -14.01991877 -6.30715258 54.63413434 0.54117647 0.42352941 0.64313725
v -14.01652138 -4.90449922 54.53713103 0.54117647 0.42352941 0.64313725
v -14.04370262 -4.90449922 53.83038544 0.54117647 0.42352941 0.64313725
v -14.00972659 -3.50184691 54.37083844 0.54117647 0.42352941 0.64313725
v -13.72771996 2.10876445 59.59521046 0.54117647 0.42352941 0.64313725
v -12.88849483 37.15733113 68.00686404 0.54117647 0.42352941 0.64313725
v -12.70841836 38.55998240 68.83833116 0.54117647 0.42352941 0.64313725
v -12.66424806 39.41814810 68.76904188 0.54117647 0.42352941 0.64313725
v -12.47058201 40.35324616 68.46417074 0.54117647 0.42352941 0.64313725
v -12.02888326 41.43630844 68.06229630 0.54117647 0.42352941 0.64313725
v -11.59058399 42.27079685 67.64656483 0.54117647 0.42352941 0.64313725
v -11.79444431 42.41283966 66.59337287 0.54117647 0.42352941 0.64313725
v -12.65405588 42.11100236 58.18171929 0.54117647 0.42352941 0.64313725
v -10.51691991 43.18222599 52.58318685 0.54117647 0.42352941 0.64313725
v -10.51691991 43.04610460 60.99484461 0.54117647 0.42352941 0.64313725
v -11.79784170 42.45426864 65.19374289 0.54117647 0.42352941 0.64313725
v -10.51691991 43.07569911 59.59521046 0.54117647 0.42352941 0.64313725
v -10.51691991 43.12896255 56.78208514 0.54117647 0.42352941 0.64313725
v -10.51691991 43.15263566 55.38245516 0.54117647 0.42352941 0.64313725
v 6.30834294 43.88651024 -65.19383281 0.54117647 0.42352941 0.64313725
v 9.11142026 43.88651024 -65.19383281 0.54117647 0.42352941 0.64313725
v -7.71044520 43.80957370 -41.35850205 0.54117647 0.42352941 0.64313725
v -0.70105107 43.93386063 -41.35850205 0.54117647 0.42352941 0.64313725
v -9.11368360 43.22365497 52.58318685 0.54117647 0.42352941 0.64313725
v 0.69878909 43.95753374 -56.78217923 0.54117647 0.42352941 0.64313725
v 12.98816374 41.36528913 -67.75751926 0.54117647 0.42352941 0.64313725
v 12.96437989 42.46610728 -66.59346697 0.54117647 0.42352941 0.64313725
v 13.51819890 41.36528913 -66.59346697 0.54117647 0.42352941 0.64313725
v 10.51465866 43.79773506 -65.19383281 0.54117647 0.42352941 0.64313725
v 11.48978996 43.59059435 -65.19383281 0.54117647 0.42352941 0.64313725
v 12.19310890 43.22365497 -65.19383281 0.54117647 0.42352941 0.64313725
v 12.46492127 14.72080293 -68.56126816 0.54117647 0.42352941 0.64313725
v 11.64608260 -16.50449787 -69.04628890 0.54117647 0.42352941 0.64313725
v 13.75263785 39.96263368 -66.59346697 0.54117647 0.42352941 0.64313725
v 13.76962690 38.55998240 -66.59346697 0.54117647 0.42352941 0.64313725
v 12.96437989 14.72080293 -67.85452257 0.54117647 0.42352941 0.64313725
v 13.75603733 37.15733113 -66.59346697 0.54117647 0.42352941 0.64313725
v -14.46841231 -16.50449787 43.78351585 0.54117647 0.42352941 0.64313725
v -14.39366339 -16.50449787 45.57116743 0.54117647 0.42352941 0.64313725
v -14.27474417 -16.50449787 48.37043156 0.54117647 0.42352941 0.64313725
v -14.08787291 -16.50449787 52.58318685 0.54117647 0.42352941 0.64313725
v -14.09127030 -16.11980262 52.58318685 0.54117647 0.42352941 0.64313725
v -14.04370262 -14.71715135 53.71952511 0.54117647 0.42352941 0.64313725
v -14.01312399 -13.31449798 54.49555579 0.54117647 0.42352941 0.64313725
v -13.98594275 -6.30715258 55.38245516 0.54117647 0.42352941 0.64313725
v -13.97914796 -4.90449922 55.38245516 0.54117647 0.42352941 0.64313725
v -13.74130953 0.70611213 59.59521046 0.54117647 0.42352941 0.64313725
v -13.65297103 2.10876445 60.99484461 0.54117647 0.42352941 0.64313725
v -12.72201002 37.15733113 68.85218817 0.54117647 0.42352941 0.64313725
v -13.57142732 2.10876445 62.39447459 0.54117647 0.42352941 0.64313725
v -13.48308674 2.10876445 63.79410874 0.54117647 0.42352941 0.64313725
v -13.34378316 3.51141781 65.19374289 0.54117647 0.42352941 0.64313725
v -11.91676092 38.55998240 69.46192627 0.54117647 0.42352941 0.64313725
v -11.96772600 39.91528747 69.12934109 0.54117647 0.42352941 0.64313725
v -11.53622151 40.99243251 68.92147745 0.54117647 0.42352941 0.64313725
v -10.51691991 41.87426714 68.49188478 0.54117647 0.42352941 0.64313725
v -10.51691991 42.36549345 67.79899622 0.54117647 0.42352941 0.64313725
v -10.51691991 42.75610176 66.59337287 0.54117647 0.42352941 0.64313725
v -9.83738690 40.67876075 70.11324796 0.54117647 0.42352941 0.64313725
v -10.51691991 42.87447146 65.19374289 0.54117647 0.42352941 0.64313725
v -10.51691991 42.99875839 62.39447459 0.54117647 0.42352941 0.64313725
v -9.11368360 43.21182051 53.98282101 0.54117647 0.42352941 0.64313725
v -9.11368360 43.08161634 60.99484461 0.54117647 0.42352941 0.64313725
v -9.11368360 43.04018737 62.39447459 0.54117647 0.42352941 0.64313725
v -9.11368360 43.11120668 59.59521046 0.54117647 0.42352941 0.64313725
v -9.11368360 43.16447430 56.78208514 0.54117647 0.42352941 0.64313725
v 10.51465866 43.80957370 -58.18181339 0.54117647 0.42352941 0.64313725
v 10.51465866 43.80957370 -59.58144754 0.54117647 0.42352941 0.64313725
v 0.69878909 43.91610476 -41.35850205 0.54117647 0.42352941 0.64313725
v 4.90510507 43.76814472 -16.10968220 0.54117647 0.42352941 0.64313725
v 14.72097437 43.30651292 59.59521046 0.54117647 0.42352941 0.64313725
v -7.71044520 43.24733225 52.58318685 0.54117647 0.42352941 0.64313725
v -0.70105107 43.77406613 -16.10968220 0.54117647 0.42352941 0.64313725
v 0.69878909 43.74447162 -9.11151771 0.54117647 0.42352941 0.64313725
v 2.10202697 43.78590060 -16.10968220 0.54117647 0.42352941 0.64313725
v 3.50186719 43.77998336 -16.10968220 0.54117647 0.42352941 0.64313725
v 13.02213976 42.51937072 -65.19383281 0.54117647 0.42352941 0.64313725
v 13.66769674 41.36528913 -65.19383281 0.54117647 0.42352941 0.64313725
v 13.92591954 39.96263368 -65.19383281 0.54117647 0.42352941 0.64313725
v 11.65627687 43.63202333 -58.18181339 0.54117647 0.42352941 0.64313725
v 11.67326383 43.62610192 -59.58144754 0.54117647 0.42352941 0.64313725
v 12.37658278 43.33018603 -59.58144754 0.54117647 0.42352941 0.64313725
v 12.34940154 -16.50449787 -68.15939371 0.54117647 0.42352941 0.64313725
v 12.67557638 -16.50449787 -67.45264812 0.54117647 0.42352941 0.64313725
v 13.45024685 14.72080293 -66.59346697 0.54117647 0.42352941 0.64313725
v 13.63711811 14.72080293 -65.19383281 0.54117647 0.42352941 0.64313725
v -14.04030522 -16.50449787 53.58094656 0.54117647 0.42352941 0.64313725
v -14.00632920 -14.71715135 54.41240950 0.54117647 0.42352941 0.64313725
v -13.94856724 -14.71715135 55.38245516 0.54117647 0.42352941 0.64313725
v -13.89760216 -10.50919126 56.78208514 0.54117647 0.42352941 0.64313725
v -13.91119383 -7.70980595 56.78208514 0.54117647 0.42352941 0.64313725
v -13.97574848 -10.50919126 55.38245516 0.54117647 0.42352941 0.64313725
v -13.98254536 -7.70980595 55.38245516 0.54117647 0.42352941 0.64313725
v -13.91119383 -4.90449922 56.78208514 0.54117647 0.42352941 0.64313725
v -13.74470692 -0.69654123 59.59521046 0.54117647 0.42352941 0.64313725
v -13.66316321 0.70611213 60.99484461 0.54117647 0.42352941 0.64313725
v -13.32339671 -0.69654123 65.19374289 0.54117647 0.42352941 0.64313725
v -13.31320453 -2.09919354 65.19374289 0.54117647 0.42352941 0.64313725
v -13.03459529 6.31672349 66.59337287 0.54117647 0.42352941 0.64313725
v -13.01760623 4.91407013 66.59337287 0.54117647 0.42352941 0.64313725
v -12.58610174 -10.50919126 67.20311514 0.54117647 0.42352941 0.64313725
v -12.65065849 30.14406641 68.74132366 0.54117647 0.42352941 0.64313725
v -11.14209254 4.91407013 70.00237927 0.54117647 0.42352941 0.64313725
v -11.91676092 37.15733113 69.47578747 0.54117647 0.42352941 0.64313725
v -13.57822211 0.70611213 62.39447459 0.54117647 0.42352941 0.64313725
v -13.48308674 -0.69654123 63.79410874 0.54117647 0.42352941 0.64313725
v -13.47968934 -2.09919354 63.79410874 0.54117647 0.42352941 0.64313725
v -11.04016238 38.55998240 70.03009749 0.54117647 0.42352941 0.64313725
v -10.79892655 39.96263368 69.87766192 0.54117647 0.42352941 0.64313725
v -9.11368360 41.31202151 69.40649819 0.54117647 0.42352941 0.64313725
v -9.11368360 40.74977588 70.19639007 0.54117647 0.42352941 0.64313725
v -7.71044520 42.35957204 67.84057145 0.54117647 0.42352941 0.64313725
v 14.72097437 42.97508529 66.59337287 0.54117647 0.42352941 0.64313725
v -7.71044520 41.95120786 68.53346002 0.54117647 0.42352941 0.64313725
v 14.72097437 43.15855289 65.19374289 0.54117647 0.42352941 0.64313725
v -9.11368360 42.89222733 65.19374289 0.54117647 0.42352941 0.64313725
v -10.09560970 39.96263368 70.23796113 0.54117647 0.42352941 0.64313725
v -9.11368360 39.96263368 70.47354717 0.54117647 0.42352941 0.64313725
v -9.11368360 42.96916388 63.79410874 0.54117647 0.42352941 0.64313725
v -6.31060472 43.24733225 53.98282101 0.54117647 0.42352941 0.64313725
v -6.31060472 43.26508395 52.58318685 0.54117647 0.42352941 0.64313725
v -6.31060472 43.11712809 60.99484461 0.54117647 0.42352941 0.64313725
v -6.31060472 43.07569911 62.39447459 0.54117647 0.42352941 0.64313725
v -6.31060472 43.14671425 59.59521046 0.54117647 0.42352941 0.64313725
v -6.31060472 43.19998186 56.78208514 0.54117647 0.42352941 0.64313725
v 6.30834294 43.34202467 52.58318685 0.54117647 0.42352941 0.64313725
v 0.69878909 43.32426880 53.98282101 0.54117647 0.42352941 0.64313725
v 0.69878909 43.30651292 55.38245516 0.54117647 0.42352941 0.64313725
v 14.72097437 43.28283982 60.99484461 0.54117647 0.42352941 0.64313725
v 16.12421277 42.76202317 65.19374289 0.54117647 0.42352941 0.64313725
v 16.12421277 42.85079835 59.59521046 0.54117647 0.42352941 0.64313725
v 12.50229678 43.44855155 -46.95703448 0.54117647 0.42352941 0.64313725
v 14.02105491 42.06957338 -40.70718872 0.54117647 0.42352941 0.64313725
v 16.90907542 42.20569895 59.59521046 0.54117647 0.42352941 0.64313725
v 15.46506412 28.32712746 -12.82539524 0.54117647 0.42352941 0.64313725
v 15.46506412 27.33875969 -12.85311033 0.54117647 0.42352941 0.64313725
v 14.73796343 17.52610966 -34.34648262 0.54117647 0.42352941 0.64313725
v 14.69379313 17.52610966 -35.74611678 0.54117647 0.42352941 0.64313725
v 14.03124709 10.85611017 -53.52560840 0.54117647 0.42352941 0.64313725
v 13.70846964 14.72080293 -63.79420284 0.54117647 0.42352941 0.64313725
v 17.05857118 41.36528913 59.59521046 0.54117647 0.42352941 0.64313725
v 16.86830252 40.85631112 49.77006571 0.54117647 0.42352941 0.64313725
v 16.82752962 40.67283934 47.60825371 0.54117647 0.42352941 0.64313725
v 16.96683529 39.96263368 51.16969568 0.54117647 0.42352941 0.64313725
v 16.69502083 37.15733113 38.55914382 0.54117647 0.42352941 0.64313725
v 16.08004247 34.35202441 13.31032293 0.54117647 0.42352941 0.64313725
v 16.11062110 30.14406641 11.91068982 0.54117647 0.42352941 0.64313725
v 12.47851294 43.44263432 -48.37052565 0.54117647 0.42352941 0.64313725
v 12.81148465 -16.11980262 -66.59346697 0.54117647 0.42352941 0.64313725
v 12.80129038 -16.50449787 -66.59346697 0.54117647 0.42352941 0.64313725
v 13.22260269 -14.71715135 -60.98107751 0.54117647 0.42352941 0.64313725
v 13.10028608 -16.50449787 -62.39456869 0.54117647 0.42352941 0.64313725
v 13.01874237 -16.50449787 -63.79420284 0.54117647 0.42352941 0.64313725
v 12.95078823 -16.50449787 -64.80581956 0.54117647 0.42352941 0.64313725
v 12.92020960 -16.50449787 -65.19383281 0.54117647 0.42352941 0.64313725
v 12.83526850 -16.50449787 -66.21930656 0.54117647 0.42352941 0.64313725
v -13.94856724 -16.50449787 55.06372701 0.54117647 0.42352941 0.64313725
v -13.99953232 -16.11980262 54.31540618 0.54117647 0.42352941 0.64313725
v -13.86022875 -16.50449787 56.40792890 0.54117647 0.42352941 0.64313725
v -13.83984230 -16.11980262 56.78208514 0.54117647 0.42352941 0.64313725
v -13.79227461 -11.91184462 58.18171929 0.54117647 0.42352941 0.64313725
v -13.81945585 -9.10653999 58.18171929 0.54117647 0.42352941 0.64313725
v -13.82965012 -7.70980595 58.18171929 0.54117647 0.42352941 0.64313725
v -13.83304751 -6.30715258 58.18171929 0.54117647 0.42352941 0.64313725
v -13.83304751 -4.90449922 58.18171929 0.54117647 0.42352941 0.64313725
v -13.74810641 -4.90449922 59.59521046 0.54117647 0.42352941 0.64313725
v -13.29621547 -3.50184691 65.19374289 0.54117647 0.42352941 0.64313725
v -13.46609977 -3.50184691 63.79410874 0.54117647 0.42352941 0.64313725
v -12.84432454 -7.70980595 66.53794479 0.54117647 0.42352941 0.64313725
v -12.54193145 -16.50449787 66.98139030 0.54117647 0.42352941 0.64313725
v -12.03907753 -16.50449787 68.00686404 0.54117647 0.42352941 0.64313725
v -12.63706683 29.09651588 68.72746664 0.54117647 0.42352941 0.64313725
v -10.95522127 -6.30715258 69.79451562 0.54117647 0.42352941 0.64313725
v -10.29267523 -4.90449922 70.39039670 0.54117647 0.42352941 0.64313725
v -10.30286741 -3.50184691 70.41811074 0.54117647 0.42352941 0.64313725
v -10.44217308 4.91407013 70.47354717 0.54117647 0.42352941 0.64313725
v -11.41390490 -16.50449787 68.94919149 0.54117647 0.42352941 0.64313725
v -13.57822211 -0.69654123 62.39447459 0.54117647 0.42352941 0.64313725
v -13.74470692 -6.30715258 59.59521046 0.54117647 0.42352941 0.64313725
v -13.73451474 -7.70980595 59.59521046 0.54117647 0.42352941 0.64313725
v -10.34024292 38.55998240 70.33496862 0.54117647 0.42352941 0.64313725
v -10.43537620 6.31672349 70.47354717 0.54117647 0.42352941 0.64313725
v -7.71044520 41.34753326 69.40649819 0.54117647 0.42352941 0.64313725
v -7.71044520 40.75569729 70.19639007 0.54117647 0.42352941 0.64313725
v 6.30834294 42.38324932 67.84057145 0.54117647 0.42352941 0.64313725
v 14.72097437 42.43651276 67.75742516 0.54117647 0.42352941 0.64313725
v 16.12421277 42.25896239 67.56341435 0.54117647 0.42352941 0.64313725
v 16.12421277 42.60222867 66.59337287 0.54117647 0.42352941 0.64313725
v 0.69878909 43.17630876 60.99484461 0.54117647 0.42352941 0.64313725
v -4.90736684 43.08753358 62.39447459 0.54117647 0.42352941 0.64313725
v -4.90736684 43.01651008 63.79410874 0.54117647 0.42352941 0.64313725
v -9.11368360 38.55998240 70.62598274 0.54117647 0.42352941 0.64313725
v -7.71044520 38.55998240 70.65369678 0.54117647 0.42352941 0.64313725
v -0.70105107 38.55998240 70.75069591 0.54117647 0.42352941 0.64313725
v -7.71044520 39.96263368 70.47354717 0.54117647 0.42352941 0.64313725
v 0.69878909 43.25324948 58.18171929 0.54117647 0.42352941 0.64313725
v 0.69878909 43.28283982 56.78208514 0.54117647 0.42352941 0.64313725
v 16.87169991 42.12875823 66.59337287 0.54117647 0.42352941 0.64313725
v 16.92266499 42.19977754 65.19374289 0.54117647 0.42352941 0.64313725
v 16.91926760 42.20569895 63.79410874 0.54117647 0.42352941 0.64313725
v 16.91587021 42.20569895 60.99484461 0.54117647 0.42352941 0.64313725
v 17.12992271 41.36528913 65.19374289 0.54117647 0.42352941 0.64313725
v 17.07895763 41.36528913 60.99484461 0.54117647 0.42352941 0.64313725
v 15.15247885 14.72080293 -18.92280544 0.54117647 0.42352941 0.64313725
v 15.14568407 17.52610966 -20.32243750 0.54117647 0.42352941 0.64313725
v 17.05517378 -16.50449787 63.79410874 0.54117647 0.42352941 0.64313725
v 17.02799255 -16.50449787 62.76863500 0.54117647 0.42352941 0.64313725
v 17.01780037 -16.50449787 62.39447459 0.54117647 0.42352941 0.64313725
v 14.69719053 14.72080293 -34.34648262 0.54117647 0.42352941 0.64313725
v 13.94630599 2.10876445 -52.56942393 0.54117647 0.42352941 0.64313725
v 15.09471899 13.32406889 -20.32243750 0.54117647 0.42352941 0.64313725
v 13.83078625 -0.69654123 -53.96905809 0.54117647 0.42352941 0.64313725
v 13.38908750 -13.31449798 -58.18181339 0.54117647 0.42352941 0.64313725
v 13.29395422 -14.71715135 -59.58144754 0.54117647 0.42352941 0.64313725
v 17.26243150 39.96263368 66.59337287 0.54117647 0.42352941 0.64313725
v 17.02799255 39.96263368 53.98282101 0.54117647 0.42352941 0.64313725
v 17.00081131 39.96263368 52.58318685 0.54117647 0.42352941 0.64313725
v 16.94305144 37.15733113 48.37043156 0.54117647 0.42352941 0.64313725
v 16.90907542 37.15733113 46.97079740 0.54117647 0.42352941 0.64313725
v 16.75278279 35.75467986 39.95877798 0.54117647 0.42352941 0.64313725
v 16.82073483 34.89651416 42.13444281 0.54117647 0.42352941 0.64313725
v 16.84112128 34.39937062 42.66103879 0.54117647 0.42352941 0.64313725
v 16.82752962 33.96141192 41.92657917 0.54117647 0.42352941 0.64313725
v 16.81394005 32.94937105 41.05354099 0.54117647 0.42352941 0.64313725
v 16.75957757 31.54671977 38.55914382 0.54117647 0.42352941 0.64313725
v 16.72559946 30.14406641 37.15950967 0.54117647 0.42352941 0.64313725
v 16.72220207 27.33875969 37.15950967 0.54117647 0.42352941 0.64313725
v 16.71200989 25.94202565 37.15950967 0.54117647 0.42352941 0.64313725
v 13.18182979 -16.50449787 -60.98107751 0.54117647 0.42352941 0.64313725
v -13.83304751 -16.50449787 56.78208514 0.54117647 0.42352941 0.64313725
v -13.72771996 -16.50449787 58.18171929 0.54117647 0.42352941 0.64313725
v -13.66995800 -13.31449798 59.59521046 0.54117647 0.42352941 0.64313725
v -13.69034445 -11.91184462 59.59521046 0.54117647 0.42352941 0.64313725
v -13.77528764 -13.31449798 58.18171929 0.54117647 0.42352941 0.64313725
v -13.72092308 -9.10653999 59.59521046 0.54117647 0.42352941 0.64313725
v -12.82393809 -9.10653999 66.51022657 0.54117647 0.42352941 0.64313725
v -13.43891644 -4.90449922 63.79410874 0.54117647 0.42352941 0.64313725
v -13.26223945 -4.90449922 65.19374289 0.54117647 0.42352941 0.64313725
v -12.58610174 -16.50449787 66.78738367 0.54117647 0.42352941 0.64313725
v -13.22486394 -6.30715258 65.19374289 0.54117647 0.42352941 0.64313725
v -11.58378920 -16.50449787 68.69975261 0.54117647 0.42352941 0.64313725
v -10.90765359 -7.70980595 69.76679741 0.54117647 0.42352941 0.64313725
v -10.20433464 -7.70980595 70.32111160 0.54117647 0.42352941 0.64313725
v -9.11368360 -3.50184691 70.70912485 0.54117647 0.42352941 0.64313725
v -9.11368360 0.70611213 70.79227533 0.54117647 0.42352941 0.64313725
v -9.11368360 6.31672349 70.84770340 0.54117647 0.42352941 0.64313725
v -9.11368360 7.71937633 70.84770340 0.54117647 0.42352941 0.64313725
v -10.75815574 -16.50449787 69.42035521 0.54117647 0.42352941 0.64313725
v 0.69878909 39.76733161 70.40425372 0.54117647 0.42352941 0.64313725
v -3.97980296 40.69651244 70.14096200 0.54117647 0.42352941 0.64313725
v 14.72097437 41.63161468 68.45031373 0.54117647 0.42352941 0.64313725
v 16.12421277 41.58426848 68.25630292 0.54117647 0.42352941 0.64313725
v 16.82413223 42.06365615 67.30011845 0.54117647 0.42352941 0.64313725
v -0.70105107 37.15733113 70.79227533 0.54117647 0.42352941 0.64313725
v 0.69878909 38.55998240 70.75069591 0.54117647 0.42352941 0.64313725
v 2.10202697 38.55998240 70.73683889 0.54117647 0.42352941 0.64313725
v 17.09934408 41.36528913 66.59337287 0.54117647 0.42352941 0.64313725
v 17.10274147 -14.71715135 65.19374289 0.54117647 0.42352941 0.64313725
v 17.08915190 -16.50449787 65.19374289 0.54117647 0.42352941 0.64313725
v 16.97702747 -16.50449787 60.99484461 0.54117647 0.42352941 0.64313725
v 14.71757698 13.32406889 -32.94684847 0.54117647 0.42352941 0.64313725
v 13.85796749 -2.09919354 -52.56942393 0.54117647 0.42352941 0.64313725
v 14.71417958 10.51876321 -31.53335939 0.54117647 0.42352941 0.64313725
v 15.07093514 11.92141657 -20.32243750 0.54117647 0.42352941 0.64313725
v 13.45364424 -16.50449787 -53.59489768 0.54117647 0.42352941 0.64313725
v 13.40607656 -16.50449787 -54.99453183 0.54117647 0.42352941 0.64313725
v 13.23619226 -16.50449787 -59.58144754 0.54117647 0.42352941 0.64313725
v 16.91587021 41.22324632 67.86828549 0.54117647 0.42352941 0.64313725
v 17.00081131 40.09283784 68.07615331 0.54117647 0.42352941 0.64313725
v 17.23525026 10.51876321 66.59337287 0.54117647 0.42352941 0.64313725
v 17.22845547 16.12345629 65.19374289 0.54117647 0.42352941 0.64313725
v 17.12992271 32.94937105 56.78208514 0.54117647 0.42352941 0.64313725
v 17.10953626 34.35202441 55.38245516 0.54117647 0.42352941 0.64313725
v 17.09934408 35.75467986 55.38245516 0.54117647 0.42352941 0.64313725
v 17.08575450 37.15733113 55.38245516 0.54117647 0.42352941 0.64313725
v 17.09594668 38.55998240 56.78208514 0.54117647 0.42352941 0.64313725
v 17.00081131 37.15733113 51.16969568 0.54117647 0.42352941 0.64313725
v 16.95664102 35.75467986 48.37043156 0.54117647 0.42352941 0.64313725
v 16.87849470 34.35202441 44.15767626 0.54117647 0.42352941 0.64313725
v 16.79355360 31.54671977 39.95877798 0.54117647 0.42352941 0.64313725
v 16.83092910 32.94937105 41.76028658 0.54117647 0.42352941 0.64313725
v 16.81733744 31.54671977 41.02582278 0.54117647 0.42352941 0.64313725
v 16.75278279 27.33875969 38.55914382 0.54117647 0.42352941 0.64313725
v -13.63937937 -16.50449787 59.20719303 0.54117647 0.42352941 0.64313725
v -13.60540335 -16.50449787 59.59521046 0.54117647 0.42352941 0.64313725
v -13.51026797 -14.71715135 60.99484461 0.54117647 0.42352941 0.64313725
v -13.40494042 -6.30715258 63.79410874 0.54117647 0.42352941 0.64313725
v -13.47289456 -16.50449787 60.99484461 0.54117647 0.42352941 0.64313725
v -12.70162357 -16.50449787 66.27464471 0.54117647 0.42352941 0.64313725
v -13.18409313 -7.70980595 65.19374289 0.54117647 0.42352941 0.64313725
v -13.36756700 -7.70980595 63.79410874 0.54117647 0.42352941 0.64313725
v -13.30980505 -16.50449787 62.39447459 0.54117647 0.42352941 0.64313725
v -10.14657478 -9.10653999 70.27953219 0.54117647 0.42352941 0.64313725
v -2.10089135 -3.50184691 70.63983976 0.54117647 0.42352941 0.64313725
v -7.71044520 -2.09919354 70.72298187 0.54117647 0.42352941 0.64313725
v -9.11368360 -4.90449922 70.65369678 0.54117647 0.42352941 0.64313725
v -2.10089135 -16.50449787 70.32111160 0.54117647 0.42352941 0.64313725
v -1.08159014 -16.50449787 70.33496862 0.54117647 0.42352941 0.64313725
v -0.70105107 -16.11980262 70.34882564 0.54117647 0.42352941 0.64313725
v 2.10202697 -16.11980262 70.34882564 0.54117647 0.42352941 0.64313725
v -7.71044520 2.10876445 70.80613235 0.54117647 0.42352941 0.64313725
v -7.71044520 7.71937633 70.86156042 0.54117647 0.42352941 0.64313725
v -10.51691991 -16.50449787 69.58664780 0.54117647 0.42352941 0.64313725
v 2.10202697 39.69630812 70.39039670 0.54117647 0.42352941 0.64313725
v 4.90510507 39.61345017 70.33496862 0.54117647 0.42352941 0.64313725
v 16.12421277 40.87998005 68.81061294 0.54117647 0.42352941 0.64313725
v 6.30834294 39.56018673 70.27953219 0.54117647 0.42352941 0.64313725
v 16.82413223 40.66692211 68.69975261 0.54117647 0.42352941 0.64313725
v 2.10202697 21.73406765 70.84770340 0.54117647 0.42352941 0.64313725
v 0.69878909 37.15733113 70.79227533 0.54117647 0.42352941 0.64313725
v 2.10202697 37.15733113 70.77841831 0.54117647 0.42352941 0.64313725
v 3.50186719 37.15733113 70.75069591 0.54117647 0.42352941 0.64313725
v 3.50186719 38.55998240 70.69526783 0.54117647 0.42352941 0.64313725
v 16.90567594 27.33875969 45.57116743 0.54117647 0.42352941 0.64313725
v 17.04837900 -14.71715135 66.59337287 0.54117647 0.42352941 0.64313725
v 17.03138994 -16.11980262 66.59337287 0.54117647 0.42352941 0.64313725
v 17.02459515 -16.50449787 66.59337287 0.54117647 0.42352941 0.64313725
v 17.02459515 10.51876321 67.61884661 0.54117647 0.42352941 0.64313725
v 16.82413223 40.64916623 68.69975261 0.54117647 0.42352941 0.64313725
v 16.94305144 30.14406641 46.97079740 0.54117647 0.42352941 0.64313725
v 17.00081131 31.54671977 49.77006571 0.54117647 0.42352941 0.64313725
v 17.10953626 32.94937105 55.38245516 0.54117647 0.42352941 0.64313725
v 16.97702747 0.70611213 67.56341435 0.54117647 0.42352941 0.64313725
v 16.88868897 -16.11980262 67.39712177 0.54117647 0.42352941 0.64313725
v 17.02799255 32.94937105 51.16969568 0.54117647 0.42352941 0.64313725
v 17.08235502 34.35202441 53.98282101 0.54117647 0.42352941 0.64313725
v 17.01440297 35.75467986 51.16969568 0.54117647 0.42352941 0.64313725
v 16.90907542 34.35202441 45.57116743 0.54117647 0.42352941 0.64313725
v 16.88529158 32.94937105 44.15767626 0.54117647 0.42352941 0.64313725
v 16.85471295 32.94937105 42.75804210 0.54117647 0.42352941 0.64313725
v 16.94644884 31.54671977 46.97079740 0.54117647 0.42352941 0.64313725
v 16.87849470 28.74141305 44.15767626 0.54117647 0.42352941 0.64313725
v -13.51026797 -16.50449787 60.60682718 0.54117647 0.42352941 0.64313725
v -13.31999932 -16.11980262 62.39447459 0.54117647 0.42352941 0.64313725
v -12.89868701 -16.50449787 65.19374289 0.54117647 0.42352941 0.64313725
v -13.11613900 -16.50449787 63.79410874 0.54117647 0.42352941 0.64313725
v -9.11368360 -16.50449787 69.98852225 0.54117647 0.42352941 0.64313725
v -9.11368360 -9.10653999 70.47354717 0.54117647 0.42352941 0.64313725
v -2.10089135 -0.69654123 70.69526783 0.54117647 0.42352941 0.64313725
v -2.48482815 -16.50449787 70.30725458 0.54117647 0.42352941 0.64313725
v 2.10202697 -16.50449787 70.33496862 0.54117647 0.42352941 0.64313725
v 3.12132805 -16.50449787 70.32111160 0.54117647 0.42352941 0.64313725
v 3.50186719 -16.11980262 70.32111160 0.54117647 0.42352941 0.64313725
v 2.10202697 -10.50919126 70.44582477 0.54117647 0.42352941 0.64313725
v 0.69878909 -10.50919126 70.47354717 0.54117647 0.42352941 0.64313725
v -3.50412923 7.71937633 70.83384638 0.54117647 0.42352941 0.64313725
v -4.90736684 7.71937633 70.84770340 0.54117647 0.42352941 0.64313725
v -3.50412923 0.70611213 70.73683889 0.54117647 0.42352941 0.64313725
v -3.50412923 3.51141781 70.77841831 0.54117647 0.42352941 0.64313725
v -3.50412923 9.12202917 70.84770340 0.54117647 0.42352941 0.64313725
v 7.70818343 39.46549431 70.23796113 0.54117647 0.42352941 0.64313725
v 16.20915387 40.09283784 68.89375923 0.54117647 0.42352941 0.64313725
v 10.02539430 39.34120738 70.15481902 0.54117647 0.42352941 0.64313725
v -2.10089135 9.12202917 70.83384638 0.54117647 0.42352941 0.64313725
v -0.70105107 10.51876321 70.81998936 0.54117647 0.42352941 0.64313725
v 0.69878909 10.51876321 70.79227533 0.54117647 0.42352941 0.64313725
v 4.90510507 24.53937438 70.79227533 0.54117647 0.42352941 0.64313725
v 4.90510507 28.74141305 70.80613235 0.54117647 0.42352941 0.64313725
v 3.50186719 31.54671977 70.80613235 0.54117647 0.42352941 0.64313725
v 4.90510507 31.54671977 70.77841831 0.54117647 0.42352941 0.64313725
v 4.90510507 37.15733113 70.69526783 0.54117647 0.42352941 0.64313725
v 4.90510507 38.55998240 70.62598274 0.54117647 0.42352941 0.64313725
v 16.88189418 -16.50449787 67.38326475 0.54117647 0.42352941 0.64313725
v 14.72097437 20.33141429 69.30949488 0.54117647 0.42352941 0.64313725
v 15.83880874 20.33141429 68.94919149 0.54117647 0.42352941 0.64313725
v 15.73008379 6.31672349 68.87990221 0.54117647 0.42352941 0.64313725
v 15.52962086 -7.70980595 68.76904188 0.54117647 0.42352941 0.64313725
v 16.31448143 0.70611213 68.27015994 0.54117647 0.42352941 0.64313725
v 16.12421277 -16.11980262 68.04843928 0.54117647 0.42352941 0.64313725
v 16.68143126 -16.50449787 67.56341435 0.54117647 0.42352941 0.64313725
v 17.00081131 32.94937105 49.77006571 0.54117647 0.42352941 0.64313725
v 16.91587021 32.94937105 45.57116743 0.54117647 0.42352941 0.64313725
v -5.17918078 -16.50449787 70.19639007 0.54117647 0.42352941 0.64313725
v -4.90736684 -16.50449787 70.21024709 0.54117647 0.42352941 0.64313725
v -3.88466837 -16.50449787 70.25181815 0.54117647 0.42352941 0.64313725
v -0.70105107 -0.69654123 70.66755380 0.54117647 0.42352941 0.64313725
v 2.10202697 3.51141781 70.68141082 0.54117647 0.42352941 0.64313725
v -0.70105107 3.51141781 70.73683889 0.54117647 0.42352941 0.64313725
v -2.10089135 4.91407013 70.77841831 0.54117647 0.42352941 0.64313725
v 3.50186719 -16.50449787 70.30725458 0.54117647 0.42352941 0.64313725
v 4.52456618 -16.50449787 70.26567517 0.54117647 0.42352941 0.64313725
v 14.72097437 38.55998240 69.26791964 0.54117647 0.42352941 0.64313725
v 14.72097437 35.75467986 69.32335190 0.54117647 0.42352941 0.64313725
v 14.72097437 34.35202441 69.33720892 0.54117647 0.42352941 0.64313725
v 10.25983326 38.55998240 70.19639007 0.54117647 0.42352941 0.64313725
v 10.95975271 38.55998240 70.05781152 0.54117647 0.42352941 0.64313725
v 6.30834294 38.55998240 70.54283227 0.54117647 0.42352941 0.64313725
v 7.70818343 38.55998240 70.44582477 0.54117647 0.42352941 0.64313725
v 9.11142026 38.55998240 70.33496862 0.54117647 0.42352941 0.64313725
v -0.70105107 7.71937633 70.79227533 0.54117647 0.42352941 0.64313725
v 2.10202697 4.91407013 70.69526783 0.54117647 0.42352941 0.64313725
v 4.90510507 21.73406765 70.76455293 0.54117647 0.42352941 0.64313725
v 6.30834294 27.33875969 70.73683889 0.54117647 0.42352941 0.64313725
v 6.30834294 30.14406641 70.73683889 0.54117647 0.42352941 0.64313725
v 6.30834294 31.54671977 70.72298187 0.54117647 0.42352941 0.64313725
v 6.30834294 37.15733113 70.62598274 0.54117647 0.42352941 0.64313725
v 14.72097437 16.12345629 69.26791964 0.54117647 0.42352941 0.64313725
v 11.09566099 37.15733113 70.08552556 0.54117647 0.42352941 0.64313725
v 10.34477436 32.94937105 70.22410411 0.54117647 0.42352941 0.64313725
v 11.91449966 20.33141429 69.86380490 0.54117647 0.42352941 0.64313725
v 14.72097437 6.31672349 69.17091633 0.54117647 0.42352941 0.64313725
v 14.72097437 -7.70980595 68.99076672 0.54117647 0.42352941 0.64313725
v 14.54089789 -16.50449787 68.85218817 0.54117647 0.42352941 0.64313725
v 15.25780641 -16.11980262 68.65817737 0.54117647 0.42352941 0.64313725
v 15.87278476 -16.50449787 68.21473186 0.54117647 0.42352941 0.64313725
v 16.12421277 -16.50449787 68.03457808 0.54117647 0.42352941 0.64313725
v 3.50186719 2.10876445 70.58440332 0.54117647 0.42352941 0.64313725
v 5.83266921 -16.50449787 70.18253305 0.54117647 0.42352941 0.64313725
v 9.11142026 37.15733113 70.40425372 0.54117647 0.42352941 0.64313725
v 10.39573944 37.15733113 70.22410411 0.54117647 0.42352941 0.64313725
v 7.70818343 37.15733113 70.52897525 0.54117647 0.42352941 0.64313725
v 6.30834294 25.94202565 70.72298187 0.54117647 0.42352941 0.64313725
v 7.70818343 27.33875969 70.59826034 0.54117647 0.42352941 0.64313725
v 7.70818343 28.74141305 70.61211736 0.54117647 0.42352941 0.64313725
v 7.70818343 31.54671977 70.61211736 0.54117647 0.42352941 0.64313725
v 7.70818343 34.35202441 70.58440332 0.54117647 0.42352941 0.64313725
v 11.91449966 18.92876093 69.84994370 0.54117647 0.42352941 0.64313725
v 10.38214987 35.75467986 70.22410411 0.54117647 0.42352941 0.64313725
v 9.11142026 31.54671977 70.43196776 0.54117647 0.42352941 0.64313725
v 10.87141422 20.33141429 70.05781152 0.54117647 0.42352941 0.64313725
v 13.31773597 -9.10653999 69.26791964 0.54117647 0.42352941 0.64313725
v 14.22151784 -16.50449787 68.93533447 0.54117647 0.42352941 0.64313725
v 13.31773597 -13.31449798 69.21248739 0.54117647 0.42352941 0.64313725
v 13.31773597 -16.50449787 69.15705931 0.54117647 0.42352941 0.64313725
v 15.24421683 -16.50449787 68.64432035 0.54117647 0.42352941 0.64313725
v 7.50432310 -16.50449787 70.05781152 0.54117647 0.42352941 0.64313725
v 9.11142026 34.35202441 70.43196776 0.54117647 0.42352941 0.64313725
v 9.11142026 -16.11980262 69.90537595 0.54117647 0.42352941 0.64313725
v 10.00840525 16.12345629 70.14096200 0.54117647 0.42352941 0.64313725
v 9.11142026 24.53937438 70.36268266 0.54117647 0.42352941 0.64313725
v 9.11142026 28.74141305 70.40425372 0.54117647 0.42352941 0.64313725
v 11.91449966 -16.50449787 69.44806925 0.54117647 0.42352941 0.64313725
v 10.51465866 -16.50449787 69.69750813 0.54117647 0.42352941 0.64313725
v 11.53396026 -16.50449787 69.51735852 0.54117647 0.42352941 0.64313725
v 12.93719866 -16.50449787 69.24020561 0.54117647 0.42352941 0.64313725
v 8.73088242 -16.50449787 69.93308999 0.54117647 0.42352941 0.64313725
v 9.11142026 -16.50449787 69.89151894 0.54117647 0.42352941 0.64313725
v 10.13411925 -16.50449787 69.75294039 0.54117647 0.42352941 0.64313725
f 721 722 723
f 721 723 724
f 721 724 730
f 721 730 743
f 721 743 744
f 721 744 768
f 721 768 803
f 721 803 838
f 721 838 884
f 721 884 883
f 721 883 923
f 721 923 978
f 721 978 1025
f 721 1025 1075
f 721 1075 1076
f 721 1076 1142
f 721 1142 1148
f 721 1148 1147
f 721 1147 1146
f 721 1146 1145
f 721 1145 1144
f 721 1144 1221
f 721 1221 1259
f 721 1259 1258
f 721 1258 1257
f 721 1257 1252
f 721 1252 1200
f 721 1200 1199
f 721 1199 1198
f 721 1198 1251
f 721 1251 1309
f 721 1309 1355
f 721 1355 1362
f 721 1362 1398
f 721 1398 1397
f 721 1397 1417
f 721 1417 1395
f 721 1395 1414
f 721 1414 1416
f 721 1416 1427
f 721 1427 1424
f 721 1424 1426
f 721 1426 1425
f 721 1425 1430
f 721 1430 1429
f 721 1429 1428
f 721 1428 1418
f 721 1418 1400
f 721 1400 1373
f 721 1373 1372
f 721 1372 1334
f 721 1334 1333
f 721 1333 1290
f 721 1290 1289
f 721 1289 1332
f 721 1332 1367
f 721 1367 1366
f 721 1366 1365
f 721 1365 1329
f 721 1329 1295
f 721 1295 1240
f 721 1240 1169
f 721 1169 1233
f 721 1233 1163
f 721 1163 1162
f 721 1162 1231
f 721 1231 1281
f 721 1281 1327
f 721 1327 1328
f 721 1328 1284
f 721 1284 1280
f 721 1280 1325
f 721 1325 1277
f 721 1277 1276
f 721 1276 1223
f 721 1223 1222
f 721 1222 1151
f 721 1151 1149
f 721 1149 1079
f 721 1079 1033
f 721 1033 989
f 721 989 1032
f 721 1032 1031
f 721 1031 1030
f 721 1030 986
f 721 986 984
f 721 984 930
f 721 930 981
f 721 981 980
f 721 980 979
f 721 979 925
f 721 925 924
f 721 924 887
f 721 887 849
f 721 849 848
f 721 848 886
f 721 886 845
f 721 845 844
f 721 844 843
f 721 843 885
f 721 885 840
f 721 840 839
f 721 839 804
f 721 804 771
f 721 771 770
f 721 770 769
f 721 769 748
f 721 748 747
f 721 747 736
f 721 736 725
f 721 725 722
f 722 726 727
f 722 727 723
f 722 725 726
f 723 728 729
f 723 729 730
f 723 730 724
f 723 727 731
f 723 731 732
f 723 732 733
f 723 733 734
f 723 734 735
f 723 735 728
f 725 736 726
f 726 736 727
f 727 736 731
f 728 735 737
f 728 737 738
f 728 738 739
f 728 739 740
f 728 740 741
f 728 741 742
f 728 742 729
f 729 743 730
f 729 742 744
f 729 744 743
f 731 745 746
f 731 746 732
f 731 736 747
f 731 747 748
f 731 748 745
f 732 749 733
f 732 746 750
f 732 750 751
f 732 751 752
f 732 752 753
f 732 753 754
f 732 754 755
f 732 755 749
f 733 749 756
f 733 756 757
f 733 757 758
f 733 758 759
f 733 759 760
f 733 760 734
f 734 761 762
f 734 762 735
f 734 760 761
f 735 762 738
f 735 738 737
f 738 762 763
f 738 763 764
f 738 764 765
f 738 765 739
f 739 765 740
f 740 765 766
f 740 766 741
f 741 766 767
f 741 767 742
f 742 767 744
f 744 767 801
f 744 801 768
f 745 748 769
f 745 769 770
f 745 770 746
f 746 770 771
f 746 771 772
f 746 772 750
f 749 755 773
f 749 773 756
f 750 772 774
f 750 774 775
f 750 775 776
f 750 776 751
f 751 776 777
f 751 777 752
f 752 777 778
f 752 778 779
f 752 779 780
f 752 780 753
f 753 780 754
f 754 780 781
f 754 781 782
f 754 782 755
f 755 782 783
f 755 783 773
f 756 784 785
f 756 785 786
f 756 786 757
f 756 773 783
f 756 783 787
f 756 787 788
f 756 788 784
f 757 786 758
f 758 789 759
f 758 786 790
f 758 790 789
f 759 789 791
f 759 791 792
f 759 792 793
f 759 793 794
f 759 794 760
f 760 794 795
f 760 795 761
f 761 795 762
f 762 795 763
f 763 795 796
f 763 796 764
f 764 796 832
f 764 832 797
f 764 797 798
f 764 798 799
f 764 799 765
f 765 799 766
f 766 799 800
f 766 800 801
f 766 801 767
f 768 801 802
f 768 802 803
f 771 804 805
f 771 805 772
f 772 805 806
f 772 806 775
f 772 775 774
f 775 807 776
f 775 806 807
f 776 807 808
f 776 808 809
f 776 809 810
f 776 810 777
f 777 810 778
f 778 810 811
f 778 811 812
f 778 812 813
f 778 813 779
f 779 813 814
f 779 814 815
f 779 815 816
f 779 816 781
f 779 781 780
f 781 817 782
f 781 816 818
f 781 818 817
f 782 819 783
f 782 817 819
f 783 788 820
f 783 820 787
f 783 819 788
f 784 786 785
f 784 788 821
f 784 821 822
f 784 822 786
f 786 822 823
f 786 823 790
f 787 820 788
f 788 819 817
f 788 817 824
f 788 824 825
f 788 825 821
f 789 790 791
f 790 823 791
f 791 823 826
f 791 826 827
f 791 827 792
f 792 827 828
f 792 828 794
f 792 794 793
f 794 828 795
f 795 828 829
f 795 829 830
f 795 830 796
f 796 830 831
f 796 831 832
f 797 832 876
f 797 876 833
f 797 833 798
f 798 834 835
f 798 835 799
f 798 833 834
f 799 802 800
f 799 835 836
f 799 836 802
f 800 802 801
f 802 836 837
f 802 837 838
f 802 838 803
f 804 839 805
f 805 839 840
f 805 840 841
f 805 841 842
f 805 842 807
f 805 807 806
f 807 842 843
f 807 843 844
f 807 844 845
f 807 845 846
f 807 846 808
f 808 846 847
f 808 847 848
f 808 848 849
f 808 849 809
f 809 849 850
f 809 850 851
f 809 851 852
f 809 852 810
f 810 852 853
f 810 853 854
f 810 854 855
f 810 855 856
f 810 856 857
f 810 857 811
f 811 857 812
f 812 858 859
f 812 859 814
f 812 814 813
f 812 857 860
f 812 860 858
f 814 859 861
f 814 861 862
f 814 862 863
f 814 863 815
f 815 864 816
f 815 863 864
f 816 864 818
f 817 865 824
f 817 818 865
f 818 864 866
f 818 866 865
f 821 825 865
f 821 865 867
f 821 867 868
f 821 868 822
f 822 868 869
f 822 869 823
f 823 869 870
f 823 870 826
f 824 865 825
f 826 870 871
f 826 871 827
f 827 871 872
f 827 872 873
f 827 873 874
f 827 874 828
f 828 874 829
f 829 874 875
f 829 875 830
f 830 875 831
f 831 875 832
f 832 875 876
f 833 876 877
f 833 877 878
f 833 878 837
f 833 837 879
f 833 879 880
f 833 880 834
f 834 880 836
f 834 836 835
f 836 880 879
f 836 879 837
f 837 878 881
f 837 881 882
f 837 882 883
f 837 883 884
f 837 884 838
f 840 885 841
f 841 885 843
f 841 843 842
f 845 886 846
f 846 886 848
f 846 848 847
f 849 887 850
f 850 887 851
f 851 887 888
f 851 888 889
f 851 889 852
f 852 889 890
f 852 890 853
f 853 890 854
f 854 890 891
f 854 891 892
f 854 892 855
f 855 892 856
f 856 892 893
f 856 893 857
f 857 893 894
f 857 894 895
f 857 895 896
f 857 896 897
f 857 897 898
f 857 898 899
f 857 899 860
f 858 861 859
f 858 860 900
f 858 900 901
f 858 901 902
f 858 902 861
f 860 899 903
f 860 903 900
f 861 904 862
f 861 902 905
f 861 905 906
f 861 906 904
f 862 907 865
f 862 865 908
f 862 908 864
f 862 864 863
f 862 904 909
f 862 909 907
f 864 908 866
f 865 866 908
f 865 907 867
f 867 907 868
f 868 910 869
f 868 907 910
f 869 910 911
f 869 911 912
f 869 912 913
f 869 913 870
f 870 913 871
f 871 913 914
f 871 914 872
f 872 914 915
f 872 915 916
f 872 916 873
f 873 916 917
f 873 917 875
f 873 875 874
f 875 917 876
f 876 917 918
f 876 918 919
f 876 919 920
f 876 920 877
f 877 920 921
f 877 921 922
f 877 922 882
f 877 882 881
f 877 881 878
f 882 923 883
f 882 922 923
f 887 924 888
f 888 924 889
f 889 924 925
f 889 925 926
f 889 926 891
f 889 891 890
f 891 926 927
f 891 927 928
f 891 928 892
f 892 928 927
f 892 927 929
f 892 929 930
f 892 930 895
f 892 895 893
f 893 895 894
f 895 930 931
f 895 931 896
f 896 931 932
f 896 932 933
f 896 933 934
f 896 934 897
f 897 934 935
f 897 935 898
f 898 935 936
f 898 936 937
f 898 937 899
f 899 937 938
f 899 938 939
f 899 939 903
f 900 903 940
f 900 940 901
f 901 940 941
f 901 941 942
f 901 942 943
f 901 943 902
f 902 943 944
f 902 944 905
f 903 939 940
f 904 945 909
f 904 906 946
f 904 946 947
f 904 947 945
f 905 944 943
f 905 943 948
f 905 948 949
f 905 949 950
f 905 950 951
f 905 951 952
f 905 952 953
f 905 953 954
f 905 954 955
f 905 955 956
f 905 956 957
f 905 957 906
f 906 957 946
f 907 909 958
f 907 958 912
f 907 912 911
f 907 911 910
f 909 959 960
f 909 960 958
f 909 945 961
f 909 961 962
f 909 962 959
f 912 963 913
f 912 958 963
f 913 963 914
f 914 963 915
f 915 964 965
f 915 965 966
f 915 966 967
f 915 967 916
f 915 963 968
f 915 968 969
f 915 969 970
f 915 970 964
f 916 967 917
f 917 967 918
f 918 967 966
f 918 966 919
f 919 966 971
f 919 971 920
f 920 971 972
f 920 972 921
f 921 973 922
f 921 972 974
f 921 974 975
f 921 975 976
f 921 976 973
f 922 973 977
f 922 977 978
f 922 978 923
f 925 979 927
f 925 927 926
f 927 979 980
f 927 980 981
f 927 981 982
f 927 982 929
f 929 982 981
f 929 981 983
f 929 983 930
f 930 983 981
f 930 984 985
f 930 985 931
f 931 986 987
f 931 987 988
f 931 988 989
f 931 989 990
f 931 990 991
f 931 991 992
f 931 992 993
f 931 993 994
f 931 994 995
f 931 995 933
f 931 933 932
f 931 985 984
f 931 984 986
f 933 995 994
f 933 994 996
f 933 996 934
f 934 996 936
f 934 936 935
f 936 996 994
f 936 994 997
f 936 997 937
f 937 998 999
f 937 999 1000
f 937 1000 938
f 937 997 998
f 938 1000 939
f 939 1000 1001
f 939 1001 1002
f 939 1002 1003
f 939 1003 940
f 940 1003 1004
f 940 1004 942
f 940 942 941
f 942 1004 1005
f 942 1005 943
f 943 1005 948
f 945 947 961
f 946 957 1006
f 946 1006 947
f 947 1006 961
f 948 1005 1004
f 948 1004 950
f 948 950 949
f 950 1007 951
f 950 1004 1008
f 950 1008 1007
f 951 1007 952
f 952 1007 1009
f 952 1009 953
f 953 1009 954
f 954 1009 955
f 955 1009 1010
f 955 1010 956
f 956 1010 1011
f 956 1011 957
f 957 1011 1006
f 958 960 1012
f 958 1012 1013
f 958 1013 968
f 958 968 963
f 959 1012 960
f 959 962 1012
f 961 1014 1015
f 961 1015 962
f 961 1006 1016
f 961 1016 1014
f 962 1017 1013
f 962 1013 1012
f 962 1015 1017
f 964 1018 971
f 964 971 966
f 964 966 965
f 964 970 1019
f 964 1019 1020
f 964 1020 1018
f 968 1013 1021
f 968 1021 969
f 969 1021 1022
f 969 1022 1023
f 969 1023 970
f 970 1023 1019
f 971 1018 972
f 972 1018 974
f 973 1024 1025
f 973 1025 977
f 973 976 1024
f 974 1018 1026
f 974 1026 975
f 975 1026 1027
f 975 1027 976
f 976 1028 1024
f 976 1027 1029
f 976 1029 1028
f 977 1025 978
f 986 1030 988
f 986 988 987
f 988 1030 1031
f 988 1031 1032
f 988 1032 989
f 989 1033 1034
f 989 1034 991
f 989 991 990
f 991 1034 1035
f 991 1035 1036
f 991 1036 992
f 992 1036 1037
f 992 1037 993
f 993 1037 1038
f 993 1038 994
f 994 1038 1039
f 994 1039 997
f 997 1039 1040
f 997 1040 998
f 998 1041 999
f 998 1040 1042
f 998 1042 1043
f 998 1043 1044
f 998 1044 1041
f 999 1041 1045
f 999 1045 1000
f 1000 1045 1046
f 1000 1046 1001
f 1001 1046 1047
f 1001 1047 1002
f 1002 1047 1003
f 1003 1048 1049
f 1003 1049 1050
f 1003 1050 1004
f 1003 1047 1051
f 1003 1051 1048
f 1004 1050 1052
f 1004 1052 1053
f 1004 1053 1007
f 1004 1007 1008
f 1006 1011 1054
f 1006 1054 1016
f 1007 1055 1057
f 1007 1057 1009
f 1007 1053 1056
f 1007 1056 1055
f 1009 1057 1058
f 1009 1058 1010
f 1010 1058 1054
f 1010 1054 1011
f 1013 1059 1060
f 1013 1060 1021
f 1013 1017 1015
f 1013 1015 1061
f 1013 1061 1062
f 1013 1062 1063
f 1013 1063 1059
f 1014 1016 1015
f 1015 1016 1064
f 1015 1064 1065
f 1015 1065 1066
f 1015 1066 1067
f 1015 1067 1068
f 1015 1068 1062
f 1015 1062 1061
f 1016 1054 1064
f 1018 1020 1026
f 1019 1023 1069
f 1019 1069 1070
f 1019 1070 1020
f 1020 1070 1071
f 1020 1071 1026
f 1021 1060 1072
f 1021 1072 1073
f 1021 1073 1022
f 1022 1073 1074
f 1022 1074 1023
f 1023 1074 1069
f 1024 1028 1075
f 1024 1075 1025
f 1026 1071 1027
f 1027 1071 1029
f 1028 1076 1075
f 1028 1029 1077
f 1028 1077 1076
f 1029 1071 1078
f 1029 1078 1077
f 1033 1079 1034
f 1034 1079 1035
f 1035 1079 1036
f 1036 1080 1081
f 1036 1081 1082
f 1036 1082 1083
f 1036 1083 1084
f 1036 1084 1085
f 1036 1085 1037
f 1036 1079 1080
f 1037 1085 1083
f 1037 1083 1086
f 1037 1086 1038
f 1038 1086 1039
f 1039 1087 1088
f 1039 1088 1040
f 1039 1086 1087
f 1040 1088 1042
f 1041 1044 1089
f 1041 1089 1090
f 1041 1090 1091
f 1041 1091 1092
f 1041 1092 1093
f 1041 1093 1094
f 1041 1094 1095
f 1041 1095 1096
f 1041 1096 1045
f 1042 1097 1043
f 1042 1088 1097
f 1043 1097 1170
f 1043 1170 1098
f 1043 1098 1044
f 1044 1098 1099
f 1044 1099 1089
f 1045 1096 1100
f 1045 1100 1101
f 1045 1101 1046
f 1046 1101 1047
f 1047 1101 1051
f 1048 1102 1049
f 1048 1051 1103
f 1048 1103 1102
f 1049 1104 1105
f 1049 1105 1050
f 1049 1102 1106
f 1049 1106 1104
f 1050 1105 1107
f 1050 1107 1108
f 1050 1108 1052
f 1051 1101 1109
f 1051 1109 1110
f 1051 1110 1103
f 1052 1108 1111
f 1052 1111 1056
f 1052 1056 1053
f 1054 1112 1113
f 1054 1113 1064
f 1054 1058 1117
f 1054 1117 1112
f 1055 1056 1115
f 1055 1115 1114
f 1055 1114 1116
f 1055 1116 1057
f 1056 1111 1115
f 1057 1116 1117
f 1057 1117 1058
f 1059 1063 1060
f 1060 1063 1072
f 1062 1068 1063
f 1063 1066 1118
f 1063 1118 1119
f 1063 1119 1120
f 1063 1120 1189
f 1063 1189 1121
f 1063 1121 1122
f 1063 1122 1123
f 1063 1123 1124
f 1063 1124 1073
f 1063 1073 1072
f 1063 1068 1067
f 1063 1067 1066
f 1064 1113 1065
f 1065 1113 1066
f 1066 1113 1119
f 1066 1119 1118
f 1069 1125 1070
f 1069 1074 1126
f 1069 1126 1125
f 1070 1125 1126
f 1070 1126 1071
f 1071 1127 1128
f 1071 1128 1129
f 1071 1129 1130
f 1071 1130 1131
f 1071 1131 1132
f 1071 1132 1078
f 1071 1126 1133
f 1071 1133 1134
f 1071 1134 1135
f 1071 1135 1136
f 1071 1136 1137
f 1071 1137 1138
f 1071 1138 1139
f 1071 1139 1127
f 1073 1124 1140
f 1073 1140 1074
f 1074 1140 1123
f 1074 1123 1126
f 1076 1141 1142
f 1076 1077 1141
f 1077 1078 1141
f 1078 1132 1206
f 1078 1206 1143
f 1078 1143 1144
f 1078 1144 1145
f 1078 1145 1146
f 1078 1146 1147
f 1078 1147 1148
f 1078 1148 1141
f 1079 1149 1150
f 1079 1150 1081
f 1079 1081 1080
f 1081 1150 1149
f 1081 1149 1151
f 1081 1151 1152
f 1081 1152 1153
f 1081 1153 1154
f 1081 1154 1082
f 1082 1154 1155
f 1082 1155 1083
f 1083 1155 1156
f 1083 1156 1157
f 1083 1157 1086
f 1083 1085 1084
f 1086 1157 1087
f 1087 1157 1088
f 1088 1157 1158
f 1088 1158 1170
f 1088 1170 1097
f 1089 1099 1090
f 1090 1159 1092
f 1090 1092 1091
f 1090 1099 1160
f 1090 1160 1159
f 1092 1159 1161
f 1092 1161 1093
f 1093 1162 1163
f 1093 1163 1164
f 1093 1164 1094
f 1093 1161 1162
f 1094 1164 1095
f 1095 1165 1166
f 1095 1166 1167
f 1095 1167 1168
f 1095 1168 1096
f 1095 1164 1169
f 1095 1169 1165
f 1096 1168 1100
f 1098 1170 1099
f 1099 1170 1171
f 1099 1171 1172
f 1099 1172 1160
f 1100 1173 1109
f 1100 1109 1101
f 1100 1168 1174
f 1100 1174 1173
f 1102 1175 1106
f 1102 1103 1175
f 1103 1110 1176
f 1103 1176 1175
f 1104 1177 1178
f 1104 1178 1105
f 1104 1106 1177
f 1105 1179 1180
f 1105 1180 1107
f 1105 1178 1179
f 1106 1178 1177
f 1106 1175 1178
f 1107 1122 1121
f 1107 1121 1181
f 1107 1181 1182
f 1107 1182 1115
f 1107 1115 1183
f 1107 1183 1108
f 1107 1180 1122
f 1108 1183 1111
f 1109 1173 1110
f 1110 1173 1184
f 1110 1184 1185
f 1110 1185 1186
f 1110 1186 1247
f 1110 1247 1187
f 1110 1187 1176
f 1111 1183 1115
f 1112 1120 1119
f 1112 1119 1113
f 1112 1117 1189
f 1112 1189 1120
f 1114 1188 1189
f 1114 1189 1116
f 1114 1115 1181
f 1114 1181 1188
f 1115 1182 1181
f 1116 1189 1117
f 1121 1189 1188
f 1121 1188 1181
f 1122 1180 1190
f 1122 1190 1191
f 1122 1191 1123
f 1123 1191 1192
f 1123 1192 1193
f 1123 1193 1126
f 1123 1140 1124
f 1126 1193 1194
f 1126 1194 1195
f 1126 1195 1133
f 1127 1139 1128
f 1128 1196 1197
f 1128 1197 1129
f 1128 1139 1198
f 1128 1198 1199
f 1128 1199 1200
f 1128 1200 1196
f 1129 1201 1202
f 1129 1202 1130
f 1129 1197 1196
f 1129 1196 1203
f 1129 1203 1201
f 1130 1202 1131
f 1131 1202 1132
f 1132 1202 1204
f 1132 1204 1205
f 1132 1205 1206
f 1133 1195 1207
f 1133 1207 1208
f 1133 1208 1209
f 1133 1209 1134
f 1134 1209 1136
f 1134 1136 1135
f 1136 1209 1210
f 1136 1210 1211
f 1136 1211 1137
f 1137 1211 1212
f 1137 1212 1139
f 1137 1139 1138
f 1139 1212 1213
f 1139 1213 1214
f 1139 1214 1215
f 1139 1215 1216
f 1139 1216 1217
f 1139 1217 1218
f 1139 1218 1219
f 1139 1219 1220
f 1139 1220 1198
f 1141 1148 1142
f 1143 1206 1221
f 1143 1221 1144
f 1151 1222 1152
f 1152 1222 1223
f 1152 1223 1224
f 1152 1224 1225
f 1152 1225 1226
f 1152 1226 1153
f 1153 1226 1225
f 1153 1225 1227
f 1153 1227 1172
f 1153 1172 1154
f 1154 1172 1155
f 1155 1172 1171
f 1155 1171 1158
f 1155 1158 1156
f 1156 1158 1157
f 1158 1171 1170
f 1159 1228 1161
f 1159 1160 1229
f 1159 1229 1279
f 1159 1279 1230
f 1159 1230 1162
f 1159 1162 1228
f 1160 1172 1227
f 1160 1227 1225
f 1160 1225 1224
f 1160 1224 1229
f 1161 1228 1162
f 1162 1230 1232
f 1162 1232 1231
f 1163 1233 1164
f 1164 1233 1169
f 1165 1234 1166
f 1165 1169 1234
f 1166 1234 1169
f 1166 1169 1235
f 1166 1235 1236
f 1166 1236 1167
f 1167 1236 1237
f 1167 1237 1168
f 1168 1237 1238
f 1168 1238 1239
f 1168 1239 1174
f 1169 1240 1235
f 1173 1174 1239
f 1173 1239 1184
f 1175 1176 1178
f 1176 1187 1241
f 1176 1241 1242
f 1176 1242 1178
f 1178 1243 1244
f 1178 1244 1179
f 1178 1242 1243
f 1179 1245 1180
f 1179 1244 1245
f 1180 1245 1190
f 1184 1239 1185
f 1185 1239 1246
f 1185 1246 1186
f 1186 1246 1302
f 1186 1302 1247
f 1187 1247 1248
f 1187 1248 1241
f 1190 1249 1191
f 1190 1245 1249
f 1191 1249 1194
f 1191 1194 1193
f 1191 1193 1192
f 1194 1249 1207
f 1194 1207 1195
f 1196 1200 1203
f 1198 1220 1250
f 1198 1250 1251
f 1200 1252 1203
f 1201 1203 1253
f 1201 1253 1202
f 1202 1254 1204
f 1202 1253 1255
f 1202 1255 1256
f 1202 1256 1252
f 1202 1252 1254
f 1203 1256 1255
f 1203 1255 1253
f 1203 1252 1256
f 1204 1254 1205
f 1205 1254 1257
f 1205 1257 1258
f 1205 1258 1206
f 1206 1258 1259
f 1206 1259 1221
f 1207 1249 1260
f 1207 1260 1261
f 1207 1261 1262
f 1207 1262 1263
f 1207 1263 1264
f 1207 1264 1265
f 1207 1265 1266
f 1207 1266 1267
f 1207 1267 1268
f 1207 1268 1208
f 1208 1268 1267
f 1208 1267 1209
f 1209 1267 1269
f 1209 1269 1210
f 1210 1270 1271
f 1210 1271 1211
f 1210 1269 1319
f 1210 1319 1270
f 1211 1271 1214
f 1211 1214 1213
f 1211 1213 1212
f 1214 1271 1215
f 1215 1271 1216
f 1216 1272 1217
f 1216 1271 1273
f 1216 1273 1272
f 1217 1272 1218
f 1218 1272 1219
f 1219 1272 1274
f 1219 1274 1275
f 1219 1275 1250
f 1219 1250 1220
f 1223 1276 1224
f 1224 1276 1277
f 1224 1277 1278
f 1224 1278 1229
f 1229 1278 1280
f 1229 1280 1279
f 1230 1279 1283
f 1230 1283 1232
f 1231 1232 1281
f 1232 1282 1281
f 1232 1283 1284
f 1232 1284 1282
f 1235 1285 1236
f 1235 1240 1285
f 1236 1286 1287
f 1236 1287 1293
f 1236 1293 1237
f 1236 1285 1288
f 1236 1288 1289
f 1236 1289 1290
f 1236 1290 1291
f 1236 1291 1292
f 1236 1292 1286
f 1237 1293 1294
f 1237 1294 1238
f 1238 1294 1239
f 1239 1294 1246
f 1240 1295 1285
f 1241 1296 1242
f 1241 1248 1296
f 1242 1296 1297
f 1242 1297 1243
f 1243 1298 1244
f 1243 1297 1299
f 1243 1299 1298
f 1244 1298 1300
f 1244 1300 1245
f 1245 1300 1260
f 1245 1260 1249
f 1246 1294 1301
f 1246 1301 1302
f 1247 1302 1303
f 1247 1303 1248
f 1248 1303 1304
f 1248 1304 1305
f 1248 1305 1297
f 1248 1297 1296
f 1250 1306 1262
f 1250 1262 1307
f 1250 1307 1251
f 1250 1275 1306
f 1251 1307 1308
f 1251 1308 1309
f 1252 1257 1254
f 1260 1300 1261
f 1261 1310 1262
f 1261 1300 1311
f 1261 1311 1310
f 1262 1306 1312
f 1262 1312 1313
f 1262 1313 1314
f 1262 1314 1263
f 1262 1310 1315
f 1262 1315 1316
f 1262 1316 1307
f 1263 1314 1264
f 1264 1314 1265
f 1265 1314 1317
f 1265 1317 1363
f 1265 1363 1318
f 1265 1318 1266
f 1266 1318 1319
f 1266 1319 1269
f 1266 1269 1267
f 1270 1320 1271
f 1270 1319 1320
f 1271 1320 1364
f 1271 1364 1321
f 1271 1321 1322
f 1271 1322 1273
f 1272 1273 1322
f 1272 1322 1274
f 1274 1322 1321
f 1274 1321 1323
f 1274 1323 1312
f 1274 1312 1324
f 1274 1324 1275
f 1275 1324 1306
f 1277 1325 1278
f 1278 1325 1280
f 1279 1326 1284
f 1279 1284 1283
f 1279 1280 1326
f 1280 1284 1326
f 1281 1282 1327
f 1282 1284 1328
f 1282 1328 1327
f 1285 1295 1329
f 1285 1329 1330
f 1285 1330 1288
f 1286 1331 1293
f 1286 1293 1287
f 1286 1292 1331
f 1288 1330 1289
f 1289 1330 1332
f 1290 1333 1292
f 1290 1292 1291
f 1292 1333 1334
f 1292 1334 1335
f 1292 1335 1336
f 1292 1336 1337
f 1292 1337 1331
f 1293 1338 1339
f 1293 1339 1294
f 1293 1331 1340
f 1293 1340 1341
f 1293 1341 1338
f 1294 1339 1342
f 1294 1342 1301
f 1297 1305 1343
f 1297 1343 1299
f 1298 1344 1300
f 1298 1299 1345
f 1298 1345 1344
f 1299 1343 1345
f 1300 1344 1311
f 1301 1342 1346
f 1301 1346 1347
f 1301 1347 1348
f 1301 1348 1349
f 1301 1349 1350
f 1301 1350 1351
f 1301 1351 1302
f 1302 1351 1303
f 1303 1352 1304
f 1303 1351 1350
f 1303 1350 1352
f 1304 1352 1387
f 1304 1387 1353
f 1304 1353 1305
f 1305 1353 1388
f 1305 1388 1354
f 1305 1354 1343
f 1306 1324 1312
f 1307 1316 1308
f 1308 1316 1309
f 1309 1316 1355
f 1310 1311 1315
f 1311 1344 1356
f 1311 1356 1357
f 1311 1357 1358
f 1311 1358 1359
f 1311 1359 1360
f 1311 1360 1316
f 1311 1316 1315
f 1312 1323 1313
f 1313 1323 1363
f 1313 1363 1317
f 1313 1317 1314
f 1316 1360 1359
f 1316 1359 1361
f 1316 1361 1362
f 1316 1362 1355
f 1318 1363 1364
f 1318 1364 1320
f 1318 1320 1319
f 1321 1364 1323
f 1323 1364 1363
f 1329 1365 1330
f 1330 1365 1366
f 1330 1366 1367
f 1330 1367 1332
f 1331 1337 1336
f 1331 1336 1368
f 1331 1368 1369
f 1331 1369 1370
f 1331 1370 1371
f 1331 1371 1341
f 1331 1341 1340
f 1334 1372 1335
f 1335 1372 1373
f 1335 1373 1369
f 1335 1369 1336
f 1336 1369 1368
f 1338 1346 1342
f 1338 1342 1339
f 1338 1341 1371
f 1338 1371 1346
f 1343 1354 1345
f 1344 1374 1375
f 1344 1375 1376
f 1344 1376 1356
f 1344 1345 1377
f 1344 1377 1378
f 1344 1378 1374
f 1345 1354 1379
f 1345 1379 1380
f 1345 1380 1381
f 1345 1381 1377
f 1346 1382 1347
f 1346 1371 1370
f 1346 1370 1382
f 1347 1382 1348
f 1348 1382 1369
f 1348 1369 1383
f 1348 1383 1349
f 1349 1383 1369
f 1349 1369 1384
f 1349 1384 1385
f 1349 1385 1350
f 1350 1385 1386
f 1350 1386 1387
f 1350 1387 1352
f 1353 1387 1388
f 1354 1388 1379
f 1356 1389 1358
f 1356 1358 1357
f 1356 1376 1390
f 1356 1390 1391
f 1356 1391 1392
f 1356 1392 1409
f 1356 1409 1389
f 1358 1389 1393
f 1358 1393 1359
f 1359 1393 1394
f 1359 1394 1395
f 1359 1395 1396
f 1359 1396 1397
f 1359 1397 1361
f 1361 1397 1398
f 1361 1398 1362
f 1369 1399 1384
f 1369 1382 1370
f 1369 1373 1399
f 1373 1400 1384
f 1373 1384 1399
f 1374 1378 1390
f 1374 1390 1375
f 1375 1390 1376
f 1377 1381 1401
f 1377 1401 1402
f 1377 1402 1390
f 1377 1390 1378
f 1379 1388 1403
f 1379 1403 1380
f 1380 1403 1381
f 1381 1403 1401
f 1384 1404 1385
f 1384 1400 1404
f 1385 1404 1405
f 1385 1405 1406
f 1385 1406 1407
f 1385 1407 1386
f 1386 1407 1408
f 1386 1408 1387
f 1387 1408 1388
f 1388 1408 1403
f 1389 1409 1393
f 1390 1402 1410
f 1390 1410 1391
f 1391 1410 1411
f 1391 1411 1412
f 1391 1412 1392
f 1392 1412 1409
f 1393 1413 1394
f 1393 1409 1413
f 1394 1414 1395
f 1394 1413 1415
f 1394 1415 1416
f 1394 1416 1414
f 1395 1417 1396
f 1396 1417 1397
f 1400 1418 1404
f 1401 1419 1402
f 1401 1403 1408
f 1401 1408 1407
f 1401 1407 1419
f 1402 1419 1411
f 1402 1411 1410
f 1404 1418 1420
f 1404 1420 1405
f 1405 1420 1421
f 1405 1421 1422
f 1405 1422 1423
f 1405 1423 1411
f 1405 1411 1406
f 1406 1411 1419
f 1406 1419 1407
f 1409 1412 1424
f 1409 1424 1413
f 1411 1423 1412
f 1412 1425 1426
f 1412 1426 1424
f 1412 1423 1422
f 1412 1422 1421
f 1412 1421 1425
f 1413 1424 1415
f 1415 1424 1427
f 1415 1427 1416
f 1418 1428 1420
f 1420 1428 1429
f 1420 1429 1430
f 1420 1430 1421
f 1421 1430 1425