# https://github.com/mikedh/trimesh

o geometry_0
v 41.47776522 -3.07515402 -0.67098802 0.54509804 0.71372549 0.60000000
v 41.47038089 -1.88223397 -0.67098802 0.54509804 0.71372549 0.60000000
v 41.46299880 -1.12731103 0.07290340 0.54509804 0.71372549 0.60000000
v 41.42608390 -3.07515402 1.58300297 0.54509804 0.71372549 0.60000000
v 41.47038089 -3.07515402 -0.99086133 0.54509804 0.71372549 0.60000000
v 41.38916900 -3.07515402 -3.69118692 0.54509804 0.71372549 0.60000000
v 41.44823239 -1.12731103 -0.67098802 0.54509804 0.71372549 0.60000000
v 41.32272352 -0.37238922 -0.67098802 0.54509804 0.71372549 0.60000000
v 40.48107855 4.15358552 -0.67098802 0.54509804 0.71372549 0.60000000
v 40.56967252 3.39866259 0.83167256 0.54509804 0.71372549 0.60000000
v 40.68041499 2.64730140 1.58300297 0.54509804 0.71372549 0.60000000
v 41.08647218 -0.37238922 3.09310237 0.54509804 0.71372549 0.60000000
v 41.17506615 -1.12731103 3.09310237 0.54509804 0.71372549 0.60000000
v 41.30795936 -1.88223397 2.34177210 0.54509804 0.71372549 0.60000000
v 41.35963842 -2.63715690 2.34177210 0.54509804 0.71372549 0.60000000
v 41.38178692 -3.07515402 2.34177210 0.54509804 0.71372549 0.60000000
v 41.34487201 -3.07515402 -4.00362148 0.54509804 0.71372549 0.60000000
v 41.24889596 -1.88223397 -4.44251747 0.54509804 0.71372549 0.60000000
v 41.33010785 -1.88223397 -3.69118692 0.54509804 0.71372549 0.60000000
v 41.27104445 -1.12731103 -3.69118692 0.54509804 0.71372549 0.60000000
v 40.51060913 3.39866259 -4.44251747 0.54509804 0.71372549 0.60000000
v 40.54014195 3.39866259 -3.69118692 0.54509804 0.71372549 0.60000000
v 40.45893006 4.15358552 -1.42975725 0.54509804 0.71372549 0.60000000
v 40.25959363 4.90850734 -1.42975725 0.54509804 0.71372549 0.60000000
v 40.26697571 4.90850734 -0.67098802 0.54509804 0.71372549 0.60000000
v 39.68373057 6.41835208 3.09310237 0.54509804 0.71372549 0.60000000
v 40.44416365 4.15358552 0.07290340 0.54509804 0.71372549 0.60000000
v 40.52537554 3.39866259 1.58300297 0.54509804 0.71372549 0.60000000
v 39.83877002 5.66343027 3.84443264 0.54509804 0.71372549 0.60000000
v 40.62873592 1.13745665 4.60320177 0.54509804 0.71372549 0.60000000
v 41.08647218 -1.12731103 3.84443264 0.54509804 0.71372549 0.60000000
v 40.54014195 1.13745665 5.35453204 0.54509804 0.71372549 0.60000000
v 40.99049613 -1.12731103 4.60320177 0.54509804 0.71372549 0.60000000
v 41.06432369 -1.88223397 4.60320177 0.54509804 0.71372549 0.60000000
v 41.10862068 -2.63715690 4.60320177 0.54509804 0.71372549 0.60000000
v 41.11600501 -3.07515402 4.60320177 0.54509804 0.71372549 0.60000000
v 40.67303291 -3.07515402 -8.21404654 0.54509804 0.71372549 0.60000000
v 41.18245048 -1.12731103 -4.44251747 0.54509804 0.71372549 0.60000000
v 40.62135384 -1.88223397 -8.21404654 0.54509804 0.71372549 0.60000000
v 40.77639329 -1.50121131 -7.09077056 0.54509804 0.71372549 0.60000000
v 40.39248458 3.39866259 -5.20128660 0.54509804 0.71372549 0.60000000
v 40.32603911 4.15358552 -4.44251747 0.54509804 0.71372549 0.60000000
v 40.38510025 4.15358552 -3.69118692 0.54509804 0.71372549 0.60000000
v 40.21529664 4.90850734 -2.93241779 0.54509804 0.71372549 0.60000000
v 40.07502136 5.43196841 -2.18108752 0.54509804 0.71372549 0.60000000
v 40.08240344 5.44977265 -1.42975725 0.54509804 0.71372549 0.60000000
v 39.46962773 7.17327502 1.58300297 0.54509804 0.71372549 0.60000000
v 39.71326115 6.41835208 2.34177210 0.54509804 0.71372549 0.60000000
v 39.42533075 7.24093361 2.38640553 0.54509804 0.71372549 0.60000000
v 37.76418706 11.34315372 4.27588977 0.54509804 0.71372549 0.60000000
v 39.60251869 6.41835208 3.84443264 0.54509804 0.71372549 0.60000000
v 39.73540964 5.66343027 4.60320177 0.54509804 0.71372549 0.60000000
v 40.03810646 3.84734270 5.08673147 0.54509804 0.71372549 0.60000000
v 39.76494021 3.39866259 7.62340113 0.54509804 0.71372549 0.60000000
v 39.64681567 3.39866259 8.37473140 0.54509804 0.71372549 0.60000000
v 40.44416365 -0.37238922 7.62340113 0.54509804 0.71372549 0.60000000
v 40.56229044 -1.12731103 7.62340113 0.54509804 0.71372549 0.60000000
v 40.59182102 -1.88223397 7.62340113 0.54509804 0.71372549 0.60000000
v 40.62135384 -3.07515402 7.62340113 0.54509804 0.71372549 0.60000000
v 40.61396951 -3.07515402 -8.53392024 0.54509804 0.71372549 0.60000000
v 40.48846064 -1.88223397 -8.97281567 0.54509804 0.71372549 0.60000000
v 40.54752403 -1.12731103 -8.21404654 0.54509804 0.71372549 0.60000000
v 40.79115745 -0.65370431 -6.41382943 0.54509804 0.71372549 0.60000000
v 40.25220930 3.39866259 -5.95261687 0.54509804 0.71372549 0.60000000
v 40.05287287 3.90787892 -6.48821858 0.54509804 0.71372549 0.60000000
v 40.20791231 4.15358552 -5.20128660 0.54509804 0.71372549 0.60000000
v 38.98235865 7.17327502 -7.46271627 0.54509804 0.71372549 0.60000000
v 39.13001601 7.09849519 -6.63699686 0.54509804 0.71372549 0.60000000
v 39.26290697 6.79937474 -6.33200143 0.54509804 0.71372549 0.60000000
v 39.17431300 7.24093361 -5.95261687 0.54509804 0.71372549 0.60000000
v 40.03810646 5.32870022 -3.40106949 0.54509804 0.71372549 0.60000000
v 40.06025495 5.38923643 -2.93241779 0.54509804 0.71372549 0.60000000
v 38.29575313 10.18940389 -3.69118692 0.54509804 0.71372549 0.60000000
v 38.50985597 9.80838236 -1.74963053 0.54509804 0.71372549 0.60000000
v 38.62798052 9.50926191 -1.46695182 0.54509804 0.71372549 0.60000000
v 38.95282582 8.68311977 -0.67098802 0.54509804 0.71372549 0.60000000
v 38.94544374 8.68311977 0.07290340 0.54509804 0.71372549 0.60000000
v 38.52462014 9.84399197 0.07290340 0.54509804 0.71372549 0.60000000
v 38.51723805 9.82974835 0.69777213 0.54509804 0.71372549 0.60000000
v 38.02996897 10.94432683 2.34177210 0.54509804 0.71372549 0.60000000
v 37.77895347 11.37876333 3.84443264 0.54509804 0.71372549 0.60000000
v 38.50985597 9.81194299 1.19617941 0.54509804 0.71372549 0.60000000
v 38.35481428 10.18940389 1.58300297 0.54509804 0.71372549 0.60000000
v 37.62391177 11.75622423 3.84443264 0.54509804 0.71372549 0.60000000
v 37.60176328 11.63871355 4.55856862 0.54509804 0.71372549 0.60000000
v 37.72727216 11.21852067 4.78173605 0.54509804 0.71372549 0.60000000
v 38.35481428 8.60834106 6.79768172 0.54509804 0.71372549 0.60000000
v 39.37364943 6.45040107 5.31733775 0.54509804 0.71372549 0.60000000
v 39.49177622 6.41835208 4.60320177 0.54509804 0.71372549 0.60000000
v 39.32197036 6.19045197 6.11330173 0.54509804 0.71372549 0.60000000
v 39.60990077 5.66343027 5.35453204 0.54509804 0.71372549 0.60000000
v 39.59513660 4.15358552 7.62340113 0.54509804 0.71372549 0.60000000
v 39.49177622 3.39866259 9.12606111 0.54509804 0.71372549 0.60000000
v 39.46962773 4.15358552 8.37473140 0.54509804 0.71372549 0.60000000
v 39.30720395 3.87583106 9.58727480 0.54509804 0.71372549 0.60000000
v 40.27435779 -0.37238922 8.37473140 0.54509804 0.71372549 0.60000000
v 40.37771817 -1.12731103 8.37473140 0.54509804 0.71372549 0.60000000
v 40.42201516 -1.88223397 8.37473140 0.54509804 0.71372549 0.60000000
v 40.42939949 -3.07515402 8.37473140 0.54509804 0.71372549 0.60000000
v 40.53275762 -3.07515402 -8.97281567 0.54509804 0.71372549 0.60000000
v 40.29650628 -1.88223397 -9.72414650 0.54509804 0.71372549 0.60000000
v 40.39986667 -1.12731103 -8.97281567 0.54509804 0.71372549 0.60000000
v 40.30389061 0.38253372 -8.21404654 0.54509804 0.71372549 0.60000000
v 40.03810646 2.36598519 -7.92392883 0.54509804 0.71372549 0.60000000
v 40.04549078 3.16364010 -7.20979341 0.54509804 0.71372549 0.60000000
v 40.00119380 3.66573406 -6.98662599 0.54509804 0.71372549 0.60000000
v 38.87161618 6.41835208 -8.97281567 0.54509804 0.71372549 0.60000000
v 39.04142204 6.41835208 -8.21404654 0.54509804 0.71372549 0.60000000
v 39.18907941 6.41123084 -7.49247226 0.54509804 0.71372549 0.60000000
v 39.98642739 4.40997400 -6.08651744 0.54509804 0.71372549 0.60000000
v 40.08978777 4.15714615 -5.88566659 0.54509804 0.71372549 0.60000000
v 38.84208336 7.17327502 -8.21404654 0.54509804 0.71372549 0.60000000
v 38.60583202 7.94956394 -8.17685225 0.54509804 0.71372549 0.60000000
v 38.73134090 7.92819796 -7.46271627 0.54509804 0.71372549 0.60000000
v 38.84208336 7.92819796 -6.70394714 0.54509804 0.71372549 0.60000000
v 37.86016311 10.96213219 -5.88566659 0.54509804 0.71372549 0.60000000
v 37.94137500 10.94432683 -5.20128660 0.54509804 0.71372549 0.60000000
v 39.20384357 7.33707942 -5.20128660 0.54509804 0.71372549 0.60000000
v 37.98567198 10.94432683 -4.44251747 0.54509804 0.71372549 0.60000000
v 38.32528370 10.18940389 -2.93241779 0.54509804 0.71372549 0.60000000
v 38.39911351 10.12530705 -1.46695182 0.54509804 0.71372549 0.60000000
v 38.51723805 9.82974835 -1.24378440 0.54509804 0.71372549 0.60000000
v 38.52462014 9.84399197 -0.67098802 0.54509804 0.71372549 0.60000000
v 38.37696502 10.22145287 0.07290340 0.54509804 0.71372549 0.60000000
v 38.08903237 10.94432683 0.83167256 0.54509804 0.71372549 0.60000000
v 38.39911351 10.12530705 0.89862284 0.54509804 0.71372549 0.60000000
v 37.82325046 11.47134852 2.34177210 0.54509804 0.71372549 0.60000000
v 37.80110196 11.42861655 3.09310237 0.54509804 0.71372549 0.60000000
v 38.06688387 10.94432683 1.58300297 0.54509804 0.71372549 0.60000000
v 37.29906647 12.45417158 3.84443264 0.54509804 0.71372549 0.60000000
v 37.67559309 11.88797966 1.58300297 0.54509804 0.71372549 0.60000000
v 37.38766044 12.45417158 2.34177210 0.54509804 0.71372549 0.60000000
v 37.18094192 12.50758654 4.60320177 0.54509804 0.71372549 0.60000000
v 35.48288333 15.07147355 7.92095769 0.54509804 0.71372549 0.60000000
v 37.42457534 11.69924976 5.35453204 0.54509804 0.71372549 0.60000000
v 38.02996897 9.43448208 6.86463200 0.54509804 0.71372549 0.60000000
v 38.59844994 7.93175858 6.79768172 0.54509804 0.71372549 0.60000000
v 38.56153504 7.68249135 7.42255028 0.54509804 0.71372549 0.60000000
v 38.85684977 7.17327502 6.86463200 0.54509804 0.71372549 0.60000000
v 39.13001601 6.35781587 6.81255943 0.54509804 0.71372549 0.60000000
v 39.34411886 4.13934191 9.05911139 0.54509804 0.71372549 0.60000000
v 37.00375173 8.31278123 11.78175418 0.54509804 0.71372549 0.60000000
v 36.93730626 7.92819796 12.33967246 0.54509804 0.71372549 0.60000000
v 37.75680273 5.28596937 12.52564560 0.54509804 0.71372549 0.60000000
v 37.81586613 4.90850734 12.67442388 0.54509804 0.71372549 0.60000000
v 37.73465424 4.45982722 13.22490274 0.54509804 0.71372549 0.60000000
v 37.91922651 4.18563338 12.94966331 0.54509804 0.71372549 0.60000000
v 37.80848404 3.95417152 13.40343757 0.54509804 0.71372549 0.60000000
v 38.15547784 3.39866259 12.90503016 0.54509804 0.71372549 0.60000000
v 38.36958069 2.63305778 12.86783531 0.54509804 0.71372549 0.60000000
v 38.53938655 2.36954694 12.60003417 0.54509804 0.71372549 0.60000000
v 38.56153504 0.96652988 13.41087587 0.54509804 0.71372549 0.60000000
v 38.60583202 0.32911875 13.65635987 0.54509804 0.71372549 0.60000000
v 38.85684977 0.38253372 12.90503016 0.54509804 0.71372549 0.60000000
v 39.27028905 0.02287705 11.78919248 0.54509804 0.71372549 0.60000000
v 40.03072437 -0.68931391 9.54264052 0.54509804 0.71372549 0.60000000
v 38.94544374 6.41835208 7.62340113 0.54509804 0.71372549 0.60000000
v 38.67227750 7.21956762 7.65315656 0.54509804 0.71372549 0.60000000
v 38.76087147 6.41835208 8.37473140 0.54509804 0.71372549 0.60000000
v 38.57630145 6.95605677 8.37473140 0.54509804 0.71372549 0.60000000
v 38.51723805 6.81005773 8.76899368 0.54509804 0.71372549 0.60000000
v 40.04549078 -1.12731103 9.58727480 0.54509804 0.71372549 0.60000000
v 39.94951248 -1.88223397 10.01873080 0.54509804 0.71372549 0.60000000
v 39.96427890 -2.63715690 10.06336508 0.54509804 0.71372549 0.60000000
v 39.96427890 -3.07515402 10.06336508 0.54509804 0.71372549 0.60000000
v 40.45154798 -3.07515402 -9.28525051 0.54509804 0.71372549 0.60000000
v 40.06763928 -1.28755481 -10.25230935 0.54509804 0.71372549 0.60000000
v 40.33342119 -3.07515402 -9.72414650 0.54509804 0.71372549 0.60000000
v 39.83138794 -1.88223397 -11.23424534 0.54509804 0.71372549 0.60000000
v 39.75755813 -1.12731103 -11.23424534 0.54509804 0.71372549 0.60000000
v 40.16361533 -1.07033656 -9.78365736 0.54509804 0.71372549 0.60000000
v 39.68373057 1.89237846 -9.72414650 0.54509804 0.71372549 0.60000000
v 39.91259758 1.84252524 -8.91330481 0.54509804 0.71372549 0.60000000
v 40.03072437 1.55408779 -8.62318710 0.54509804 0.71372549 0.60000000
v 39.99380947 2.86808027 -7.70820083 0.54509804 0.71372549 0.60000000
v 39.98642739 2.05974349 -8.42233625 0.54509804 0.71372549 0.60000000
v 39.94213040 3.40934558 -7.46271627 0.54509804 0.71372549 0.60000000
v 39.73540964 2.64730140 -8.97281567 0.54509804 0.71372549 0.60000000
v 38.64274693 6.45752344 -9.77621794 0.54509804 0.71372549 0.60000000
v 38.57630145 6.99878875 -9.55305108 0.54509804 0.71372549 0.60000000
v 38.65012901 7.21956762 -9.01001052 0.54509804 0.71372549 0.60000000
v 39.75755813 3.39866259 -8.21404654 0.54509804 0.71372549 0.60000000
v 38.56153504 7.71097971 -8.78684310 0.54509804 0.71372549 0.60000000
v 38.48032315 8.21307479 -8.40001967 0.54509804 0.71372549 0.60000000
v 38.36958069 8.61902293 -8.17685225 0.54509804 0.71372549 0.60000000
v 37.75680273 11.32891010 -5.59554888 0.54509804 0.71372549 0.60000000
v 37.82325046 10.71642559 -6.70394714 0.54509804 0.71372549 0.60000000
v 37.77156914 11.35383672 -5.20128660 0.54509804 0.71372549 0.60000000
v 36.73058549 13.96401745 -3.69118692 0.54509804 0.71372549 0.60000000
v 37.68297517 11.89866265 -1.42975725 0.54509804 0.71372549 0.60000000
v 37.83801462 11.52120174 -1.42975725 0.54509804 0.71372549 0.60000000
v 38.07426595 10.94432683 -1.42975725 0.54509804 0.71372549 0.60000000
v 38.08903237 10.94432683 0.07290340 0.54509804 0.71372549 0.60000000
v 37.84539895 11.53900711 0.83167256 0.54509804 0.71372549 0.60000000
v 37.83801462 11.51051875 1.58300297 0.54509804 0.71372549 0.60000000
v 37.10711212 13.04885185 2.34177210 0.54509804 0.71372549 0.60000000
v 36.92253985 13.42631276 2.34177210 0.54509804 0.71372549 0.60000000
v 37.08496362 12.99187626 3.09310237 0.54509804 0.71372549 0.60000000
v 34.76674724 17.38965621 4.37259549 0.54509804 0.71372549 0.60000000
v 37.68297517 11.91646801 0.83167256 0.54509804 0.71372549 0.60000000
v 37.44672383 12.45417158 0.83167256 0.54509804 0.71372549 0.60000000
v 37.12187853 13.09514445 1.58300297 0.54509804 0.71372549 0.60000000
v 36.94468834 13.47260536 1.58300297 0.54509804 0.71372549 0.60000000
v 34.71506593 17.31487525 4.87844176 0.54509804 0.71372549 0.60000000
v 34.88487179 16.05785948 7.62340113 0.54509804 0.71372549 0.60000000
v 34.81104423 15.94390830 8.18875827 0.54509804 0.71372549 0.60000000
v 35.01038066 15.52371429 8.41192569 0.54509804 0.71372549 0.60000000
v 34.87748971 15.29937592 9.12606111 0.54509804 0.71372549 0.60000000
v 35.40905577 14.90054790 8.37473140 0.54509804 0.71372549 0.60000000
v 36.22855225 9.76921214 12.46613361 0.54509804 0.71372549 0.60000000
v 36.95207267 10.41730513 9.28227881 0.54509804 0.71372549 0.60000000
v 37.86016311 9.42023734 7.55645085 0.54509804 0.71372549 0.60000000
v 37.82325046 9.94013779 6.86463200 0.54509804 0.71372549 0.60000000
v 38.13332935 8.68311977 7.62340113 0.54509804 0.71372549 0.60000000
v 36.42788868 9.48433530 12.19089418 0.54509804 0.71372549 0.60000000
v 36.78964889 8.61190056 12.07931075 0.54509804 0.71372549 0.60000000
v 36.32452830 9.26711705 12.71905703 0.54509804 0.71372549 0.60000000
v 36.43527301 8.71873050 12.94222501 0.54509804 0.71372549 0.60000000
v 36.92992418 7.24449423 12.94966331 0.54509804 0.71372549 0.60000000
v 37.53531780 5.58865044 12.82320216 0.54509804 0.71372549 0.60000000
v 37.66082668 4.90850734 13.05380844 0.54509804 0.71372549 0.60000000
v 37.04804872 5.41416304 14.13245015 0.54509804 0.71372549 0.60000000
v 37.11449420 4.85865412 14.39281299 0.54509804 0.71372549 0.60000000
v 37.63867819 4.18563338 13.65635987 0.54509804 0.71372549 0.60000000
v 37.70512366 3.56958824 13.90184387 0.54509804 0.71372549 0.60000000
v 37.86754744 3.35236999 13.65635987 0.54509804 0.71372549 0.60000000
v 38.05211746 2.64730140 13.65635987 0.54509804 0.71372549 0.60000000
v 38.45079258 1.89237846 13.12075873 0.54509804 0.71372549 0.60000000
v 38.45817466 0.54633700 13.90928329 0.54509804 0.71372549 0.60000000
v 38.51723805 0.04068242 14.05062215 0.54509804 0.71372549 0.60000000
v 38.96021015 -0.37238922 12.90503016 0.54509804 0.71372549 0.60000000
v 39.18169508 -0.37238922 12.22808903 0.54509804 0.71372549 0.60000000
v 39.32197036 -1.12731103 11.93797076 0.54509804 0.71372549 0.60000000
v 37.80110196 9.15672762 8.11436912 0.54509804 0.71372549 0.60000000
v 39.21860998 -1.88223397 12.37686731 0.54509804 0.71372549 0.60000000
v 39.22599206 -2.63715690 12.39918332 0.54509804 0.71372549 0.60000000
v 39.07095262 -3.07515402 12.90503016 0.54509804 0.71372549 0.60000000
v 39.86091851 -3.07515402 10.39811537 0.54509804 0.71372549 0.60000000
v 40.24482722 -3.07515402 -9.99938593 0.54509804 0.71372549 0.60000000
v 39.58037019 -1.88223397 -11.98557617 0.54509804 0.71372549 0.60000000
v 39.51392472 -1.12731103 -11.98557617 0.54509804 0.71372549 0.60000000
v 40.06763928 -3.07515402 -10.53498820 0.54509804 0.71372549 0.60000000
v 39.04142204 0.38253372 -12.74434530 0.54509804 0.71372549 0.60000000
v 39.21860998 0.38253372 -12.19386532 0.54509804 0.71372549 0.60000000
v 39.32935245 0.38253372 -11.82192017 0.54509804 0.71372549 0.60000000
v 38.48032315 5.88777089 -10.75071676 0.54509804 0.71372549 0.60000000
v 38.55415296 6.23318282 -10.24486993 0.54509804 0.71372549 0.60000000
v 39.28505546 0.85970106 -11.68801961 0.54509804 0.71372549 0.60000000
v 38.91591317 1.13745665 -12.74434530 0.54509804 0.71372549 0.60000000
v 38.82731920 2.64730140 -11.98557617 0.54509804 0.71372549 0.60000000
v 38.89376468 3.39866259 -11.23424534 0.54509804 0.71372549 0.60000000
v 39.92736399 2.62949604 -8.19172997 0.54509804 0.71372549 0.60000000
v 38.49508956 6.73527790 -10.05889679 0.54509804 0.71372549 0.60000000
v 38.02258689 7.92819796 -10.48291563 0.54509804 0.71372549 0.60000000
v 38.49508956 7.50088270 -9.28525051 0.54509804 0.71372549 0.60000000
v 37.77156914 7.59702965 -11.65082475 0.54509804 0.71372549 0.60000000
v 37.83063254 7.88190536 -11.18961219 0.54509804 0.71372549 0.60000000
v 38.42864408 7.94956394 -9.01001052 0.54509804 0.71372549 0.60000000
v 38.18501067 8.68311977 -8.97281567 0.54509804 0.71372549 0.60000000
v 37.89707801 9.47365231 -8.98769395 0.54509804 0.71372549 0.60000000
v 37.79371763 9.88672282 -8.74964825 0.54509804 0.71372549 0.60000000
v 38.05950179 9.43448208 -8.21404654 0.54509804 0.71372549 0.60000000
v 37.71250574 11.22920366 -6.09395630 0.54509804 0.71372549 0.60000000
v 36.26546715 14.38064971 -6.43614601 0.54509804 0.71372549 0.60000000
v 36.30237981 14.43050293 -5.95261687 0.54509804 0.71372549 0.60000000
v 36.39097602 14.59074558 -4.44251747 0.54509804 0.71372549 0.60000000
v 36.42788868 14.65840304 -3.69118692 0.54509804 0.71372549 0.60000000
v 37.77895347 10.60959677 -7.18747684 0.54509804 0.71372549 0.60000000
v 36.22117017 14.27025915 -6.94199228 0.54509804 0.71372549 0.60000000
v 36.75273624 13.96401745 -2.93241779 0.54509804 0.71372549 0.60000000
v 37.44672383 12.45417158 -1.42975725 0.54509804 0.71372549 0.60000000
v 37.69035725 11.91646801 0.07290340 0.54509804 0.71372549 0.60000000
v 37.84539895 11.52832411 -0.67098802 0.54509804 0.71372549 0.60000000
v 37.84539895 11.53900711 0.07290340 0.54509804 0.71372549 0.60000000
v 36.35406112 14.55157536 2.34177210 0.54509804 0.71372549 0.60000000
v 36.70105492 13.96401745 1.58300297 0.54509804 0.71372549 0.60000000
v 36.38359169 14.59786683 1.58300297 0.54509804 0.71372549 0.60000000
v 34.78889574 17.42170519 3.84443264 0.54509804 0.71372549 0.60000000
v 34.17611778 18.32262716 2.34177210 0.54509804 0.71372549 0.60000000
v 34.47143251 17.79916497 3.84443264 0.54509804 0.71372549 0.60000000
v 29.56921334 23.52518214 3.09310237 0.54509804 0.71372549 0.60000000
v 34.47143251 17.67809254 4.61808005 0.54509804 0.71372549 0.60000000
v 37.15140910 13.15211892 0.07290340 0.54509804 0.71372549 0.60000000
v 37.13664269 13.12363169 0.83167256 0.54509804 0.71372549 0.60000000
v 36.95945475 13.50109259 0.83167256 0.54509804 0.71372549 0.60000000
v 36.76750040 13.96401745 0.07290340 0.54509804 0.71372549 0.60000000
v 36.73796982 13.96401745 0.83167256 0.54509804 0.71372549 0.60000000
v 33.99892984 18.12321203 5.01978119 0.54509804 0.71372549 0.60000000
v 34.22041476 17.75999474 5.30989889 0.54509804 0.71372549 0.60000000
v 34.61170555 16.43531926 7.62340113 0.54509804 0.71372549 0.60000000
v 34.02846041 16.65253864 8.88057767 0.54509804 0.71372549 0.60000000
v 33.93248436 16.53858745 9.37898453 0.54509804 0.71372549 0.60000000
v 34.22779684 16.26083411 9.12606111 0.54509804 0.71372549 0.60000000
v 34.71506593 15.81215287 8.68716568 0.54509804 0.71372549 0.60000000
v 34.63385404 15.67683570 9.12606111 0.54509804 0.71372549 0.60000000
v 32.52974050 16.67746412 12.64466845 0.54509804 0.71372549 0.60000000
v 34.77412932 15.15337576 9.58727480 0.54509804 0.71372549 0.60000000
v 34.90702028 14.71181801 9.85507481 0.54509804 0.71372549 0.60000000
v 35.25401408 14.65128180 9.06655025 0.54509804 0.71372549 0.60000000
v 35.86679204 10.18940389 12.90503016 0.54509804 0.71372549 0.60000000
v 35.60839221 10.15379541 13.59684900 0.54509804 0.71372549 0.60000000
v 36.16210677 9.48433530 12.94222501 0.54509804 0.71372549 0.60000000
v 36.22855225 8.99292321 13.22490274 0.54509804 0.71372549 0.60000000
v 37.07019721 6.23674344 13.43319301 0.54509804 0.71372549 0.60000000
v 37.15879343 5.66343027 13.67123758 0.54509804 0.71372549 0.60000000
v 36.20640375 8.18102581 13.93160042 0.54509804 0.71372549 0.60000000
v 36.28761564 7.67893073 14.12501185 0.54509804 0.71372549 0.60000000
v 37.01851815 4.57377841 14.81683070 0.54509804 0.71372549 0.60000000
v 37.32121496 4.15358552 14.40769070 0.54509804 0.71372549 0.60000000
v 37.56485063 3.35236999 14.34817871 0.54509804 0.71372549 0.60000000
v 37.64606027 2.64730140 14.54902956 0.54509804 0.71372549 0.60000000
v 38.53200447 -0.37238922 14.08037870 0.54509804 0.71372549 0.60000000
v 37.03328456 3.13871349 15.60535526 0.54509804 0.71372549 0.60000000
v 36.90777568 2.64730140 16.09632438 0.54509804 0.71372549 0.60000000
v 36.61984303 2.64730140 16.67655979 0.54509804 0.71372549 0.60000000
v 36.33929471 2.64730140 17.22703865 0.54509804 0.71372549 0.60000000
v 36.20640375 2.07042649 17.72544606 0.54509804 0.71372549 0.60000000
v 37.75680273 0.01575468 15.54584439 0.54509804 0.71372549 0.60000000
v 37.79371763 -0.37238922 15.61279468 0.54509804 0.71372549 0.60000000
v 38.01520481 -0.37238922 15.16645983 0.54509804 0.71372549 0.60000000
v 38.36219861 -0.37238922 14.45232385 0.54509804 0.71372549 0.60000000
v 39.06357053 -2.63715690 12.90503016 0.54509804 0.71372549 0.60000000
v 39.20384357 -1.12731103 12.31735533 0.54509804 0.71372549 0.60000000
v 38.79040429 -2.63715690 13.65635987 0.54509804 0.71372549 0.60000000
v 38.91591317 -3.07515402 13.33648729 0.54509804 0.71372549 0.60000000
v 39.57298586 -2.63715690 -11.98557617 0.54509804 0.71372549 0.60000000
v 38.99712506 -2.63715690 -13.49567613 0.54509804 0.71372549 0.60000000
v 39.35150094 -1.88223397 -12.56581159 0.54509804 0.71372549 0.60000000
v 39.32197036 -1.12731103 -12.49142188 0.54509804 0.71372549 0.60000000
v 39.71326115 -3.07515402 -11.55411904 0.54509804 0.71372549 0.60000000
v 38.53200447 0.84901920 -13.91969384 0.54509804 0.71372549 0.60000000
v 38.63536485 1.11609067 -13.52543156 0.54509804 0.71372549 0.60000000
v 38.42864408 6.45752344 -10.49035393 0.54509804 0.71372549 0.60000000
v 38.14071143 5.66343027 -11.98557617 0.54509804 0.71372549 0.60000000
v 37.81586613 4.15358552 -14.02383898 0.54509804 0.71372549 0.60000000
v 37.77156914 4.57021666 -13.89737671 0.54509804 0.71372549 0.60000000
v 37.77156914 8.34483021 -10.90693334 0.54509804 0.71372549 0.60000000
v 38.23668973 7.92819796 -9.72414650 0.54509804 0.71372549 0.60000000
v 37.82325046 7.17327502 -11.82192017 0.54509804 0.71372549 0.60000000
v 37.81586613 6.27591479 -12.54349445 0.54509804 0.71372549 0.60000000
v 37.74942065 6.77800987 -12.35008302 0.54509804 0.71372549 0.60000000
v 37.68297517 6.48245005 -12.77410073 0.54509804 0.71372549 0.60000000
v 37.69774158 7.17327502 -12.19386532 0.54509804 0.71372549 0.60000000
v 37.58699912 7.88190536 -11.93350360 0.54509804 0.71372549 0.60000000
v 37.69774158 8.09912361 -11.41278018 0.54509804 0.71372549 0.60000000
v 37.70512366 8.89677739 -10.48291563 0.54509804 0.71372549 0.60000000
v 37.94137500 8.75433898 -9.79853508 0.54509804 0.71372549 0.60000000
v 37.73465424 9.75140677 -9.24805566 0.54509804 0.71372549 0.60000000
v 37.69035725 9.47365231 -9.79853508 0.54509804 0.71372549 0.60000000
v 35.91108902 13.96401745 -8.97281567 0.54509804 0.71372549 0.60000000
v 36.10304337 13.92484610 -8.22148540 0.54509804 0.71372549 0.60000000
v 36.16948885 14.14918672 -7.46271627 0.54509804 0.71372549 0.60000000
v 35.89632261 14.71893926 -7.46271627 0.54509804 0.71372549 0.60000000
v 36.06612847 14.66552429 -6.69650828 0.54509804 0.71372549 0.60000000
v 36.16948885 14.96820537 -4.44251747 0.54509804 0.71372549 0.60000000
v 35.66007127 15.33854615 -6.70394714 0.54509804 0.71372549 0.60000000
v 36.21378584 15.03586507 -3.69118692 0.54509804 0.71372549 0.60000000
v 35.21710142 16.97658570 -2.18108752 0.54509804 0.71372549 0.60000000
v 35.26878049 16.97658570 -1.42975725 0.54509804 0.71372549 0.60000000
v 36.23593433 15.07147355 -3.05887950 0.54509804 0.71372549 0.60000000
v 36.25070074 15.09640129 -2.56047209 0.54509804 0.71372549 0.60000000
v 36.25808282 15.11064378 -2.18108752 0.54509804 0.71372549 0.60000000
v 36.43527301 14.71893926 -2.18108752 0.54509804 0.71372549 0.60000000
v 37.14402702 13.14855830 -1.42975725 0.54509804 0.71372549 0.60000000
v 37.15140910 13.15924129 -0.67098802 0.54509804 0.71372549 0.60000000
v 37.45410592 12.45417158 -0.67098802 0.54509804 0.71372549 0.60000000
v 36.16210677 14.92903514 2.34177210 0.54509804 0.71372549 0.60000000
v 36.42050660 14.67620728 0.07290340 0.54509804 0.71372549 0.60000000
v 36.22855225 15.05366931 0.07290340 0.54509804 0.71372549 0.60000000
v 35.59362580 16.03649349 2.34177210 0.54509804 0.71372549 0.60000000
v 34.55264440 17.84189694 2.34177210 0.54509804 0.71372549 0.60000000
v 36.00706732 15.47030157 0.07290340 0.54509804 0.71372549 0.60000000
v 35.66745560 16.17180842 -0.67098802 0.54509804 0.71372549 0.60000000
v 34.89963820 17.58550734 -1.42975725 0.54509804 0.71372549 0.60000000
v 29.25913444 23.93825265 2.34177210 0.54509804 0.71372549 0.60000000
v 34.60432346 17.93092039 -0.67098802 0.54509804 0.71372549 0.60000000
v 34.61170555 17.95940988 -1.42975725 0.54509804 0.71372549 0.60000000
v 34.18349986 18.34755265 1.58300297 0.54509804 0.71372549 0.60000000
v 29.62827674 23.59640135 0.83167256 0.54509804 0.71372549 0.60000000
v 29.20007105 23.90264417 3.09310237 0.54509804 0.71372549 0.60000000
v 28.72756838 24.16615502 4.26845091 0.54509804 0.71372549 0.60000000
v 29.51015219 23.44327994 3.84443264 0.54509804 0.71372549 0.60000000
v 34.04322682 18.16594401 4.60320177 0.54509804 0.71372549 0.60000000
v 36.97422116 13.52958095 0.07290340 0.54509804 0.71372549 0.60000000
v 36.98160324 13.53670220 -0.67098802 0.54509804 0.71372549 0.60000000
v 36.44265509 14.71893926 -1.42975725 0.54509804 0.71372549 0.60000000
v 36.25808282 15.11064378 -1.42975725 0.54509804 0.71372549 0.60000000
v 28.77186536 23.46820543 7.47462285 0.54509804 0.71372549 0.60000000
v 28.69065347 23.37918198 7.97302970 0.54509804 0.71372549 0.60000000
v 34.11705438 16.74512383 8.37473140 0.54509804 0.71372549 0.60000000
v 28.71280196 22.65630915 9.54264052 0.54509804 0.71372549 0.60000000
v 28.29936269 22.98747745 9.83275879 0.54509804 0.71372549 0.60000000
v 27.88592341 23.32220751 10.11543764 0.54509804 0.71372549 0.60000000
v 31.70285970 17.32911999 13.23234216 0.54509804 0.71372549 0.60000000
v 31.60688365 17.19736457 13.65635987 0.54509804 0.71372549 0.60000000
v 31.76192310 16.66678113 14.11013414 0.54509804 0.71372549 0.60000000
v 32.39684955 16.47092999 13.14307474 0.54509804 0.71372549 0.60000000
v 33.99892984 12.86724321 14.07293928 0.54509804 0.71372549 0.60000000
v 33.88818513 13.41562977 13.65635987 0.54509804 0.71372549 0.60000000
v 34.66338686 14.96108412 10.09312051 0.54509804 0.71372549 0.60000000
v 34.80365990 14.45542841 10.39811537 0.54509804 0.71372549 0.60000000
v 35.52718032 9.87603982 14.09525642 0.54509804 0.71372549 0.60000000
v 35.88894053 9.43448208 13.65635987 0.54509804 0.71372549 0.60000000
v 36.13257395 8.71873050 13.67123758 0.54509804 0.71372549 0.60000000
v 36.08089488 7.92819796 14.39281299 0.54509804 0.71372549 0.60000000
v 36.22855225 5.97323259 15.49377183 0.54509804 0.71372549 0.60000000
v 36.19163734 5.09723835 16.17815238 0.54509804 0.71372549 0.60000000
v 36.26546715 4.59514327 16.33436895 0.54509804 0.71372549 0.60000000
v 36.89300927 4.15358552 15.32267641 0.54509804 0.71372549 0.60000000
v 37.07758154 4.15358552 14.94329184 0.54509804 0.71372549 0.60000000
v 36.96683908 3.64080745 15.47145469 0.54509804 0.71372549 0.60000000
v 37.15879343 3.39510197 15.19621526 0.54509804 0.71372549 0.60000000
v 38.57630145 -2.63715690 14.19196214 0.54509804 0.71372549 0.60000000
v 38.08165028 -1.12731103 15.16645983 0.54509804 0.71372549 0.60000000
v 38.41387767 -2.63715690 14.56390728 0.54509804 0.71372549 0.60000000
v 36.83394588 3.39510197 15.88059581 0.54509804 0.71372549 0.60000000
v 36.28023131 3.13871349 17.11545522 0.54509804 0.71372549 0.60000000
v 36.13995828 2.64730140 17.59898492 0.54509804 0.71372549 0.60000000
v 35.82249505 2.64730140 18.18665863 0.54509804 0.71372549 0.60000000
v 35.55671314 2.64730140 18.67018833 0.54509804 0.71372549 0.60000000
v 36.39097602 0.38253372 18.06019748 0.54509804 0.71372549 0.60000000
v 36.44265509 -0.35814560 18.23873120 0.54509804 0.71372549 0.60000000
v 36.28023131 -0.60029046 18.60323692 0.54509804 0.71372549 0.60000000
v 37.83063254 -1.12731103 15.68718326 0.54509804 0.71372549 0.60000000
v 38.79778638 -3.07515402 13.65635987 0.54509804 0.71372549 0.60000000
v 38.98974073 -3.07515402 -13.49567613 0.54509804 0.71372549 0.60000000
v 37.86016311 -3.07515402 -16.35965723 0.54509804 0.71372549 0.60000000
v 37.86016311 -2.63715690 -16.35221893 0.54509804 0.71372549 0.60000000
v 37.77156914 1.62886762 -15.41491497 0.54509804 0.71372549 0.60000000
v 37.73465424 2.13452332 -15.32564867 0.54509804 0.71372549 0.60000000
v 37.69035725 2.64730140 -15.20662582 0.54509804 0.71372549 0.60000000
v 37.78633555 -1.29823781 -16.19600123 0.54509804 0.71372549 0.60000000
v 37.77895347 3.13871349 -14.70078011 0.54509804 0.71372549 0.60000000
v 37.88231160 5.67767389 -12.77410073 0.54509804 0.71372549 0.60000000
v 37.72727216 3.64080745 -14.55200183 0.54509804 0.71372549 0.60000000
v 37.61652969 3.39510197 -14.97601954 0.54509804 0.71372549 0.60000000
v 37.23262099 3.46632117 -15.83149438 0.54509804 0.71372549 0.60000000
v 37.06281513 6.99166638 -13.99408242 0.54509804 0.71372549 0.60000000
v 36.98898757 7.49732208 -13.83786585 0.54509804 0.71372549 0.60000000
v 37.42457534 6.41835208 -13.49567613 0.54509804 0.71372549 0.60000000
v 37.72727216 5.94118474 -13.04190186 0.54509804 0.71372549 0.60000000
v 37.79371763 5.43908965 -13.21299728 0.54509804 0.71372549 0.60000000
v 37.58699912 8.63326655 -11.18961219 0.54509804 0.71372549 0.60000000
v 37.49840290 7.17327502 -12.74434530 0.54509804 0.71372549 0.60000000
v 37.18094192 7.21600700 -13.54774758 0.54509804 0.71372549 0.60000000
v 37.29906647 8.68311977 -11.98557617 0.54509804 0.71372549 0.60000000
v 37.27691797 7.92819796 -12.74434530 0.54509804 0.71372549 0.60000000
v 37.51316931 9.43448208 -10.48291563 0.54509804 0.71372549 0.60000000
v 37.75680273 9.05345943 -10.09609165 0.54509804 0.71372549 0.60000000
v 37.41719326 10.18940389 -9.72414650 0.54509804 0.71372549 0.60000000
v 37.12926061 10.83393739 -9.72414650 0.54509804 0.71372549 0.60000000
v 36.27284923 12.89216982 -9.45634537 0.54509804 0.71372549 0.60000000
v 37.18094192 10.23925711 -10.51267106 0.54509804 0.71372549 0.60000000
v 36.08089488 13.16992428 -9.70926822 0.54509804 0.71372549 0.60000000
v 35.54194673 14.42694118 -9.50097908 0.54509804 0.71372549 0.60000000
v 35.61577429 14.56581785 -8.97281567 0.54509804 0.71372549 0.60000000
v 35.69698618 14.77235423 -8.24380253 0.54509804 0.71372549 0.60000000
v 35.54194673 15.16762050 -8.01319625 0.54509804 0.71372549 0.60000000
v 35.60101013 15.26020569 -7.46271627 0.54509804 0.71372549 0.60000000
v 34.92178669 17.02999842 -4.39788376 0.54509804 0.71372549 0.60000000
v 34.87748971 17.54989886 -2.18108752 0.54509804 0.71372549 0.60000000
v 34.15396928 17.61755633 -7.46271627 0.54509804 0.71372549 0.60000000
v 34.91440236 16.87331751 -5.20128660 0.54509804 0.71372549 0.60000000
v 35.48288333 16.57419818 -1.42975725 0.54509804 0.71372549 0.60000000
v 36.78226681 13.96401745 -1.42975725 0.54509804 0.71372549 0.60000000
v 36.25070074 15.09640129 -1.02061697 0.54509804 0.71372549 0.60000000
v 36.08089488 15.39552062 -0.73049930 0.54509804 0.71372549 0.60000000
v 28.88260782 24.30146994 2.34177210 0.54509804 0.71372549 0.60000000
v 29.28128294 23.95249514 1.58300297 0.54509804 0.71372549 0.60000000
v 28.58729309 24.78575966 -0.67098802 0.54509804 0.71372549 0.60000000
v 34.57479289 17.92736089 -2.18108752 0.54509804 0.71372549 0.60000000
v 34.23518117 18.38672288 -1.42975725 0.54509804 0.71372549 0.60000000
v 28.93428914 24.40829988 -0.67098802 0.54509804 0.71372549 0.60000000
v 29.31081351 23.98098463 0.07290340 0.54509804 0.71372549 0.60000000
v 34.22779684 18.37960163 -0.67098802 0.54509804 0.71372549 0.60000000
v 28.76448328 24.19464225 3.84443264 0.54509804 0.71372549 0.60000000
v 27.25099696 24.94956406 6.67865887 0.54509804 0.71372549 0.60000000
v 27.92283607 24.12698254 7.89864056 0.54509804 0.71372549 0.60000000
v 27.14025450 24.10205706 10.09312051 0.54509804 0.71372549 0.60000000
v 27.99666587 23.43615869 9.61703023 0.54509804 0.71372549 0.60000000
v 27.38388791 23.58927785 10.63616107 0.54509804 0.71372549 0.60000000
v 31.09008399 17.48224140 14.20683985 0.54509804 0.71372549 0.60000000
v 31.35586590 16.97658570 14.40769070 0.54509804 0.71372549 0.60000000
v 31.62164781 16.43531926 14.61597985 0.54509804 0.71372549 0.60000000
v 33.22372810 13.57231180 14.77219755 0.54509804 0.71372549 0.60000000
v 33.61502113 13.21977751 14.42256842 0.54509804 0.71372549 0.60000000
v 33.87342096 12.60729299 14.57878500 0.54509804 0.71372549 0.60000000
v 33.99892984 12.10519903 14.80939240 0.54509804 0.71372549 0.60000000
v 33.51166075 11.74554124 15.96986211 0.54509804 0.71372549 0.60000000
v 33.47474585 10.96925344 16.70631522 0.54509804 0.71372549 0.60000000
v 33.96201493 10.51701270 16.25254095 0.54509804 0.71372549 0.60000000
v 34.72983234 9.79769937 15.53096668 0.54509804 0.71372549 0.60000000
v 34.61908988 9.50213954 15.95498439 0.54509804 0.71372549 0.60000000
v 34.70029952 8.96443598 16.23022494 0.54509804 0.71372549 0.60000000
v 34.76674724 7.61483389 17.10057750 0.54509804 0.71372549 0.60000000
v 34.72983234 6.76732688 17.78495693 0.54509804 0.71372549 0.60000000
v 35.44596843 8.17746406 15.45657697 0.54509804 0.71372549 0.60000000
v 35.54194673 7.67537010 15.63511181 0.54509804 0.71372549 0.60000000
v 35.68221977 7.92819796 15.18877697 0.54509804 0.71372549 0.60000000
v 35.60839221 9.43448208 14.25147300 0.54509804 0.71372549 0.60000000
v 36.01444940 7.11629943 15.10694784 0.54509804 0.71372549 0.60000000
v 36.11042545 5.69903988 15.92522896 0.54509804 0.71372549 0.60000000
v 35.70436826 5.68835688 16.71375352 0.54509804 0.71372549 0.60000000
v 35.54932881 5.44977265 17.15265007 0.54509804 0.71372549 0.60000000
v 36.02921581 4.86933711 16.61704780 0.54509804 0.71372549 0.60000000
v 36.33191263 4.15358552 16.45339180 0.54509804 0.71372549 0.60000000
v 36.13257395 4.15358552 16.83277637 0.54509804 0.71372549 0.60000000
v 38.58368353 -3.07515402 14.19196214 0.54509804 0.71372549 0.60000000
v 37.87492952 -3.07515402 15.77645068 0.54509804 0.71372549 0.60000000
v 37.99305631 -3.07515402 15.53096668 0.54509804 0.71372549 0.60000000
v 38.15547784 -3.07515402 15.16645983 0.54509804 0.71372549 0.60000000
v 36.42050660 3.39510197 16.70631522 0.54509804 0.71372549 0.60000000
v 36.05874639 3.39510197 17.39069465 0.54509804 0.71372549 0.60000000
v 35.50503183 3.07105490 18.58836033 0.54509804 0.71372549 0.60000000
v 36.17687318 0.38253372 18.43958205 0.54509804 0.71372549 0.60000000
v 35.32784389 2.64730140 19.04957289 0.54509804 0.71372549 0.60000000
v 35.41643786 1.89237846 19.18347346 0.54509804 0.71372549 0.60000000
v 35.63792278 1.89237846 18.81152719 0.54509804 0.71372549 0.60000000
v 36.22855225 -0.09819538 18.52884946 0.54509804 0.71372549 0.60000000
v 36.29499772 -1.12731103 18.64043290 0.54509804 0.71372549 0.60000000
v 36.54601547 -1.12731103 18.18665863 0.54509804 0.71372549 0.60000000
v 35.46811692 1.36535677 19.27273975 0.54509804 0.71372549 0.60000000
v 34.75198083 2.33037559 20.09101974 0.54509804 0.71372549 0.60000000
v 35.37952295 -0.37238922 19.89760831 0.54509804 0.71372549 0.60000000
v 35.44596843 -1.12731103 19.99431515 0.54509804 0.71372549 0.60000000
v 35.47550125 -1.88223397 20.03894943 0.54509804 0.71372549 0.60000000
v 37.53531780 -3.07515402 16.44595238 0.54509804 0.71372549 0.60000000
v 37.76418706 -3.07515402 15.99961754 0.54509804 0.71372549 0.60000000
v 37.78633555 -3.07515402 -16.51587493 0.54509804 0.71372549 0.60000000
v 37.67559309 -2.63715690 -16.73160350 0.54509804 0.71372549 0.60000000
v 37.04066664 -1.12731103 -17.71353949 0.54509804 0.71372549 0.60000000
v 37.63867819 -1.88223397 -16.64233608 0.54509804 0.71372549 0.60000000
v 36.98160324 -0.16229222 -17.60195606 0.54509804 0.71372549 0.60000000
v 37.15140910 2.64730140 -16.42660751 0.54509804 0.71372549 0.60000000
v 37.46149025 2.64730140 -15.76454410 0.54509804 0.71372549 0.60000000
v 37.01113606 -0.66438730 -17.66890634 0.54509804 0.71372549 0.60000000
v 37.08496362 3.25978592 -16.30014636 0.54509804 0.71372549 0.60000000
v 35.57147730 6.25098818 -17.79536749 0.54509804 0.71372549 0.60000000
v 36.28761564 8.41248767 -14.71565782 0.54509804 0.71372549 0.60000000
v 36.39835811 8.67243677 -14.26188356 0.54509804 0.71372549 0.60000000
v 36.91515776 7.92819796 -13.65933213 0.54509804 0.71372549 0.60000000
v 37.07019721 7.92819796 -13.28738586 0.54509804 0.71372549 0.60000000
v 35.96277034 7.92819796 -15.76454410 0.54509804 0.71372549 0.60000000
v 37.21785458 9.50570129 -11.30119562 0.54509804 0.71372549 0.60000000
v 37.09234570 10.01847824 -11.09290648 0.54509804 0.71372549 0.60000000
v 37.07758154 9.24575107 -11.98557617 0.54509804 0.71372549 0.60000000
v 37.00375173 8.30921949 -13.12372986 0.54509804 0.71372549 0.60000000
v 36.91515776 8.81487519 -12.87824587 0.54509804 0.71372549 0.60000000
v 37.00375173 9.07126479 -12.37983845 0.54509804 0.71372549 0.60000000
v 37.04804872 10.68081598 -10.28206478 0.54509804 0.71372549 0.60000000
v 36.25808282 12.09451603 -10.88461733 0.54509804 0.71372549 0.60000000
v 36.30976414 12.21558846 -10.48291563 0.54509804 0.71372549 0.60000000
v 36.98160324 10.52057332 -10.78791049 0.54509804 0.71372549 0.60000000
v 34.75936291 15.87981034 -9.40427280 0.54509804 0.71372549 0.60000000
v 35.40905577 14.94327988 -8.97281567 0.54509804 0.71372549 0.60000000
v 35.47550125 15.05723106 -8.51904196 0.54509804 0.71372549 0.60000000
v 35.83726146 13.20909451 -10.48291563 0.54509804 0.71372549 0.60000000
v 35.46073484 14.27738152 -10.00682535 0.54509804 0.71372549 0.60000000
v 34.67815102 15.73737192 -9.91011851 0.54509804 0.71372549 0.60000000
v 34.41975119 16.97658570 -8.21404654 0.54509804 0.71372549 0.60000000
v 34.60432346 16.36410005 -8.97281567 0.54509804 0.71372549 0.60000000
v 34.09490589 17.50716689 -8.21404654 0.54509804 0.71372549 0.60000000
v 33.88818513 17.99501836 -7.46271627 0.54509804 0.71372549 0.60000000
v 28.38057458 24.67892972 2.34177210 0.54509804 0.71372549 0.60000000
v 28.55776252 24.76083192 0.07290340 0.54509804 0.71372549 0.60000000
v 28.21076872 25.13117271 -0.67098802 0.54509804 0.71372549 0.60000000
v 28.18123589 25.09556423 0.07290340 0.54509804 0.71372549 0.60000000
v 27.75303021 25.50863249 -0.67098802 0.54509804 0.71372549 0.60000000
v 27.68658473 25.47302401 0.07290340 0.54509804 0.71372549 0.60000000
v 28.58729309 24.77507667 -1.42975725 0.54509804 0.71372549 0.60000000
v 28.21076872 25.14897695 -1.42975725 0.54509804 0.71372549 0.60000000
v 28.55038044 24.72878519 -2.18108752 0.54509804 0.71372549 0.60000000
v 33.51166075 18.42233361 -7.46271627 0.54509804 0.71372549 0.60000000
v 26.29122520 25.56916870 6.86463200 0.54509804 0.71372549 0.60000000
v 26.87447034 25.16322169 6.90182629 0.54509804 0.71372549 0.60000000
v 26.71943089 25.09912373 7.62340113 0.54509804 0.71372549 0.60000000
v 27.09595751 24.82849163 7.62340113 0.54509804 0.71372549 0.60000000
v 24.40121451 27.33184243 3.84443264 0.54509804 0.71372549 0.60000000
v 23.84749995 27.70930446 3.84443264 0.54509804 0.71372549 0.60000000
v 26.96306431 24.72878519 8.37473140 0.54509804 0.71372549 0.60000000
v 26.39458558 24.87478536 9.40130166 0.54509804 0.71372549 0.60000000
v 26.25431030 24.79644265 9.88483136 0.54509804 0.71372549 0.60000000
v 24.09113337 25.60834118 11.61065876 0.54509804 0.71372549 0.60000000
v 24.95492682 24.92463633 11.81150961 0.54509804 0.71372549 0.60000000
v 26.59392202 24.25517847 10.63616107 0.54509804 0.71372549 0.60000000
v 26.97044864 23.96673988 10.63616107 0.54509804 0.71372549 0.60000000
v 27.25837904 23.45040119 11.09737363 0.54509804 0.71372549 0.60000000
v 30.25582111 17.39677745 15.59791696 0.54509804 0.71372549 0.60000000
v 31.11961456 16.78073231 14.99536441 0.54509804 0.71372549 0.60000000
v 31.74715668 13.62572565 17.09313808 0.54509804 0.71372549 0.60000000
v 31.76930518 15.93322530 14.86146384 0.54509804 0.71372549 0.60000000
v 33.21634602 12.81026762 15.52352726 0.54509804 0.71372549 0.60000000
v 30.27796960 16.68102587 16.38644152 0.54509804 0.71372549 0.60000000
v 29.43632239 15.06791406 19.29505689 0.54509804 0.71372549 0.60000000
v 33.37138547 13.07021672 15.01768155 0.54509804 0.71372549 0.60000000
v 33.61502113 12.45773332 15.16645983 0.54509804 0.71372549 0.60000000
v 33.20157961 12.02685745 16.25254095 0.54509804 0.71372549 0.60000000
v 33.18681545 11.23276429 16.97411523 0.54509804 0.71372549 0.60000000
v 33.31232432 10.73066920 17.18984380 0.54509804 0.71372549 0.60000000
v 33.83650606 10.23569761 16.69887580 0.54509804 0.71372549 0.60000000
v 33.93248436 9.70511417 16.96667694 0.54509804 0.71372549 0.60000000
v 34.05060890 9.20302022 17.16752779 0.54509804 0.71372549 0.60000000
v 34.14658720 8.64394954 17.42045008 0.54509804 0.71372549 0.60000000
v 34.01369400 8.36975570 17.85190721 0.54509804 0.71372549 0.60000000
v 34.26471175 7.22312937 18.23873120 0.54509804 0.71372549 0.60000000
v 34.07275740 7.00234937 18.69994376 0.54509804 0.71372549 0.60000000
v 34.59694138 6.47532880 18.19409805 0.54509804 0.71372549 0.60000000
v 34.82580839 6.26167117 17.95605235 0.54509804 0.71372549 0.60000000
v 35.46073484 5.95542835 16.99643237 0.54509804 0.71372549 0.60000000
v 35.50503183 6.81718010 16.31205294 0.54509804 0.71372549 0.60000000
v 35.57886163 6.41835208 16.45339180 0.54509804 0.71372549 0.60000000
v 35.32784389 5.68835688 17.41301178 0.54509804 0.71372549 0.60000000
v 35.63792278 4.90850734 17.30886665 0.54509804 0.71372549 0.60000000
v 35.74866749 4.22480473 17.50227920 0.54509804 0.71372549 0.60000000
v 35.57147730 4.01826948 17.94117463 0.54509804 0.71372549 0.60000000
v 35.36475879 4.22480473 18.18665863 0.54509804 0.71372549 0.60000000
v 34.90702028 5.62782067 18.19409805 0.54509804 0.71372549 0.60000000
v 34.75936291 5.35362683 18.59579862 0.54509804 0.71372549 0.60000000
v 34.83319272 4.90850734 18.71482260 0.54509804 0.71372549 0.60000000
v 35.23924992 3.35236999 18.87847860 0.54509804 0.71372549 0.60000000
v 34.84795688 3.39866259 19.48846832 0.54509804 0.71372549 0.60000000
v 34.61170555 3.39866259 19.86785288 0.54509804 0.71372549 0.60000000
v 34.69291744 2.83247067 20.00175345 0.54509804 0.71372549 0.60000000
v 37.22523891 -3.07515402 17.01131008 0.54509804 0.71372549 0.60000000
v 35.71913467 -2.63715690 19.68932029 0.54509804 0.71372549 0.60000000
v 36.10304337 -3.07515402 19.02725576 0.54509804 0.71372549 0.60000000
v 37.40980893 -3.07515402 16.67655979 0.54509804 0.71372549 0.60000000
v 34.03584249 3.17076135 20.88698485 0.54509804 0.71372549 0.60000000
v 34.08752381 2.64730140 20.97625114 0.54509804 0.71372549 0.60000000
v 33.32708848 1.13745665 22.47891281 0.54509804 0.71372549 0.60000000
v 33.37876980 0.38253372 22.55330026 0.54509804 0.71372549 0.60000000
v 35.11374104 -1.12731103 20.44808942 0.54509804 0.71372549 0.60000000
v 33.48212793 -1.12731103 22.67232424 0.54509804 0.71372549 0.60000000
v 33.22372810 -1.69350295 23.08146424 0.54509804 0.71372549 0.60000000
v 34.70029952 -3.07515402 21.20685855 0.54509804 0.71372549 0.60000000
v 35.01038066 -3.07515402 20.77540142 0.54509804 0.71372549 0.60000000
v 35.49026541 -2.63715690 20.06126431 0.54509804 0.71372549 0.60000000
v 37.56485063 -3.07515402 -16.96220978 0.54509804 0.71372549 0.60000000
v 37.40242685 -2.63715690 -17.26720464 0.54509804 0.71372549 0.60000000
v 37.07758154 -1.88223397 -17.76561205 0.54509804 0.71372549 0.60000000
v 36.25070074 -0.74985013 -19.15668916 0.54509804 0.71372549 0.60000000
v 36.83394588 -0.39731583 -17.95902348 0.54509804 0.71372549 0.60000000
v 36.95207267 2.64730140 -16.79855378 0.54509804 0.71372549 0.60000000
v 35.57147730 4.90850734 -18.53925890 0.54509804 0.71372549 0.60000000
v 35.51979824 5.36787044 -18.44999260 0.54509804 0.71372549 0.60000000
v 36.42788868 -0.37238922 -18.71779261 0.54509804 0.71372549 0.60000000
v 35.63792278 5.63850366 -18.03341319 0.54509804 0.71372549 0.60000000
v 34.78151141 7.65756586 -18.48718633 0.54509804 0.71372549 0.60000000
v 35.43120427 8.12048959 -16.77623664 0.54509804 0.71372549 0.60000000
v 35.62315862 7.89258835 -16.52331323 0.54509804 0.71372549 0.60000000
v 36.07351280 8.67243677 -14.98345783 0.54509804 0.71372549 0.60000000
v 36.19902167 8.91814338 -14.52224527 0.54509804 0.71372549 0.60000000
v 35.55671314 8.45165790 -16.27039093 0.54509804 0.71372549 0.60000000
v 36.30976414 9.22082446 -14.01639956 0.54509804 0.71372549 0.60000000
v 36.77488473 8.60834106 -13.42872585 0.54509804 0.71372549 0.60000000
v 36.99636965 9.80125999 -11.59875219 0.54509804 0.71372549 0.60000000
v 36.30976414 9.95794203 -13.27994757 0.54509804 0.71372549 0.60000000
v 36.92253985 10.23925711 -11.30119562 0.54509804 0.71372549 0.60000000
v 36.64199152 10.94432683 -11.23424534 0.54509804 0.71372549 0.60000000
v 36.77488473 9.36682350 -12.67739502 0.54509804 0.71372549 0.60000000
v 36.42050660 9.45584807 -13.51799214 0.54509804 0.71372549 0.60000000
v 36.16948885 11.89866265 -11.38302362 0.54509804 0.71372549 0.60000000
v 36.01444940 12.39007474 -11.17473448 0.54509804 0.71372549 0.60000000
v 35.61577429 13.19485090 -11.17473448 0.54509804 0.71372549 0.60000000
v 34.49358100 16.16824892 -9.68695165 0.54509804 0.71372549 0.60000000
v 35.57147730 13.74323745 -10.48291563 0.54509804 0.71372549 0.60000000
v 34.81842631 15.23171621 -10.33413735 0.54509804 0.71372549 0.60000000
v 35.50503183 13.60792141 -10.88461733 0.54509804 0.71372549 0.60000000
v 35.37952295 14.12069948 -10.48291563 0.54509804 0.71372549 0.60000000
v 34.78151141 14.42337943 -11.74009217 0.54509804 0.71372549 0.60000000
v 34.66338686 14.95752237 -11.23424534 0.54509804 0.71372549 0.60000000
v 34.17611778 16.24302762 -10.46059849 0.54509804 0.71372549 0.60000000
v 34.02107833 16.65253864 -10.20023678 0.54509804 0.71372549 0.60000000
v 34.36069005 15.47030157 -11.23424534 0.54509804 0.71372549 0.60000000
v 33.99154551 15.85488485 -11.62850874 0.54509804 0.71372549 0.60000000
v 34.02846041 17.41458169 -8.71989281 0.54509804 0.71372549 0.60000000
v 34.20564835 17.01219418 -8.97281567 0.54509804 0.71372549 0.60000000
v 33.79220907 17.88462892 -8.21404654 0.54509804 0.71372549 0.60000000
v 33.09822148 18.70721044 -8.21404654 0.54509804 0.71372549 0.60000000
v 27.76779662 25.52643898 -1.42975725 0.54509804 0.71372549 0.60000000
v 27.37650583 25.78282858 -0.67098802 0.54509804 0.71372549 0.60000000
v 28.17385381 25.13117271 -2.18108752 0.54509804 0.71372549 0.60000000
v 27.76779662 25.50507299 -2.18108752 0.54509804 0.71372549 0.60000000
v 33.17204903 18.79979339 -7.46271627 0.54509804 0.71372549 0.60000000
v 22.70315592 27.94432807 6.55963658 0.54509804 0.71372549 0.60000000
v 23.42667634 27.91940034 4.23869520 0.54509804 0.71372549 0.60000000
v 23.47097333 27.94432807 3.84443264 0.54509804 0.71372549 0.60000000
v 22.61456195 26.38462898 11.67760905 0.54509804 0.71372549 0.60000000
v 22.06823059 25.75433910 14.20683985 0.54509804 0.71372549 0.60000000
v 22.57026496 25.57629220 13.87952785 0.54509804 0.71372549 0.60000000
v 22.03131569 27.98706005 7.62340113 0.54509804 0.71372549 0.60000000
v 19.68356761 28.68500514 9.53520223 0.54509804 0.71372549 0.60000000
v 25.78180763 24.22669123 11.90821533 0.54509804 0.71372549 0.60000000
v 23.41190993 24.89258960 14.02086672 0.54509804 0.71372549 0.60000000
v 25.27977438 24.50800632 12.10906618 0.54509804 0.71372549 0.60000000
v 25.55293837 23.28303728 13.82001587 0.54509804 0.71372549 0.60000000
v 25.82610461 22.78094107 14.24403470 0.54509804 0.71372549 0.60000000
v 25.64891667 22.58865168 14.74988041 0.54509804 0.71372549 0.60000000
v 27.95236889 17.36116897 18.57348149 0.54509804 0.71372549 0.60000000
v 28.70541988 16.60624491 18.56604319 0.54509804 0.71372549 0.60000000
v 28.86045933 16.17180842 18.87103805 0.54509804 0.71372549 0.60000000
v 31.58473516 13.35153293 17.59154550 0.54509804 0.71372549 0.60000000
v 31.73239252 12.84943785 17.82215178 0.54509804 0.71372549 0.60000000
v 32.39684955 12.69631644 16.92948208 0.54509804 0.71372549 0.60000000
v 32.72169485 13.21621688 15.93266838 0.54509804 0.71372549 0.60000000
v 33.10560356 12.51470779 15.96986211 0.54509804 0.71372549 0.60000000
v 33.34923697 12.30461191 15.75413354 0.54509804 0.71372549 0.60000000
v 29.42894030 15.80146988 18.51397062 0.54509804 0.71372549 0.60000000
v 29.29604935 15.52015479 18.99750032 0.54509804 0.71372549 0.60000000
v 28.73495046 15.88337208 19.34712946 0.54509804 0.71372549 0.60000000
v 27.22884847 15.12845027 21.61599855 0.54509804 0.71372549 0.60000000
v 27.86377492 13.47972661 22.24830540 0.54509804 0.71372549 0.60000000
v 28.74233479 12.13012451 22.37476767 0.54509804 0.71372549 0.60000000
v 29.28866502 11.76690723 21.98794481 0.54509804 0.71372549 0.60000000
v 29.60612824 11.56037197 21.75733741 0.54509804 0.71372549 0.60000000
v 30.31488225 11.48559214 20.94649571 0.54509804 0.71372549 0.60000000
v 30.58804849 11.68856677 20.44064888 0.54509804 0.71372549 0.60000000
v 31.00148777 11.38944632 20.12077742 0.54509804 0.71372549 0.60000000
v 31.15652947 11.66364016 19.67444145 0.54509804 0.71372549 0.60000000
v 31.03102059 12.19066073 19.41407862 0.54509804 0.71372549 0.60000000
v 33.07607073 11.74554124 16.70631522 0.54509804 0.71372549 0.60000000
v 33.03915808 10.96925344 17.43532892 0.54509804 0.71372549 0.60000000
v 32.52235842 11.40725168 17.88166377 0.54509804 0.71372549 0.60000000
v 33.15728262 10.42442751 17.68825121 0.54509804 0.71372549 0.60000000
v 33.28279150 9.91877180 17.88910206 0.54509804 0.71372549 0.60000000
v 33.43044886 10.17872090 17.43532892 0.54509804 0.71372549 0.60000000
v 33.78482699 9.44872570 17.42045008 0.54509804 0.71372549 0.60000000
v 33.90295154 8.87185078 17.66593520 0.54509804 0.71372549 0.60000000
v 33.71838151 8.64394954 18.13458606 0.54509804 0.71372549 0.60000000
v 33.48951226 7.95668519 18.98262148 0.54509804 0.71372549 0.60000000
v 33.30493999 7.72878507 19.42895746 0.54509804 0.71372549 0.60000000
v 33.14251846 7.32639643 19.93480429 0.54509804 0.71372549 0.60000000
v 34.16873570 6.37918186 18.94542776 0.54509804 0.71372549 0.60000000
v 34.67815102 5.85572191 18.45445976 0.54509804 0.71372549 0.60000000
v 35.49026541 4.52036344 17.79983577 0.54509804 0.71372549 0.60000000
v 34.59694138 4.90850734 19.09420716 0.54509804 0.71372549 0.60000000
v 34.68553535 4.37792502 19.23554603 0.54509804 0.71372549 0.60000000
v 34.50834516 4.13578016 19.64468602 0.54509804 0.71372549 0.60000000
v 34.21303268 3.41290621 20.49272144 0.54509804 0.71372549 0.60000000
v 35.51979824 -3.07515402 20.03150888 0.54509804 0.71372549 0.60000000
v 35.69698618 -3.07515402 19.73395232 0.54509804 0.71372549 0.60000000
v 33.94724852 3.67285643 20.76796087 0.54509804 0.71372549 0.60000000
v 33.27540942 3.90075767 21.63831568 0.54509804 0.71372549 0.60000000
v 33.34923697 3.39866259 21.72758198 0.54509804 0.71372549 0.60000000
v 33.22372810 2.22710852 22.32269511 0.54509804 0.71372549 0.60000000
v 33.27540942 1.72501344 22.39708481 0.54509804 0.71372549 0.60000000
v 33.03915808 1.13745665 22.85085683 0.54509804 0.71372549 0.60000000
v 33.09822148 0.38253372 22.92524653 0.54509804 0.71372549 0.60000000
v 33.14990054 -0.37238922 22.98475740 0.54509804 0.71372549 0.60000000
v 33.19419753 -1.12731103 23.05170880 0.54509804 0.71372549 0.60000000
v 33.26064300 -3.07515402 23.12609851 0.54509804 0.71372549 0.60000000
v 33.38615188 -3.07515402 22.96244251 0.54509804 0.71372549 0.60000000
v 33.73314568 -3.07515402 22.50866824 0.54509804 0.71372549 0.60000000
v 33.92510003 -3.07515402 22.25574370 0.54509804 0.71372549 0.60000000
v 34.20564835 -3.07515402 21.87635914 0.54509804 0.71372549 0.60000000
v 31.03102059 -1.12731103 25.41728248 0.54509804 0.71372549 0.60000000
v 33.06868865 -3.07515402 23.34926537 0.54509804 0.71372549 0.60000000
v 35.36475879 -3.07515402 20.26211629 0.54509804 0.71372549 0.60000000
v 37.10711212 -3.07515402 -17.82512292 0.54509804 0.71372549 0.60000000
v 36.30976414 -3.07515402 -19.26083430 0.54509804 0.71372549 0.60000000
v 36.30237981 -2.63715690 -19.24595546 0.54509804 0.71372549 0.60000000
v 35.63792278 1.89237846 -19.40217316 0.54509804 0.71372549 0.60000000
v 36.36144320 0.38253372 -18.59877089 0.54509804 0.71372549 0.60000000
v 36.08089488 -2.63715690 -19.62534002 0.54509804 0.71372549 0.60000000
v 35.70436826 -2.63715690 -20.25020859 0.54509804 0.71372549 0.60000000
v 35.46811692 -2.63715690 -20.62959315 0.54509804 0.71372549 0.60000000
v 35.43858635 -1.88223397 -20.57752058 0.54509804 0.71372549 0.60000000
v 34.58217497 -1.88223397 -21.91652625 0.54509804 0.71372549 0.60000000
v 35.37214087 -0.37238922 -20.47337770 0.54509804 0.71372549 0.60000000
v 35.32784389 0.38253372 -20.37667086 0.54509804 0.71372549 0.60000000
v 35.13588953 4.15358552 -19.53607373 0.54509804 0.71372549 0.60000000
v 35.34999238 4.90850734 -18.91864346 0.54509804 0.71372549 0.60000000
v 34.72245026 6.74596089 -19.12693373 0.54509804 0.71372549 0.60000000
v 34.65600253 7.17327502 -19.00791088 0.54509804 0.71372549 0.60000000
v 34.95131726 4.92987332 -19.58814630 0.54509804 0.71372549 0.60000000
v 34.06537531 5.66343027 -20.79324915 0.54509804 0.71372549 0.60000000
v 34.00631192 6.09430502 -20.69654456 0.54509804 0.71372549 0.60000000
v 34.52311158 7.91751496 -18.75498746 0.54509804 0.71372549 0.60000000
v 33.97678134 9.79413762 -18.38304232 0.54509804 0.71372549 0.60000000
v 35.47550125 9.76921214 -15.34796468 0.54509804 0.71372549 0.60000000
v 36.10304337 9.45584807 -14.26188356 0.54509804 0.71372549 0.60000000
v 36.21378584 9.72291841 -13.77835386 0.54509804 0.71372549 0.60000000
v 36.09566129 10.93720446 -12.74434530 0.54509804 0.71372549 0.60000000
v 35.49764974 11.33603248 -13.88993841 0.54509804 0.71372549 0.60000000
v 36.28023131 11.39656869 -11.69545790 0.54509804 0.71372549 0.60000000
v 35.40167144 11.87373604 -13.49567613 0.54509804 0.71372549 0.60000000
v 35.57147730 12.24051395 -12.58068930 0.54509804 0.71372549 0.60000000
v 35.45335276 12.74260903 -12.25337730 0.54509804 0.71372549 0.60000000
v 35.54194673 12.93134005 -11.74753047 0.54509804 0.71372549 0.60000000
v 34.82580839 13.75392045 -12.59556702 0.54509804 0.71372549 0.60000000
v 34.92178669 13.98894406 -11.99301447 0.54509804 0.71372549 0.60000000
v 35.25401408 13.89991949 -11.17473448 0.54509804 0.71372549 0.60000000
v 34.10228797 16.77717056 -9.72414650 0.54509804 0.71372549 0.60000000
v 34.69291744 14.25601553 -12.24593788 0.54509804 0.71372549 0.60000000
v 34.54526007 14.69045203 -11.99301447 0.54509804 0.71372549 0.60000000
v 33.25326092 17.38609446 -10.91437276 0.54509804 0.71372549 0.60000000
v 33.82912398 16.34985756 -11.23424534 0.54509804 0.71372549 0.60000000
v 33.23849451 16.60980666 -12.38727787 0.54509804 0.71372549 0.60000000
v 33.31232432 16.72019610 -11.98557617 0.54509804 0.71372549 0.60000000
v 33.15728262 17.25433904 -11.42021847 0.54509804 0.71372549 0.60000000
v 34.05060890 15.19610773 -12.52861673 0.54509804 0.71372549 0.60000000
v 33.89556946 15.70176344 -12.12691503 0.54509804 0.71372549 0.60000000
v 33.69623077 16.15400418 -11.92606418 0.54509804 0.71372549 0.60000000
v 32.35255256 18.72501468 -10.48291563 0.54509804 0.71372549 0.60000000
v 32.43376220 18.82115938 -10.00682535 0.54509804 0.71372549 0.60000000
v 32.52235842 18.91730632 -9.50097908 0.54509804 0.71372549 0.60000000
v 32.61095239 19.00989151 -8.97281567 0.54509804 0.71372549 0.60000000
v 32.40423163 18.00926310 -11.98557617 0.54509804 0.71372549 0.60000000
v 32.47067711 18.10540779 -11.60619161 0.54509804 0.71372549 0.60000000
v 32.55927108 18.21579723 -11.10034477 0.54509804 0.71372549 0.60000000
v 31.68071121 18.81403813 -12.24593788 0.54509804 0.71372549 0.60000000
v 32.72169485 19.11671920 -8.21404654 0.54509804 0.71372549 0.60000000
v 27.39127000 25.78994982 -2.18108752 0.54509804 0.71372549 0.60000000
v 27.39127000 25.79350932 -1.42975725 0.54509804 0.71372549 0.60000000
v 24.97707756 27.19296576 0.67545542 0.54509804 0.71372549 0.60000000
v 26.81540919 26.14960537 -1.42975725 0.54509804 0.71372549 0.60000000
v 28.09264192 25.05283225 -2.93241779 0.54509804 0.71372549 0.60000000
v 27.70873322 25.43029203 -2.93241779 0.54509804 0.71372549 0.60000000
v 27.33220885 25.75790084 -2.93241779 0.54509804 0.71372549 0.60000000
v 21.91319002 28.67432440 4.98258633 0.54509804 0.71372549 0.60000000
v 19.27012721 28.99480971 9.12606111 0.54509804 0.71372549 0.60000000
v 19.77954479 28.74554136 9.12606111 0.54509804 0.71372549 0.60000000
v 23.90656109 27.77340017 1.58300297 0.54509804 0.71372549 0.60000000
v 23.48573974 27.95857056 3.09310237 0.54509804 0.71372549 0.60000000
v 23.04276764 28.21496017 2.34177210 0.54509804 0.71372549 0.60000000
v 21.94272172 28.68856689 4.60320177 0.54509804 0.71372549 0.60000000
v 20.53259578 25.71160712 16.43107467 0.54509804 0.71372549 0.60000000
v 18.51707509 29.03041819 9.88483136 0.54509804 0.71372549 0.60000000
v 24.23879073 24.19820175 14.11013414 0.54509804 0.71372549 0.60000000
v 20.82052731 25.32346435 16.71375352 0.54509804 0.71372549 0.60000000
v 24.85895077 23.32932876 14.69036955 0.54509804 0.71372549 0.60000000
v 25.34621986 23.05513716 14.46720156 0.54509804 0.71372549 0.60000000
v 24.15757884 23.37562248 15.52352726 0.54509804 0.71372549 0.60000000
v 23.45620691 23.42547570 16.34180837 0.54509804 0.71372549 0.60000000
v 27.74564813 17.15819434 19.07189003 0.54509804 0.71372549 0.60000000
v 28.49869912 16.38902779 19.07189003 0.54509804 0.71372549 0.60000000
v 31.59211724 12.45417158 18.36519234 0.54509804 0.71372549 0.60000000
v 32.11630123 11.73129762 18.20897576 0.54509804 0.71372549 0.60000000
v 32.38208314 11.91290739 17.65849578 0.54509804 0.71372549 0.60000000
v 32.54450691 12.19066073 17.15265007 0.54509804 0.71372549 0.60000000
v 32.69954636 12.44705033 16.67655979 0.54509804 0.71372549 0.60000000
v 27.99666587 16.65253864 19.36200605 0.54509804 0.71372549 0.60000000
v 27.16978507 14.30942937 22.31525681 0.54509804 0.71372549 0.60000000
v 27.24361488 16.65609813 20.12077742 0.54509804 0.71372549 0.60000000
v 25.71536215 16.62761090 21.60856025 0.54509804 0.71372549 0.60000000
v 23.39714577 16.57419818 23.81791623 0.54509804 0.71372549 0.60000000
v 22.54073327 15.70888468 25.25362649 0.54509804 0.71372549 0.60000000
v 28.05572927 12.97407202 22.44171683 0.54509804 0.71372549 0.60000000
v 27.79732719 12.63221960 22.94756367 0.54509804 0.71372549 0.60000000
v 27.98928154 12.12656389 23.11865796 0.54509804 0.71372549 0.60000000
v 28.51346553 11.69924976 22.90292940 0.54509804 0.71372549 0.60000000
v 28.87522574 11.69924976 22.52354483 0.54509804 0.71372549 0.60000000
v 29.39940748 11.22208129 22.26318424 0.54509804 0.71372549 0.60000000
v 30.84644832 10.94432683 20.66381799 0.54509804 0.71372549 0.60000000
v 30.10816374 11.14730146 21.45234255 0.54509804 0.71372549 0.60000000
v 30.25582111 10.64520638 21.63831568 0.54509804 0.71372549 0.60000000
v 30.44777321 10.91583959 21.19941801 0.54509804 0.71372549 0.60000000
v 30.95719079 10.54906056 20.81259515 0.54509804 0.71372549 0.60000000
v 31.11961456 10.94432683 20.29187172 0.54509804 0.71372549 0.60000000
v 31.51828968 10.97281519 19.69675859 0.54509804 0.71372549 0.60000000
v 31.68071121 11.24344728 19.25042262 0.54509804 0.71372549 0.60000000
v 31.85051707 11.54968898 18.75201633 0.54509804 0.71372549 0.60000000
v 32.67001354 11.67432315 17.41301178 0.54509804 0.71372549 0.60000000
v 32.61833447 10.88022999 18.14946378 0.54509804 0.71372549 0.60000000
v 32.97271260 10.17872090 18.15690320 0.54509804 0.71372549 0.60000000
v 33.24587659 9.08550841 18.58092203 0.54509804 0.71372549 0.60000000
v 33.37138547 9.37750649 18.15690320 0.54509804 0.71372549 0.60000000
v 33.33447281 8.68311977 18.72226089 0.54509804 0.71372549 0.60000000
v 33.19419753 8.23087903 19.26530146 0.54509804 0.71372549 0.60000000
v 33.03915808 7.95668519 19.68932029 0.54509804 0.71372549 0.60000000
v 32.64048296 7.92819796 20.29187172 0.54509804 0.71372549 0.60000000
v 33.06868865 6.41835208 20.58198999 0.54509804 0.71372549 0.60000000
v 33.71099718 6.37918186 19.63724773 0.54509804 0.71372549 0.60000000
v 34.00631192 6.10142852 19.35456775 0.54509804 0.71372549 0.60000000
v 34.08752381 5.66343027 19.47359173 0.54509804 0.71372549 0.60000000
v 34.19826627 4.90138609 19.71907572 0.54509804 0.71372549 0.60000000
v 34.10967230 4.15358552 20.26211629 0.54509804 0.71372549 0.60000000
v 33.86603663 4.15358552 20.64150085 0.54509804 0.71372549 0.60000000
v 33.45997944 4.15358552 21.23661398 0.54509804 0.71372549 0.60000000
v 33.26802509 5.38211519 20.87954655 0.54509804 0.71372549 0.60000000
v 33.17943112 4.40285163 21.51185341 0.54509804 0.71372549 0.60000000
v 32.48544352 6.06937954 21.59368141 0.54509804 0.71372549 0.60000000
v 32.56665541 5.66343027 21.69038825 0.54509804 0.71372549 0.60000000
v 32.70692844 4.90850734 21.86892084 0.54509804 0.71372549 0.60000000
v 32.40423163 4.90850734 22.24086711 0.54509804 0.71372549 0.60000000
v 32.56665541 4.02539072 22.44915738 0.54509804 0.71372549 0.60000000
v 32.67001354 3.39866259 22.56817910 0.54509804 0.71372549 0.60000000
v 33.04654016 3.39866259 22.10696654 0.54509804 0.71372549 0.60000000
v 32.74384335 2.63661841 22.75415224 0.54509804 0.71372549 0.60000000
v 32.50759201 2.38022993 23.12609851 0.54509804 0.71372549 0.60000000
v 33.00224318 1.94223169 22.67232424 0.54509804 0.71372549 0.60000000
v 32.57403749 1.89237846 23.19304767 0.54509804 0.71372549 0.60000000
v 32.66263146 1.13745665 23.28231396 0.54509804 0.71372549 0.60000000
v 32.72169485 0.38253372 23.34926537 0.54509804 0.71372549 0.60000000
v 32.77337392 -0.37238922 23.40877623 0.54509804 0.71372549 0.60000000
v 30.99410569 -0.62165532 25.38008876 0.54509804 0.71372549 0.60000000
v 25.91469858 0.38253372 30.08892123 0.54509804 0.71372549 0.60000000
v 26.32814011 -0.37238922 29.77648583 0.54509804 0.71372549 0.60000000
v 27.14763658 -1.12731103 29.07722981 0.54509804 0.71372549 0.60000000
v 30.26320319 -1.26618882 26.15373448 0.54509804 0.71372549 0.60000000
v 30.65449397 -1.88223397 25.81898418 0.54509804 0.71372549 0.60000000
v 31.04578476 -1.88223397 25.43959962 0.54509804 0.71372549 0.60000000
v 31.05316909 -3.07515402 25.44703792 0.54509804 0.71372549 0.60000000
v 36.08827696 -3.07515402 -19.64021886 0.54509804 0.71372549 0.60000000
v 35.40905577 1.89237846 -19.78155773 0.54509804 0.71372549 0.60000000
v 34.82580839 4.15358552 -20.05679716 0.54509804 0.71372549 0.60000000
v 34.77412932 4.69485084 -19.97496916 0.54509804 0.71372549 0.60000000
v 35.93323751 -3.07515402 -19.90057945 0.54509804 0.71372549 0.60000000
v 35.71175259 -3.07515402 -20.26508743 0.54509804 0.71372549 0.60000000
v 35.61577429 -3.07515402 -20.42130513 0.54509804 0.71372549 0.60000000
v 35.36475879 -3.07515402 -20.81556628 0.54509804 0.71372549 0.60000000
v 34.22041476 -2.63715690 -22.54139481 0.54509804 0.71372549 0.60000000
v 34.95131726 0.38253372 -20.97178399 0.54509804 0.71372549 0.60000000
v 33.97678134 -2.63715690 -22.91334108 0.54509804 0.71372549 0.60000000
v 34.19826627 -1.88223397 -22.48932224 0.54509804 0.71372549 0.60000000
v 34.87748971 1.13745665 -20.88251769 0.54509804 0.71372549 0.60000000
v 34.15396928 4.90850734 -20.93459026 0.54509804 0.71372549 0.60000000
v 34.59694138 4.15358552 -20.43618172 0.54509804 0.71372549 0.60000000
v 34.13920287 7.92819796 -19.36497943 0.54509804 0.71372549 0.60000000
v 34.56002648 4.92987332 -20.25020859 0.54509804 0.71372549 0.60000000
v 33.29017358 4.90850734 -22.26615538 0.54509804 0.71372549 0.60000000
v 33.23849451 5.30733423 -22.18432738 0.54509804 0.71372549 0.60000000
v 33.33447281 6.25810943 -21.55945882 0.54509804 0.71372549 0.60000000
v 34.03584249 8.41604942 -19.22363832 0.54509804 0.71372549 0.60000000
v 33.91771795 8.91814338 -19.05998345 0.54509804 0.71372549 0.60000000
v 33.82912398 9.49857892 -18.79962174 0.54509804 0.71372549 0.60000000
v 33.39353396 9.37750649 -19.52119489 0.54509804 0.71372549 0.60000000
v 33.12775205 9.59116411 -19.76667889 0.54509804 0.71372549 0.60000000
v 31.82836857 11.69924976 -20.05679716 0.54509804 0.71372549 0.60000000
v 31.72500819 12.08383304 -19.91545829 0.54509804 0.71372549 0.60000000
v 31.80622008 13.75392045 -18.53182060 0.54509804 0.71372549 0.60000000
v 31.97602594 13.98894406 -18.05573032 0.54509804 0.71372549 0.60000000
v 32.48544352 14.35572197 -16.91013721 0.54509804 0.71372549 0.60000000
v 34.02107833 12.14792988 -16.20344065 0.54509804 0.71372549 0.60000000
v 34.48619667 11.64583480 -15.70503323 0.54509804 0.71372549 0.60000000
v 35.13588953 10.94432683 -15.00577497 0.54509804 0.71372549 0.60000000
v 35.49026541 10.55618293 -14.61895211 0.54509804 0.71372549 0.60000000
v 35.59362580 10.05408785 -14.84211897 0.54509804 0.71372549 0.60000000
v 35.74866749 10.26062310 -14.32139554 0.54509804 0.71372549 0.60000000
v 34.84795688 11.64583480 -14.96114182 0.54509804 0.71372549 0.60000000
v 35.22448350 11.63159118 -14.18749498 0.54509804 0.71372549 0.60000000
v 34.64123837 12.62865897 -14.40322354 0.54509804 0.71372549 0.60000000
v 35.57147730 11.49627513 -13.49567613 0.54509804 0.71372549 0.60000000
v 34.83319272 13.02036350 -13.49567613 0.54509804 0.71372549 0.60000000
v 34.72983234 13.56518943 -13.09397443 0.54509804 0.71372549 0.60000000
v 35.37952295 12.47553756 -12.79641787 0.54509804 0.71372549 0.60000000
v 34.62647196 13.98894406 -12.80385616 0.54509804 0.71372549 0.60000000
v 34.21303268 14.75810949 -12.76666244 0.54509804 0.71372549 0.60000000
v 32.56665541 17.47867966 -12.58812760 0.54509804 0.71372549 0.60000000
v 32.67739787 17.63536281 -11.98557617 0.54509804 0.71372549 0.60000000
v 33.14251846 16.46024700 -12.88568416 0.54509804 0.71372549 0.60000000
v 32.85458581 16.97658570 -12.73690588 0.54509804 0.71372549 0.60000000
v 33.05392224 17.09765813 -11.98557617 0.54509804 0.71372549 0.60000000
v 33.94724852 15.03586507 -13.03446244 0.54509804 0.71372549 0.60000000
v 33.29755791 15.95459129 -13.27994757 0.54509804 0.71372549 0.60000000
v 31.76192310 18.91018507 -11.74009217 0.54509804 0.71372549 0.60000000
v 31.21559062 19.10959796 -12.74434530 0.54509804 0.71372549 0.60000000
v 26.18048274 25.42317079 -8.21404654 0.54509804 0.71372549 0.60000000
v 26.31337369 25.54068372 -7.46271627 0.54509804 0.71372549 0.60000000
v 31.78407159 18.19443124 -13.28738586 0.54509804 0.71372549 0.60000000
v 31.88743197 18.32262716 -12.74434530 0.54509804 0.71372549 0.60000000
v 31.59211724 18.70008695 -12.74434530 0.54509804 0.71372549 0.60000000
v 26.81540919 26.15316711 -2.18108752 0.54509804 0.71372549 0.60000000
v 26.81540919 26.09263090 -2.93241779 0.54509804 0.71372549 0.60000000
v 26.40935199 26.39175247 -2.18108752 0.54509804 0.71372549 0.60000000
v 24.97707756 27.19296576 0.23655950 0.54509804 0.71372549 0.60000000
v 27.25099696 25.70092638 -3.46058064 0.54509804 0.71372549 0.60000000
v 25.66368308 26.39175247 -6.23529572 0.54509804 0.71372549 0.60000000
v 25.71536215 26.43448220 -5.73688830 0.54509804 0.71372549 0.60000000
v 25.91469858 26.57692062 -3.69118692 0.54509804 0.71372549 0.60000000
v 18.68688095 30.10582757 3.09310237 0.54509804 0.71372549 0.60000000
v 19.65403591 29.42924621 5.74135602 0.54509804 0.71372549 0.60000000
v 19.27012721 29.14436938 8.37473140 0.54509804 0.71372549 0.60000000
v 18.51707509 29.26188231 9.12606111 0.54509804 0.71372549 0.60000000
v 23.53003672 27.97637480 1.58300297 0.54509804 0.71372549 0.60000000
v 22.38569269 28.54612847 2.34177210 0.54509804 0.71372549 0.60000000
v 22.04608210 28.75622660 0.07290340 0.54509804 0.71372549 0.60000000
v 20.02317820 29.75329102 0.07290340 0.54509804 0.71372549 0.60000000
v 15.15049186 28.68500514 14.05806157 0.54509804 0.71372549 0.60000000
v 16.62706440 27.16091678 16.29717410 0.54509804 0.71372549 0.60000000
v 20.18560198 25.58697519 16.93692150 0.54509804 0.71372549 0.60000000
v 20.40708691 24.91395558 17.80727406 0.54509804 0.71372549 0.60000000
v 16.25053778 29.76041452 9.88483136 0.54509804 0.71372549 0.60000000
v 15.96998945 29.46129519 11.12712907 0.54509804 0.71372549 0.60000000
v 15.73373812 29.37939299 11.62553648 0.54509804 0.71372549 0.60000000
v 27.23623055 17.38965621 19.36200605 0.54509804 0.71372549 0.60000000
v 27.49463038 16.90536649 19.61493059 0.54509804 0.71372549 0.60000000
v 27.09595751 13.46192237 22.99963624 0.54509804 0.71372549 0.60000000
v 27.36173942 13.80733541 22.50122770 0.54509804 0.71372549 0.60000000
v 24.99922606 13.66845762 24.65107506 0.54509804 0.71372549 0.60000000
v 26.97783072 17.15819434 19.86041459 0.54509804 0.71372549 0.60000000
v 23.40452785 17.34336248 23.07402594 0.54509804 0.71372549 0.60000000
v 23.66292768 16.83770678 23.31950994 0.54509804 0.71372549 0.60000000
v 23.14612802 17.06917089 23.55011509 0.54509804 0.71372549 0.60000000
v 22.89511027 16.79497705 24.01876820 0.54509804 0.71372549 0.60000000
v 20.45138389 16.63117265 26.13885789 0.54509804 0.71372549 0.60000000
v 22.03869889 15.95102954 25.45447846 0.54509804 0.71372549 0.60000000
v 21.21920130 15.90117632 26.14629618 0.54509804 0.71372549 0.60000000
v 22.72530441 12.13724689 27.65639614 0.54509804 0.71372549 0.60000000
v 27.28791186 12.95982728 23.17073053 0.54509804 0.71372549 0.60000000
v 28.13693891 11.69924976 23.25999907 0.54509804 0.71372549 0.60000000
v 23.41929426 11.32178773 27.61176187 0.54509804 0.71372549 0.60000000
v 28.66112290 11.23276429 23.04427051 0.54509804 0.71372549 0.60000000
v 29.54706485 10.71998733 22.42684024 0.54509804 0.71372549 0.60000000
v 30.80215134 10.25706248 21.22917344 0.54509804 0.71372549 0.60000000
v 30.38871206 10.18940389 21.78709284 0.54509804 0.71372549 0.60000000
v 30.90551172 9.68374819 21.49697457 0.54509804 0.71372549 0.60000000
v 31.09008399 10.04696548 20.99112998 0.54509804 0.71372549 0.60000000
v 31.36324798 10.22857412 20.47784485 0.54509804 0.71372549 0.60000000
v 32.57403749 9.24575107 19.45871289 0.54509804 0.71372549 0.60000000
v 32.33040407 10.18940389 19.10164546 0.54509804 0.71372549 0.60000000
v 32.48544352 10.58467016 18.57348149 0.54509804 0.71372549 0.60000000
v 31.76930518 9.90452818 20.13565402 0.54509804 0.71372549 0.60000000
v 32.58880390 10.18940389 18.72226089 0.54509804 0.71372549 0.60000000
v 32.84720373 9.41667784 18.92311062 0.54509804 0.71372549 0.60000000
v 32.69954636 8.66887728 19.70419688 0.54509804 0.71372549 0.60000000
v 33.09083715 8.68311977 19.10164546 0.54509804 0.71372549 0.60000000
v 32.52974050 8.41248767 20.14309231 0.54509804 0.71372549 0.60000000
v 32.35993464 7.92819796 20.67125628 0.54509804 0.71372549 0.60000000
v 32.45591069 7.50444445 20.79771855 0.54509804 0.71372549 0.60000000
v 32.56665541 7.00234937 20.94649571 0.54509804 0.71372549 0.60000000
v 32.65524938 6.36137762 21.19941801 0.54509804 0.71372549 0.60000000
v 33.17204903 5.88420914 20.73820544 0.54509804 0.71372549 0.60000000
v 33.93248436 5.14709157 19.99431515 0.54509804 0.71372549 0.60000000
v 32.37470105 6.57147350 21.44490200 0.54509804 0.71372549 0.60000000
v 31.85789915 7.17327502 21.75733741 0.54509804 0.71372549 0.60000000
v 31.56258666 7.17327502 22.12928368 0.54509804 0.71372549 0.60000000
v 31.67332913 6.67830231 22.27062254 0.54509804 0.71372549 0.60000000
v 31.77668951 6.17620722 22.40452311 0.54509804 0.71372549 0.60000000
v 32.25657426 5.66343027 22.06977281 0.54509804 0.71372549 0.60000000
v 31.99079235 4.90138609 22.74671394 0.54509804 0.71372549 0.60000000
v 31.76192310 4.64499649 23.13353680 0.54509804 0.71372549 0.60000000
v 32.27872275 4.22836536 22.70207967 0.54509804 0.71372549 0.60000000
v 32.35255256 3.39866259 22.94756367 0.54509804 0.71372549 0.60000000
v 31.49614119 4.15358552 23.60218766 0.54509804 0.71372549 0.60000000
v 31.03102059 4.71265508 23.90718252 0.54509804 0.71372549 0.60000000
v 30.38132773 4.15358552 24.77753733 0.54509804 0.71372549 0.60000000
v 30.20413979 2.98915270 25.34289503 0.54509804 0.71372549 0.60000000
v 30.27058527 2.48705762 25.40984419 0.54509804 0.71372549 0.60000000
v 32.29348917 1.13745665 23.66169853 0.54509804 0.71372549 0.60000000
v 30.33703075 1.89237846 25.48423389 0.54509804 0.71372549 0.60000000
v 25.81134045 1.13745665 29.99221439 0.54509804 0.71372549 0.60000000
v 25.39789892 0.38253372 30.46086750 0.54509804 0.71372549 0.60000000
v 25.95161348 -0.37238922 30.08148293 0.54509804 0.71372549 0.60000000
v 26.34290427 -1.12731103 29.80624126 0.54509804 0.71372549 0.60000000
v 26.77110996 -1.12731103 29.42685669 0.54509804 0.71372549 0.60000000
v 30.44777321 -3.07515402 26.02727445 0.54509804 0.71372549 0.60000000
v 30.66926038 -3.07515402 25.81898418 0.54509804 0.71372549 0.60000000
v 30.83168191 -3.07515402 25.66276648 0.54509804 0.71372549 0.60000000
v 34.19826627 -3.07515402 -22.58602908 0.54509804 0.71372549 0.60000000
v 33.93248436 -1.88223397 -22.86870681 0.54509804 0.71372549 0.60000000
v 33.17943112 3.39866259 -22.85383022 0.54509804 0.71372549 0.60000000
v 33.12036997 4.15358552 -22.76456167 0.54509804 0.71372549 0.60000000
v 33.97678134 -3.07515402 -22.92077938 0.54509804 0.71372549 0.60000000
v 32.87673430 -3.07515402 -24.38624507 0.54509804 0.71372549 0.60000000
v 32.35255256 -2.63715690 -25.02599247 0.54509804 0.71372549 0.60000000
v 32.30825558 -1.88223397 -24.98879649 0.54509804 0.71372549 0.60000000
v 33.01700959 4.90850734 -22.63810165 0.54509804 0.71372549 0.60000000
v 33.14251846 5.80942931 -22.05786511 0.54509804 0.71372549 0.60000000
v 32.64048296 4.90850734 -23.13650794 0.54509804 0.71372549 0.60000000
v 32.53712258 5.44621202 -23.01004567 0.54509804 0.71372549 0.60000000
v 32.43376220 5.95186773 -22.88358565 0.54509804 0.71372549 0.60000000
v 32.44114653 9.73004191 -20.62215485 0.54509804 0.71372549 0.60000000
v 33.24587659 9.08906903 -19.93033713 0.54509804 0.71372549 0.60000000
v 32.33040407 10.18940389 -20.45849886 0.54509804 0.71372549 0.60000000
v 31.81360216 10.72710858 -20.77837256 0.54509804 0.71372549 0.60000000
v 31.09746607 13.96401745 -19.32034516 0.54509804 0.71372549 0.60000000
v 31.48875686 13.98894406 -18.78474290 0.54509804 0.71372549 0.60000000
v 30.96457512 11.32178773 -21.41811996 0.54509804 0.71372549 0.60000000
v 31.66594480 14.25601553 -18.32353033 0.54509804 0.71372549 0.60000000
v 33.12036997 14.14206435 -15.92820010 0.54509804 0.71372549 0.60000000
v 33.26064300 13.63640864 -16.18856293 0.54509804 0.71372549 0.60000000
v 30.99410569 18.14101852 -15.43723210 0.54509804 0.71372549 0.60000000
v 32.45591069 15.80503163 -15.34052639 0.54509804 0.71372549 0.60000000
v 33.23849451 15.10352254 -14.64126812 0.54509804 0.71372549 0.60000000
v 33.74053001 13.17704553 -15.72734925 0.54509804 0.71372549 0.60000000
v 34.02107833 12.90641344 -15.45954924 0.54509804 0.71372549 0.60000000
v 34.76674724 12.12656389 -14.67846297 0.54509804 0.71372549 0.60000000
v 34.64123837 13.39782553 -13.49567613 0.54509804 0.71372549 0.60000000
v 34.10967230 13.17704553 -14.96114182 0.54509804 0.71372549 0.60000000
v 34.00631192 13.62572565 -14.67846297 0.54509804 0.71372549 0.60000000
v 33.98416343 14.34147723 -13.87506070 0.54509804 0.71372549 0.60000000
v 34.06537531 14.48747739 -13.49567613 0.54509804 0.71372549 0.60000000
v 31.68809554 18.06267582 -13.78579328 0.54509804 0.71372549 0.60000000
v 33.03915808 16.21454039 -13.51799214 0.54509804 0.71372549 0.60000000
v 32.25657426 16.95521971 -14.25444526 0.54509804 0.71372549 0.60000000
v 31.76192310 17.41814344 -14.72309612 0.54509804 0.71372549 0.60000000
v 33.31970640 15.23883971 -14.25444526 0.54509804 0.71372549 0.60000000
v 33.19419753 15.78010389 -13.78579328 0.54509804 0.71372549 0.60000000
v 31.05316909 18.96003605 -13.49567613 0.54509804 0.71372549 0.60000000
v 30.57328208 19.38379180 -13.55518700 0.54509804 0.71372549 0.60000000
v 25.71536215 24.93532157 -10.91437276 0.54509804 0.71372549 0.60000000
v 24.91062984 25.64395191 -10.82510534 0.54509804 0.71372549 0.60000000
v 25.80395612 25.73653486 -8.21404654 0.54509804 0.71372549 0.60000000
v 25.93684707 25.85048604 -7.46271627 0.54509804 0.71372549 0.60000000
v 25.58985327 26.33477576 -6.70394714 0.54509804 0.71372549 0.60000000
v 25.99591047 26.60540785 -2.93241779 0.54509804 0.71372549 0.60000000
v 21.53666452 29.00549046 -2.93241779 0.54509804 0.71372549 0.60000000
v 25.21332890 26.60184610 -6.70394714 0.54509804 0.71372549 0.60000000
v 24.63008152 26.97930813 -6.70394714 0.54509804 0.71372549 0.60000000
v 25.36836835 26.61965034 -5.97493344 0.54509804 0.71372549 0.60000000
v 24.33476678 27.27486796 -5.95261687 0.54509804 0.71372549 0.60000000
v 23.79581863 27.60603627 -5.95261687 0.54509804 0.71372549 0.60000000
v 23.79581863 27.69149797 -5.20128660 0.54509804 0.71372549 0.60000000
v 15.49748678 31.47679452 0.83167256 0.54509804 0.71372549 0.60000000
v 18.31035545 30.24470424 3.09310237 0.54509804 0.71372549 0.60000000
v 16.25053778 30.65065350 6.11330173 0.54509804 0.71372549 0.60000000
v 15.86662907 30.18060627 8.73179939 0.54509804 0.71372549 0.60000000
v 16.25053778 29.97051040 9.12606111 0.54509804 0.71372549 0.60000000
v 21.53666452 29.01261395 0.07290340 0.54509804 0.71372549 0.60000000
v 20.56212748 29.51114616 -0.67098802 0.54509804 0.71372549 0.60000000
v 20.54736107 29.50046542 0.07290340 0.54509804 0.71372549 0.60000000
v 20.93126977 29.32241852 -2.18108752 0.54509804 0.71372549 0.60000000
v 15.49748678 31.50528400 0.07290340 0.54509804 0.71372549 0.60000000
v 20.56212748 29.50758666 -1.42975725 0.54509804 0.71372549 0.60000000
v 20.02317820 29.71412080 -2.93241779 0.54509804 0.71372549 0.60000000
v 16.25053778 31.21684542 -2.18108752 0.54509804 0.71372549 0.60000000
v 15.23170375 29.46129519 11.87845990 0.54509804 0.71372549 0.60000000
v 14.92900693 29.37939299 12.38430561 0.54509804 0.71372549 0.60000000
v 13.99138367 29.71412080 12.14626103 0.54509804 0.71372549 0.60000000
v 13.99138367 29.50402717 12.68930159 0.54509804 0.71372549 0.60000000
v 12.11613770 29.42924621 14.04318385 0.54509804 0.71372549 0.60000000
v 13.23833155 28.59954344 15.33011583 0.54509804 0.71372549 0.60000000
v 13.23833155 28.31822611 15.91778954 0.54509804 0.71372549 0.60000000
v 11.39261728 27.18228277 19.33969116 0.54509804 0.71372549 0.60000000
v 14.55248031 25.74721785 20.23979915 0.54509804 0.71372549 0.60000000
v 19.97149914 25.39468355 17.36837864 0.54509804 0.71372549 0.60000000
v 14.34576067 24.89258960 21.57136427 0.54509804 0.71372549 0.60000000
v 16.18409230 24.32639768 21.19197971 0.54509804 0.71372549 0.60000000
v 16.79686913 24.23737198 20.93161687 0.54509804 0.71372549 0.60000000
v 17.29890350 24.09493356 20.76796087 0.54509804 0.71372549 0.60000000
v 17.76402409 23.25455005 21.42258712 0.54509804 0.71372549 0.60000000
v 18.27344167 22.73109010 21.66063057 0.54509804 0.71372549 0.60000000
v 18.77547604 22.53879622 21.47465968 0.54509804 0.71372549 0.60000000
v 22.58503025 17.29707101 23.78072250 0.54509804 0.71372549 0.60000000
v 24.94016266 17.36472847 21.58624311 0.54509804 0.71372549 0.60000000
v 13.61485817 30.18416802 11.02298505 0.54509804 0.71372549 0.60000000
v 13.91755498 30.01324237 11.32054162 0.54509804 0.71372549 0.60000000
v 23.27163689 11.69924976 27.48530185 0.54509804 0.71372549 0.60000000
v 26.49794596 12.90285281 23.89230593 0.54509804 0.71372549 0.60000000
v 18.71641265 17.22585180 26.74140931 0.54509804 0.71372549 0.60000000
v 19.06340757 16.72375784 26.96457617 0.54509804 0.71372549 0.60000000
v 19.56544194 16.53502570 26.80092017 0.54509804 0.71372549 0.60000000
v 20.07485839 16.25727237 26.67446015 0.54509804 0.71372549 0.60000000
v 20.35540672 15.79790813 26.83067561 0.54509804 0.71372549 0.60000000
v 20.73193334 16.18249141 26.28019675 0.54509804 0.71372549 0.60000000
v 21.83197926 12.00193084 28.32589898 0.54509804 0.71372549 0.60000000
v 22.07561267 11.49983576 28.47467613 0.54509804 0.71372549 0.60000000
v 22.57764705 11.20427705 28.31102014 0.54509804 0.71372549 0.60000000
v 22.89511027 11.69924976 27.79029671 0.54509804 0.71372549 0.60000000
v 27.87853908 11.17934932 23.78816080 0.54509804 0.71372549 0.60000000
v 23.08706462 11.01198541 28.02834241 0.54509804 0.71372549 0.60000000
v 22.75483723 9.19589784 29.18881324 0.54509804 0.71372549 0.60000000
v 23.56695163 10.81969378 27.73822414 0.54509804 0.71372549 0.60000000
v 24.07636695 10.38169553 27.52249558 0.54509804 0.71372549 0.60000000
v 25.66368308 10.53125632 26.08678532 0.54509804 0.71372549 0.60000000
v 29.45108880 9.80125999 23.08146424 0.54509804 0.71372549 0.60000000
v 30.07124884 10.18940389 22.15903911 0.54509804 0.71372549 0.60000000
v 29.69472221 10.18940389 22.59049624 0.54509804 0.71372549 0.60000000
v 30.18199130 9.75496739 22.30037797 0.54509804 0.71372549 0.60000000
v 30.61019699 9.46653106 21.97306597 0.54509804 0.71372549 0.60000000
v 30.83168191 8.68311977 22.17391570 0.54509804 0.71372549 0.60000000
v 31.02363626 9.18165423 21.64575398 0.54509804 0.71372549 0.60000000
v 31.71762611 9.05702005 20.82003344 0.54509804 0.71372549 0.60000000
v 31.62164781 9.43448208 20.68613287 0.54509804 0.71372549 0.60000000
v 32.39684955 8.91458163 19.96455972 0.54509804 0.71372549 0.60000000
v 30.93504229 8.24512265 22.30037797 0.54509804 0.71372549 0.60000000
v 31.05316909 7.74302756 22.44171683 0.54509804 0.71372549 0.60000000
v 31.18606004 7.17327502 22.59793454 0.54509804 0.71372549 0.60000000
v 30.95719079 6.78156937 23.08146424 0.54509804 0.71372549 0.60000000
v 31.37063231 6.47888830 22.73927340 0.54509804 0.71372549 0.60000000
v 31.06793550 6.27947541 23.20048596 0.54509804 0.71372549 0.60000000
v 31.56996874 5.66343027 22.90292940 0.54509804 0.71372549 0.60000000
v 31.66594480 5.14709157 23.02195337 0.54509804 0.71372549 0.60000000
v 31.85051707 4.15358552 23.22280310 0.54509804 0.71372549 0.60000000
v 31.19344212 5.66343027 23.34182707 0.54509804 0.71372549 0.60000000
v 30.94242662 5.21831078 23.81791623 0.54509804 0.71372549 0.60000000
v 30.28535168 4.73758169 24.68083049 0.54509804 0.71372549 0.60000000
v 30.01218544 4.15358552 25.15692190 0.54509804 0.71372549 0.60000000
v 28.76448328 4.67348485 26.16117502 0.54509804 0.71372549 0.60000000
v 27.30267603 3.99690349 27.70846871 0.54509804 0.71372549 0.60000000
v 26.40935199 4.46694959 28.34821611 0.54509804 0.71372549 0.60000000
v 25.72274423 1.60750275 29.91038639 0.54509804 0.71372549 0.60000000
v 25.02137455 3.22417632 29.94758237 0.54509804 0.71372549 0.60000000
v 25.13949909 2.64730140 30.02941037 0.54509804 0.71372549 0.60000000
v 23.44882483 4.58802202 30.64684063 0.54509804 0.71372549 0.60000000
v 25.24285947 1.08760231 30.39391609 0.54509804 0.71372549 0.60000000
v 25.44219591 -2.63715690 30.49062293 0.54509804 0.71372549 0.60000000
v 25.98114406 -1.88223397 30.09635953 0.54509804 0.71372549 0.60000000
v 24.94754474 0.79916485 30.63940009 0.54509804 0.71372549 0.60000000
v 21.16752111 0.77423824 32.90083088 0.54509804 0.71372549 0.60000000
v 21.59572792 0.38253372 32.72229604 0.54509804 0.71372549 0.60000000
v 21.66955548 -0.37238922 32.77436861 0.54509804 0.71372549 0.60000000
v 21.71385359 -1.12731103 32.81156459 0.54509804 0.71372549 0.60000000
v 22.28971664 -1.12731103 32.45449491 0.54509804 0.71372549 0.60000000
v 26.35767068 -1.88223397 29.81368180 0.54509804 0.71372549 0.60000000
v 26.35028860 -2.63715690 29.79880296 0.54509804 0.71372549 0.60000000
v 26.34290427 -3.07515402 29.79136467 0.54509804 0.71372549 0.60000000
v 32.85458581 3.39866259 -23.30760224 0.54509804 0.71372549 0.60000000
v 32.55927108 -1.12731103 -24.55734161 0.54509804 0.71372549 0.60000000
v 32.69954636 4.11085355 -23.34479821 0.54509804 0.71372549 0.60000000
v 32.53712258 -3.07515402 -24.82514049 0.54509804 0.71372549 0.60000000
v 32.35993464 -3.07515402 -25.04830960 0.54509804 0.71372549 0.60000000
v 32.20489520 -3.07515402 -25.24172103 0.54509804 0.71372549 0.60000000
v 31.97602594 -2.63715690 -25.49464333 0.54509804 0.71372549 0.60000000
v 31.89481405 -1.12731103 -25.39049819 0.54509804 0.71372549 0.60000000
v 32.27134067 -1.12731103 -24.92928563 0.54509804 0.71372549 0.60000000
v 32.41899804 4.33163242 -23.62003764 0.54509804 0.71372549 0.60000000
v 32.32301974 4.90850734 -23.50845421 0.54509804 0.71372549 0.60000000
v 32.13106539 5.72752823 -23.33735767 0.54509804 0.71372549 0.60000000
v 31.70285970 6.00884332 -23.66467191 0.54509804 0.71372549 0.60000000
v 31.03840267 8.45521965 -23.02492451 0.54509804 0.71372549 0.60000000
v 31.09746607 10.81969378 -21.56689712 0.54509804 0.71372549 0.60000000
v 30.97195720 14.34860072 -19.16412746 0.54509804 0.71372549 0.60000000
v 30.92027813 13.51533621 -19.86338573 0.54509804 0.71372549 0.60000000
v 27.89330549 15.00737784 -22.10993768 0.54509804 0.71372549 0.60000000
v 30.24843678 11.38588570 -22.21408281 0.54509804 0.71372549 0.60000000
v 30.83168191 17.89887366 -15.94307781 0.54509804 0.71372549 0.60000000
v 33.72576360 13.91060248 -14.96114182 0.54509804 0.71372549 0.60000000
v 30.22628828 18.87457434 -15.40003725 0.54509804 0.71372549 0.60000000
v 30.19675771 19.60457067 -13.84530414 0.54509804 0.71372549 0.60000000
v 32.42638012 16.52078321 -14.51480697 0.54509804 0.71372549 0.60000000
v 31.65118063 17.23653480 -15.22894296 0.54509804 0.71372549 0.60000000
v 30.32226658 18.21579723 -16.26295151 0.54509804 0.71372549 0.60000000
v 29.38464332 18.79267214 -16.79855378 0.54509804 0.71372549 0.60000000
v 29.56183126 18.96359779 -16.30014636 0.54509804 0.71372549 0.60000000
v 33.68884869 14.64416055 -14.18005556 0.54509804 0.71372549 0.60000000
v 33.87342096 14.12782073 -14.38090641 0.54509804 0.71372549 0.60000000
v 24.84418436 24.82136814 -12.93775673 0.54509804 0.71372549 0.60000000
v 24.32738470 25.02790452 -13.49567613 0.54509804 0.71372549 0.60000000
v 24.57840245 25.14541520 -12.70715045 0.54509804 0.71372549 0.60000000
v 24.05421846 26.33121626 -10.48291563 0.54509804 0.71372549 0.60000000
v 24.61531735 25.93594774 -10.53498820 0.54509804 0.71372549 0.60000000
v 23.65554560 27.31047644 -8.21404654 0.54509804 0.71372549 0.60000000
v 24.03206997 27.05052734 -8.21404654 0.54509804 0.71372549 0.60000000
v 25.00660814 25.72229236 -10.31925963 0.54509804 0.71372549 0.60000000
v 24.04683638 25.56204971 -12.74434530 0.54509804 0.71372549 0.60000000
v 24.15757884 25.64039016 -12.32032759 0.54509804 0.71372549 0.60000000
v 22.56288176 26.34189700 -13.49567613 0.54509804 0.71372549 0.60000000
v 24.13543035 27.13599129 -7.63381169 0.54509804 0.71372549 0.60000000
v 24.93277833 27.16447853 -3.32668035 0.54509804 0.71372549 0.60000000
v 23.40452785 27.91227909 -5.20128660 0.54509804 0.71372549 0.60000000
v 20.89435599 29.31529503 -2.93241779 0.54509804 0.71372549 0.60000000
v 24.25355714 27.21077000 -6.70394714 0.54509804 0.71372549 0.60000000
v 23.79581863 27.48852559 -6.70394714 0.54509804 0.71372549 0.60000000
v 23.12397953 27.76271943 -7.46271627 0.54509804 0.71372549 0.60000000
v 23.30116747 27.87310662 -5.95261687 0.54509804 0.71372549 0.60000000
v 15.04713260 31.66552666 0.07290340 0.54509804 0.71372549 0.60000000
v 14.99545241 31.65484142 0.83167256 0.54509804 0.71372549 0.60000000
v 15.49748678 31.32367536 2.34177210 0.54509804 0.71372549 0.60000000
v 15.49748678 31.24533265 3.09310237 0.54509804 0.71372549 0.60000000
v 14.74443466 31.21684542 5.35453204 0.54509804 0.71372549 0.60000000
v 15.49748678 30.86431113 6.13561830 0.54509804 0.71372549 0.60000000
v 14.21286972 30.89279836 7.62340113 0.54509804 0.71372549 0.60000000
v 13.66653836 30.94977283 8.03997998 0.54509804 0.71372549 0.60000000
v 20.07485839 29.61085485 -3.69862606 0.54509804 0.71372549 0.60000000
v 18.38418413 30.28743621 -4.44251747 0.54509804 0.71372549 0.60000000
v 17.76402409 30.52958107 -4.44251747 0.54509804 0.71372549 0.60000000
v 16.21362400 31.06728351 -5.20128660 0.54509804 0.71372549 0.60000000
v 15.49748678 31.44118604 -2.93241779 0.54509804 0.71372549 0.60000000
v 15.49748678 31.47323277 -2.18108752 0.54509804 0.71372549 0.60000000
v 13.23833155 29.88504869 12.14626103 0.54509804 0.71372549 0.60000000
v 13.23833155 30.10582757 11.52139135 0.54509804 0.71372549 0.60000000
v 11.03085763 30.35509367 12.21321131 0.54509804 0.71372549 0.60000000
v 10.97179480 29.82451248 13.65635987 0.54509804 0.71372549 0.60000000
v 10.97179480 29.56456338 14.28866785 0.54509804 0.71372549 0.60000000
v 10.05632002 29.48622068 14.92097583 0.54509804 0.71372549 0.60000000
v 9.46569168 29.17641836 15.91778954 0.54509804 0.71372549 0.60000000
v 10.97179480 27.22501474 19.42895746 0.54509804 0.71372549 0.60000000
v 10.21874324 27.09325932 19.94968088 0.54509804 0.71372549 0.60000000
v 9.92342851 25.69024113 22.38220597 0.54509804 0.71372549 0.60000000
v 12.50004640 26.23862881 20.41833399 0.54509804 0.71372549 0.60000000
v 13.99138367 25.83624130 20.38113801 0.54509804 0.71372549 0.60000000
v 8.70525692 28.98056497 16.67655979 0.54509804 0.71372549 0.60000000
v 13.99138367 25.60477943 20.75308428 0.54509804 0.71372549 0.60000000
v 13.09805795 25.75790084 20.93905742 0.54509804 0.71372549 0.60000000
v 9.46569168 24.82136814 23.74352652 0.54509804 0.71372549 0.60000000
v 10.21874324 24.70741920 23.57243223 0.54509804 0.71372549 0.60000000
v 10.21874324 24.32995717 24.04852363 0.54509804 0.71372549 0.60000000
v 10.73554290 24.22669123 23.93694020 0.54509804 0.71372549 0.60000000
v 14.88470995 23.29728202 22.98475740 0.54509804 0.71372549 0.60000000
v 15.49748678 23.50381615 22.46403397 0.54509804 0.71372549 0.60000000
v 15.88877756 24.15191028 21.58624311 0.54509804 0.71372549 0.60000000
v 16.39081194 24.01303136 21.43746371 0.54509804 0.71372549 0.60000000
v 15.90354398 23.40766921 22.35245054 0.54509804 0.71372549 0.60000000
v 18.21437828 17.40033920 26.90506531 0.54509804 0.71372549 0.60000000
v 13.23833155 30.22690000 11.14200678 0.54509804 0.71372549 0.60000000
v 12.47789791 31.34503910 7.62340113 0.54509804 0.71372549 0.60000000
v 10.60265194 31.69401164 8.00278569 0.54509804 0.71372549 0.60000000
v 18.48754452 16.97658570 27.08360015 0.54509804 0.71372549 0.60000000
v 18.51707509 16.38546604 27.47786130 0.54509804 0.71372549 0.60000000
v 18.90836700 15.86200610 27.62664071 0.54509804 0.71372549 0.60000000
v 19.24059551 16.19673615 27.22493901 0.54509804 0.71372549 0.60000000
v 19.85337347 16.02937000 26.98689331 0.54509804 0.71372549 0.60000000
v 21.07154506 12.74973140 28.31845843 0.54509804 0.71372549 0.60000000
v 21.32994488 12.24763632 28.47467613 0.54509804 0.71372549 0.60000000
v 21.49975074 11.66364016 28.72760068 0.54509804 0.71372549 0.60000000
v 21.16013903 11.32534948 29.12186183 0.54509804 0.71372549 0.60000000
v 20.96818467 10.36745191 29.77648583 0.54509804 0.71372549 0.60000000
v 21.54404773 10.20008689 29.50868469 0.54509804 0.71372549 0.60000000
v 21.89104153 10.53837869 29.10698524 0.54509804 0.71372549 0.60000000
v 22.08299588 10.03628248 29.24088581 0.54509804 0.71372549 0.60000000
v 22.31924722 10.24994011 28.97308467 0.54509804 0.71372549 0.60000000
v 22.58503025 9.69799293 29.06978926 0.54509804 0.71372549 0.60000000
v 22.75483723 10.70218197 28.43748241 0.54509804 0.71372549 0.60000000
v 28.81616235 9.24931169 23.94437850 0.54509804 0.71372549 0.60000000
v 23.55956730 9.29204366 28.48955497 0.54509804 0.71372549 0.60000000
v 23.07968254 9.49501830 28.77967324 0.54509804 0.71372549 0.60000000
v 22.31924722 9.44160333 29.38222467 0.54509804 0.71372549 0.60000000
v 22.06823059 8.54068135 29.99221439 0.54509804 0.71372549 0.60000000
v 22.57026496 8.14897683 29.80624126 0.54509804 0.71372549 0.60000000
v 22.71792233 7.64688287 29.92526523 0.54509804 0.71372549 0.60000000
v 23.51527031 6.20469558 29.95502066 0.54509804 0.71372549 0.60000000
v 28.81616235 6.24030519 25.44703792 0.54509804 0.71372549 0.60000000
v 30.21152187 8.30209824 23.08890253 0.54509804 0.71372549 0.60000000
v 30.45515754 8.68311977 22.60537283 0.54509804 0.71372549 0.60000000
v 29.34772841 8.68311977 23.74352652 0.54509804 0.71372549 0.60000000
v 29.59136183 6.28303716 24.72546476 0.54509804 0.71372549 0.60000000
v 30.21890620 6.80293536 23.84767166 0.54509804 0.71372549 0.60000000
v 30.86859682 7.17327502 22.97731910 0.54509804 0.71372549 0.60000000
v 30.44039113 7.10205694 23.46828710 0.54509804 0.71372549 0.60000000
v 30.73570586 6.48601067 23.46084880 0.54509804 0.71372549 0.60000000
v 30.85383040 5.66343027 23.72121164 0.54509804 0.71372549 0.60000000
v 30.19675771 5.24323739 24.57668536 0.54509804 0.71372549 0.60000000
v 29.53230069 4.73046044 25.42472303 0.54509804 0.71372549 0.60000000
v 29.43632239 5.23255440 25.32801619 0.54509804 0.71372549 0.60000000
v 29.34034633 5.66343027 25.24618819 0.54509804 0.71372549 0.60000000
v 28.65374082 5.17557993 26.06446818 0.54509804 0.71372549 0.60000000
v 25.77442554 5.42840666 28.44492070 0.54509804 0.71372549 0.60000000
v 24.15757884 5.25748101 29.86575437 0.54509804 0.71372549 0.60000000
v 24.28308772 4.75538705 29.96245896 0.54509804 0.71372549 0.60000000
v 24.90324776 3.72627027 29.85831382 0.54509804 0.71372549 0.60000000
v 28.52823194 5.66343027 25.96032305 0.54509804 0.71372549 0.60000000
v 24.43074508 4.15358552 30.07404239 0.54509804 0.71372549 0.60000000
v 23.33069804 5.09011598 30.56501039 0.54509804 0.71372549 0.60000000
v 23.06491613 4.86933711 30.80305609 0.54509804 0.71372549 0.60000000
v 21.90580794 5.27172463 31.38329263 0.54509804 0.71372549 0.60000000
v 25.44219591 -3.07515402 30.48318239 0.54509804 0.71372549 0.60000000
v 25.66368308 -3.07515402 30.32696693 0.54509804 0.71372549 0.60000000
v 25.97376198 -2.63715690 30.11123837 0.54509804 0.71372549 0.60000000
v 21.72123567 -1.88223397 32.80412404 0.54509804 0.71372549 0.60000000
v 21.04939544 1.27633332 32.84132002 0.54509804 0.71372549 0.60000000
v 17.01097310 4.15358552 34.05386117 0.54509804 0.71372549 0.60000000
v 17.76402409 2.64730140 34.01666744 0.54509804 0.71372549 0.60000000
v 20.78361353 0.38253372 33.11655945 0.54509804 0.71372549 0.60000000
v 21.21920130 0.38253372 32.92314802 0.54509804 0.71372549 0.60000000
v 21.29302998 -0.37238922 32.95290345 0.54509804 0.71372549 0.60000000
v 20.78361353 -1.88223397 33.28021545 0.54509804 0.71372549 0.60000000
v 20.14130387 -1.12731103 33.55545488 0.54509804 0.71372549 0.60000000
v 20.20775047 -1.88223397 33.57033372 0.54509804 0.71372549 0.60000000
v 25.96637990 -3.07515402 30.10379782 0.54509804 0.71372549 0.60000000
v 32.58141957 2.64730140 -23.81344907 0.54509804 0.71372549 0.60000000
v 32.52974050 3.39866259 -23.73905937 0.54509804 0.71372549 0.60000000
v 32.48544352 3.82597784 -23.69442734 0.54509804 0.71372549 0.60000000
v 31.85051707 -3.07515402 -25.67317816 0.54509804 0.71372549 0.60000000
v 31.65856271 -2.63715690 -25.87402789 0.54509804 0.71372549 0.60000000
v 31.54043817 -1.12731103 -25.76244446 0.54509804 0.71372549 0.60000000
v 31.66594480 4.28890157 -24.39368336 0.54509804 0.71372549 0.60000000
v 31.94649537 4.90850734 -23.91015591 0.54509804 0.71372549 0.60000000
v 31.82098649 5.50318762 -23.78369364 0.54509804 0.71372549 0.60000000
v 30.94242662 7.50088270 -23.65723137 0.54509804 0.71372549 0.60000000
v 26.54224295 7.02371536 -28.32143182 0.54509804 0.71372549 0.60000000
v 26.42411616 7.52581044 -28.20240784 0.54509804 0.71372549 0.60000000
v 29.41417389 10.48852434 -23.64235478 0.54509804 0.71372549 0.60000000
v 28.72018629 18.13033553 -18.42023605 0.54509804 0.71372549 0.60000000
v 29.42155597 18.05911632 -17.60195606 0.54509804 0.71372549 0.60000000
v 27.25837904 16.68102587 -21.49250741 0.54509804 0.71372549 0.60000000
v 27.08857318 17.96296937 -20.53288856 0.54509804 0.71372549 0.60000000
v 30.08601525 11.88797966 -22.03554798 0.54509804 0.71372549 0.60000000
v 29.51015219 11.39656869 -22.98773078 0.54509804 0.71372549 0.60000000
v 29.05241368 11.65651779 -23.27784680 0.54509804 0.71372549 0.60000000
v 28.77186536 11.41437293 -23.73905937 0.54509804 0.71372549 0.60000000
v 26.45364898 15.86556784 -22.94309651 0.54509804 0.71372549 0.60000000
v 27.20669997 15.86200610 -22.18432738 0.54509804 0.71372549 0.60000000
v 29.28866502 10.94432683 -23.50845421 0.54509804 0.71372549 0.60000000
v 24.20926016 24.17683576 -15.44467152 0.54509804 0.71372549 0.60000000
v 24.20926016 24.93175982 -13.93457156 0.54509804 0.71372549 0.60000000
v 29.15577406 18.56833152 -17.35647206 0.54509804 0.71372549 0.60000000
v 23.37499727 24.09849531 -16.82830921 0.54509804 0.71372549 0.60000000
v 26.58653993 19.02057226 -20.09399313 0.54509804 0.71372549 0.60000000
v 26.30599161 19.52622797 -19.72204686 0.54509804 0.71372549 0.60000000
v 23.55218521 24.26942096 -16.32246238 0.54509804 0.71372549 0.60000000
v 23.78105447 25.43741553 -13.52543156 0.54509804 0.71372549 0.60000000
v 24.15757884 26.39887147 -10.04401908 0.54509804 0.71372549 0.60000000
v 21.27088149 27.24281898 -13.33945843 0.54509804 0.71372549 0.60000000
v 22.97632216 27.70218321 -8.15453511 0.54509804 0.71372549 0.60000000
v 22.85819537 25.81131356 -14.25444526 0.54509804 0.71372549 0.60000000
v 22.03869889 26.49145892 -14.03871670 0.54509804 0.71372549 0.60000000
v 21.13799053 27.15023378 -13.84530414 0.54509804 0.71372549 0.60000000
v 23.84749995 27.34608717 -7.41064426 0.54509804 0.71372549 0.60000000
v 22.67362535 27.92296208 -7.85697911 0.54509804 0.71372549 0.60000000
v 22.74007082 27.95144932 -7.46271627 0.54509804 0.71372549 0.60000000
v 14.61154371 31.77947559 -0.67098802 0.54509804 0.71372549 0.60000000
v 14.67060598 31.76523310 0.07290340 0.54509804 0.71372549 0.60000000
v 14.55986352 31.75454786 -2.93241779 0.54509804 0.71372549 0.60000000
v 13.23833155 32.05723118 1.58300297 0.54509804 0.71372549 0.60000000
v 13.99138367 31.85781605 1.58300297 0.54509804 0.71372549 0.60000000
v 14.39005766 31.69757339 2.00702096 0.54509804 0.71372549 0.60000000
v 14.74443466 31.47679452 3.09310237 0.54509804 0.71372549 0.60000000
v 13.99138367 31.43406255 5.35453204 0.54509804 0.71372549 0.60000000
v 14.36052596 30.93553033 7.23657771 0.54509804 0.71372549 0.60000000
v 18.25867526 30.24114249 -5.20128660 0.54509804 0.71372549 0.60000000
v 16.08811512 31.03167503 -5.95261687 0.54509804 0.71372549 0.60000000
v 16.59014949 30.91772609 -5.20128660 0.54509804 0.71372549 0.60000000
v 19.52852704 29.37939299 -7.46271627 0.54509804 0.71372549 0.60000000
v 15.49748678 31.23464966 -5.95261687 0.54509804 0.71372549 0.60000000
v 15.49748678 31.30586887 -5.20128660 0.54509804 0.71372549 0.60000000
v 14.85517825 31.61211169 -3.69118692 0.54509804 0.71372549 0.60000000
v 14.93638901 31.62991593 -2.93241779 0.54509804 0.71372549 0.60000000
v 11.72484635 30.27319372 12.01236046 0.54509804 0.71372549 0.60000000
v 10.97179480 30.61148327 11.39493020 0.54509804 0.71372549 0.60000000
v 10.21874324 30.52601932 12.14626103 0.54509804 0.71372549 0.60000000
v 10.21874324 29.95270616 13.65635987 0.54509804 0.71372549 0.60000000
v 9.46569168 29.53251215 15.05487640 0.54509804 0.71372549 0.60000000
v 8.71264012 29.32597802 15.87315639 0.54509804 0.71372549 0.60000000
v 10.21874324 27.29267220 19.57029632 0.54509804 0.71372549 0.60000000
v 8.55760011 27.23213599 20.22492031 0.54509804 0.71372549 0.60000000
v 7.95220564 27.07901682 20.67869458 0.54509804 0.71372549 0.60000000
v 8.70525692 26.65526107 21.15478598 0.54509804 0.71372549 0.60000000
v 9.46569168 25.73653486 22.44915738 0.54509804 0.71372549 0.60000000
v 9.46569168 25.46946226 22.82854194 0.54509804 0.71372549 0.60000000
v 9.46569168 25.09200248 23.36414196 0.54509804 0.71372549 0.60000000
v 7.95220564 29.34734401 16.05912952 0.54509804 0.71372549 0.60000000
v 7.95220564 29.06246717 16.67655979 0.54509804 0.71372549 0.60000000
v 7.95220564 27.27842971 20.29931001 0.54509804 0.71372549 0.60000000
v 8.70525692 25.78282858 22.50866824 0.54509804 0.71372549 0.60000000
v 8.70525692 24.86410011 23.79559909 0.54509804 0.71372549 0.60000000
v 8.89721127 24.13054429 24.58412365 0.54509804 0.71372549 0.60000000
v 9.46569168 24.44390836 24.16010707 0.54509804 0.71372549 0.60000000
v 10.21874324 23.95249514 24.42790820 0.54509804 0.71372549 0.60000000
v 10.75769195 23.47176717 24.65851336 0.54509804 0.71372549 0.60000000
v 15.49748678 22.76313683 23.20048596 0.54509804 0.71372549 0.60000000
v 15.49748678 23.14059886 22.83598024 0.54509804 0.71372549 0.60000000
v 11.25972632 23.34713300 24.55436822 0.54509804 0.71372549 0.60000000
v 14.67798918 23.03377118 23.31950994 0.54509804 0.71372549 0.60000000
v 15.89616077 22.64918790 23.09634083 0.54509804 0.71372549 0.60000000
v 16.63444648 17.35760723 27.61920242 0.54509804 0.71372549 0.60000000
v 17.78617259 16.96234096 27.41091214 0.54509804 0.71372549 0.60000000
v 18.05933883 16.54927045 27.58200644 0.54509804 0.71372549 0.60000000
v 10.74292610 31.74030537 7.62340113 0.54509804 0.71372549 0.60000000
v 10.21874324 31.83289056 7.62340113 0.54509804 0.71372549 0.60000000
v 6.96290275 31.71537763 9.64678566 0.54509804 0.71372549 0.60000000
v 6.44610253 31.65840316 10.11543764 0.54509804 0.71372549 0.60000000
v 20.56951068 12.98831564 28.46723784 0.54509804 0.71372549 0.60000000
v 20.29634444 13.49040960 28.31102014 0.54509804 0.71372549 0.60000000
v 19.41778458 15.62698248 27.48530185 0.54509804 0.71372549 0.60000000
v 17.96336165 14.21328355 29.04747213 0.54509804 0.71372549 0.60000000
v 18.81238982 13.52245858 29.08466810 0.54509804 0.71372549 0.60000000
v 19.10770456 13.02036350 29.24088581 0.54509804 0.71372549 0.60000000
v 19.60973893 12.79958463 29.10698524 0.54509804 0.71372549 0.60000000
v 20.78361353 11.50339638 29.23344526 0.54509804 0.71372549 0.60000000
v 20.46615030 10.62740214 29.91038639 0.54509804 0.71372549 0.60000000
v 20.00841292 10.16803790 30.40135439 0.54509804 0.71372549 0.60000000
v 20.24466425 9.64457796 30.55013379 0.54509804 0.71372549 0.60000000
v 20.48091559 9.14248400 30.67659607 0.54509804 0.71372549 0.60000000
v 21.19705281 9.86535683 29.90294810 0.54509804 0.71372549 0.60000000
v 21.89842473 9.04277756 29.87319266 0.54509804 0.71372549 0.60000000
v 21.71385359 7.92819796 30.50549952 0.54509804 0.71372549 0.60000000
v 21.86889304 7.48663909 30.60220636 0.54509804 0.71372549 0.60000000
v 22.28233344 7.20888462 30.43855036 0.54509804 0.71372549 0.60000000
v 22.53335006 6.57147350 30.54269550 0.54509804 0.71372549 0.60000000
v 22.85819537 7.17327502 30.02941037 0.54509804 0.71372549 0.60000000
v 23.17565859 5.66343027 30.45342695 0.54509804 0.71372549 0.60000000
v 23.67030976 5.66343027 30.07404239 0.54509804 0.71372549 0.60000000
v 29.73163712 5.66343027 24.86680363 0.54509804 0.71372549 0.60000000
v 30.30750017 6.41835208 23.94437850 0.54509804 0.71372549 0.60000000
v 30.10816374 5.66343027 24.48741906 0.54509804 0.71372549 0.60000000
v 23.80320296 4.92275208 30.26745382 0.54509804 0.71372549 0.60000000
v 22.79913422 5.66343027 30.72122809 0.54509804 0.71372549 0.60000000
v 22.28971664 5.66343027 31.03366349 0.54509804 0.71372549 0.60000000
v 21.80244756 5.66343027 31.32378176 0.54509804 0.71372549 0.60000000
v 21.27088149 6.23674344 31.45024179 0.54509804 0.71372549 0.60000000
v 21.42592206 5.66343027 31.53206978 0.54509804 0.71372549 0.60000000
v 25.22071098 -3.07515402 30.61708295 0.54509804 0.71372549 0.60000000
v 20.20036727 -2.63715690 33.56289317 0.54509804 0.71372549 0.60000000
v 20.19298406 -3.07515402 33.55545488 0.54509804 0.71372549 0.60000000
v 20.43661860 -3.07515402 33.42899261 0.54509804 0.71372549 0.60000000
v 21.63264170 -3.07515402 32.74461318 0.54509804 0.71372549 0.60000000
v 17.35796690 5.22899378 33.63728288 0.54509804 0.71372549 0.60000000
v 17.07003537 4.95123931 33.83813260 0.54509804 0.71372549 0.60000000
v 20.78361353 5.66343027 31.85938178 0.54509804 0.71372549 0.60000000
v 20.30372765 5.66343027 32.09742748 0.54509804 0.71372549 0.60000000
v 16.19147550 4.85153287 34.23239601 0.54509804 0.71372549 0.60000000
v 16.37604665 4.15358552 34.30678571 0.54509804 0.71372549 0.60000000
v 17.01097310 3.39866259 34.19520228 0.54509804 0.71372549 0.60000000
v 13.54102949 -0.14804860 35.89871367 0.54509804 0.71372549 0.60000000
v 13.63700666 -0.65014368 35.92102856 0.54509804 0.71372549 0.60000000
v 19.83122385 -1.88223397 33.71911087 0.54509804 0.71372549 0.60000000
v 13.69606893 -1.12731103 35.95078624 0.54509804 0.71372549 0.60000000
v 14.18333802 -1.88223397 35.84664110 0.54509804 0.71372549 0.60000000
v 17.94121316 -3.07515402 34.47044171 0.54509804 0.71372549 0.60000000
v 19.82384177 -2.63715690 33.71911087 0.54509804 0.71372549 0.60000000
v 19.81645857 -3.07515402 33.71911087 0.54509804 0.71372549 0.60000000
v 19.97888122 -3.07515402 33.65216172 0.54509804 0.71372549 0.60000000
v 31.56996874 1.89237846 -25.04830960 0.54509804 0.71372549 0.60000000
v 27.25837904 3.22773694 -29.02812838 0.54509804 0.71372549 0.60000000
v 31.66594480 -3.07515402 -25.88890673 0.54509804 0.71372549 0.60000000
v 31.51090535 -3.07515402 -26.04512443 0.54509804 0.71372549 0.60000000
v 31.28942042 -3.07515402 -26.26085075 0.54509804 0.71372549 0.60000000
v 31.27465401 -2.63715690 -26.24597416 0.54509804 0.71372549 0.60000000
v 31.22297495 -1.88223397 -26.18646330 0.54509804 0.71372549 0.60000000
v 27.08857318 1.13745665 -29.62324151 0.54509804 0.71372549 0.60000000
v 26.64560333 1.89237846 -29.91335753 0.54509804 0.71372549 0.60000000
v 27.02212770 1.89237846 -29.54885181 0.54509804 0.71372549 0.60000000
v 27.40603641 1.89237846 -29.17690554 0.54509804 0.71372549 0.60000000
v 27.32482452 2.64730140 -29.09507754 0.54509804 0.71372549 0.60000000
v 27.11072167 4.15358552 -28.88678952 0.54509804 0.71372549 0.60000000
v 26.60868843 4.90850734 -29.13227351 0.54509804 0.71372549 0.60000000
v 27.17716715 3.73339264 -28.95373868 0.54509804 0.71372549 0.60000000
v 26.51271013 5.46045564 -29.03556668 0.54509804 0.71372549 0.60000000
v 26.40196766 5.96255072 -28.93142154 0.54509804 0.71372549 0.60000000
v 26.29860728 6.41835208 -28.83471695 0.54509804 0.71372549 0.60000000
v 25.53817421 7.92819796 -28.82727641 0.54509804 0.71372549 0.60000000
v 26.31337369 7.92819796 -28.09082441 0.54509804 0.71372549 0.60000000
v 27.89330549 10.47784247 -25.14501419 0.54509804 0.71372549 0.60000000
v 25.92208291 6.41835208 -29.19178438 0.54509804 0.71372549 0.60000000
v 25.78180763 6.99166638 -29.05788381 0.54509804 0.71372549 0.60000000
v 25.65629875 7.49376146 -28.93885984 0.54509804 0.71372549 0.60000000
v 28.91214065 10.94432683 -23.88040048 0.54509804 0.71372549 0.60000000
v 26.58653993 18.28701644 -20.83044512 0.54509804 0.71372549 0.60000000
v 26.37243709 18.79267214 -20.59239942 0.54509804 0.71372549 0.60000000
v 26.51271013 16.69527061 -22.25127654 0.54509804 0.71372549 0.60000000
v 26.78587637 16.94097497 -21.76774684 0.54509804 0.71372549 0.60000000
v 26.54962503 17.50004564 -21.54457998 0.54509804 0.71372549 0.60000000
v 25.59723760 14.97176711 -24.35648963 0.54509804 0.71372549 0.60000000
v 27.22146639 11.35739734 -25.21940390 0.54509804 0.71372549 0.60000000
v 24.89586567 15.80503163 -24.40856220 0.54509804 0.71372549 0.60000000
v 25.13949909 16.22166164 -23.88040048 0.54509804 0.71372549 0.60000000
v 24.96969323 16.64897689 -23.71674223 0.54509804 0.71372549 0.60000000
v 26.23954614 16.37122355 -22.75712338 0.54509804 0.71372549 0.60000000
v 26.73419730 16.11483395 -22.47444565 0.54509804 0.71372549 0.60000000
v 23.80320296 24.36556790 -15.72734925 0.54509804 0.71372549 0.60000000
v 22.65885893 24.13766554 -17.63915091 0.54509804 0.71372549 0.60000000
v 22.87296178 24.30503169 -17.14074349 0.54509804 0.71372549 0.60000000
v 23.05753405 24.54005305 -16.52331323 0.54509804 0.71372549 0.60000000
v 20.39970483 24.89971084 -19.15668916 0.54509804 0.71372549 0.60000000
v 26.08450444 19.27340236 -20.30972170 0.54509804 0.71372549 0.60000000
v 22.73268649 24.94244057 -16.21831837 0.54509804 0.71372549 0.60000000
v 20.84267580 27.39594039 -13.55518700 0.54509804 0.71372549 0.60000000
v 20.78361353 27.65588949 -12.74434530 0.54509804 0.71372549 0.60000000
v 22.54073327 27.86598762 -8.36282482 0.54509804 0.71372549 0.60000000
v 22.71792233 25.69380288 -14.70078011 0.54509804 0.71372549 0.60000000
v 22.28971664 26.20658208 -14.27676127 0.54509804 0.71372549 0.60000000
v 21.57357830 26.68374831 -14.27676127 0.54509804 0.71372549 0.60000000
v 19.62450421 27.90515784 -13.81554871 0.54509804 0.71372549 0.60000000
v 19.74262988 26.49857791 -16.98452579 0.54509804 0.71372549 0.60000000
v 19.24797872 27.00067412 -16.51587493 0.54509804 0.71372549 0.60000000
v 19.27012721 29.02329695 -9.72414650 0.54509804 0.71372549 0.60000000
v 12.00539467 32.42400797 -0.67098802 0.54509804 0.71372549 0.60000000
v 13.99138367 31.91479277 -2.93241779 0.54509804 0.71372549 0.60000000
v 13.99138367 31.89698628 -3.69118692 0.54509804 0.71372549 0.60000000
v 11.40738313 32.46317820 1.32264098 0.54509804 0.71372549 0.60000000
v 12.47789791 32.12845039 2.34177210 0.54509804 0.71372549 0.60000000
v 12.92825209 31.70113514 5.03465890 0.54509804 0.71372549 0.60000000
v 11.72484635 31.90767152 5.35453204 0.54509804 0.71372549 0.60000000
v 11.75437749 31.78659909 6.12817945 0.54509804 0.71372549 0.60000000
v 18.51707509 29.79602300 -7.46271627 0.54509804 0.71372549 0.60000000
v 17.75664089 30.09158283 -7.52222770 0.54509804 0.71372549 0.60000000
v 17.76402409 29.95982740 -8.21404654 0.54509804 0.71372549 0.60000000
v 16.32436646 30.36221492 -9.03976595 0.54509804 0.71372549 0.60000000
v 15.49748678 30.69338547 -8.97281567 0.54509804 0.71372549 0.60000000
v 13.99138367 31.23108791 -8.97281567 0.54509804 0.71372549 0.60000000
v 17.65328163 29.55387814 -10.48291563 0.54509804 0.71372549 0.60000000
v 17.01097310 29.82451248 -10.48291563 0.54509804 0.71372549 0.60000000
v 13.55579477 31.67620740 -6.94199228 0.54509804 0.71372549 0.60000000
v 13.94708668 31.59430520 -6.69650828 0.54509804 0.71372549 0.60000000
v 14.74443466 31.45542853 -5.95261687 0.54509804 0.71372549 0.60000000
v 14.02091536 31.82220757 -4.42020062 0.54509804 0.71372549 0.60000000
v 9.46569168 30.62572576 12.14626103 0.54509804 0.71372549 0.60000000
v 7.19915409 27.30335520 20.32162715 0.54509804 0.71372549 0.60000000
v 4.17956514 27.94076632 19.36200605 0.54509804 0.71372549 0.60000000
v 6.44610253 27.32116168 20.33650599 0.54509804 0.71372549 0.60000000
v 5.69305111 27.34252542 20.33650599 0.54509804 0.71372549 0.60000000
v 7.19915409 27.08257632 20.70101172 0.54509804 0.71372549 0.60000000
v 3.43389648 24.99229604 23.97413393 0.54509804 0.71372549 0.60000000
v 7.19915409 25.82556055 22.56817910 0.54509804 0.71372549 0.60000000
v 7.95220564 25.81487531 22.54586197 0.54509804 0.71372549 0.60000000
v 7.19915409 29.74261028 15.16645983 0.54509804 0.71372549 0.60000000
v 6.44610253 29.39363548 16.21534610 0.54509804 0.71372549 0.60000000
v 4.76281091 27.93008333 19.33969116 0.54509804 0.71372549 0.60000000
v 3.43389648 24.67537022 24.35351850 0.54509804 0.71372549 0.60000000
v 8.66834314 24.41898062 24.28656709 0.54509804 0.71372549 0.60000000
v 9.46569168 24.07000807 24.53205333 0.54509804 0.71372549 0.60000000
v 8.39517718 24.14834853 24.59900249 0.54509804 0.71372549 0.60000000
v 4.17956514 17.29707101 30.59476807 0.54509804 0.71372549 0.60000000
v 4.93261670 17.72082451 30.19306637 0.54509804 0.71372549 0.60000000
v 5.69305111 18.06979931 29.84343723 0.54509804 0.71372549 0.60000000
v 6.44610253 18.01282260 29.80624126 0.54509804 0.71372549 0.60000000
v 9.46569168 18.21223548 29.22600697 0.54509804 0.71372549 0.60000000
v 10.21874324 23.57503536 24.73290306 0.54509804 0.71372549 0.60000000
v 9.98249190 18.15169927 29.16649610 0.54509804 0.71372549 0.60000000
v 10.48452571 18.06979931 29.08466810 0.54509804 0.71372549 0.60000000
v 10.97179480 17.59619259 29.31527326 0.54509804 0.71372549 0.60000000
v 11.72484635 17.44307118 29.19625154 0.54509804 0.71372549 0.60000000
v 13.23833155 17.60687333 28.57138297 0.54509804 0.71372549 0.60000000
v 13.23833155 17.12614536 28.95076754 0.54509804 0.71372549 0.60000000
v 13.71821743 16.64897689 29.15905781 0.54509804 0.71372549 0.60000000
v 14.22025180 16.52078321 29.06978926 0.54509804 0.71372549 0.60000000
v 15.17264035 15.87625084 29.14417897 0.54509804 0.71372549 0.60000000
v 15.67467472 15.72312943 29.04747213 0.54509804 0.71372549 0.60000000
v 17.01097310 14.54089236 29.25576240 0.54509804 0.71372549 0.60000000
v 16.98882348 13.92840784 29.64258526 0.54509804 0.71372549 0.60000000
v 17.46132728 14.39133270 29.15905781 0.54509804 0.71372549 0.60000000
v 15.83709850 14.31655174 29.86575437 0.54509804 0.71372549 0.60000000
v 10.97179480 31.94328000 6.11330173 0.54509804 0.71372549 0.60000000
v 10.21874324 31.96464599 6.86463200 0.54509804 0.71372549 0.60000000
v 6.44610253 32.84776147 4.60320177 0.54509804 0.71372549 0.60000000
v 6.44610253 32.71244655 5.35453204 0.54509804 0.71372549 0.60000000
v 6.44610253 32.22815683 7.62340113 0.54509804 0.71372549 0.60000000
v 4.17956514 31.66196491 10.07080337 0.54509804 0.71372549 0.60000000
v 4.17956514 31.47679452 10.63616107 0.54509804 0.71372549 0.60000000
v 2.68084495 30.27319372 14.27379013 0.54509804 0.71372549 0.60000000
v 4.93261670 29.87080395 15.16645983 0.54509804 0.71372549 0.60000000
v 5.69305111 32.25664407 7.62340113 0.54509804 0.71372549 0.60000000
v 4.93261670 32.09284191 8.37473140 0.54509804 0.71372549 0.60000000
v 19.89028725 12.29392892 29.25576240 0.54509804 0.71372549 0.60000000
v 20.39232162 12.06602768 29.11442354 0.54509804 0.71372549 0.60000000
v 17.73449240 13.96045570 29.30039667 0.54509804 0.71372549 0.60000000
v 18.08148732 12.78890163 29.85087553 0.54509804 0.71372549 0.60000000
v 18.53922471 13.24470412 29.37478637 0.54509804 0.71372549 0.60000000
v 18.51707509 12.62153660 29.75417094 0.54509804 0.71372549 0.60000000
v 18.90836700 12.09095429 29.88806926 0.54509804 0.71372549 0.60000000
v 20.19298406 11.13305784 29.76904753 0.54509804 0.71372549 0.60000000
v 19.24059551 10.90871722 30.37903950 0.54509804 0.71372549 0.60000000
v 18.96743039 10.63452338 30.66915552 0.54509804 0.71372549 0.60000000
v 19.24059551 10.16803790 30.78817950 0.54509804 0.71372549 0.60000000
v 18.73856114 9.66594395 31.31634122 0.54509804 0.71372549 0.60000000
v 20.00841292 9.40955547 30.79561779 0.54509804 0.71372549 0.60000000
v 19.49899534 8.89677739 31.31634122 0.54509804 0.71372549 0.60000000
v 19.72786460 8.39468343 31.42792465 0.54509804 0.71372549 0.60000000
v 20.22989897 8.09200236 31.29402408 0.54509804 0.71372549 0.60000000
v 20.74669862 8.62970592 30.76586236 0.54509804 0.71372549 0.60000000
v 20.98294996 8.84692417 30.53525495 0.54509804 0.71372549 0.60000000
v 21.54404773 8.69380276 30.26001552 0.54509804 0.71372549 0.60000000
v 21.18967072 8.34126847 30.64684063 0.54509804 0.71372549 0.60000000
v 21.33732697 7.92819796 30.74354522 0.54509804 0.71372549 0.60000000
v 21.12322412 6.74239915 31.36841379 0.54509804 0.71372549 0.60000000
v 22.03131569 6.98098451 30.70635150 0.54509804 0.71372549 0.60000000
v 22.68100743 6.06937954 30.64684063 0.54509804 0.71372549 0.60000000
v 21.52928132 6.46108406 31.22707492 0.54509804 0.71372549 0.60000000
v 20.83529259 6.46108406 31.60645949 0.54509804 0.71372549 0.60000000
v 20.02317820 6.47532880 32.02303778 0.54509804 0.71372549 0.60000000
v 19.63188742 6.76376513 32.13462121 0.54509804 0.71372549 0.60000000
v 17.80832108 6.45040107 33.08680402 0.54509804 0.71372549 0.60000000
v 17.22507594 5.66343027 33.57777201 0.54509804 0.71372549 0.60000000
v 16.84854932 5.66343027 33.74886631 0.54509804 0.71372549 0.60000000
v 16.25053778 5.66343027 34.00178860 0.54509804 0.71372549 0.60000000
v 15.73373812 5.06162875 34.35141773 0.54509804 0.71372549 0.60000000
v 15.89616077 4.55953366 34.41093084 0.54509804 0.71372549 0.60000000
v 15.99952115 4.15358552 34.44812457 0.54509804 0.71372549 0.60000000
v 16.14717852 3.39866259 34.50763543 0.54509804 0.71372549 0.60000000
v 15.49748678 4.15358552 34.61178057 0.54509804 0.71372549 0.60000000
v 12.90610360 0.84189682 35.92846910 0.54509804 0.71372549 0.60000000
v 10.80937158 -1.88223397 36.72443196 0.54509804 0.71372549 0.60000000
v 11.29664010 -2.37720668 36.65748280 0.54509804 0.71372549 0.60000000
v 11.40000048 -2.87930176 36.67979769 0.54509804 0.71372549 0.60000000
v 14.22763500 -2.63715690 35.86151769 0.54509804 0.71372549 0.60000000
v 13.80681252 -1.88223397 35.98054167 0.54509804 0.71372549 0.60000000
v 13.85110951 -2.63715690 36.00285656 0.54509804 0.71372549 0.60000000
v 13.98400046 -3.07515402 35.93590740 0.54509804 0.71372549 0.60000000
v 26.93353373 2.64730140 -29.47446210 0.54509804 0.71372549 0.60000000
v 26.15833425 2.64730140 -30.21091410 0.54509804 0.71372549 0.60000000
v 25.71536215 3.12446875 -30.50103236 0.54509804 0.71372549 0.60000000
v 25.64153459 3.63012445 -30.43408321 0.54509804 0.71372549 0.60000000
v 25.95899557 4.15358552 -29.98030894 0.54509804 0.71372549 0.60000000
v 30.89074531 -3.07515402 -26.64023756 0.54509804 0.71372549 0.60000000
v 30.87598115 -2.63715690 -26.62535872 0.54509804 0.71372549 0.60000000
v 26.30599161 1.13745665 -30.35225521 0.54509804 0.71372549 0.60000000
v 26.23954614 1.89237846 -30.29274209 0.54509804 0.71372549 0.60000000
v 26.21739764 4.90850734 -29.50421753 0.54509804 0.71372549 0.60000000
v 25.74489272 5.43196841 -29.77945921 0.54509804 0.71372549 0.60000000
v 25.84087102 4.90850734 -29.86128721 0.54509804 0.71372549 0.60000000
v 26.07712236 5.69547925 -29.35544038 0.54509804 0.71372549 0.60000000
v 25.63415026 5.93406237 -29.67531408 0.54509804 0.71372549 0.60000000
v 25.16164759 7.92819796 -29.17690554 0.54509804 0.71372549 0.60000000
v 25.01399022 8.43029191 -29.04300497 0.54509804 0.71372549 0.60000000
v 25.78180763 8.45521965 -28.29911468 0.54509804 0.71372549 0.60000000
v 27.28052753 9.95082078 -26.03024559 0.54509804 0.71372549 0.60000000
v 27.36173942 10.94432683 -25.34586617 0.54509804 0.71372549 0.60000000
v 25.51602571 6.41835208 -29.56373065 0.54509804 0.71372549 0.60000000
v 25.00660814 6.93825253 -29.78689751 0.54509804 0.71372549 0.60000000
v 24.87371718 7.44390824 -29.66787353 0.54509804 0.71372549 0.60000000
v 24.74082398 7.92819796 -29.55629010 0.54509804 0.71372549 0.60000000
v 26.34290427 18.00213960 -21.32885142 0.54509804 0.71372549 0.60000000
v 26.10665293 18.52916130 -21.08336742 0.54509804 0.71372549 0.60000000
v 25.58247119 18.77130615 -21.33628971 0.54509804 0.71372549 0.60000000
v 25.87040160 19.02057226 -20.83044512 0.54509804 0.71372549 0.60000000
v 26.29122520 17.20092632 -22.04298852 0.54509804 0.71372549 0.60000000
v 24.75559039 17.15107310 -23.52333080 0.54509804 0.71372549 0.60000000
v 25.09520211 15.30293542 -24.57965650 0.54509804 0.71372549 0.60000000
v 23.38237936 9.75496739 -29.68275237 0.54509804 0.71372549 0.60000000
v 24.54148755 8.66175378 -29.33312324 0.54509804 0.71372549 0.60000000
v 24.72605982 16.22166164 -24.25234450 0.54509804 0.71372549 0.60000000
v 24.00253939 14.87206067 -25.79963819 0.54509804 0.71372549 0.60000000
v 23.50050390 15.19254598 -26.00792846 0.54509804 0.71372549 0.60000000
v 23.82535145 16.27151486 -24.98879649 0.54509804 0.71372549 0.60000000
v 24.18711167 16.61336841 -24.44575593 0.54509804 0.71372549 0.60000000
v 24.47504207 16.88400050 -23.98454336 0.54509804 0.71372549 0.60000000
v 22.51858477 24.81068739 -16.71672578 0.54509804 0.71372549 0.60000000
v 19.68356761 24.17683576 -20.69654456 0.54509804 0.71372549 0.60000000
v 19.62450421 24.89258960 -19.90057945 0.54509804 0.71372549 0.60000000
v 18.22914469 26.48077367 -18.49462575 0.54509804 0.71372549 0.60000000
v 21.34471017 26.54487164 -14.84955839 0.54509804 0.71372549 0.60000000
v 16.74519007 29.47197594 -12.52861673 0.54509804 0.71372549 0.60000000
v 17.50562427 29.48978242 -11.04827333 0.54509804 0.71372549 0.60000000
v 18.15531600 27.92652383 -15.41491497 0.54509804 0.71372549 0.60000000
v 16.56061780 29.39719723 -13.03446244 0.54509804 0.71372549 0.60000000
v 18.76070963 27.12886780 -16.76879722 0.54509804 0.71372549 0.60000000
v 13.23833155 32.09284191 -3.69118692 0.54509804 0.71372549 0.60000000
v 11.60672068 32.49878893 -1.42975725 0.54509804 0.71372549 0.60000000
v 11.62886918 32.50234842 -0.67098802 0.54509804 0.71372549 0.60000000
v 13.23833155 32.04654819 -4.44251747 0.54509804 0.71372549 0.60000000
v 10.97179480 32.61274011 -0.67098802 0.54509804 0.71372549 0.60000000
v 10.21874324 32.62698260 1.58300297 0.54509804 0.71372549 0.60000000
v 9.96034285 32.47030169 3.56175407 0.54509804 0.71372549 0.60000000
v 11.72484635 32.09640141 3.84443264 0.54509804 0.71372549 0.60000000
v 10.97179480 32.05010994 5.35453204 0.54509804 0.71372549 0.60000000
v 15.49748678 30.54382356 -9.72414650 0.54509804 0.71372549 0.60000000
v 13.23833155 31.42338180 -8.97281567 0.54509804 0.71372549 0.60000000
v 13.00946342 31.73674362 -7.46271627 0.54509804 0.71372549 0.60000000
v 14.46388634 30.96757707 -9.44146765 0.54509804 0.71372549 0.60000000
v 16.05858342 29.48978242 -13.33201901 0.54509804 0.71372549 0.60000000
v 13.27524645 31.79015859 -6.69650828 0.54509804 0.71372549 0.60000000
v 2.68084495 28.11881322 18.93798946 0.54509804 0.71372549 0.60000000
v 2.26002198 27.92296208 19.32481232 0.54509804 0.71372549 0.60000000
v 4.17956514 27.71998745 19.74139286 0.54509804 0.71372549 0.60000000
v 5.69305111 29.39363548 16.23022494 0.54509804 0.71372549 0.60000000
v 2.68084495 30.12007006 14.65317470 0.54509804 0.71372549 0.60000000
v 4.93261670 27.34608717 20.33650599 0.54509804 0.71372549 0.60000000
v 6.44610253 27.08969757 20.71589056 0.54509804 0.71372549 0.60000000
v 2.68084495 24.96380656 23.92949966 0.54509804 0.71372549 0.60000000
v 2.68084495 24.65400424 24.30888422 0.54509804 0.71372549 0.60000000
v 1.92779347 26.47365243 21.67550941 0.54509804 0.71372549 0.60000000
v 1.92779347 26.21370333 22.05489397 0.54509804 0.71372549 0.60000000
v 2.68084495 24.27654221 24.71058592 0.54509804 0.71372549 0.60000000
v 3.43389648 24.29790819 24.72546476 0.54509804 0.71372549 0.60000000
v 4.93261670 17.23297305 30.56501039 0.54509804 0.71372549 0.60000000
v 3.43389648 17.32199875 30.60964466 0.54509804 0.71372549 0.60000000
v 3.43389648 13.49397135 32.84132002 0.54509804 0.71372549 0.60000000
v 4.93261670 14.81508620 31.99328235 0.54509804 0.71372549 0.60000000
v 5.69305111 14.76879248 31.97096521 0.54509804 0.71372549 0.60000000
v 7.19915409 15.32074191 31.52463149 0.54509804 0.71372549 0.60000000
v 5.69305111 17.69233728 30.13355550 0.54509804 0.71372549 0.60000000
v 7.19915409 17.56770310 30.02196982 0.54509804 0.71372549 0.60000000
v 7.19915409 17.94160339 29.75417094 0.54509804 0.71372549 0.60000000
v 9.41401149 17.66028830 29.64258526 0.54509804 0.71372549 0.60000000
v 9.62811433 17.30775400 29.85831382 0.54509804 0.71372549 0.60000000
v 10.22612588 17.78492248 29.38222467 0.54509804 0.71372549 0.60000000
v 10.97179480 17.06560915 29.69465783 0.54509804 0.71372549 0.60000000
v 11.67316616 16.90892599 29.60539153 0.54509804 0.71372549 0.60000000
v 11.88726901 16.51722146 29.82112010 0.54509804 0.71372549 0.60000000
v 12.47789791 15.98307852 29.96245896 0.54509804 0.71372549 0.60000000
v 13.99138367 13.84650564 30.79561779 0.54509804 0.71372549 0.60000000
v 15.07666317 13.56162881 30.61708295 0.54509804 0.71372549 0.60000000
v 16.25053778 14.18123570 29.78392637 0.54509804 0.71372549 0.60000000
v 16.25053778 13.80377367 30.01453153 0.54509804 0.71372549 0.60000000
v 16.72304157 13.65065338 29.91782694 0.54509804 0.71372549 0.60000000
v 16.59014949 11.29686112 31.37585208 0.54509804 0.71372549 0.60000000
v 16.98882348 13.21621688 30.06660409 0.54509804 0.71372549 0.60000000
v 17.57945295 12.97051028 29.96245896 0.54509804 0.71372549 0.60000000
v 15.49748678 13.04885185 30.76586236 0.54509804 0.71372549 0.60000000
v 8.49853728 32.47742294 5.13880404 0.54509804 0.71372549 0.60000000
v 7.95220564 32.63766784 4.60320177 0.54509804 0.71372549 0.60000000
v 6.44610253 32.92254243 3.84443264 0.54509804 0.71372549 0.60000000
v 5.69305111 33.02225112 3.84443264 0.54509804 0.71372549 0.60000000
v 3.82518796 33.20385977 3.48736493 0.54509804 0.71372549 0.60000000
v 5.69305111 32.89405520 4.60320177 0.54509804 0.71372549 0.60000000
v 4.93261670 32.94034892 4.60320177 0.54509804 0.71372549 0.60000000
v 4.17956514 32.97951915 4.60320177 0.54509804 0.71372549 0.60000000
v 0.41430743 32.04298644 8.37473140 0.54509804 0.71372549 0.60000000
v 0.41430743 31.82220757 9.12606111 0.54509804 0.71372549 0.60000000
v -0.33874413 31.54089248 9.88483136 0.54509804 0.71372549 0.60000000
v 1.92779347 30.25538723 14.21427927 0.54509804 0.71372549 0.60000000
v 4.17956514 32.81215299 5.35453204 0.54509804 0.71372549 0.60000000
v 17.05527009 11.75622423 30.90720122 0.54509804 0.71372549 0.60000000
v 17.76402409 11.88441903 30.52037836 0.54509804 0.71372549 0.60000000
v 18.51707509 12.24407570 29.97733780 0.54509804 0.71372549 0.60000000
v 17.71234390 10.89091298 31.11549149 0.54509804 0.71372549 0.60000000
v 18.23652677 9.89740581 31.43536519 0.54509804 0.71372549 0.60000000
v 18.50230980 10.16447841 31.16012352 0.54509804 0.71372549 0.60000000
v 18.50230980 9.42379909 31.54694862 0.54509804 0.71372549 0.60000000
v 18.99696097 9.16384999 31.43536519 0.54509804 0.71372549 0.60000000
v 19.25536192 9.42379909 31.17500236 0.54509804 0.71372549 0.60000000
v 18.21437828 8.38043869 32.17925548 0.54509804 0.71372549 0.60000000
v 18.71641265 8.09556186 32.05279321 0.54509804 0.71372549 0.60000000
v 19.21844702 7.87478299 31.89657776 0.54509804 0.71372549 0.60000000
v 19.99364763 7.87478299 31.50975265 0.54509804 0.71372549 0.60000000
v 20.43661860 7.58990728 31.40560976 0.54509804 0.71372549 0.60000000
v 20.96818467 7.17327502 31.27914749 0.54509804 0.71372549 0.60000000
v 20.59165918 7.17327502 31.48743776 0.54509804 0.71372549 0.60000000
v 19.10032135 7.17327502 32.23876635 0.54509804 0.71372549 0.60000000
v 17.91906354 7.17327502 32.79668575 0.54509804 0.71372549 0.60000000
v 18.08886940 6.72103316 32.87107545 0.54509804 0.71372549 0.60000000
v 20.02317820 7.17327502 31.77755378 0.54509804 0.71372549 0.60000000
v 19.47684685 7.17327502 32.05279321 0.54509804 0.71372549 0.60000000
v 17.54253805 7.17327502 32.96778004 0.54509804 0.71372549 0.60000000
v 16.70089196 6.13347637 33.68191715 0.54509804 0.71372549 0.60000000
v 15.49010357 5.65986965 34.27703028 0.54509804 0.71372549 0.60000000
v 16.24315569 6.39698722 33.77118344 0.54509804 0.71372549 0.60000000
v 15.22432054 5.40704180 34.44068628 0.54509804 0.71372549 0.60000000
v 15.49010357 4.85153287 34.48531830 0.54509804 0.71372549 0.60000000
v 14.74443466 4.90850734 34.70104686 0.54509804 0.71372549 0.60000000
v 14.74443466 4.15358552 34.83494743 0.54509804 0.71372549 0.60000000
v 13.52626307 4.39929101 35.13994454 0.54509804 0.71372549 0.60000000
v 12.48528055 1.94223169 35.84664110 0.54509804 0.71372549 0.60000000
v 12.06445751 2.22710852 35.90615197 0.54509804 0.71372549 0.60000000
v 12.48528055 1.11252892 35.98054167 0.54509804 0.71372549 0.60000000
v 10.67648006 -1.36945589 36.69467653 0.54509804 0.71372549 0.60000000
v 10.21874324 -1.88223397 36.80625996 0.54509804 0.71372549 0.60000000
v 11.01609178 -2.63003453 36.73931080 0.54509804 0.71372549 0.60000000
v 11.41476633 -3.07515402 36.68723823 0.54509804 0.71372549 0.60000000
v 13.49673250 -3.07515402 36.09212510 0.54509804 0.71372549 0.60000000
v 13.82157781 -3.07515402 35.99541826 0.54509804 0.71372549 0.60000000
v 25.78180763 2.64730140 -30.56054323 0.54509804 0.71372549 0.60000000
v 24.88109926 3.39866259 -31.18541179 0.54509804 0.71372549 0.60000000
v 24.76297247 4.15358552 -31.08126890 0.54509804 0.71372549 0.60000000
v 25.56032270 4.15358552 -30.35225521 0.54509804 0.71372549 0.60000000
v 28.12217475 -3.07515402 -29.13227351 0.54509804 0.71372549 0.60000000
v 28.10740834 -2.63715690 -29.11739467 0.54509804 0.71372549 0.60000000
v 25.50864138 1.13745665 -31.07382836 0.54509804 0.71372549 0.60000000
v 25.86301951 1.89237846 -30.63493293 0.54509804 0.71372549 0.60000000
v 25.04352304 4.90850734 -30.57542207 0.54509804 0.71372549 0.60000000
v 24.53410546 4.96548293 -30.99944090 0.54509804 0.71372549 0.60000000
v 24.16496317 5.25392039 -31.21516947 0.54509804 0.71372549 0.60000000
v 24.57840245 5.62426005 -30.71676093 0.54509804 0.71372549 0.60000000
v 24.84418436 5.84860066 -30.39688723 0.54509804 0.71372549 0.60000000
v 23.42667634 6.80293536 -31.23004606 0.54509804 0.71372549 0.60000000
v 25.13949909 6.41835208 -29.89848094 0.54509804 0.71372549 0.60000000
v 24.23140865 8.38756106 -29.77201867 0.54509804 0.71372549 0.60000000
v 23.75890598 7.08781219 -30.81346777 0.54509804 0.71372549 0.60000000
v 24.08375128 7.37624965 -30.39688723 0.54509804 0.71372549 0.60000000
v 23.29378539 7.30859107 -31.11846263 0.54509804 0.71372549 0.60000000
v 23.92870959 7.92819796 -30.26298666 0.54509804 0.71372549 0.60000000
v 24.25355714 17.43238818 -23.74649991 0.54509804 0.71372549 0.60000000
v 24.80727170 18.74638067 -22.06530341 0.54509804 0.71372549 0.60000000
v 23.99515731 17.93448214 -23.53077135 0.54509804 0.71372549 0.60000000
v 22.72530441 18.91730632 -23.73905937 0.54509804 0.71372549 0.60000000
v 21.92795643 19.62949616 -23.69442734 0.54509804 0.71372549 0.60000000
v 22.83604687 10.18940389 -29.86872551 0.54509804 0.71372549 0.60000000
v 23.55956730 9.25287344 -29.83897008 0.54509804 0.71372549 0.60000000
v 23.07229821 9.47721406 -30.12164780 0.54509804 0.71372549 0.60000000
v 22.58503025 9.69799293 -30.40432777 0.54509804 0.71372549 0.60000000
v 24.06160279 8.89321677 -29.61580097 0.54509804 0.71372549 0.60000000
v 22.26018494 10.88379061 -29.90591923 0.54509804 0.71372549 0.60000000
v 23.27163689 15.69464219 -25.84427246 0.54509804 0.71372549 0.60000000
v 23.58910012 16.05073599 -25.33842562 0.54509804 0.71372549 0.60000000
v 21.98701870 11.41437293 -29.77945921 0.54509804 0.71372549 0.60000000
v 21.27826469 12.21914909 -29.81665294 0.54509804 0.71372549 0.60000000
v 21.06416185 12.72480479 -29.64555865 0.54509804 0.71372549 0.60000000
v 20.45138389 14.39845395 -28.99837295 0.54509804 0.71372549 0.60000000
v 23.37499727 16.55283219 -25.15989303 0.54509804 0.71372549 0.60000000
v 23.95085808 17.11902411 -24.25234450 0.54509804 0.71372549 0.60000000
v 21.93533851 18.87813609 -24.45319647 0.54509804 0.71372549 0.60000000
v 21.07892714 18.81403813 -25.13757590 0.54509804 0.71372549 0.60000000
v 17.38011539 19.61881316 -26.69974843 0.54509804 0.71372549 0.60000000
v 15.91830926 24.16971452 -22.95053481 0.54509804 0.71372549 0.60000000
v 14.93638901 24.80712565 -22.80919594 0.54509804 0.71372549 0.60000000
v 16.44249213 26.33833526 -19.81875145 0.54509804 0.71372549 0.60000000
v 16.87808102 26.50926316 -19.31290687 0.54509804 0.71372549 0.60000000
v 17.76402409 26.58760361 -18.65828175 0.54509804 0.71372549 0.60000000
v 14.43435464 24.92819808 -22.96541365 0.54509804 0.71372549 0.60000000
v 17.76402409 26.96862514 -18.01853547 0.54509804 0.71372549 0.60000000
v 15.79280151 29.41143972 -13.83042643 0.54509804 0.71372549 0.60000000
v 17.52038955 27.22501474 -17.75817376 0.54509804 0.71372549 0.60000000
v 9.46569168 32.83708073 -2.93241779 0.54509804 0.71372549 0.60000000
v 11.45168011 32.47030169 -2.80595636 0.54509804 0.71372549 0.60000000
v 10.97179480 32.61630186 -1.42975725 0.54509804 0.71372549 0.60000000
v 10.21874324 32.64834859 -3.69118692 0.54509804 0.71372549 0.60000000
v 12.47789791 31.99669497 -6.70394714 0.54509804 0.71372549 0.60000000
v 9.46569168 32.76585927 0.83167256 0.54509804 0.71372549 0.60000000
v 10.21874324 32.65903158 0.83167256 0.54509804 0.71372549 0.60000000
v 8.70525692 32.95815316 -2.18108752 0.54509804 0.71372549 0.60000000
v 8.70525692 32.95459141 -1.42975725 0.54509804 0.71372549 0.60000000
v 6.44610253 33.09702983 1.58300297 0.54509804 0.71372549 0.60000000
v 5.69305111 33.08634683 3.09310237 0.54509804 0.71372549 0.60000000
v 10.73554290 31.72962237 -9.49353966 0.54509804 0.71372549 0.60000000
v 12.47789791 30.51177683 -12.74434530 0.54509804 0.71372549 0.60000000
v 11.72484635 30.67914073 -12.74434530 0.54509804 0.71372549 0.60000000
v 11.51812615 30.98538356 -11.78472532 0.54509804 0.71372549 0.60000000
v 1.39622768 26.44516519 21.63087514 0.54509804 0.71372549 0.60000000
v 1.16735899 29.53607390 15.76157296 0.54509804 0.71372549 0.60000000
v 0.41430743 28.32534960 18.18665863 0.54509804 0.71372549 0.60000000
v 0.41430743 28.02623027 18.72969919 0.54509804 0.71372549 0.60000000
v -0.33874413 27.97637480 18.64787119 0.54509804 0.71372549 0.60000000
v 1.92779347 30.10226582 14.59366384 0.54509804 0.71372549 0.60000000
v 1.16735899 29.81026774 15.16645983 0.54509804 0.71372549 0.60000000
v 0.41430743 24.81780864 23.71377109 0.54509804 0.71372549 0.60000000
v -0.33874413 24.38337214 24.16010707 0.54509804 0.71372549 0.60000000
v -0.33874413 24.06644633 24.53205333 0.54509804 0.71372549 0.60000000
v 2.68084495 17.28994976 30.59476807 0.54509804 0.71372549 0.60000000
v 7.19915409 15.69820169 31.29402408 0.54509804 0.71372549 0.60000000
v 1.92779347 14.87918192 32.01559948 0.54509804 0.71372549 0.60000000
v 2.68084495 13.49040960 32.84875832 0.54509804 0.71372549 0.60000000
v 3.43389648 12.45417158 33.39923717 0.54509804 0.71372549 0.60000000
v 4.17956514 11.99836909 33.61496574 0.54509804 0.71372549 0.60000000
v 7.19915409 14.71893926 31.85938178 0.54509804 0.71372549 0.60000000
v 7.95220564 15.23171621 31.47255892 0.54509804 0.71372549 0.60000000
v 7.95220564 15.60917824 31.23451322 0.54509804 0.71372549 0.60000000
v 8.46900558 15.14269276 31.42048635 0.54509804 0.71372549 0.60000000
v 10.21874324 17.21160931 29.79136467 0.54509804 0.71372549 0.60000000
v 11.37785199 16.61336841 29.88806926 0.54509804 0.71372549 0.60000000
v 11.67316616 16.25015112 30.03684866 0.54509804 0.71372549 0.60000000
v 12.08660600 15.08571830 30.62452350 0.54509804 0.71372549 0.60000000
v 12.47789791 14.61211157 30.79561779 0.54509804 0.71372549 0.60000000
v 13.08329210 14.45899016 30.70635150 0.54509804 0.71372549 0.60000000
v 14.00614895 13.18060728 31.19731949 0.54509804 0.71372549 0.60000000
v 14.26454878 12.77821864 31.35353719 0.54509804 0.71372549 0.60000000
v 14.74443466 12.63578022 31.27914749 0.54509804 0.71372549 0.60000000
v 15.46795508 12.40788010 31.15268522 0.54509804 0.71372549 0.60000000
v 16.23577249 13.16992428 30.40135439 0.54509804 0.71372549 0.60000000
v 16.47202383 12.72480479 30.57245093 0.54509804 0.71372549 0.60000000
v 17.01097310 10.76271818 31.49487606 0.54509804 0.71372549 0.60000000
v 17.01097310 11.14017909 31.28658579 0.54509804 0.71372549 0.60000000
v 15.69682434 11.96632123 31.32378176 0.54509804 0.71372549 0.60000000
v 16.08811512 11.46422615 31.46512063 0.54509804 0.71372549 0.60000000
v 16.25053778 10.32828169 32.02303778 0.54509804 0.71372549 0.60000000
v 16.64182968 9.81906536 32.14206175 0.54509804 0.71372549 0.60000000
v 4.71851379 33.22522126 2.20787181 0.54509804 0.71372549 0.60000000
v 4.93261670 33.30000446 0.07290340 0.54509804 0.71372549 0.60000000
v 3.75874224 33.20385977 3.48736493 0.54509804 0.71372549 0.60000000
v 0.41430743 32.81215299 4.60320177 0.54509804 0.71372549 0.60000000
v -0.33874413 32.74093379 4.60320177 0.54509804 0.71372549 0.60000000
v -1.09179540 32.05010994 7.62340113 0.54509804 0.71372549 0.60000000
v -1.09179540 31.89342678 8.37473140 0.54509804 0.71372549 0.60000000
v -0.33874413 31.79372034 9.08142796 0.54509804 0.71372549 0.60000000
v -0.33874413 31.67620740 9.46081253 0.54509804 0.71372549 0.60000000
v -1.09179540 31.47323277 9.88483136 0.54509804 0.71372549 0.60000000
v -2.60528172 30.26607022 12.70417931 0.54509804 0.71372549 0.60000000
v 17.42441238 10.60247553 31.40560976 0.54509804 0.71372549 0.60000000
v 17.92644675 10.39950089 31.29402408 0.54509804 0.71372549 0.60000000
v 17.71234390 10.16447841 31.51719319 0.54509804 0.71372549 0.60000000
v 16.93714442 10.11818468 31.86682233 0.54509804 0.71372549 0.60000000
v 17.71972711 9.39175011 31.91145435 0.54509804 0.71372549 0.60000000
v 17.94859524 8.88253378 32.06023376 0.54509804 0.71372549 0.60000000
v 17.01097310 8.68311977 32.55120175 0.54509804 0.71372549 0.60000000
v 17.39488068 7.55785830 32.90083088 0.54509804 0.71372549 0.60000000
v 18.48754452 7.87478299 32.25364519 0.54509804 0.71372549 0.60000000
v 18.93051549 7.58990728 32.15693835 0.54509804 0.71372549 0.60000000
v 17.01097310 7.17327502 33.19838745 0.54509804 0.71372549 0.60000000
v 16.49417232 6.63557146 33.60008915 0.54509804 0.71372549 0.60000000
v 15.49748678 6.41835208 34.03154628 0.54509804 0.71372549 0.60000000
v 14.98068712 5.90913688 34.35885828 0.54509804 0.71372549 0.60000000
v 14.73705258 5.65986965 34.51507373 0.54509804 0.71372549 0.60000000
v 15.99213795 6.90620355 33.68935544 0.54509804 0.71372549 0.60000000
v 13.99138367 5.66343027 34.71592571 0.54509804 0.71372549 0.60000000
v 13.99138367 4.90850734 34.90189884 0.54509804 0.71372549 0.60000000
v 13.26048116 4.94411694 35.08787197 0.54509804 0.71372549 0.60000000
v 13.02422927 4.71265508 35.19945540 0.54509804 0.71372549 0.60000000
v 12.47789791 4.15358552 35.44493940 0.54509804 0.71372549 0.60000000
v 12.47789791 3.39866259 35.58627826 0.54509804 0.71372549 0.60000000
v 11.72484635 3.39866259 35.74249597 0.54509804 0.71372549 0.60000000
v 11.56242314 2.46213101 35.95078624 0.54509804 0.71372549 0.60000000
v 11.77652598 1.94223169 36.01029710 0.54509804 0.71372549 0.60000000
v 11.72484635 1.13745665 36.13675712 0.54509804 0.71372549 0.60000000
v 10.97179480 1.13745665 36.27809823 0.54509804 0.71372549 0.60000000
v 10.21874324 0.38253372 36.52358223 0.54509804 0.71372549 0.60000000
v 7.19915409 -0.37238922 36.99223309 0.54509804 0.71372549 0.60000000
v 7.95220564 -1.88223397 37.08893993 0.54509804 0.71372549 0.60000000
v 7.95220564 -2.63715690 37.15588909 0.54509804 0.71372549 0.60000000
v 10.99394329 -3.07515402 36.74674909 0.54509804 0.71372549 0.60000000
v 24.99184173 2.51198535 -31.28211863 0.54509804 0.71372549 0.60000000
v 24.92539625 3.01763994 -31.23004606 0.54509804 0.71372549 0.60000000
v 24.13543035 2.86095790 -31.95162146 0.54509804 0.71372549 0.60000000
v 24.50457264 3.39866259 -31.51272604 0.54509804 0.71372549 0.60000000
v 20.39970483 3.74051389 -35.00157457 0.54509804 0.71372549 0.60000000
v 20.31849294 4.15358552 -34.94950425 0.54509804 0.71372549 0.60000000
v 24.37906602 -3.07515402 -32.15247119 0.54509804 0.71372549 0.60000000
v 24.38644810 -2.63715690 -32.15990948 0.54509804 0.71372549 0.60000000
v 24.39383018 -1.88223397 -32.16735003 0.54509804 0.71372549 0.60000000
v 23.92870959 -1.12731103 -32.53929630 0.54509804 0.71372549 0.60000000
v 24.38644810 -1.12731103 -32.15990948 0.54509804 0.71372549 0.60000000
v 24.37168169 -0.37238922 -32.14503289 0.54509804 0.71372549 0.60000000
v 24.72605982 0.38253372 -31.81772090 0.54509804 0.71372549 0.60000000
v 25.16164759 0.38253372 -31.43833633 0.54509804 0.71372549 0.60000000
v 25.13211701 1.13745665 -31.40114036 0.54509804 0.71372549 0.60000000
v 25.05828720 1.89237846 -31.34162949 0.54509804 0.71372549 0.60000000
v 22.88034386 5.66343027 -32.16735003 0.54509804 0.71372549 0.60000000
v 20.59165918 4.90850734 -34.42877857 0.54509804 0.71372549 0.60000000
v 23.02061914 6.45040107 -31.72845460 0.54509804 0.71372549 0.60000000
v 22.62932836 6.72103316 -31.95162146 0.54509804 0.71372549 0.60000000
v 23.04276764 7.10205694 -31.43089804 0.54509804 0.71372549 0.60000000
v 23.55218521 7.92819796 -30.59029866 0.54509804 0.71372549 0.60000000
v 22.79174989 7.74658931 -31.33419120 0.54509804 0.71372549 0.60000000
v 23.43405842 8.32346423 -30.48615577 0.54509804 0.71372549 0.60000000
v 23.02800123 8.61902293 -30.66468836 0.54509804 0.71372549 0.60000000
v 22.76221932 9.19589784 -30.56054323 0.54509804 0.71372549 0.60000000
v 22.51120157 7.17327502 -31.85491462 0.54509804 0.71372549 0.60000000
v 22.43737288 18.64311248 -24.24490620 0.54509804 0.71372549 0.60000000
v 23.44882483 17.38253496 -24.46063477 0.54509804 0.71372549 0.60000000
v 22.69577384 18.13745677 -24.46063477 0.54509804 0.71372549 0.60000000
v 22.17897306 19.15232993 -23.96966677 0.54509804 0.71372549 0.60000000
v 22.08299588 10.02916124 -30.61261580 0.54509804 0.71372549 0.60000000
v 22.31186514 10.24637948 -30.27786550 0.54509804 0.71372549 0.60000000
v 21.96487021 9.13180101 -31.27468033 0.54509804 0.71372549 0.60000000
v 21.88365945 10.53125632 -30.44895980 0.54509804 0.71372549 0.60000000
v 20.53997899 15.24596095 -28.33630841 0.54509804 0.71372549 0.60000000
v 21.71385359 10.94432683 -30.31505923 0.54509804 0.71372549 0.60000000
v 21.17490431 11.33959310 -30.48615577 0.54509804 0.71372549 0.60000000
v 20.56212748 13.00611988 -29.83897008 0.54509804 0.71372549 0.60000000
v 20.33325822 11.24344728 -31.17797349 0.54509804 0.71372549 0.60000000
v 20.06009311 11.73841999 -31.04407293 0.54509804 0.71372549 0.60000000
v 19.83122385 11.51051875 -31.35650833 0.54509804 0.71372549 0.60000000
v 20.20036727 14.90054790 -28.83471695 0.54509804 0.71372549 0.60000000
v 21.05677864 18.01994609 -25.88146619 0.54509804 0.71372549 0.60000000
v 21.38162508 18.31194417 -25.37562160 0.54509804 0.71372549 0.60000000
v 20.82052731 18.51491655 -25.59135017 0.54509804 0.71372549 0.60000000
v 20.55474427 18.21579723 -26.03768389 0.54509804 0.71372549 0.60000000
v 19.55067553 17.30419226 -27.41388328 0.54509804 0.71372549 0.60000000
v 15.88139548 18.86745310 -28.20984839 0.54509804 0.71372549 0.60000000
v 15.93307567 19.65798564 -27.50314958 0.54509804 0.71372549 0.60000000
v 15.49748678 24.28366570 -23.06211824 0.54509804 0.71372549 0.60000000
v 13.76251554 27.22857424 -20.00472459 0.54509804 0.71372549 0.60000000
v 17.01097310 27.09682106 -18.29377490 0.54509804 0.71372549 0.60000000
v 13.99138367 24.67181072 -23.45638164 0.54509804 0.71372549 0.60000000
v 13.37122363 24.81424914 -23.59028221 0.54509804 0.71372549 0.60000000
v 13.99138367 25.01010028 -23.07699708 0.54509804 0.71372549 0.60000000
v 17.01097310 27.31403819 -17.91439034 0.54509804 0.71372549 0.60000000
v 16.32436646 27.43154887 -18.10036347 0.54509804 0.71372549 0.60000000
v 15.52701848 29.31173328 -14.23956642 0.54509804 0.71372549 0.60000000
v 12.47789791 29.73192728 -15.00577497 0.54509804 0.71372549 0.60000000
v 12.46313206 30.04172960 -14.21725041 0.54509804 0.71372549 0.60000000
v 12.19734903 30.20553401 -13.94944928 0.54509804 0.71372549 0.60000000
v 12.46313206 30.28387446 -13.49567613 0.54509804 0.71372549 0.60000000
v 8.70525692 32.92966368 -2.93241779 0.54509804 0.71372549 0.60000000
v 9.46569168 32.77298277 -3.69118692 0.54509804 0.71372549 0.60000000
v 10.21874324 32.58425063 -4.44251747 0.54509804 0.71372549 0.60000000
v 8.54283427 32.48098469 -7.26930484 0.54509804 0.71372549 0.60000000
v 11.72484635 32.10708440 -6.70394714 0.54509804 0.71372549 0.60000000
v 8.70525692 32.92254243 -0.67098802 0.54509804 0.71372549 0.60000000
v 6.44610253 33.13263831 0.83167256 0.54509804 0.71372549 0.60000000
v 4.57823949 33.20029802 -4.07801062 0.54509804 0.71372549 0.60000000
v 4.93261670 33.28220022 -0.67098802 0.54509804 0.71372549 0.60000000
v 5.64137106 33.24302999 0.07290340 0.54509804 0.71372549 0.60000000
v 5.53801110 33.22522126 0.68289435 0.54509804 0.71372549 0.60000000
v 10.34425155 31.66196491 -9.99938593 0.54509804 0.71372549 0.60000000
v 10.14491455 31.75098836 -9.73902422 0.54509804 0.71372549 0.60000000
v 5.69305111 32.65547208 -8.21404654 0.54509804 0.71372549 0.60000000
v 7.95220564 31.02455378 -13.33945843 0.54509804 0.71372549 0.60000000
v 7.95220564 31.20616243 -12.74434530 0.54509804 0.71372549 0.60000000
v 10.97179480 31.03167503 -11.91862589 0.54509804 0.71372549 0.60000000
v 10.21874324 30.23402124 -14.74541326 0.54509804 0.71372549 0.60000000
v 9.46569168 30.29455746 -14.89419154 0.54509804 0.71372549 0.60000000
v 7.47231976 30.92484734 -13.85274356 0.54509804 0.71372549 0.60000000
v -2.19184132 26.40599497 20.82003344 0.54509804 0.71372549 0.60000000
v -2.60528172 25.75077735 21.73502027 0.54509804 0.71372549 0.60000000
v -1.09179540 24.33351892 24.07084077 0.54509804 0.71372549 0.60000000
v 0.41430743 29.48622068 15.65742782 0.54509804 0.71372549 0.60000000
v -0.33874413 28.22564316 18.18665863 0.54509804 0.71372549 0.60000000
v -0.76694982 27.93364283 18.58092203 0.54509804 0.71372549 0.60000000
v 0.41430743 29.70344005 15.16645983 0.54509804 0.71372549 0.60000000
v -3.12208138 30.23046174 12.62235131 0.54509804 0.71372549 0.60000000
v -1.09179540 23.95605689 24.45022533 0.54509804 0.71372549 0.60000000
v -6.37792159 22.53523672 24.51717449 0.54509804 0.71372549 0.60000000
v -1.09179540 17.43594768 29.94014182 0.54509804 0.71372549 0.60000000
v -0.33874413 17.51784988 29.99965494 0.54509804 0.71372549 0.60000000
v 1.92779347 17.22229006 30.54269550 0.54509804 0.71372549 0.60000000
v 1.16735899 16.77361107 30.75098352 0.54509804 0.71372549 0.60000000
v 1.16735899 15.40620361 31.59902119 0.54509804 0.71372549 0.60000000
v 1.16735899 14.79727971 31.97096521 0.54509804 0.71372549 0.60000000
v 1.92779347 14.50172214 32.23132805 0.54509804 0.71372549 0.60000000
v 1.92779347 13.96401745 32.52888461 0.54509804 0.71372549 0.60000000
v 1.92779347 13.42631276 32.81900288 0.54509804 0.71372549 0.60000000
v 2.68084495 13.11294869 33.03473145 0.54509804 0.71372549 0.60000000
v 3.43389648 12.00905208 33.62984458 0.54509804 0.71372549 0.60000000
v 4.17956514 10.39950089 34.35885828 0.54509804 0.71372549 0.60000000
v 4.93261670 10.32472106 34.34397944 0.54509804 0.71372549 0.60000000
v 6.44610253 10.94432683 33.94227774 0.54509804 0.71372549 0.60000000
v 7.05887992 11.36808033 33.67447660 0.54509804 0.71372549 0.60000000
v 7.95220564 14.17055270 32.05279321 0.54509804 0.71372549 0.60000000
v 7.95220564 14.71893926 31.75523665 0.54509804 0.71372549 0.60000000
v 7.56091430 11.31822711 33.65216172 0.54509804 0.71372549 0.60000000
v 8.70525692 13.68982361 32.20157262 0.54509804 0.71372549 0.60000000
v 9.17037751 13.61504378 32.15693835 0.54509804 0.71372549 0.60000000
v 10.21874324 13.42631276 32.05279321 0.54509804 0.71372549 0.60000000
v 10.21874324 13.96401745 31.74036005 0.54509804 0.71372549 0.60000000
v 10.66171478 14.36640496 31.40560976 0.54509804 0.71372549 0.60000000
v 10.21874324 14.82576920 31.22707492 0.54509804 0.71372549 0.60000000
v 11.16374915 14.26669852 31.34609665 0.54509804 0.71372549 0.60000000
v 11.79129183 14.79015847 30.87744579 0.54509804 0.71372549 0.60000000
v 12.24164601 13.65065338 31.42792465 0.54509804 0.71372549 0.60000000
v 13.23833155 13.03816886 31.50975265 0.54509804 0.71372549 0.60000000
v 13.23833155 13.41562977 31.28658579 0.54509804 0.71372549 0.60000000
v 13.76251554 12.90997406 31.43536519 0.54509804 0.71372549 0.60000000
v 14.00614895 12.49690355 31.59902119 0.54509804 0.71372549 0.60000000
v 14.74443466 12.26187994 31.49487606 0.54509804 0.71372549 0.60000000
v 15.46795508 11.70993276 31.54694862 0.54509804 0.71372549 0.60000000
v 15.50486999 10.92296084 31.96352692 0.54509804 0.71372549 0.60000000
v 15.76326982 10.49564671 32.10486578 0.54509804 0.71372549 0.60000000
v 15.52701848 9.42735971 32.74461318 0.54509804 0.71372549 0.60000000
v 15.80018359 9.00004558 32.87107545 0.54509804 0.71372549 0.60000000
v 16.25053778 9.43448208 32.48425034 0.54509804 0.71372549 0.60000000
v 16.93714442 9.39175011 32.23876635 0.54509804 0.71372549 0.60000000
v 1.92779347 33.27863847 0.07290340 0.54509804 0.71372549 0.60000000
v 4.17956514 33.25727249 1.58300297 0.54509804 0.71372549 0.60000000
v 3.43389648 33.24302999 -4.44251747 0.54509804 0.71372549 0.60000000
v 3.43389648 33.29644271 -1.42975725 0.54509804 0.71372549 0.60000000
v 2.68084495 33.30356621 -1.42975725 0.54509804 0.71372549 0.60000000
v 1.16735899 33.26439598 0.07290340 0.54509804 0.71372549 0.60000000
v 0.75391887 33.20385977 0.47460471 0.54509804 0.71372549 0.60000000
v 0.41430743 32.90473819 3.84443264 0.54509804 0.71372549 0.60000000
v -2.60528172 32.70532306 2.34177210 0.54509804 0.71372549 0.60000000
v -3.35833272 32.60205712 2.34177210 0.54509804 0.71372549 0.60000000
v -1.09179540 32.63054435 4.60320177 0.54509804 0.71372549 0.60000000
v -1.84484696 31.96108424 7.62340113 0.54509804 0.71372549 0.60000000
v -1.54215015 31.71181813 8.82850511 0.54509804 0.71372549 0.60000000
v -1.09179540 31.74742886 8.95496681 0.54509804 0.71372549 0.60000000
v -1.81531582 31.78659909 8.35985368 0.54509804 0.71372549 0.60000000
v -1.09179540 31.64416067 9.33435138 0.54509804 0.71372549 0.60000000
v 17.44656087 9.10687327 32.16437889 0.54509804 0.71372549 0.60000000
v 16.31698438 8.72229000 32.80412404 0.54509804 0.71372549 0.60000000
v 17.01097310 8.10980660 32.81156459 0.54509804 0.71372549 0.60000000
v 17.01097310 7.73234457 32.97522059 0.54509804 0.71372549 0.60000000
v 15.72635491 7.40829751 33.59264860 0.54509804 0.71372549 0.60000000
v 16.24315569 7.16259315 33.49594401 0.54509804 0.71372549 0.60000000
v 14.47865275 6.14059874 34.44068628 0.54509804 0.71372549 0.60000000
v 15.48272037 7.16259315 33.77118344 0.54509804 0.71372549 0.60000000
v 15.22432054 7.63263813 33.68935544 0.54509804 0.71372549 0.60000000
v 13.23833155 5.66343027 34.90933714 0.54509804 0.71372549 0.60000000
v 12.78797793 5.21475016 35.13994454 0.54509804 0.71372549 0.60000000
v 12.51481169 4.94411694 35.26640456 0.54509804 0.71372549 0.60000000
v 11.72484635 4.90850734 35.41518397 0.54509804 0.71372549 0.60000000
v 11.25972632 2.96422609 35.90615197 0.54509804 0.71372549 0.60000000
v 10.97179480 1.89237846 36.14419767 0.54509804 0.71372549 0.60000000
v 10.21874324 1.13745665 36.38968166 0.54509804 0.71372549 0.60000000
v 7.64950855 1.56477078 36.67979769 0.54509804 0.71372549 0.60000000
v 7.92267423 1.09472468 36.70955537 0.54509804 0.71372549 0.60000000
v 3.12381642 -2.18491504 37.44600286 0.54509804 0.71372549 0.60000000
v 7.19915409 -1.12731103 37.07406109 0.54509804 0.71372549 0.60000000
v 7.19915409 1.13745665 36.76906623 0.54509804 0.71372549 0.60000000
v 0.41430743 -3.07515402 37.64685484 0.54509804 0.71372549 0.60000000
v 7.95220564 -3.07515402 37.14845079 0.54509804 0.71372549 0.60000000
v 8.70525692 -3.07515402 37.05174395 0.54509804 0.71372549 0.60000000
v 24.19449375 2.35530332 -32.00369403 0.54509804 0.71372549 0.60000000
v 21.34471017 1.89237846 -34.39902314 0.54509804 0.71372549 0.60000000
v 20.42185332 3.23841993 -35.01645341 0.54509804 0.71372549 0.60000000
v 15.89616077 2.36954694 -38.02921504 0.54509804 0.71372549 0.60000000
v 24.23879073 1.89237846 -32.04088776 0.54509804 0.71372549 0.60000000
v 24.68176283 1.13745665 -31.78052492 0.54509804 0.71372549 0.60000000
v 24.34953319 0.38253372 -32.12271576 0.54509804 0.71372549 0.60000000
v 15.95522417 4.90850734 -37.35227166 0.54509804 0.71372549 0.60000000
v 15.51225207 5.60645468 -37.42666136 0.54509804 0.71372549 0.60000000
v 19.66141912 5.31089598 -35.00901511 0.54509804 0.71372549 0.60000000
v 20.14130387 4.90850734 -34.80072484 0.54509804 0.71372549 0.60000000
v 24.17972734 -3.07515402 -32.30868889 0.54509804 0.71372549 0.60000000
v 23.91394542 -2.63715690 -32.53929630 0.54509804 0.71372549 0.60000000
v 23.92870959 -1.88223397 -32.53929630 0.54509804 0.71372549 0.60000000
v 23.55218521 -1.12731103 -32.83685061 0.54509804 0.71372549 0.60000000
v 23.52265239 -0.37238922 -32.82197402 0.54509804 0.71372549 0.60000000
v 24.62269943 1.89237846 -31.71357576 0.54509804 0.71372549 0.60000000
v 22.74745290 6.21893920 -32.05576660 0.54509804 0.71372549 0.60000000
v 21.82459605 6.63200971 -32.67319462 0.54509804 0.71372549 0.60000000
v 21.98701870 7.66468711 -32.04832605 0.54509804 0.71372549 0.60000000
v 22.31186514 7.95668519 -31.62430947 0.54509804 0.71372549 0.60000000
v 22.48905308 8.68311977 -31.08126890 0.54509804 0.71372549 0.60000000
v 22.62932836 8.24868327 -31.20029063 0.54509804 0.71372549 0.60000000
v 22.13467607 7.17327502 -32.16735003 0.54509804 0.71372549 0.60000000
v 21.88365945 18.07692056 -25.16733133 0.54509804 0.71372549 0.60000000
v 21.76553265 9.63389497 -31.11846263 0.54509804 0.71372549 0.60000000
v 20.99771637 8.07063637 -32.61368375 0.54509804 0.71372549 0.60000000
v 19.80907536 7.92819796 -33.61793688 0.54509804 0.71372549 0.60000000
v 20.49568200 8.42673129 -32.80709518 0.54509804 0.71372549 0.60000000
v 21.13799053 9.03209456 -31.96649805 0.54509804 0.71372549 0.60000000
v 20.43661860 9.85111434 -32.01113233 0.54509804 0.71372549 0.60000000
v 21.57357830 10.23925711 -30.88041693 0.54509804 0.71372549 0.60000000
v 19.99364763 15.43825259 -28.57435411 0.54509804 0.71372549 0.60000000
v 21.26349828 9.94369841 -31.31187406 0.54509804 0.71372549 0.60000000
v 20.74669862 10.15023366 -31.57967519 0.54509804 0.71372549 0.60000000
v 20.21513256 10.35677004 -31.84747633 0.54509804 0.71372549 0.60000000
v 20.02317820 10.93720446 -31.60199233 0.54509804 0.71372549 0.60000000
v 19.58759043 9.74428440 -32.69551175 0.54509804 0.71372549 0.60000000
v 19.23321231 10.90871722 -32.15990948 0.54509804 0.71372549 0.60000000
v 19.58759043 12.01261383 -31.18541179 0.54509804 0.71372549 0.60000000
v 19.70571610 12.89216982 -30.51591121 0.54509804 0.71372549 0.60000000
v 18.95266398 11.38232395 -32.02601117 0.54509804 0.71372549 0.60000000
v 19.08555606 12.25119694 -31.34907004 0.54509804 0.71372549 0.60000000
v 19.69833290 15.13200977 -28.99093240 0.54509804 0.71372549 0.60000000
v 19.78692687 15.96527428 -28.30655298 0.54509804 0.71372549 0.60000000
v 19.44731627 16.46736824 -28.11314155 0.54509804 0.71372549 0.60000000
v 15.78541831 18.07335881 -28.93885984 0.54509804 0.71372549 0.60000000
v 14.36790916 19.61881316 -28.20984839 0.54509804 0.71372549 0.60000000
v 12.89872039 24.16259327 -24.45319647 0.54509804 0.71372549 0.60000000
v 12.16781789 28.69924988 -17.75073434 0.54509804 0.71372549 0.60000000
v 13.74774912 27.95857056 -18.50206517 0.54509804 0.71372549 0.60000000
v 11.44429747 26.44872694 -22.23639995 0.54509804 0.71372549 0.60000000
v 10.97179480 26.53418864 -22.32566625 0.54509804 0.71372549 0.60000000
v 12.22688072 27.20008925 -20.71886169 0.54509804 0.71372549 0.60000000
v 9.46569168 27.34252542 -21.67848055 0.54509804 0.71372549 0.60000000
v 9.42877734 27.72354920 -20.99410112 0.54509804 0.71372549 0.60000000
v 9.14822846 27.93720458 -20.71142115 0.54509804 0.71372549 0.60000000
v 12.86918926 24.90327034 -23.68698680 0.54509804 0.71372549 0.60000000
v 11.72484635 25.75790084 -23.03980110 0.54509804 0.71372549 0.60000000
v 15.49748678 27.69149797 -18.02597377 0.54509804 0.71372549 0.60000000
v 11.72484635 30.11294881 -14.41810126 0.54509804 0.71372549 0.60000000
v 10.67648006 30.19485101 -14.65614584 0.54509804 0.71372549 0.60000000
v 4.87355380 33.16112779 -4.37556719 0.54509804 0.71372549 0.60000000
v 4.93261670 32.96883390 -6.70394714 0.54509804 0.71372549 0.60000000
v 4.17956514 33.04361486 -6.70394714 0.54509804 0.71372549 0.60000000
v 9.46569168 32.68751882 -4.44251747 0.54509804 0.71372549 0.60000000
v 7.95220564 32.61986136 -6.70394714 0.54509804 0.71372549 0.60000000
v 5.69305111 32.79078701 -7.46271627 0.54509804 0.71372549 0.60000000
v 3.81780510 33.20029802 -4.82934089 0.54509804 0.71372549 0.60000000
v 3.43389648 33.21810226 -4.92604689 0.54509804 0.71372549 0.60000000
v 9.46569168 31.21684542 -11.98557617 0.54509804 0.71372549 0.60000000
v 4.93261670 32.72668904 -8.21404654 0.54509804 0.71372549 0.60000000
v 4.17956514 32.96171491 -7.46271627 0.54509804 0.71372549 0.60000000
v 7.21391993 31.03879852 -13.56262529 0.54509804 0.71372549 0.60000000
v 4.17956514 32.79078701 -8.21404654 0.54509804 0.71372549 0.60000000
v 8.52806842 30.22333825 -15.47442695 0.54509804 0.71372549 0.60000000
v 5.69305111 30.68982373 -15.00577497 0.54509804 0.71372549 0.60000000
v 5.69305111 31.01743254 -14.09078814 0.54509804 0.71372549 0.60000000
v 5.69305111 30.41562989 -15.76454410 0.54509804 0.71372549 0.60000000
v -2.60528172 26.35970124 20.71589056 0.54509804 0.71372549 0.60000000
v -3.09255025 25.70092638 21.64575398 0.54509804 0.71372549 0.60000000
v -3.80868746 27.18584226 18.59579862 0.54509804 0.71372549 0.60000000
v -2.60528172 25.48370700 22.10696654 0.54509804 0.71372549 0.60000000
v -6.37792159 23.29015853 23.71377109 0.54509804 0.71372549 0.60000000
v -6.37792159 22.91269875 24.13778993 0.54509804 0.71372549 0.60000000
v -2.30996699 27.94432807 17.84446892 0.54509804 0.71372549 0.60000000
v -5.14498472 29.40075898 13.21002502 0.54509804 0.71372549 0.60000000
v -4.87920168 29.30105253 13.64148215 0.54509804 0.71372549 0.60000000
v -4.93088187 28.90222452 14.48207928 0.54509804 0.71372549 0.60000000
v -2.35426454 31.72606287 8.09949141 0.54509804 0.71372549 0.60000000
v -5.05639018 30.89636011 8.61277654 0.54509804 0.71372549 0.60000000
v -5.61748739 30.59367903 9.12606111 0.54509804 0.71372549 0.60000000
v -9.64852765 29.39363548 9.35666739 0.54509804 0.71372549 0.60000000
v -7.13097371 22.79518582 24.01876820 0.54509804 0.71372549 0.60000000
v -7.13097371 22.42484728 24.39071222 0.54509804 0.71372549 0.60000000
v -7.13097371 22.04738525 24.71802422 0.54509804 0.71372549 0.60000000
v -4.86443583 16.47448949 29.77648583 0.54509804 0.71372549 0.60000000
v -1.52738430 17.37185197 29.89550980 0.54509804 0.71372549 0.60000000
v -1.09179540 16.97658570 30.24513893 0.54509804 0.71372549 0.60000000
v -0.33874413 16.97658570 30.37159896 0.54509804 0.71372549 0.60000000
v 1.16735899 17.15107310 30.49062293 0.54509804 0.71372549 0.60000000
v -0.33874413 16.58844067 30.62452350 0.54509804 0.71372549 0.60000000
v -4.27380749 14.29518576 31.36097549 0.54509804 0.71372549 0.60000000
v 1.16735899 14.41981993 32.18669378 0.54509804 0.71372549 0.60000000
v -1.09179540 12.24407570 32.99753547 0.54509804 0.71372549 0.60000000
v -2.53883568 10.22857412 33.78606228 0.54509804 0.71372549 0.60000000
v -1.09179540 9.56623750 34.28446857 0.54509804 0.71372549 0.60000000
v -0.33874413 9.66238220 34.32910285 0.54509804 0.71372549 0.60000000
v 1.92779347 13.04885185 32.99753547 0.54509804 0.71372549 0.60000000
v -0.33874413 9.28492242 34.50763543 0.54509804 0.71372549 0.60000000
v 3.43389648 10.35677004 34.33654114 0.54509804 0.71372549 0.60000000
v 6.28367959 9.88316220 34.43324573 0.54509804 0.71372549 0.60000000
v 1.92779347 7.81068615 35.28128340 0.54509804 0.71372549 0.60000000
v 1.92779347 7.17327502 35.53420570 0.54509804 0.71372549 0.60000000
v 2.68084495 7.17327502 35.54164399 0.54509804 0.71372549 0.60000000
v 3.56678792 6.11567101 35.93590740 0.54509804 0.71372549 0.60000000
v 4.17956514 6.10854976 35.93590740 0.54509804 0.71372549 0.60000000
v 5.69305111 10.28198909 34.30678571 0.54509804 0.71372549 0.60000000
v 6.49778272 10.15735604 34.29190687 0.54509804 0.71372549 0.60000000
v 7.26559984 11.01910666 33.83069431 0.54509804 0.71372549 0.60000000
v 8.70525692 13.20909451 32.46193546 0.54509804 0.71372549 0.60000000
v 9.78315434 10.54906056 33.64472117 0.54509804 0.71372549 0.60000000
v 8.70525692 11.11881310 33.55545488 0.54509804 0.71372549 0.60000000
v 9.81268604 12.06958830 32.89339259 0.54509804 0.71372549 0.60000000
v 8.70525692 12.24051395 32.98265888 0.54509804 0.71372549 0.60000000
v 8.70525692 12.61441423 32.78180691 0.54509804 0.71372549 0.60000000
v 9.52475452 12.42212372 32.75205148 0.54509804 0.71372549 0.60000000
v 10.21874324 13.04885185 32.26852178 0.54509804 0.71372549 0.60000000
v 10.84628592 12.93134005 32.20157262 0.54509804 0.71372549 0.60000000
v 10.93488045 13.99606530 31.56182522 0.54509804 0.71372549 0.60000000
v 11.34832029 12.83163361 32.14206175 0.54509804 0.71372549 0.60000000
v 11.72484635 13.76816406 31.49487606 0.54509804 0.71372549 0.60000000
v 11.72484635 13.20909451 31.82218805 0.54509804 0.71372549 0.60000000
v 12.47789791 12.19422248 32.20901091 0.54509804 0.71372549 0.60000000
v 13.18665192 12.39007474 31.90401605 0.54509804 0.71372549 0.60000000
v 13.40075533 11.96988186 32.08255089 0.54509804 0.71372549 0.60000000
v 14.05782914 11.70993276 32.02303778 0.54509804 0.71372549 0.60000000
v 14.36052596 11.31822711 32.14206175 0.54509804 0.71372549 0.60000000
v 14.39744086 9.83330897 32.90826918 0.54509804 0.71372549 0.60000000
v 14.68537239 9.42735971 33.01985261 0.54509804 0.71372549 0.60000000
v 13.99138367 9.43448208 33.24301947 0.54509804 0.71372549 0.60000000
v 13.99138367 8.82555818 33.54801658 0.54509804 0.71372549 0.60000000
v 14.67798918 8.61546231 33.42155431 0.54509804 0.71372549 0.60000000
v 14.38267558 8.31634186 33.65960001 0.54509804 0.71372549 0.60000000
v 16.11026361 8.49795050 32.98265888 0.54509804 0.71372549 0.60000000
v 2.85065067 33.22166401 -4.94836346 0.54509804 0.71372549 0.60000000
v 2.62916497 33.23946825 -4.48715090 0.54509804 0.71372549 0.60000000
v 2.68084495 33.26439598 -3.69118692 0.54509804 0.71372549 0.60000000
v 1.16735899 33.26083423 -0.67098802 0.54509804 0.71372549 0.60000000
v 0.69485603 33.21810226 -0.67098802 0.54509804 0.71372549 0.60000000
v 0.68747339 33.21454051 0.07290340 0.54509804 0.71372549 0.60000000
v -2.60528172 32.74805503 1.58300297 0.54509804 0.71372549 0.60000000
v -3.89728143 32.48098469 2.34177210 0.54509804 0.71372549 0.60000000
v -3.78653897 32.46317820 2.79554581 0.54509804 0.71372549 0.60000000
v -3.30665309 32.50591017 3.06334666 0.54509804 0.71372549 0.60000000
v -3.35833272 32.62342310 -2.18108752 0.54509804 0.71372549 0.60000000
v -5.61748739 31.41625831 6.11330173 0.54509804 0.71372549 0.60000000
v 16.31698438 7.99229479 33.13143604 0.54509804 0.71372549 0.60000000
v 16.61229799 8.28785350 32.88595204 0.54509804 0.71372549 0.60000000
v 13.93970348 6.40054784 34.49275884 0.54509804 0.71372549 0.60000000
v 14.74443466 7.17327502 33.99435030 0.54509804 0.71372549 0.60000000
v 14.16118953 6.64269270 34.35141773 0.54509804 0.71372549 0.60000000
v 13.23833155 6.41835208 34.66385314 0.54509804 0.71372549 0.60000000
v 12.51481169 5.66699090 35.07299313 0.54509804 0.71372549 0.60000000
v 12.28594356 5.41772479 35.19945540 0.54509804 0.71372549 0.60000000
v 10.97179480 5.66343027 35.34079427 0.54509804 0.71372549 0.60000000
v 10.97179480 4.90850734 35.52676740 0.54509804 0.71372549 0.60000000
v 10.99394329 3.38441897 35.85407940 0.54509804 0.71372549 0.60000000
v 7.88575988 4.87645948 35.98054167 0.54509804 0.71372549 0.60000000
v 7.19915409 4.90850734 36.04749083 0.54509804 0.71372549 0.60000000
v 7.19915409 1.60750275 36.69467653 0.54509804 0.71372549 0.60000000
v 2.68084495 -2.16711080 37.45345015 0.54509804 0.71372549 0.60000000
v -1.50523580 1.53984417 36.67235939 0.54509804 0.71372549 0.60000000
v -1.79316733 1.83184225 36.59053139 0.54509804 0.71372549 0.60000000
v -0.31659535 -3.07515402 37.55758629 0.54509804 0.71372549 0.60000000
v 4.93261670 3.39866259 36.42687539 0.54509804 0.71372549 0.60000000
v 0.41430743 2.64730140 36.59796969 0.54509804 0.71372549 0.60000000
v -0.33874413 3.39866259 36.44919253 0.54509804 0.71372549 0.60000000
v -0.33874413 2.64730140 36.58309309 0.54509804 0.71372549 0.60000000
v -1.09179540 2.64730140 36.53102053 0.54509804 0.71372549 0.60000000
v 22.23065325 1.13745665 -33.75183744 0.54509804 0.71372549 0.60000000
v 21.75815057 1.13745665 -34.12378371 0.54509804 0.71372549 0.60000000
v 21.38162508 1.13745665 -34.41390198 0.54509804 0.71372549 0.60000000
v 20.85005901 1.89237846 -34.77096941 0.54509804 0.71372549 0.60000000
v 20.47353351 1.89237846 -35.05364714 0.54509804 0.71372549 0.60000000
v 15.91092718 1.89237846 -38.04409163 0.54509804 0.71372549 0.60000000
v 15.49748678 1.13745665 -38.13336017 0.54509804 0.71372549 0.60000000
v 14.74443466 0.38253372 -38.25238190 0.54509804 0.71372549 0.60000000
v 15.49748678 1.89237846 -38.08872140 0.54509804 0.71372549 0.60000000
v 15.49748678 2.44788739 -38.03665333 0.54509804 0.71372549 0.60000000
v 15.49748678 2.82534942 -37.99201906 0.54509804 0.71372549 0.60000000
v 14.74443466 5.66343027 -37.64238993 0.54509804 0.71372549 0.60000000
v 15.49748678 4.15358552 -37.76885220 0.54509804 0.71372549 0.60000000
v 15.49748678 4.90850734 -37.60519620 0.54509804 0.71372549 0.60000000
v 22.64409252 0.38253372 -33.47659802 0.54509804 0.71372549 0.60000000
v 15.23908695 6.41835208 -37.35227166 0.54509804 0.71372549 0.60000000
v 15.13572657 6.81005773 -37.27788420 0.54509804 0.71372549 0.60000000
v 18.84930473 6.72459491 -34.97181914 0.54509804 0.71372549 0.60000000
v 21.29302998 7.17327502 -32.84429116 0.54509804 0.71372549 0.60000000
v 21.66955548 7.17327502 -32.54673459 0.54509804 0.71372549 0.60000000
v 23.89179693 -3.07515402 -32.53185575 0.54509804 0.71372549 0.60000000
v 23.53003672 -2.63715690 -32.82197402 0.54509804 0.71372549 0.60000000
v 23.55218521 -1.88223397 -32.83685061 0.54509804 0.71372549 0.60000000
v 22.67362535 -0.64302131 -33.49891515 0.54509804 0.71372549 0.60000000
v 21.16752111 7.56498067 -32.74758432 0.54509804 0.71372549 0.60000000
v 20.76146391 7.86053937 -32.91124032 0.54509804 0.71372549 0.60000000
v 19.01910946 7.71810208 -34.34695057 0.54509804 0.71372549 0.60000000
v 19.66141912 8.32346423 -33.50635345 0.54509804 0.71372549 0.60000000
v 19.80169328 9.24219044 -32.85172945 0.54509804 0.71372549 0.60000000
v 19.30704099 10.22857412 -32.56161118 0.54509804 0.71372549 0.60000000
v 18.81977303 8.22019604 -34.19817342 0.54509804 0.71372549 0.60000000
v 18.48016131 9.39531185 -33.66257115 0.54509804 0.71372549 0.60000000
v 18.51707509 10.18940389 -33.11209229 0.54509804 0.71372549 0.60000000
v 18.19961299 9.87247920 -33.52867058 0.54509804 0.71372549 0.60000000
v 18.32512074 10.74135220 -32.85916775 0.54509804 0.71372549 0.60000000
v 17.91906354 10.37457428 -33.36501458 0.54509804 0.71372549 0.60000000
v 17.72711032 10.91583959 -33.09721345 0.54509804 0.71372549 0.60000000
v 17.01097310 11.12237485 -33.35013574 0.54509804 0.71372549 0.60000000
v 17.34320161 12.79602400 -31.95905976 0.54509804 0.71372549 0.60000000
v 17.46870936 13.64709163 -31.27468033 0.54509804 0.71372549 0.60000000
v 17.01097310 13.81445666 -31.40114036 0.54509804 0.71372549 0.60000000
v 16.25053778 17.52853288 -29.09507754 0.54509804 0.71372549 0.60000000
v 16.47940703 13.49040960 -31.91442549 0.54509804 0.71372549 0.60000000
v 16.29483476 11.69924976 -33.29806543 0.54509804 0.71372549 0.60000000
v 14.32361218 7.52581044 -37.24812877 0.54509804 0.71372549 0.60000000
v 14.59677842 17.48224140 -29.80177410 0.54509804 0.71372549 0.60000000
v 13.99138367 17.98789711 -29.63067981 0.54509804 0.71372549 0.60000000
v 13.86587479 19.72920260 -28.29911468 0.54509804 0.71372549 0.60000000
v 13.23833155 20.22417756 -28.06850728 0.54509804 0.71372549 0.60000000
v 12.67723490 20.32032225 -28.15777582 0.54509804 0.71372549 0.60000000
v 12.47789791 24.22669123 -24.50526904 0.54509804 0.71372549 0.60000000
v 12.47789791 24.60415101 -24.13332277 0.54509804 0.71372549 0.60000000
v 12.47789791 24.96736830 -23.75393821 0.54509804 0.71372549 0.60000000
v 9.46569168 27.07189333 -22.05786511 0.54509804 0.71372549 0.60000000
v 10.04893738 27.25350197 -21.57433541 0.54509804 0.71372549 0.60000000
v 10.97179480 26.23862881 -22.70505081 0.54509804 0.71372549 0.60000000
v 10.21874324 26.63745683 -22.42237308 0.54509804 0.71372549 0.60000000
v 8.70525692 27.11818705 -22.11737598 0.54509804 0.71372549 0.60000000
v 8.70525692 27.38169790 -21.73799141 0.54509804 0.71372549 0.60000000
v 8.70525692 27.75915768 -21.12056339 0.54509804 0.71372549 0.60000000
v 8.70525692 27.95857056 -20.74861713 0.54509804 0.71372549 0.60000000
v 6.44610253 29.34022276 -18.18962977 0.54509804 0.71372549 0.60000000
v 4.17956514 33.10059158 -5.95261687 0.54509804 0.71372549 0.60000000
v 3.43389648 33.01512763 -7.46271627 0.54509804 0.71372549 0.60000000
v 3.43389648 32.84420197 -8.21404654 0.54509804 0.71372549 0.60000000
v 6.16555393 30.20553401 -16.18112351 0.54509804 0.71372549 0.60000000
v 4.93261670 30.75748344 -15.00577497 0.54509804 0.71372549 0.60000000
v 4.17956514 30.79665366 -15.00577497 0.54509804 0.71372549 0.60000000
v 4.93261670 30.47260660 -15.76454410 0.54509804 0.71372549 0.60000000
v -4.11138428 26.37038649 19.99431515 0.54509804 0.71372549 0.60000000
v -7.13097371 24.09849531 22.24086711 0.54509804 0.71372549 0.60000000
v -7.13097371 23.79937598 22.70951797 0.54509804 0.71372549 0.60000000
v -7.13097371 23.46820543 23.19304767 0.54509804 0.71372549 0.60000000
v -6.37792159 23.57503536 23.33438653 0.54509804 0.71372549 0.60000000
v -4.84967055 25.85760729 20.47784485 0.54509804 0.71372549 0.60000000
v -4.08185314 27.31047644 18.20153634 0.54509804 0.71372549 0.60000000
v -4.86443583 27.22857424 17.93373521 0.54509804 0.71372549 0.60000000
v -5.27049303 27.17159977 17.82215178 0.54509804 0.71372549 0.60000000
v -4.31810448 27.11106356 18.46189806 0.54509804 0.71372549 0.60000000
v -4.69463054 26.48077367 19.47359173 0.54509804 0.71372549 0.60000000
v -7.13097371 23.17264785 23.57243223 0.54509804 0.71372549 0.60000000
v -6.15643666 28.72417537 14.13245015 0.54509804 0.71372549 0.60000000
v -8.63707682 28.97700547 11.39493020 0.54509804 0.71372549 0.60000000
v -8.27531661 28.67788390 12.53308389 0.54509804 0.71372549 0.60000000
v -8.14242453 27.88735361 14.70524727 0.54509804 0.71372549 0.60000000
v -5.61748739 28.80607757 14.28866785 0.54509804 0.71372549 0.60000000
v -5.32217322 30.97113881 8.10693027 0.54509804 0.71372549 0.60000000
v -6.44436819 31.16699220 6.18025145 0.54509804 0.71372549 0.60000000
v -9.39012782 29.72124429 8.37473140 0.54509804 0.71372549 0.60000000
v -9.81833351 29.45060995 8.85082168 0.54509804 0.71372549 0.60000000
v -10.09888295 29.25119706 9.11118339 0.54509804 0.71372549 0.60000000
v -11.22107736 28.64939666 9.38642395 0.54509804 0.71372549 0.60000000
v -11.05865359 28.57461796 9.88483136 0.54509804 0.71372549 0.60000000
v -10.54185393 28.68144564 10.28653194 0.54509804 0.71372549 0.60000000
v -10.14317994 28.99480971 9.88483136 0.54509804 0.71372549 0.60000000
v -8.95453892 27.90159610 13.99111129 0.54509804 0.71372549 0.60000000
v -8.77735098 28.59242220 12.30247761 0.54509804 0.71372549 0.60000000
v -8.15719094 22.59933243 23.80303964 0.54509804 0.71372549 0.60000000
v -7.61824167 21.93699581 24.64363676 0.54509804 0.71372549 0.60000000
v -6.04569308 15.87268909 29.89550980 0.54509804 0.71372549 0.60000000
v -5.61748739 15.96527428 29.96245896 0.54509804 0.71372549 0.60000000
v -4.86443583 16.09702971 30.05172750 0.54509804 0.71372549 0.60000000
v -4.11138428 15.64478897 30.50549952 0.54509804 0.71372549 0.60000000
v -4.86443583 14.19191757 31.29402408 0.54509804 0.71372549 0.60000000
v -4.86443583 13.81801728 31.51719319 0.54509804 0.71372549 0.60000000
v -4.93088187 15.44181434 30.46830579 0.54509804 0.71372549 0.60000000
v -5.23357869 15.09283954 30.63196179 0.54509804 0.71372549 0.60000000
v -1.66765846 12.15861287 32.94546291 0.54509804 0.71372549 0.60000000
v -2.75293853 10.50632971 33.62240404 0.54509804 0.71372549 0.60000000
v -3.19591006 10.00423462 33.74142801 0.54509804 0.71372549 0.60000000
v -2.60528172 9.43448208 34.10593373 0.54509804 0.71372549 0.60000000
v -1.57906393 9.10687327 34.42580744 0.54509804 0.71372549 0.60000000
v -1.09179540 9.18877547 34.46300341 0.54509804 0.71372549 0.60000000
v 1.16735899 7.17327502 35.45981599 0.54509804 0.71372549 0.60000000
v 1.16735899 7.73946694 35.24408743 0.54509804 0.71372549 0.60000000
v 10.21874324 8.46590264 34.47044171 0.54509804 0.71372549 0.60000000
v 6.44610253 6.41835208 35.66066797 0.54509804 0.71372549 0.60000000
v 9.50998867 6.48601067 35.29616000 0.54509804 0.71372549 0.60000000
v 9.79792019 6.78513112 35.15482113 0.54509804 0.71372549 0.60000000
v 10.21874324 7.17327502 34.96140970 0.54509804 0.71372549 0.60000000
v 10.21874324 7.92819796 34.67873198 0.54509804 0.71372549 0.60000000
v -0.33874413 4.15358552 36.24090226 0.54509804 0.71372549 0.60000000
v 0.41430743 3.39866259 36.45663082 0.54509804 0.71372549 0.60000000
v 5.69305111 3.39866259 36.41199880 0.54509804 0.71372549 0.60000000
v 5.69305111 4.15358552 36.26321939 0.54509804 0.71372549 0.60000000
v 4.59300519 6.05869654 35.92102856 0.54509804 0.71372549 0.60000000
v 10.21874324 8.84336355 34.31422400 0.54509804 0.71372549 0.60000000
v 10.21874324 9.43448208 34.06874001 0.54509804 0.71372549 0.60000000
v 10.21874324 10.08969745 33.77862174 0.54509804 0.71372549 0.60000000
v 10.97179480 9.95082078 33.71911087 0.54509804 0.71372549 0.60000000
v 10.21874324 11.61022519 33.04216975 0.54509804 0.71372549 0.60000000
v 10.21874324 11.98768722 32.84875832 0.54509804 0.71372549 0.60000000
v 10.97179480 10.32828169 33.53313774 0.54509804 0.71372549 0.60000000
v 11.44429747 9.85823558 33.67447660 0.54509804 0.71372549 0.60000000
v 10.97179480 11.82744344 32.76693032 0.54509804 0.71372549 0.60000000
v 11.72484635 12.36514813 32.30571775 0.54509804 0.71372549 0.60000000
v 12.47789791 11.69924976 32.47681205 0.54509804 0.71372549 0.60000000
v 13.18665192 11.70993276 32.28340062 0.54509804 0.71372549 0.60000000
v 12.89872039 12.09807666 32.14950005 0.54509804 0.71372549 0.60000000
v 13.22356626 10.90159598 32.70741945 0.54509804 0.71372549 0.60000000
v 13.85849159 11.46778790 32.21645146 0.54509804 0.71372549 0.60000000
v 13.45981760 10.48852434 32.85619661 0.54509804 0.71372549 0.60000000
v 13.99138367 10.33184231 32.77436861 0.54509804 0.71372549 0.60000000
v 13.47458401 8.98580084 33.62240404 0.54509804 0.71372549 0.60000000
v 13.65915515 6.82430135 34.41836914 0.54509804 0.71372549 0.60000000
v 2.18619344 33.22166401 -4.26398348 0.54509804 0.71372549 0.60000000
v 1.92779347 33.05785960 -5.95261687 0.54509804 0.71372549 0.60000000
v 0.76130179 33.20742151 -1.13963954 0.54509804 0.71372549 0.60000000
v -2.60528172 32.74805503 0.83167256 0.54509804 0.71372549 0.60000000
v -1.09179540 32.94034892 -3.69118692 0.54509804 0.71372549 0.60000000
v -2.60528172 32.73737429 -2.18108752 0.54509804 0.71372549 0.60000000
v -7.27124787 31.64059892 0.07290340 0.54509804 0.71372549 0.60000000
v -4.27380749 32.37771650 2.34177210 0.54509804 0.71372549 0.60000000
v -6.91687086 31.74030537 -0.67098802 0.54509804 0.71372549 0.60000000
v -8.63707682 31.30943062 -1.42975725 0.54509804 0.71372549 0.60000000
v -7.13097371 31.27738164 4.60320177 0.54509804 0.71372549 0.60000000
v -6.37792159 31.39133057 5.35453204 0.54509804 0.71372549 0.60000000
v -1.09179540 32.90117869 -4.44251747 0.54509804 0.71372549 0.60000000
v -3.35833272 32.58069113 -2.93241779 0.54509804 0.71372549 0.60000000
v -3.80130426 32.47030169 -3.43826406 0.54509804 0.71372549 0.60000000
v -3.85298445 32.48810593 -2.93241779 0.54509804 0.71372549 0.60000000
v 12.47789791 7.20532400 34.53739087 0.54509804 0.71372549 0.60000000
v 11.72484635 7.17327502 34.71592571 0.54509804 0.71372549 0.60000000
v 12.47789791 6.41835208 34.82750914 0.54509804 0.71372549 0.60000000
v 11.89465165 5.91981987 35.12506570 0.54509804 0.71372549 0.60000000
v 11.38523463 6.06581779 35.16969997 0.54509804 0.71372549 0.60000000
v 10.21874324 5.66343027 35.45237770 0.54509804 0.71372549 0.60000000
v 7.58306279 5.29309061 35.91359026 0.54509804 0.71372549 0.60000000
v 7.19915409 5.34650558 35.92846910 0.54509804 0.71372549 0.60000000
v 5.69305111 2.64730140 36.54589937 0.54509804 0.71372549 0.60000000
v -2.00727018 1.34043016 36.64260396 0.54509804 0.71372549 0.60000000
v -2.60528172 1.89237846 36.47894796 0.54509804 0.71372549 0.60000000
v -0.79648123 -3.07515402 37.44600286 0.54509804 0.71372549 0.60000000
v -2.57575003 1.10896829 36.60541023 0.54509804 0.71372549 0.60000000
v -3.35833272 1.13745665 36.47894796 0.54509804 0.71372549 0.60000000
v -4.86443583 0.38253372 36.33760910 0.54509804 0.71372549 0.60000000
v -5.61748739 -0.37238922 36.29297483 0.54509804 0.71372549 0.60000000
v -1.09179540 3.39866259 36.38224112 0.54509804 0.71372549 0.60000000
v -1.84484696 2.64730140 36.43431369 0.54509804 0.71372549 0.60000000
v 20.86482429 1.13745665 -34.79328655 0.54509804 0.71372549 0.60000000
v 22.26756703 0.38253372 -33.76671628 0.54509804 0.71372549 0.60000000
v 20.48091559 1.13745665 -35.05364714 0.54509804 0.71372549 0.60000000
v 19.53591024 1.13745665 -35.68595624 0.54509804 0.71372549 0.60000000
v 15.91092718 1.13745665 -38.04409163 0.54509804 0.71372549 0.60000000
v 15.50486999 0.43950931 -38.11848358 0.54509804 0.71372549 0.60000000
v 13.99138367 -0.37238922 -38.29701167 0.54509804 0.71372549 0.60000000
v 12.47789791 -1.12731103 -38.34908874 0.54509804 0.71372549 0.60000000
v 13.99138367 0.38253372 -38.23750531 0.54509804 0.71372549 0.60000000
v 14.74443466 1.13745665 -38.17798994 0.54509804 0.71372549 0.60000000
v 14.77396636 -0.40443708 -38.17055165 0.54509804 0.71372549 0.60000000
v 14.74443466 1.89237846 -38.09615970 0.54509804 0.71372549 0.60000000
v 14.74443466 4.15358552 -37.83580136 0.54509804 0.71372549 0.60000000
v 14.74443466 4.90850734 -37.74653506 0.54509804 0.71372549 0.60000000
v 13.99138367 6.41835208 -37.53824479 0.54509804 0.71372549 0.60000000
v 14.04306386 7.23381236 -37.38202709 0.54509804 0.71372549 0.60000000
v 14.74443466 6.41835208 -37.49361277 0.54509804 0.71372549 0.60000000
v 14.74443466 6.97742276 -37.33739507 0.54509804 0.71372549 0.60000000
v 17.26937293 9.71223654 -34.18329458 0.54509804 0.71372549 0.60000000
v 18.17746450 7.59346790 -35.03133225 0.54509804 0.71372549 0.60000000
v 18.70164736 7.17327502 -34.86023571 0.54509804 0.71372549 0.60000000
v 19.27012721 7.12342180 -34.45109571 0.54509804 0.71372549 0.60000000
v 20.34802463 7.45815185 -33.44684258 0.54509804 0.71372549 0.60000000
v 23.51527031 -3.07515402 -32.80709518 0.54509804 0.71372549 0.60000000
v 23.04276764 -3.07515402 -33.13440718 0.54509804 0.71372549 0.60000000
v 22.63671044 -1.88223397 -33.47659802 0.54509804 0.71372549 0.60000000
v 22.67362535 -0.83887357 -33.49891515 0.54509804 0.71372549 0.60000000
v 19.52114383 7.34420180 -34.14610085 0.54509804 0.71372549 0.60000000
v 18.31773866 8.48370688 -34.36182942 0.54509804 0.71372549 0.60000000
v 18.05933883 8.98580084 -34.19817342 0.54509804 0.71372549 0.60000000
v 17.70496070 10.15023366 -33.64025401 0.54509804 0.71372549 0.60000000
v 17.40964709 10.58823191 -33.50635345 0.54509804 0.71372549 0.60000000
v 17.01097310 10.74491282 -33.61793688 0.54509804 0.71372549 0.60000000
v 16.57538421 11.28261751 -33.46172142 0.54509804 0.71372549 0.60000000
v 16.70827516 12.13724689 -32.77733975 0.54509804 0.71372549 0.60000000
v 17.05527009 13.22689875 -31.80284206 0.54509804 0.71372549 0.60000000
v 16.42034363 10.42442751 -34.14610085 0.54509804 0.71372549 0.60000000
v 16.76733856 9.92233355 -34.31719514 0.54509804 0.71372549 0.60000000
v 13.82157781 7.65400412 -37.30763963 0.54509804 0.71372549 0.60000000
v 13.23833155 8.09912361 -37.15142193 0.54509804 0.71372549 0.60000000
v 11.97586354 19.57964293 -28.93885984 0.54509804 0.71372549 0.60000000
v 13.23833155 19.85027503 -28.39581927 0.54509804 0.71372549 0.60000000
v 12.44836621 20.03900717 -28.44789184 0.54509804 0.71372549 0.60000000
v 12.17520053 20.38797971 -28.22472498 0.54509804 0.71372549 0.60000000
v 9.89389737 24.91395558 -24.45319647 0.54509804 0.71372549 0.60000000
v 11.72484635 25.05995350 -23.84320450 0.54509804 0.71372549 0.60000000
v 10.97179480 25.86116903 -23.15882508 0.54509804 0.71372549 0.60000000
v 8.70525692 25.75077735 -23.79857023 0.54509804 0.71372549 0.60000000
v 9.29588582 25.69736463 -23.73162107 0.54509804 0.71372549 0.60000000
v 7.95220564 25.79350932 -23.85064280 0.54509804 0.71372549 0.60000000
v 5.69305111 26.60896960 -23.15882508 0.54509804 0.71372549 0.60000000
v 3.18287926 26.43092270 -23.70930394 0.54509804 0.71372549 0.60000000
v 3.43389648 26.66950581 -23.36711535 0.54509804 0.71372549 0.60000000
v 3.43389648 27.09682106 -22.80919594 0.54509804 0.71372549 0.60000000
v 4.62253661 27.93364283 -21.44787539 0.54509804 0.71372549 0.60000000
v 7.95220564 28.23632615 -20.28740456 0.54509804 0.71372549 0.60000000
v 6.44610253 29.06246717 -18.77730460 0.54509804 0.71372549 0.60000000
v 5.69305111 29.35090351 -18.24170233 0.54509804 0.71372549 0.60000000
v 4.17956514 30.51889808 -15.76454410 0.54509804 0.71372549 0.60000000
v 2.68084495 32.80503175 -8.21404654 0.54509804 0.71372549 0.60000000
v 1.92779347 32.75874027 -8.21404654 0.54509804 0.71372549 0.60000000
v 1.92779347 32.87625096 -7.46271627 0.54509804 0.71372549 0.60000000
v 1.92779347 32.96883390 -6.70394714 0.54509804 0.71372549 0.60000000
v 1.16735899 31.46611377 -12.74434530 0.54509804 0.71372549 0.60000000
v -0.33874413 31.03523678 -14.12054469 0.54509804 0.71372549 0.60000000
v -0.33874413 31.21328367 -13.49567613 0.54509804 0.71372549 0.60000000
v 1.16735899 30.76104294 -15.00577497 0.54509804 0.71372549 0.60000000
v -4.91611602 26.27779904 19.71163518 0.54509804 0.71372549 0.60000000
v -7.92832169 24.00947186 21.96562768 0.54509804 0.71372549 0.60000000
v -7.81019602 23.56791412 22.71695626 0.54509804 0.71372549 0.60000000
v -8.00953358 23.30440327 22.97731910 0.54509804 0.71372549 0.60000000
v -9.08004780 26.43092270 17.09313808 0.54509804 0.71372549 0.60000000
v -8.68137381 27.81613215 14.43744613 0.54509804 0.71372549 0.60000000
v -9.04313402 27.17516152 15.56816153 0.54509804 0.71372549 0.60000000
v -11.05865359 29.33309927 6.86463200 0.54509804 0.71372549 0.60000000
v -7.16788749 31.11001548 5.37684918 0.54509804 0.71372549 0.60000000
v -8.37129379 30.98894305 3.69565436 0.54509804 0.71372549 0.60000000
v -12.85268823 27.95144932 8.85826054 0.54509804 0.71372549 0.60000000
v -13.61312243 27.20008925 10.35348222 0.54509804 0.71372549 0.60000000
v -11.64928305 28.04759626 10.59896622 0.54509804 0.71372549 0.60000000
v -11.89291647 27.85174288 10.82957250 0.54509804 0.71372549 0.60000000
v -10.83716866 28.43929854 10.57665021 0.54509804 0.71372549 0.60000000
v -9.91431068 28.00486429 12.68930159 0.54509804 0.71372549 0.60000000
v -12.38018555 26.52706740 13.61172672 0.54509804 0.71372549 0.60000000
v -11.62713456 26.55199513 14.37049585 0.54509804 0.71372549 0.60000000
v -11.35396832 26.46296943 14.87634156 0.54509804 0.71372549 0.60000000
v -8.63707682 22.80586881 23.30463110 0.54509804 0.71372549 0.60000000
v -8.63707682 22.46401751 23.68401566 0.54509804 0.71372549 0.60000000
v -8.12027604 21.80524039 24.53205333 0.54509804 0.71372549 0.60000000
v -7.87664262 21.53460830 24.84448649 0.54509804 0.71372549 0.60000000
v -8.40082549 14.41269644 29.94014182 0.54509804 0.71372549 0.60000000
v -6.16381875 14.48747739 30.72866863 0.54509804 0.71372549 0.60000000
v -5.61748739 14.63703706 30.82537322 0.54509804 0.71372549 0.60000000
v -5.61748739 15.47030157 30.28977096 0.54509804 0.71372549 0.60000000
v -5.35170492 13.68626186 31.45024179 0.54509804 0.71372549 0.60000000
v -6.98331634 10.77696180 32.24620689 0.54509804 0.71372549 0.60000000
v -7.53703090 6.81718010 33.65960001 0.54509804 0.71372549 0.60000000
v -5.98663081 6.03376881 34.40349030 0.54509804 0.71372549 0.60000000
v -4.13353333 5.65986965 35.05067600 0.54509804 0.71372549 0.60000000
v -3.55028707 5.91269638 35.11762741 0.54509804 0.71372549 0.60000000
v -2.08109830 8.98224134 34.38117541 0.54509804 0.71372549 0.60000000
v -2.60528172 7.17327502 34.90189884 0.54509804 0.71372549 0.60000000
v -1.87437866 6.47176705 35.29616000 0.54509804 0.71372549 0.60000000
v -1.64550997 6.88127694 35.19201486 0.54509804 0.71372549 0.60000000
v -1.09179540 8.68311977 34.64153600 0.54509804 0.71372549 0.60000000
v -1.09179540 6.99522700 35.22921084 0.54509804 0.71372549 0.60000000
v -1.09179540 6.41835208 35.42262227 0.54509804 0.71372549 0.60000000
v -2.19184132 4.51680281 35.91359026 0.54509804 0.71372549 0.60000000
v -1.09179540 4.15358552 36.16651255 0.54509804 0.71372549 0.60000000
v 10.75030875 8.37331745 34.43324573 0.54509804 0.71372549 0.60000000
v 10.21874324 6.32576801 35.25896627 0.54509804 0.71372549 0.60000000
v 10.21874324 6.70322892 35.13250400 0.54509804 0.71372549 0.60000000
v 10.97179480 7.17327502 34.85726457 0.54509804 0.71372549 0.60000000
v 10.99394329 8.64751129 34.27703028 0.54509804 0.71372549 0.60000000
v 10.97179480 9.43448208 33.94227774 0.54509804 0.71372549 0.60000000
v 11.42214898 11.35383672 32.91570747 0.54509804 0.71372549 0.60000000
v 11.72484635 8.68311977 34.12081257 0.54509804 0.71372549 0.60000000
v 12.97254907 9.11043502 33.67447660 0.54509804 0.71372549 0.60000000
v 13.23094947 9.39175011 33.48106517 0.54509804 0.71372549 0.60000000
v 12.47789791 10.73779157 32.98265888 0.54509804 0.71372549 0.60000000
v 11.92418335 11.24344728 32.85619661 0.54509804 0.71372549 0.60000000
v 11.69531465 11.64227417 32.69997891 0.54509804 0.71372549 0.60000000
v 12.47789791 11.11525248 32.78924745 0.54509804 0.71372549 0.60000000
v 12.95778323 10.62384039 32.92314802 0.54509804 0.71372549 0.60000000
v 13.23094947 8.71160813 33.78606228 0.54509804 0.71372549 0.60000000
v 13.23833155 7.92819796 34.09105714 0.54509804 0.71372549 0.60000000
v 13.23833155 7.32639643 34.32166230 0.54509804 0.71372549 0.60000000
v -7.88402470 31.46611377 0.07290340 0.54509804 0.71372549 0.60000000
v -8.63707682 31.28450288 -0.67098802 0.54509804 0.71372549 0.60000000
v -4.86443583 32.20679085 2.34177210 0.54509804 0.71372549 0.60000000
v -9.35321404 31.08864950 -1.42975725 0.54509804 0.71372549 0.60000000
v -9.34583083 31.07084526 -0.67098802 0.54509804 0.71372549 0.60000000
v -7.88402470 31.35572209 -4.44251747 0.54509804 0.71372549 0.60000000
v -7.13097371 31.36284559 3.84443264 0.54509804 0.71372549 0.60000000
v -3.01133892 32.45249745 -4.86653546 0.54509804 0.71372549 0.60000000
v 1.16735899 32.76229977 -7.46271627 0.54509804 0.71372549 0.60000000
v 1.16735899 32.63766784 -8.21404654 0.54509804 0.71372549 0.60000000
v -5.27049303 31.69757339 -7.11308770 0.54509804 0.71372549 0.60000000
v 12.22688072 7.62195513 34.43324573 0.54509804 0.71372549 0.60000000
v 11.67316616 6.35781587 35.02092057 0.54509804 0.71372549 0.60000000
v 11.25234312 8.25936626 34.38861371 0.54509804 0.71372549 0.60000000
v 10.97179480 6.16552423 35.19945540 0.54509804 0.71372549 0.60000000
v 10.97179480 6.54298626 35.08043143 0.54509804 0.71372549 0.60000000
v -2.60528172 2.64730140 36.32273026 0.54509804 0.71372549 0.60000000
v -3.35833272 1.89237846 36.35248569 0.54509804 0.71372549 0.60000000
v -5.61748739 -1.12731103 36.29297483 0.54509804 0.71372549 0.60000000
v -4.86443583 -3.07515402 36.47150966 0.54509804 0.71372549 0.60000000
v -4.11138428 1.13745665 36.35248569 0.54509804 0.71372549 0.60000000
v -5.61748739 0.38253372 36.18882969 0.54509804 0.71372549 0.60000000
v -6.21549894 0.38253372 36.01029710 0.54509804 0.71372549 0.60000000
v -6.31885932 -0.37238922 36.06980796 0.54509804 0.71372549 0.60000000
v -9.24985366 -3.07515402 35.25896627 0.54509804 0.71372549 0.60000000
v -8.63707682 -3.07515402 35.43750111 0.54509804 0.71372549 0.60000000
v -1.84484696 3.39866259 36.26321939 0.54509804 0.71372549 0.60000000
v 20.46615030 0.38253372 -35.04620884 0.54509804 0.71372549 0.60000000
v 19.51376175 0.38253372 -35.67107740 0.54509804 0.71372549 0.60000000
v 15.88877756 0.73150739 -38.02921504 0.54509804 0.71372549 0.60000000
v 20.44400181 -0.37238922 -35.02389170 0.54509804 0.71372549 0.60000000
v 20.42185332 -0.83887357 -35.00901511 0.54509804 0.71372549 0.60000000
v 15.25385224 -0.17297521 -38.09615970 0.54509804 0.71372549 0.60000000
v 13.23833155 -1.12731103 -38.32677385 0.54509804 0.71372549 0.60000000
v 9.84221718 0.75999462 -38.02177449 0.54509804 0.71372549 0.60000000
v 10.21874324 2.64730140 -37.82092477 0.54509804 0.71372549 0.60000000
v 13.23833155 4.90850734 -37.68702420 0.54509804 0.71372549 0.60000000
v 11.72484635 -1.88223397 -38.32677385 0.54509804 0.71372549 0.60000000
v 11.72484635 -1.12731103 -38.31188826 0.54509804 0.71372549 0.60000000
v 1.16735899 2.64730140 -37.42666136 0.54509804 0.71372549 0.60000000
v 0.38477601 3.45563818 -37.30763963 0.54509804 0.71372549 0.60000000
v -1.09179540 4.15358552 -37.16629852 0.54509804 0.71372549 0.60000000
v -1.09179540 4.90850734 -37.08447052 0.54509804 0.71372549 0.60000000
v 13.99876687 -1.14155577 -38.17798994 0.54509804 0.71372549 0.60000000
v 14.54509823 -0.89940979 -38.10360699 0.54509804 0.71372549 0.60000000
v 12.47789791 5.66343027 -37.56800022 0.54509804 0.71372549 0.60000000
v 12.47789791 7.17327502 -37.38946763 0.54509804 0.71372549 0.60000000
v 13.23833155 7.17327502 -37.41922306 0.54509804 0.71372549 0.60000000
v 13.23833155 7.72166158 -37.32251623 0.54509804 0.71372549 0.60000000
v 22.58503025 -3.07515402 -33.43940429 0.54509804 0.71372549 0.60000000
v 22.60717874 -2.63715690 -33.45428088 0.54509804 0.71372549 0.60000000
v 22.26018494 -1.88223397 -33.72952031 0.54509804 0.71372549 0.60000000
v 2.68084495 11.11525248 -36.43728707 0.54509804 0.71372549 0.60000000
v 5.69305111 19.32325558 -30.29274209 0.54509804 0.71372549 0.60000000
v 5.69305111 19.86451977 -29.91335753 0.54509804 0.71372549 0.60000000
v 7.19915409 19.70783661 -29.78689751 0.54509804 0.71372549 0.60000000
v 7.73071987 19.65086214 -29.74226324 0.54509804 0.71372549 0.60000000
v 8.23275425 19.59388768 -29.69762896 0.54509804 0.71372549 0.60000000
v 9.82006869 18.10540779 -30.47127693 0.54509804 0.71372549 0.60000000
v 11.47382917 19.65086214 -28.99093240 0.54509804 0.71372549 0.60000000
v 5.69305111 20.24198180 -29.59348608 0.54509804 0.71372549 0.60000000
v 7.95220564 25.07419824 -24.60197363 0.54509804 0.71372549 0.60000000
v 7.95220564 25.45165802 -24.23002736 0.54509804 0.71372549 0.60000000
v 8.70525692 25.38044106 -24.17795704 0.54509804 0.71372549 0.60000000
v 10.21874324 25.59765819 -23.62747594 0.54509804 0.71372549 0.60000000
v 2.94662785 26.43092270 -23.70930394 0.54509804 0.71372549 0.60000000
v 3.24194216 25.70092638 -24.49039020 0.54509804 0.71372549 0.60000000
v 2.68084495 25.72585186 -24.52014563 0.54509804 0.71372549 0.60000000
v -1.84484696 26.48789717 -23.02492451 0.54509804 0.71372549 0.60000000
v -1.84484696 26.77633350 -22.54883311 0.54509804 0.71372549 0.60000000
v 3.72921081 27.92652383 -21.43299655 0.54509804 0.71372549 0.60000000
v 4.17956514 27.93720458 -21.44787539 0.54509804 0.71372549 0.60000000
v 4.17956514 28.12949846 -21.04617369 0.54509804 0.71372549 0.60000000
v 4.17956514 30.26607022 -16.32990180 0.54509804 0.71372549 0.60000000
v 3.43389648 30.26963197 -16.32246238 0.54509804 0.71372549 0.60000000
v 1.92779347 30.47616610 -15.76454410 0.54509804 0.71372549 0.60000000
v -1.09179540 31.16699220 -13.49567613 0.54509804 0.71372549 0.60000000
v -1.09179540 31.01387079 -14.04615499 0.54509804 0.71372549 0.60000000
v 0.41430743 30.73255570 -15.00577497 0.54509804 0.71372549 0.60000000
v -0.33874413 30.70050672 -15.00577497 0.54509804 0.71372549 0.60000000
v -8.46727096 23.49313316 22.47147227 0.54509804 0.71372549 0.60000000
v -9.35321404 26.14960537 17.38325635 0.54509804 0.71372549 0.60000000
v -9.58208217 26.33121626 16.88484894 0.54509804 0.71372549 0.60000000
v -9.84048200 26.44516519 16.38644152 0.54509804 0.71372549 0.60000000
v -11.20631095 29.40075898 6.11330173 0.54509804 0.71372549 0.60000000
v -13.61312243 28.70637113 3.59150979 0.54509804 0.71372549 0.60000000
v -8.46727096 31.01743254 3.09310237 0.54509804 0.71372549 0.60000000
v -8.84379646 30.86074938 3.09310237 0.54509804 0.71372549 0.60000000
v -12.04057384 29.42924621 3.48736493 0.54509804 0.71372549 0.60000000
v -13.71648281 27.26062547 9.88483136 0.54509804 0.71372549 0.60000000
v -18.10928440 24.92819808 8.81362739 0.54509804 0.71372549 0.60000000
v -16.64009507 24.96024706 11.14944620 0.54509804 0.71372549 0.60000000
v -16.47767129 24.85341937 11.65529191 0.54509804 0.71372549 0.60000000
v -16.54411677 24.13766554 13.26209759 0.54509804 0.71372549 0.60000000
v -12.97819710 26.52706740 12.90503016 0.54509804 0.71372549 0.60000000
v -12.83053973 26.43448220 13.33648729 0.54509804 0.71372549 0.60000000
v -12.10701931 26.44872694 14.09525642 0.54509804 0.71372549 0.60000000
v -12.60905368 26.31340977 13.84233300 0.54509804 0.71372549 0.60000000
v -11.85600269 24.81068739 17.60642321 0.54509804 0.71372549 0.60000000
v -11.35396832 24.93888107 17.87422435 0.54509804 0.71372549 0.60000000
v -9.10219629 22.69547937 23.16329223 0.54509804 0.71372549 0.60000000
v -9.61161387 21.78387440 23.75840536 0.54509804 0.71372549 0.60000000
v -8.63707682 22.08655548 24.01876820 0.54509804 0.71372549 0.60000000
v -10.49755694 21.10729305 23.82535452 0.54509804 0.71372549 0.60000000
v -14.39570624 17.42170519 24.65107506 0.54509804 0.71372549 0.60000000
v -8.90285986 14.27025915 29.82112010 0.54509804 0.71372549 0.60000000
v -8.64445890 13.99606530 30.11123837 0.54509804 0.71372549 0.60000000
v -8.66660852 13.21977751 30.51294007 0.54509804 0.71372549 0.60000000
v -11.41303171 10.71286496 30.69147266 0.54509804 0.71372549 0.60000000
v -10.90361414 9.24931169 31.48743776 0.54509804 0.71372549 0.60000000
v -8.03906528 6.55010751 33.57033372 0.54509804 0.71372549 0.60000000
v -7.82496243 6.34713288 33.71167258 0.54509804 0.71372549 0.60000000
v -7.05714503 5.58865044 34.21007887 0.54509804 0.71372549 0.60000000
v -6.37792159 5.47113863 34.47044171 0.54509804 0.71372549 0.60000000
v -7.13097371 6.41835208 33.91996060 0.54509804 0.71372549 0.60000000
v -4.70939582 4.71977745 35.22921084 0.54509804 0.71372549 0.60000000
v -4.13353333 4.94767869 35.30360054 0.54509804 0.71372549 0.60000000
v -3.35833272 4.90850734 35.51188856 0.54509804 0.71372549 0.60000000
v -3.04825270 6.08718378 35.17713827 0.54509804 0.71372549 0.60000000
v -2.14754434 6.75664389 35.14738284 0.54509804 0.71372549 0.60000000
v -2.60528172 5.66343027 35.43006056 0.54509804 0.71372549 0.60000000
v -2.60528172 4.90850734 35.69042340 0.54509804 0.71372549 0.60000000
v -3.32141894 4.11085355 35.77968969 0.54509804 0.71372549 0.60000000
v -3.04825270 3.82953846 35.92846910 0.54509804 0.71372549 0.60000000
v -3.32141894 3.39154134 35.99541826 0.54509804 0.71372549 0.60000000
v -2.60528172 3.99690349 35.97310112 0.54509804 0.71372549 0.60000000
v -2.60528172 3.39866259 36.12931883 0.54509804 0.71372549 0.60000000
v 10.99394329 7.97448943 34.54483141 0.54509804 0.71372549 0.60000000
v -10.87408244 30.33016819 -2.93241779 0.54509804 0.71372549 0.60000000
v -11.65666513 30.00968287 -2.93241779 0.54509804 0.71372549 0.60000000
v -10.90361414 30.38358091 -1.42975725 0.54509804 0.71372549 0.60000000
v -9.72235633 30.91772609 -0.67098802 0.54509804 0.71372549 0.60000000
v -8.55586493 31.09221124 -4.44251747 0.54509804 0.71372549 0.60000000
v -6.37792159 31.37708808 -7.46271627 0.54509804 0.71372549 0.60000000
v -7.20480239 31.09221124 -7.53710541 0.54509804 0.71372549 0.60000000
v -7.50749921 30.93553033 -7.83466198 0.54509804 0.71372549 0.60000000
v -9.39012782 29.94914666 -9.72414650 0.54509804 0.71372549 0.60000000
v -12.04795704 29.43280571 -6.35431801 0.54509804 0.71372549 0.60000000
v -5.55842456 31.58362446 -7.40320484 0.54509804 0.71372549 0.60000000
v -3.35833272 2.64730140 36.18139139 0.54509804 0.71372549 0.60000000
v -4.11138428 1.89237846 36.19627023 0.54509804 0.71372549 0.60000000
v -4.86443583 1.13745665 36.20370853 0.54509804 0.71372549 0.60000000
v -5.60272210 1.11252892 36.01029710 0.54509804 0.71372549 0.60000000
v -6.06784157 0.84545745 35.94334569 0.54509804 0.71372549 0.60000000
v -7.12359050 1.84608587 35.26640456 0.54509804 0.71372549 0.60000000
v -7.13097371 1.13745665 35.45237770 0.54509804 0.71372549 0.60000000
v -6.59202443 0.38253372 35.85407940 0.54509804 0.71372549 0.60000000
v -11.30967133 -2.19203741 34.42580744 0.54509804 0.71372549 0.60000000
v -9.60423066 -2.63715690 35.10274857 0.54509804 0.71372549 0.60000000
v -9.22770516 -2.63715690 35.23664913 0.54509804 0.71372549 0.60000000
v -10.90361414 -2.63715690 34.60434227 0.54509804 0.71372549 0.60000000
v -9.63376236 -3.07515402 35.10274857 0.54509804 0.71372549 0.60000000
v 22.42260760 -3.07515402 -33.54354942 0.54509804 0.71372549 0.60000000
v 22.20850475 -3.07515402 -33.67744999 0.54509804 0.71372549 0.60000000
v 21.95010492 -3.07515402 -33.83366544 0.54509804 0.71372549 0.60000000
v 21.38162508 -3.07515402 -34.15353914 0.54509804 0.71372549 0.60000000
v 21.18228752 -3.07515402 -34.26512258 0.54509804 0.71372549 0.60000000
v 19.29965891 -3.07515402 -35.27681625 0.54509804 0.71372549 0.60000000
v 18.26605847 -3.07515402 -35.81985681 0.54509804 0.71372549 0.60000000
v 18.09625261 -3.07515402 -35.89424426 0.54509804 0.71372549 0.60000000
v 17.80093787 -3.07515402 -36.01326824 0.54509804 0.71372549 0.60000000
v 12.47789791 -1.88223397 -38.30444997 0.54509804 0.71372549 0.60000000
v 2.36338208 -3.07515402 -37.85068020 0.54509804 0.71372549 0.60000000
v 1.92779347 -3.07515402 -37.82836306 0.54509804 0.71372549 0.60000000
v 11.68054880 -2.66920476 -38.14079847 0.54509804 0.71372549 0.60000000
v 10.93488045 -3.07515402 -38.03665333 0.54509804 0.71372549 0.60000000
v 10.50667477 -3.07515402 -38.02921504 0.54509804 0.71372549 0.60000000
v 2.68084495 -3.07515402 -37.85811849 0.54509804 0.71372549 0.60000000
v 1.16735899 1.89237846 -37.49361277 0.54509804 0.71372549 0.60000000
v -1.84484696 4.15358552 -37.12910480 0.54509804 0.71372549 0.60000000
v -2.60528172 4.90850734 -37.01008307 0.54509804 0.71372549 0.60000000
v -2.60528172 6.41835208 -36.84642707 0.54509804 0.71372549 0.60000000
v 13.74774912 -1.60447950 -38.09615970 0.54509804 0.71372549 0.60000000
v 13.18665192 -1.86799035 -38.15567506 0.54509804 0.71372549 0.60000000
v -3.35833272 7.17327502 -36.72740310 0.54509804 0.71372549 0.60000000
v -2.60528172 9.54130977 -36.48191910 0.54509804 0.71372549 0.60000000
v -1.09179540 10.14311242 -36.47448080 0.54509804 0.71372549 0.60000000
v 1.38146183 10.62740214 -36.51911507 0.54509804 0.71372549 0.60000000
v 1.14521049 10.90515660 -36.47448080 0.54509804 0.71372549 0.60000000
v 1.92779347 11.08320462 -36.47448080 0.54509804 0.71372549 0.60000000
v 12.47789791 7.71097971 -37.30763963 0.54509804 0.71372549 0.60000000
v 1.14521049 11.76334660 -36.02814483 0.54509804 0.71372549 0.60000000
v 1.92779347 11.63871355 -36.09509624 0.54509804 0.71372549 0.60000000
v 4.93261670 19.91437299 -29.94311521 0.54509804 0.71372549 0.60000000
v 4.93261670 20.29183502 -29.63811810 0.54509804 0.71372549 0.60000000
v 3.43389648 24.94956406 -25.23428274 0.54509804 0.71372549 0.60000000
v 1.92779347 25.69736463 -24.49039020 0.54509804 0.71372549 0.60000000
v 2.68084495 25.35551333 -24.89209190 0.54509804 0.71372549 0.60000000
v -1.84484696 26.18165435 -23.40430907 0.54509804 0.71372549 0.60000000
v -2.60528172 25.75077735 -23.78369364 0.54509804 0.71372549 0.60000000
v -2.35426454 26.43804170 -22.97285194 0.54509804 0.71372549 0.60000000
v -3.76438991 27.17159977 -21.42555825 0.54509804 0.71372549 0.60000000
v -3.35833272 27.42798937 -21.04617369 0.54509804 0.71372549 0.60000000
v -3.35833272 27.78764491 -20.38410915 0.54509804 0.71372549 0.60000000
v -1.09917861 28.86661379 -18.83681546 0.54509804 0.71372549 0.60000000
v -0.33874413 29.30105253 -18.09292405 0.54509804 0.71372549 0.60000000
v 1.92779347 30.25182773 -16.27782923 0.54509804 0.71372549 0.60000000
v 1.16735899 30.44411712 -15.76454410 0.54509804 0.71372549 0.60000000
v -6.65847104 30.16636378 -12.30544987 0.54509804 0.71372549 0.60000000
v -5.94233382 30.92128559 -10.04401908 0.54509804 0.71372549 0.60000000
v -5.66178437 31.05304102 -9.76134135 0.54509804 0.71372549 0.60000000
v -1.09179540 30.85006638 -14.42553956 0.54509804 0.71372549 0.60000000
v -4.50267618 28.67432440 -18.40535833 0.54509804 0.71372549 0.60000000
v -4.73154431 29.48978242 -16.23319608 0.54509804 0.71372549 0.60000000
v -5.23357869 29.42568446 -16.13649037 0.54509804 0.71372549 0.60000000
v -0.77433274 29.43992920 -17.68378406 0.54509804 0.71372549 0.60000000
v -1.05488106 29.27612480 -17.97390120 0.54509804 0.71372549 0.60000000
v -8.68875701 23.67118006 22.01025970 0.54509804 0.71372549 0.60000000
v -8.96930534 23.36849898 22.30037797 0.54509804 0.71372549 0.60000000
v -13.69433432 28.73842011 3.09310237 0.54509804 0.71372549 0.60000000
v -14.07085981 28.56037097 3.09310237 0.54509804 0.71372549 0.60000000
v -18.19787837 24.98873429 8.37473140 0.54509804 0.71372549 0.60000000
v -18.57440274 24.68605322 8.37473140 0.54509804 0.71372549 0.60000000
v -19.00260843 24.30859119 8.37473140 0.54509804 0.71372549 0.60000000
v -20.74496401 21.54172954 11.48419762 0.54509804 0.71372549 0.60000000
v -20.29460983 21.85509361 11.69992618 0.54509804 0.71372549 0.60000000
v -20.16910095 21.75538717 12.14626103 0.54509804 0.71372549 0.60000000
v -17.20119171 24.05220383 12.31735533 0.54509804 0.71372549 0.60000000
v -16.69915846 24.24805497 12.75625188 0.54509804 0.71372549 0.60000000
v -16.69915846 23.50025441 14.23659528 0.54509804 0.71372549 0.60000000
v -15.84274709 23.41835445 15.59791696 0.54509804 0.71372549 0.60000000
v -14.44000323 25.00297678 14.21427927 0.54509804 0.71372549 0.60000000
v -18.84018690 21.14290153 15.56072211 0.54509804 0.71372549 0.60000000
v -13.53929487 25.65107091 14.02830614 0.54509804 0.71372549 0.60000000
v -14.44000323 24.24449547 15.70206097 0.54509804 0.71372549 0.60000000
v -13.94535206 24.41898062 15.94010667 0.54509804 0.71372549 0.60000000
v -15.12660875 22.68479638 17.88910206 0.54509804 0.71372549 0.60000000
v -11.68619683 24.54717655 18.20897576 0.54509804 0.71372549 0.60000000
v -12.74932897 21.85865536 21.54904714 0.54509804 0.71372549 0.60000000
v -11.26537435 22.63138141 21.57136427 0.54509804 0.71372549 0.60000000
v -11.94459666 21.06812282 23.02195337 0.54509804 0.71372549 0.60000000
v -14.99371779 18.06979931 23.81047793 0.54509804 0.71372549 0.60000000
v -14.89774062 17.25433904 24.50229565 0.54509804 0.71372549 0.60000000
v -15.21520272 16.75224508 24.71802422 0.54509804 0.71372549 0.60000000
v -9.75927123 13.57587242 29.87319266 0.54509804 0.71372549 0.60000000
v -9.25723686 13.76460344 29.99221439 0.54509804 0.71372549 0.60000000
v -11.66404834 10.95500982 30.43855036 0.54509804 0.71372549 0.60000000
v -14.31449436 7.56854129 30.64684063 0.54509804 0.71372549 0.60000000
v -11.29490492 9.07838604 31.39816922 0.54509804 0.71372549 0.60000000
v -8.26055133 6.04445180 33.65216172 0.54509804 0.71372549 0.60000000
v -6.90948766 4.90850734 34.46300341 0.54509804 0.71372549 0.60000000
v -6.75444821 5.28952999 34.40349030 0.54509804 0.71372549 0.60000000
v -7.88402470 5.66343027 33.89764571 0.54509804 0.71372549 0.60000000
v -5.21143019 4.49899745 35.14738284 0.54509804 0.71372549 0.60000000
v -4.92349867 4.21055999 35.32591543 0.54509804 0.71372549 0.60000000
v -4.11138428 4.15358552 35.57140167 0.54509804 0.71372549 0.60000000
v -3.86036709 3.13515174 35.95078624 0.54509804 0.71372549 0.60000000
v -12.79362595 29.43280571 -3.33411921 0.54509804 0.71372549 0.60000000
v -12.40971725 29.65714633 -2.93241779 0.54509804 0.71372549 0.60000000
v -11.30228813 30.19485101 -1.42975725 0.54509804 0.71372549 0.60000000
v -11.29490492 30.19129152 -0.84952194 0.54509804 0.71372549 0.60000000
v -11.27275643 30.17704677 -0.35111470 0.54509804 0.71372549 0.60000000
v -6.37792159 31.22396667 -8.21404654 0.54509804 0.71372549 0.60000000
v -7.01284804 31.03167503 -8.21404654 0.54509804 0.71372549 0.60000000
v -8.63707682 29.69631656 -11.98557617 0.54509804 0.71372549 0.60000000
v -9.39012782 29.77821876 -10.48291563 0.54509804 0.71372549 0.60000000
v -9.98075616 29.55031864 -10.48291563 0.54509804 0.71372549 0.60000000
v -12.59428840 28.59954344 -8.97281567 0.54509804 0.71372549 0.60000000
v -12.72718048 28.64939666 -8.43721396 0.54509804 0.71372549 0.60000000
v -13.59097393 28.70280938 -5.71457173 0.54509804 0.71372549 0.60000000
v -4.60603600 2.39091180 35.95078624 0.54509804 0.71372549 0.60000000
v -5.10807037 2.13096270 35.87639653 0.54509804 0.71372549 0.60000000
v -5.84635664 1.35111315 35.86895599 0.54509804 0.71372549 0.60000000
v -6.66585312 2.92149524 35.13250400 0.54509804 0.71372549 0.60000000
v -7.53703090 1.56833140 35.17713827 0.54509804 0.71372549 0.60000000
v -11.31705454 -2.63715690 34.42580744 0.54509804 0.71372549 0.60000000
v -15.82059859 4.55241242 30.63940009 0.54509804 0.71372549 0.60000000
v -15.90919256 4.15358552 30.69147266 0.54509804 0.71372549 0.60000000
v -18.10928440 1.62886762 29.90294810 0.54509804 0.71372549 0.60000000
v -17.23810661 0.38253372 30.58732752 0.54509804 0.71372549 0.60000000
v -18.91401446 -2.63715690 29.95502066 0.54509804 0.71372549 0.60000000
v -18.44889387 -3.07515402 30.27489436 0.54509804 0.71372549 0.60000000
v -10.14317994 -3.07515402 34.89445830 0.54509804 0.71372549 0.60000000
v -11.29490492 -3.07515402 34.41836914 0.54509804 0.71372549 0.60000000
v 17.44656087 -3.07515402 -36.13973051 0.54509804 0.71372549 0.60000000
v 12.47789791 -2.42349928 -38.11848358 0.54509804 0.71372549 0.60000000
v 1.61033052 -3.07515402 -37.79116933 0.54509804 0.71372549 0.60000000
v -2.60528172 4.15358552 -37.04727680 0.54509804 0.71372549 0.60000000
v 11.68054880 -3.07515402 -37.99201906 0.54509804 0.71372549 0.60000000
v 11.40000048 -3.04666679 -38.02921504 0.54509804 0.71372549 0.60000000
v 11.20804613 -3.07515402 -38.02921504 0.54509804 0.71372549 0.60000000
v 10.97179480 -3.07515402 -38.03665333 0.54509804 0.71372549 0.60000000
v -3.35833272 5.66343027 -36.88362080 0.54509804 0.71372549 0.60000000
v -4.11138428 7.17327502 -36.69020937 0.54509804 0.71372549 0.60000000
v 12.90610360 -2.29530448 -38.04409163 0.54509804 0.71372549 0.60000000
v -3.55767028 8.99648384 -36.50423623 0.54509804 0.71372549 0.60000000
v -1.84484696 10.18940389 -36.43728707 0.54509804 0.71372549 0.60000000
v -0.33874413 10.94432683 -36.40752939 0.54509804 0.71372549 0.60000000
v -0.33874413 11.67788378 -36.05790251 0.54509804 0.71372549 0.60000000
v 0.39215894 11.77402960 -36.01326824 0.54509804 0.71372549 0.60000000
v 4.17956514 19.88944526 -29.92823637 0.54509804 0.71372549 0.60000000
v 4.17956514 20.26690729 -29.61580097 0.54509804 0.71372549 0.60000000
v 2.68084495 24.97805130 -25.25659762 0.54509804 0.71372549 0.60000000
v 2.14189631 24.94956406 -25.23428274 0.54509804 0.71372549 0.60000000
v -1.84484696 25.42317079 -24.22258907 0.54509804 0.71372549 0.60000000
v -1.84484696 25.80419457 -23.85064280 0.54509804 0.71372549 0.60000000
v -3.08516704 25.69024113 -23.71674223 0.54509804 0.71372549 0.60000000
v -2.60528172 26.16741185 -23.25552967 0.54509804 0.71372549 0.60000000
v -1.29851560 19.58320468 -29.69019067 0.54509804 0.71372549 0.60000000
v -1.84484696 19.51910672 -29.63811810 0.54509804 0.71372549 0.60000000
v -2.60528172 19.83959428 -29.17690554 0.54509804 0.71372549 0.60000000
v -2.85629891 26.37750548 -22.88358565 0.54509804 0.71372549 0.60000000
v -4.26642429 27.11462530 -21.34373026 0.54509804 0.71372549 0.60000000
v -4.05232144 27.32472118 -21.07592912 0.54509804 0.71372549 0.60000000
v -8.58539663 29.51470791 -12.68483444 0.54509804 0.71372549 0.60000000
v -4.79799035 28.45710502 -18.71035432 0.54509804 0.71372549 0.60000000
v -5.00471056 28.62803068 -18.27145777 0.54509804 0.71372549 0.60000000
v -4.79799035 28.76690735 -18.02597377 0.54509804 0.71372549 0.60000000
v -5.61748739 28.53544548 -18.02597377 0.54509804 0.71372549 0.60000000
v -8.18672264 28.64583492 -15.32564867 0.54509804 0.71372549 0.60000000
v -8.29746510 29.44705045 -13.17580243 0.54509804 0.71372549 0.60000000
v -14.10777472 28.57817745 2.34177210 0.54509804 0.71372549 0.60000000
v -14.67625457 28.26125164 2.34177210 0.54509804 0.71372549 0.60000000
v -15.14137516 27.97993655 2.34177210 0.54509804 0.71372549 0.60000000
v -14.72793476 28.15086220 3.10054123 0.54509804 0.71372549 0.60000000
v -18.50057518 25.10980672 6.86463200 0.54509804 0.71372549 0.60000000
v -18.32338724 25.07063649 7.62340113 0.54509804 0.71372549 0.60000000
v -18.78112351 24.87122361 7.11011600 0.54509804 0.71372549 0.60000000
v -18.69991162 24.80712565 7.62340113 0.54509804 0.71372549 0.60000000
v -19.23147769 24.38337214 7.57876742 0.54509804 0.71372549 0.60000000
v -19.60061998 24.16259327 7.29608857 0.54509804 0.71372549 0.60000000
v -19.50464393 24.07356982 7.80193484 0.54509804 0.71372549 0.60000000
v -21.18793611 21.22836548 11.26102963 0.54509804 0.71372549 0.60000000
v -21.08457572 21.12509729 11.75943705 0.54509804 0.71372549 0.60000000
v -20.61207305 21.37792514 12.14626103 0.54509804 0.71372549 0.60000000
v -20.45703136 21.23548897 12.71905703 0.54509804 0.71372549 0.60000000
v -17.99853969 21.05387808 16.92948208 0.54509804 0.71372549 0.60000000
v -17.49650644 21.24973146 17.26423350 0.54509804 0.71372549 0.60000000
v -19.49726185 21.06100157 14.63085756 0.54509804 0.71372549 0.60000000
v -19.34222015 20.91144191 15.16645983 0.54509804 0.71372549 0.60000000
v -19.60800431 20.40222446 15.58303925 0.54509804 0.71372549 0.60000000
v -19.63753488 18.91730632 17.88910206 0.54509804 0.71372549 0.60000000
v -18.09451799 20.39866271 17.85190721 0.54509804 0.71372549 0.60000000
v -17.41529455 20.44139468 18.67018833 0.54509804 0.71372549 0.60000000
v -15.73200237 21.83016588 18.47677690 0.54509804 0.71372549 0.60000000
v -15.83536276 21.15002502 19.34712946 0.54509804 0.71372549 0.60000000
v -16.43337430 20.28471377 19.93480429 0.54509804 0.71372549 0.60000000
v -16.61794657 18.90306158 21.62343684 0.54509804 0.71372549 0.60000000
v -14.42523682 20.47700316 21.70526484 0.54509804 0.71372549 0.60000000
v -13.87152338 20.71914802 21.91355511 0.54509804 0.71372549 0.60000000
v -13.65742054 20.45919892 22.41196140 0.54509804 0.71372549 0.60000000
v -15.85012917 18.14457802 23.12609851 0.54509804 0.71372549 0.60000000
v -16.62532865 17.41458169 23.14097510 0.54509804 0.71372549 0.60000000
v -18.05760309 15.07859705 23.83279507 0.54509804 0.71372549 0.60000000
v -18.91401446 12.93490067 24.67339220 0.54509804 0.71372549 0.60000000
v -18.80327200 12.04822344 25.34289503 0.54509804 0.71372549 0.60000000
v -12.09225403 11.39656869 29.92526523 0.54509804 0.71372549 0.60000000
v -11.61236815 11.66720078 30.04428696 0.54509804 0.71372549 0.60000000
v -16.47767129 5.82723468 29.82855839 0.54509804 0.71372549 0.60000000
v -21.91883861 7.66112536 25.40984419 0.54509804 0.71372549 0.60000000
v -5.66178437 4.21055999 35.08787197 0.54509804 0.71372549 0.60000000
v -5.61748739 2.64730140 35.56396113 0.54509804 0.71372549 0.60000000
v -4.86443583 2.64373965 35.80200683 0.54509804 0.71372549 0.60000000
v -4.36240146 2.89300688 35.87639653 0.54509804 0.71372549 0.60000000
v -14.67625457 28.34315384 -2.93241779 0.54509804 0.71372549 0.60000000
v -12.80839124 29.43992920 -2.93241779 0.54509804 0.71372549 0.60000000
v -15.16352365 27.98706005 -3.69118692 0.54509804 0.71372549 0.60000000
v -12.80839124 29.43992920 -2.18108752 0.54509804 0.71372549 0.60000000
v -12.40971725 29.65358458 -2.18108752 0.54509804 0.71372549 0.60000000
v -6.85042539 30.97113881 -8.70501510 0.54509804 0.71372549 0.60000000
v -9.03575081 29.43992920 -12.38727787 0.54509804 0.71372549 0.60000000
v -9.16864177 29.50758666 -11.98557617 0.54509804 0.71372549 0.60000000
v -9.87001370 29.47197594 -10.99620076 0.54509804 0.71372549 0.60000000
v -10.12841353 29.28324604 -11.24168476 0.54509804 0.71372549 0.60000000
v -10.96267641 28.87017553 -11.25656247 0.54509804 0.71372549 0.60000000
v -12.94866540 28.02623027 -10.48291563 0.54509804 0.71372549 0.60000000
v -15.04539686 27.16091678 -9.33732252 0.54509804 0.71372549 0.60000000
v -15.15613932 27.22145299 -8.83891566 0.54509804 0.71372549 0.60000000
v -11.25060794 28.65651791 -11.53180190 0.54509804 0.71372549 0.60000000
v -17.31931850 26.40955671 -5.58811002 0.54509804 0.71372549 0.60000000
v -15.54004802 27.75559593 -3.69118692 0.54509804 0.71372549 0.60000000
v -15.62864424 27.06121034 -8.21404654 0.54509804 0.71372549 0.60000000
v -16.64009507 26.47009293 -8.06526826 0.54509804 0.71372549 0.60000000
v -11.47947719 -3.07515402 34.31422400 0.54509804 0.71372549 0.60000000
v -16.28571694 4.15358552 30.45342695 0.54509804 0.71372549 0.60000000
v -18.86971748 -2.07452561 29.91038639 0.54509804 0.71372549 0.60000000
v -18.01330610 2.13096270 29.83599894 0.54509804 0.71372549 0.60000000
v -22.61282621 6.07650078 25.36520992 0.54509804 0.71372549 0.60000000
v -24.12631253 3.82953846 24.61388133 0.54509804 0.71372549 0.60000000
v -23.41755852 2.64730140 25.40984419 0.54509804 0.71372549 0.60000000
v -18.93616295 -3.07515402 29.96989950 0.54509804 0.71372549 0.60000000
v -24.96057541 -1.12731103 24.68083049 0.54509804 0.71372549 0.60000000
v -25.01225673 -1.88223397 24.71802422 0.54509804 0.71372549 0.60000000
v 12.47789791 -3.07515402 -37.75397336 0.54509804 0.71372549 0.60000000
v 0.85727897 -3.07515402 -37.69446249 0.54509804 0.71372549 0.60000000
v -3.35833272 -3.07515402 -37.07703223 0.54509804 0.71372549 0.60000000
v 11.42953162 -3.07515402 -38.01433620 0.54509804 0.71372549 0.60000000
v -4.11138428 6.41835208 -36.72740310 0.54509804 0.71372549 0.60000000
v -4.70201318 7.17327502 -36.59350253 0.54509804 0.71372549 0.60000000
v -4.61341865 7.92819796 -36.54887051 0.54509804 0.71372549 0.60000000
v -4.51744147 8.35907271 -36.51911507 0.54509804 0.71372549 0.60000000
v -4.11138428 7.92819796 -36.60094307 0.54509804 0.71372549 0.60000000
v -4.11138428 8.48726751 -36.53399167 0.54509804 0.71372549 0.60000000
v -3.32880158 9.37750649 -36.45216367 0.54509804 0.71372549 0.60000000
v -2.60528172 10.18940389 -36.37033567 0.54509804 0.71372549 0.60000000
v -1.09179540 10.94432683 -36.35545908 0.54509804 0.71372549 0.60000000
v -1.09179540 11.60310395 -36.02070653 0.54509804 0.71372549 0.60000000
v -0.79648123 19.63305790 -29.73482494 0.54509804 0.71372549 0.60000000
v 1.16735899 18.89949983 -30.50103236 0.54509804 0.71372549 0.60000000
v -4.86443583 19.50842373 -28.85703184 0.54509804 0.71372549 0.60000000
v -5.61748739 19.36954706 -28.73801011 0.54509804 0.71372549 0.60000000
v -3.58720141 25.60121993 -23.61259935 0.54509804 0.71372549 0.60000000
v -3.35833272 19.73632609 -29.07276040 0.54509804 0.71372549 0.60000000
v -4.36240146 19.58320468 -28.93142154 0.54509804 0.71372549 0.60000000
v -1.84484696 19.14164469 -29.93567467 0.54509804 0.71372549 0.60000000
v -2.60528172 19.04193825 -29.86128721 0.54509804 0.71372549 0.60000000
v -2.60528172 19.41940028 -29.55629010 0.54509804 0.71372549 0.60000000
v -4.86443583 26.63745683 -21.68591884 0.54509804 0.71372549 0.60000000
v -4.86443583 27.01491886 -21.18751255 0.54509804 0.71372549 0.60000000
v -5.97186439 27.90871734 -19.14181145 0.54509804 0.71372549 0.60000000
v -5.46983058 27.98349830 -19.26827260 0.54509804 0.71372549 0.60000000
v -5.67655079 28.15086220 -18.84425488 0.54509804 0.71372549 0.60000000
v -6.22288214 28.02978977 -18.63596461 0.54509804 0.71372549 0.60000000
v -9.08004780 27.94788982 -16.21087895 0.54509804 0.71372549 0.60000000
v -13.18491674 29.23339282 -2.18108752 0.54509804 0.71372549 0.60000000
v -13.84937489 28.85593304 -2.18108752 0.54509804 0.71372549 0.60000000
v -14.67625457 28.36451983 -2.18108752 0.54509804 0.71372549 0.60000000
v -16.58103167 27.17872327 -0.67098802 0.54509804 0.71372549 0.60000000
v -15.51789953 27.72710870 2.34177210 0.54509804 0.71372549 0.60000000
v -15.09707817 27.94788982 2.85505723 0.54509804 0.71372549 0.60000000
v -16.57364959 27.17159977 -0.21721425 0.54509804 0.71372549 0.60000000
v -18.85495107 24.92463633 6.60426973 0.54509804 0.71372549 0.60000000
v -19.14288372 24.63620000 6.86463200 0.54509804 0.71372549 0.60000000
v -19.65968338 24.21600599 6.86463200 0.54509804 0.71372549 0.60000000
v -20.58254023 23.60352260 6.11330173 0.54509804 0.71372549 0.60000000
v -20.95906685 23.26523079 6.11330173 0.54509804 0.71372549 0.60000000
v -20.46441569 23.50025441 6.86463200 0.54509804 0.71372549 0.60000000
v -20.37582171 23.42903520 7.32584456 0.54509804 0.71372549 0.60000000
v -21.31344498 21.34231666 10.63616107 0.54509804 0.71372549 0.60000000
v -21.79332973 21.07524407 10.13031536 0.54509804 0.71372549 0.60000000
v -22.64235903 20.42002870 9.61703023 0.54509804 0.71372549 0.60000000
v -22.53899865 20.30963926 10.12287594 0.54509804 0.71372549 0.60000000
v -21.35774197 20.66217356 12.14626103 0.54509804 0.71372549 0.60000000
v -21.23223309 20.50905214 12.74137416 0.54509804 0.71372549 0.60000000
v -20.98859742 21.03963559 12.14626103 0.54509804 0.71372549 0.60000000
v -17.91733005 20.23485830 18.35031463 0.54509804 0.71372549 0.60000000
v -21.05504290 19.57608344 14.69036955 0.54509804 0.71372549 0.60000000
v -19.91808320 18.44725909 18.12714776 0.54509804 0.71372549 0.60000000
v -19.45296261 18.74638067 18.39494890 0.54509804 0.71372549 0.60000000
v -21.88192370 18.14457802 15.59791696 0.54509804 0.71372549 0.60000000
v -17.34146699 18.88881909 20.86466771 0.54509804 0.71372549 0.60000000
v -17.11997982 18.71076994 21.37051455 0.54509804 0.71372549 0.60000000
v -17.42267663 18.20867598 21.67550941 0.54509804 0.71372549 0.60000000
v -18.85495107 15.87268909 22.36732938 0.54509804 0.71372549 0.60000000
v -18.81803841 15.08571830 23.08146424 0.54509804 0.71372549 0.60000000
v -22.62021054 10.59535316 23.11121967 0.54509804 0.71372549 0.60000000
v -22.67927168 9.17453298 23.91462307 0.54509804 0.71372549 0.60000000
v -16.83204942 4.15358552 30.08148293 0.54509804 0.71372549 0.60000000
v -22.67927168 7.70741908 24.68083049 0.54509804 0.71372549 0.60000000
v -22.39134128 7.17327502 25.16436019 0.54509804 0.71372549 0.60000000
v -22.01481466 7.17327502 25.48423389 0.54509804 0.71372549 0.60000000
v -15.20043631 28.02266853 -2.93241779 0.54509804 0.71372549 0.60000000
v -10.58615091 28.70280938 -12.42447160 0.54509804 0.71372549 0.60000000
v -10.74119148 28.78827333 -11.98557617 0.54509804 0.71372549 0.60000000
v -12.69764878 26.36682474 -15.97283437 0.54509804 0.71372549 0.60000000
v -12.83792294 27.95144932 -10.95900591 0.54509804 0.71372549 0.60000000
v -15.41454140 27.01135712 -9.03976595 0.54509804 0.71372549 0.60000000
v -15.76153520 25.62970492 -13.04190186 0.54509804 0.71372549 0.60000000
v -15.85012917 26.43448220 -10.17048135 0.54509804 0.71372549 0.60000000
v -11.11771698 28.58886045 -11.98557617 0.54509804 0.71372549 0.60000000
v -18.14619706 25.70804762 -6.70394714 0.54509804 0.71372549 0.60000000
v -17.62201532 26.16741185 -5.88566659 0.54509804 0.71372549 0.60000000
v -18.20526045 25.75790084 -5.95261687 0.54509804 0.71372549 0.60000000
v -18.73682652 25.59765819 -3.69118692 0.54509804 0.71372549 0.60000000
v -16.10114692 27.37813615 -3.69118692 0.54509804 0.71372549 0.60000000
v -16.09376259 26.59828660 -8.97281567 0.54509804 0.71372549 0.60000000
v -16.55150110 26.39887147 -8.57111453 0.54509804 0.71372549 0.60000000
v -18.08713591 25.66531565 -7.12052656 0.54509804 0.71372549 0.60000000
v -23.48400399 1.89237846 25.46935505 0.54509804 0.71372549 0.60000000
v -24.33303329 4.90850734 24.05596193 0.54509804 0.71372549 0.60000000
v -24.70955766 4.90850734 23.66169853 0.54509804 0.71372549 0.60000000
v -24.79076955 4.15358552 23.77328421 0.54509804 0.71372549 0.60000000
v -25.67671375 -0.52194888 23.91462307 0.54509804 0.71372549 0.60000000
v -25.33710203 -1.12731103 24.33863965 0.54509804 0.71372549 0.60000000
v -25.01225673 -2.63715690 24.72546476 0.54509804 0.71372549 0.60000000
v -24.56190254 -3.07515402 25.10484933 0.54509804 0.71372549 0.60000000
v -25.38878110 -1.88223397 24.36095679 0.54509804 0.71372549 0.60000000
v -4.11138428 -3.07515402 -36.91337623 0.54509804 0.71372549 0.60000000
v -8.27531661 -2.90422837 -35.76034595 0.54509804 0.71372549 0.60000000
v -11.65666513 -1.88223397 -34.51804712 0.54509804 0.71372549 0.60000000
v -12.17346591 -1.88223397 -34.30975685 0.54509804 0.71372549 0.60000000
v -12.12178572 -1.39082188 -34.28743971 0.54509804 0.71372549 0.60000000
v -4.98994471 7.92819796 -36.36289737 0.54509804 0.71372549 0.60000000
v -13.19229994 13.22689875 -29.19922267 0.54509804 0.71372549 0.60000000
v -4.17044711 9.49857892 -36.13228997 0.54509804 0.71372549 0.60000000
v -4.11138428 8.86472841 -36.45960196 0.54509804 0.71372549 0.60000000
v -18.34553574 6.41835208 -29.13971181 0.54509804 0.71372549 0.60000000
v -18.20526045 7.01303236 -29.05044552 0.54509804 0.71372549 0.60000000
v -17.38576398 8.41604942 -29.00581124 0.54509804 0.71372549 0.60000000
v -17.20119171 8.91814338 -28.90910440 0.54509804 0.71372549 0.60000000
v -16.58841375 11.35739734 -28.23216328 0.54509804 0.71372549 0.60000000
v -1.84484696 10.94432683 -36.23643510 0.54509804 0.71372549 0.60000000
v -3.38786442 10.23213587 -36.09509624 0.54509804 0.71372549 0.60000000
v -2.56836738 10.94788745 -36.00582994 0.54509804 0.71372549 0.60000000
v -1.84484696 11.46778790 -35.91656140 0.54509804 0.71372549 0.60000000
v -3.72009293 18.86032960 -29.71994610 0.54509804 0.71372549 0.60000000
v -4.86443583 19.13096394 -29.18434608 0.54509804 0.71372549 0.60000000
v -11.06603679 22.53167497 -23.60515880 0.54509804 0.71372549 0.60000000
v -10.56400242 22.65274740 -23.70186564 0.54509804 0.71372549 0.60000000
v -5.61748739 18.99208503 -29.06532211 0.54509804 0.71372549 0.60000000
v -6.05307628 18.89237858 -28.99093240 0.54509804 0.71372549 0.60000000
v -10.85193395 22.87352627 -23.33735767 0.54509804 0.71372549 0.60000000
v -11.65666513 22.77026033 -23.08443537 0.54509804 0.71372549 0.60000000
v -5.46983058 26.50926316 -21.54457998 0.54509804 0.71372549 0.60000000
v -3.42477876 19.21642565 -29.50421753 0.54509804 0.71372549 0.60000000
v -5.97186439 26.39531197 -21.40324112 0.54509804 0.71372549 0.60000000
v -6.68800161 27.13955304 -19.87826457 0.54509804 0.71372549 0.60000000
v -9.83309992 25.68312214 -19.96753086 0.54509804 0.71372549 0.60000000
v -10.39419656 26.37394599 -18.31609204 0.54509804 0.71372549 0.60000000
v -9.14649328 27.22857424 -17.75073434 0.54509804 0.71372549 0.60000000
v -9.39751102 27.34964667 -17.27464406 0.54509804 0.71372549 0.60000000
v -9.36059612 27.70930446 -16.48611950 0.54509804 0.71372549 0.60000000
v -16.58103167 27.17516152 -1.16195633 0.54509804 0.71372549 0.60000000
v -18.75897501 25.61190068 -2.18108752 0.54509804 0.71372549 0.60000000
v -18.75897501 25.60477943 -1.42975725 0.54509804 0.71372549 0.60000000
v -16.07161409 27.34964667 2.34177210 0.54509804 0.71372549 0.60000000
v -16.00516862 27.30335520 3.09310237 0.54509804 0.71372549 0.60000000
v -20.35367322 24.16259327 3.56175407 0.54509804 0.71372549 0.60000000
v -19.82948923 24.34064017 5.35453204 0.54509804 0.71372549 0.60000000
v -20.20601586 24.04864209 5.35453204 0.54509804 0.71372549 0.60000000
v -19.76304376 24.28366570 6.11330173 0.54509804 0.71372549 0.60000000
v -20.13957038 23.98098463 6.11330173 0.54509804 0.71372549 0.60000000
v -19.37175297 24.76439367 4.60320177 0.54509804 0.71372549 0.60000000
v -20.65637004 23.67118006 5.35453204 0.54509804 0.71372549 0.60000000
v -20.84094006 23.14059886 6.86463200 0.54509804 0.71372549 0.60000000
v -21.03289441 23.32932876 5.35453204 0.54509804 0.71372549 0.60000000
v -21.91883861 22.72396661 3.84443264 0.54509804 0.71372549 0.60000000
v -24.98272390 18.99564677 6.11330173 0.54509804 0.71372549 0.60000000
v -24.91627843 18.92442757 6.62658630 0.54509804 0.71372549 0.60000000
v -22.62759262 21.15358677 7.34072228 0.54509804 0.71372549 0.60000000
v -22.55376506 21.07880581 7.83912970 0.54509804 0.71372549 0.60000000
v -21.88192370 21.17139101 9.62446852 0.54509804 0.71372549 0.60000000
v -24.34041537 17.63892231 11.39493020 0.54509804 0.71372549 0.60000000
v -24.01557006 18.01638434 11.39493020 0.54509804 0.71372549 0.60000000
v -25.62503243 18.12321203 6.51500287 0.54509804 0.71372549 0.60000000
v -24.22229083 17.50004564 11.98260503 0.54509804 0.71372549 0.60000000
v -21.73426634 20.24198180 12.14626103 0.54509804 0.71372549 0.60000000
v -23.15177661 17.88818842 13.65635987 0.54509804 0.71372549 0.60000000
v -23.38064361 17.40033920 14.10269472 0.54509804 0.71372549 0.60000000
v -17.63677948 18.42945485 21.12503055 0.54509804 0.71372549 0.60000000
v -23.25513474 17.24365604 14.60110213 0.54509804 0.71372549 0.60000000
v -22.00743258 16.78429406 17.29398893 0.54509804 0.71372549 0.60000000
v -21.23961517 16.00800626 19.50334716 0.54509804 0.71372549 0.60000000
v -18.10928440 18.14813977 20.87954655 0.54509804 0.71372549 0.60000000
v -21.75641483 13.49397135 21.48953628 0.54509804 0.71372549 0.60000000
v -21.97790200 14.49816039 20.22492031 0.54509804 0.71372549 0.60000000
v -21.98528409 12.99187626 21.71270314 0.54509804 0.71372549 0.60000000
v -22.48731733 12.68919519 21.44490200 0.54509804 0.71372549 0.60000000
v -22.66450752 12.18353948 21.66807111 0.54509804 0.71372549 0.60000000
v -23.31419814 10.50989033 22.27806084 0.54509804 0.71372549 0.60000000
v -23.46185550 10.00779525 22.47891281 0.54509804 0.71372549 0.60000000
v -23.41017644 9.15672762 23.15585394 0.54509804 0.71372549 0.60000000
v -23.18130718 8.68311977 23.66913907 0.54509804 0.71372549 0.60000000
v -23.29943172 8.17390344 23.78816080 0.54509804 0.71372549 0.60000000
v -9.90692860 27.22857424 -17.02172064 0.54509804 0.71372549 0.60000000
v -11.17677925 26.35970124 -17.54988349 0.54509804 0.71372549 0.60000000
v -10.91837942 26.24219056 -18.04829090 0.54509804 0.71372549 0.60000000
v -12.43186574 26.22794807 -16.51587493 0.54509804 0.71372549 0.60000000
v -13.60574035 24.94244057 -17.70610119 0.54509804 0.71372549 0.60000000
v -13.39901958 25.57985395 -16.70928636 0.54509804 0.71372549 0.60000000
v -13.93796886 25.30565786 -16.54563036 0.54509804 0.71372549 0.60000000
v -14.47691701 25.02790452 -16.38197436 0.54509804 0.71372549 0.60000000
v -13.50976317 27.14311254 -12.30544987 0.54509804 0.71372549 0.60000000
v -15.94610522 26.49501842 -9.72414650 0.54509804 0.71372549 0.60000000
v -14.97895138 24.84273413 -16.02490581 0.54509804 0.71372549 0.60000000
v -16.59579808 22.65986864 -18.44255318 0.54509804 0.71372549 0.60000000
v -16.72130695 22.74889434 -18.02597377 0.54509804 0.71372549 0.60000000
v -17.25287302 22.58152819 -17.50525034 0.54509804 0.71372549 0.60000000
v -18.81065408 22.62426016 -14.60407327 0.54509804 0.71372549 0.60000000
v -18.95092937 23.49669491 -11.98557617 0.54509804 0.71372549 0.60000000
v -17.31193417 24.89971084 -11.60619161 0.54509804 0.71372549 0.60000000
v -16.32263184 26.24219056 -9.72414650 0.54509804 0.71372549 0.60000000
v -18.52272368 25.43029203 -6.70394714 0.54509804 0.71372549 0.60000000
v -18.58178707 25.47302401 -5.95261687 0.54509804 0.71372549 0.60000000
v -19.47511335 24.81068739 -5.20128660 0.54509804 0.71372549 0.60000000
v -20.24292851 24.06644633 -5.95261687 0.54509804 0.71372549 0.60000000
v -21.54231199 23.12991587 -2.93241779 0.54509804 0.71372549 0.60000000
v -19.59323790 24.91395558 -1.98023681 0.54509804 0.71372549 0.60000000
v -18.75159293 25.60477943 -2.93241779 0.54509804 0.71372549 0.60000000
v -19.06167183 25.09556423 -5.95261687 0.54509804 0.71372549 0.60000000
v -19.43819845 24.77151717 -5.95261687 0.54509804 0.71372549 0.60000000
v -16.47028921 26.34902050 -8.97281567 0.54509804 0.71372549 0.60000000
v -18.93616295 24.23737198 -9.72414650 0.54509804 0.71372549 0.60000000
v -19.08382032 24.34420192 -8.97281567 0.54509804 0.71372549 0.60000000
v -19.46034694 24.04864209 -8.97281567 0.54509804 0.71372549 0.60000000
v -23.52830098 8.68311977 23.28975451 0.54509804 0.71372549 0.60000000
v -24.91627843 5.39635880 23.17073053 0.54509804 0.71372549 0.60000000
v -25.00487240 4.90850734 23.28231396 0.54509804 0.71372549 0.60000000
v -25.09346637 4.15358552 23.39389739 0.54509804 0.71372549 0.60000000
v -25.70624432 -1.12731103 23.95925509 0.54509804 0.71372549 0.60000000
v -25.46999299 4.15358552 22.87317397 0.54509804 0.71372549 0.60000000
v -26.19351341 3.39866259 22.06233227 0.54509804 0.71372549 0.60000000
v -26.43714683 3.39866259 21.69038825 0.54509804 0.71372549 0.60000000
v -27.29355820 0.38253372 21.07295798 0.54509804 0.71372549 0.60000000
v -28.10567259 -3.07515402 20.43321058 0.54509804 0.71372549 0.60000000
v -26.69554666 -3.07515402 22.73927340 0.54509804 0.71372549 0.60000000
v -26.56265570 -3.07515402 22.94756367 0.54509804 0.71372549 0.60000000
v -25.38878110 -2.63715690 24.36839734 0.54509804 0.71372549 0.60000000
v -24.99749031 -3.07515402 24.72546476 0.54509804 0.71372549 0.60000000
v -25.72101073 -1.88223397 23.98157223 0.54509804 0.71372549 0.60000000
v -25.73577490 -2.63715690 23.98901052 0.54509804 0.71372549 0.60000000
v -8.17195623 -3.07515402 -35.79010138 0.54509804 0.71372549 0.60000000
v -8.27531661 -3.07515402 -35.76034595 0.54509804 0.71372549 0.60000000
v -8.34176209 -3.07515402 -35.73802881 0.54509804 0.71372549 0.60000000
v -12.15869950 -2.63715690 -34.30231855 0.54509804 0.71372549 0.60000000
v -12.55737462 -1.88223397 -34.13866255 0.54509804 0.71372549 0.60000000
v -13.22921372 -1.10238442 -33.67744999 0.54509804 0.71372549 0.60000000
v -13.52452846 -0.83887357 -33.48403631 0.54509804 0.71372549 0.60000000
v -17.00185528 0.41458270 -31.44577463 0.54509804 0.71372549 0.60000000
v -16.18235656 1.13745665 -31.73589290 0.54509804 0.71372549 0.60000000
v -13.45808298 13.49040960 -28.91654495 0.54509804 0.71372549 0.60000000
v -3.96372747 10.01135700 -35.94631683 0.54509804 0.71372549 0.60000000
v -12.95604861 13.75748107 -29.05788381 0.54509804 0.71372549 0.60000000
v -13.17753466 14.72250101 -28.43301525 0.54509804 0.71372549 0.60000000
v -12.94128332 15.22103322 -28.29911468 0.54509804 0.71372549 0.60000000
v -17.29717001 0.68877541 -31.21516947 0.54509804 0.71372549 0.60000000
v -19.53417450 4.35656016 -28.93885984 0.54509804 0.71372549 0.60000000
v -18.72206011 6.41835208 -28.90166611 0.54509804 0.71372549 0.60000000
v -18.45627820 7.22668886 -28.79752097 0.54509804 0.71372549 0.60000000
v -17.91733005 7.92819796 -28.87191068 0.54509804 0.71372549 0.60000000
v -17.65893022 8.67243677 -28.72313127 0.54509804 0.71372549 0.60000000
v -18.23479103 8.68311977 -28.32887011 0.54509804 0.71372549 0.60000000
v -18.77374143 8.21307479 -28.15777582 0.54509804 0.71372549 0.60000000
v -20.97383326 13.40494677 -23.59772050 0.54509804 0.71372549 0.60000000
v -18.90663238 15.95102954 -23.73905937 0.54509804 0.71372549 0.60000000
v -18.69991162 16.45312575 -23.58284391 0.54509804 0.71372549 0.60000000
v -18.19787837 16.72731734 -23.76881480 0.54509804 0.71372549 0.60000000
v -13.44331769 14.97532886 -28.13545868 0.54509804 0.71372549 0.60000000
v -9.02098553 17.35760723 -28.96861752 0.54509804 0.71372549 0.60000000
v -3.15899572 10.69862135 -35.90912310 0.54509804 0.71372549 0.60000000
v -8.63707682 17.48580090 -29.05788381 0.54509804 0.71372549 0.60000000
v -7.86187621 17.75999474 -29.18434608 0.54509804 0.71372549 0.60000000
v -7.60347638 18.15169927 -28.99837295 0.54509804 0.71372549 0.60000000
v -6.37792159 17.93448214 -29.59348608 0.54509804 0.71372549 0.60000000
v -5.61748739 18.44369959 -29.47446210 0.54509804 0.71372549 0.60000000
v -4.86443583 18.64667423 -29.56373065 0.54509804 0.71372549 0.60000000
v -11.70834532 22.27172587 -23.49357537 0.54509804 0.71372549 0.60000000
v -8.10551075 18.03062684 -28.89422781 0.54509804 0.71372549 0.60000000
v -7.13097371 18.25852920 -29.08763924 0.54509804 0.71372549 0.60000000
v -12.07010553 22.65986864 -22.95797310 0.54509804 0.71372549 0.60000000
v -12.47616273 23.25810955 -21.83469825 0.54509804 0.71372549 0.60000000
v -11.88553439 23.34713300 -22.10249938 0.54509804 0.71372549 0.60000000
v -11.64189985 23.17264785 -22.51163938 0.54509804 0.71372549 0.60000000
v -9.13911119 24.95668756 -21.50738625 0.54509804 0.71372549 0.60000000
v -10.01767106 25.02790452 -20.83788342 0.54509804 0.71372549 0.60000000
v -11.65666513 24.28366570 -20.84532172 0.54509804 0.71372549 0.60000000
v -11.61236815 24.64688299 -20.25020859 0.54509804 0.71372549 0.60000000
v -20.81140948 23.91332492 0.07290340 0.54509804 0.71372549 0.60000000
v -20.43488286 24.21600599 0.07290340 0.54509804 0.71372549 0.60000000
v -20.36843739 24.17327626 3.09310237 0.54509804 0.71372549 0.60000000
v -21.20270027 23.47532892 3.09310237 0.54509804 0.71372549 0.60000000
v -21.57922689 23.15128186 3.09310237 0.54509804 0.71372549 0.60000000
v -21.15102120 23.43971819 3.84443264 0.54509804 0.71372549 0.60000000
v -21.52754782 23.10142864 3.84443264 0.54509804 0.71372549 0.60000000
v -21.96313559 22.77381983 3.09310237 0.54509804 0.71372549 0.60000000
v -23.38802794 21.16426751 3.66589893 0.54509804 0.71372549 0.60000000
v -25.35925052 18.57189327 6.11330173 0.54509804 0.71372549 0.60000000
v -25.68409583 18.19443124 6.11330173 0.54509804 0.71372549 0.60000000
v -24.71694199 17.16175384 11.39493020 0.54509804 0.71372549 0.60000000
v -24.90889634 16.67746412 11.89333761 0.54509804 0.71372549 0.60000000
v -26.37808568 15.86200610 9.54264052 0.54509804 0.71372549 0.60000000
v -26.98347931 14.88986491 9.88483136 0.54509804 0.71372549 0.60000000
v -26.44453116 15.94390830 9.12606111 0.54509804 0.71372549 0.60000000
v -26.57003778 15.48454407 9.83275879 0.54509804 0.71372549 0.60000000
v -24.88674785 15.88693383 13.34392559 0.54509804 0.71372549 0.60000000
v -23.55783380 16.98726869 14.37793527 0.54509804 0.71372549 0.60000000
v -23.45447342 16.74156208 14.93585355 0.54509804 0.71372549 0.60000000
v -22.50946583 16.47448949 16.87740952 0.54509804 0.71372549 0.60000000
v -22.63497470 13.66133637 20.14309231 0.54509804 0.71372549 0.60000000
v -22.67927168 12.94202304 20.94649571 0.54509804 0.71372549 0.60000000
v -22.82692905 12.44348858 21.19941801 0.54509804 0.71372549 0.60000000
v -23.50615249 11.55324960 21.03576201 0.54509804 0.71372549 0.60000000
v -26.42976474 10.69149898 17.14521065 0.54509804 0.71372549 0.60000000
v -24.18537592 8.49438988 22.48635111 0.54509804 0.71372549 0.60000000
v -23.92697609 8.72229000 22.72439681 0.54509804 0.71372549 0.60000000
v -23.58736438 9.42023734 22.71695626 0.54509804 0.71372549 0.60000000
v -26.54050721 10.14311242 17.40557236 0.54509804 0.71372549 0.60000000
v -12.77147746 23.38274372 -21.39580282 0.54509804 0.71372549 0.60000000
v -14.98633459 23.35425649 -19.08229946 0.54509804 0.71372549 0.60000000
v -13.77554620 25.06351300 -17.26720464 0.54509804 0.71372549 0.60000000
v -16.87634640 22.20762791 -18.70291490 0.54509804 0.71372549 0.60000000
v -17.35623116 21.92987457 -18.45743090 0.54509804 0.71372549 0.60000000
v -17.10521566 22.44265152 -18.02597377 0.54509804 0.71372549 0.60000000
v -15.87227766 22.68123463 -19.23107887 0.54509804 0.71372549 0.60000000
v -15.27426611 22.04738525 -20.91227312 0.54509804 0.71372549 0.60000000
v -15.77629936 21.85865536 -20.62959315 0.54509804 0.71372549 0.60000000
v -19.48249543 21.78031490 -15.00577497 0.54509804 0.71372549 0.60000000
v -19.10596881 22.13997045 -15.00577497 0.54509804 0.71372549 0.60000000
v -21.85977521 21.14290153 -11.63594704 0.54509804 0.71372549 0.60000000
v -21.94098710 21.22480373 -11.23424534 0.54509804 0.71372549 0.60000000
v -21.43895161 21.64143599 -11.26400189 0.54509804 0.71372549 0.60000000
v -21.66043878 21.73758293 -10.48291563 0.54509804 0.71372549 0.60000000
v -19.10596881 23.62132684 -11.23424534 0.54509804 0.71372549 0.60000000
v -18.85495107 24.16615502 -10.17048135 0.54509804 0.71372549 0.60000000
v -18.98784427 25.05283225 -6.70394714 0.54509804 0.71372549 0.60000000
v -20.63422154 23.69254604 -5.95261687 0.54509804 0.71372549 0.60000000
v -21.94836918 22.75245384 -2.93241779 0.54509804 0.71372549 0.60000000
v -21.12887271 22.67055389 -8.71989281 0.54509804 0.71372549 0.60000000
v -20.56777607 23.60708434 -6.70394714 0.54509804 0.71372549 0.60000000
v -19.54894091 24.11986130 -8.42977511 0.54509804 0.71372549 0.60000000
v -19.66706546 23.46108418 -10.30438192 0.54509804 0.71372549 0.60000000
v -26.40761625 5.36430982 20.87954655 0.54509804 0.71372549 0.60000000
v -26.48144381 4.90850734 20.99112998 0.54509804 0.71372549 0.60000000
v -26.12706793 4.12153654 21.89867627 0.54509804 0.71372549 0.60000000
v -25.72839282 4.15358552 22.49378940 0.54509804 0.71372549 0.60000000
v -26.42238266 -3.07515402 23.15585394 0.54509804 0.71372549 0.60000000
v -26.33378644 -3.07515402 23.27487567 0.54509804 0.71372549 0.60000000
v -26.38546776 3.84734270 21.61599855 0.54509804 0.71372549 0.60000000
v -27.51504538 1.13745665 20.44808942 0.54509804 0.71372549 0.60000000
v -28.51911412 4.15358552 17.56179007 0.54509804 0.71372549 0.60000000
v -28.57817527 3.39866259 17.71056835 0.54509804 0.71372549 0.60000000
v -28.51172979 -0.37238922 19.09420716 0.54509804 0.71372549 0.60000000
v -28.48958130 -3.07515402 19.77858659 0.54509804 0.71372549 0.60000000
v -25.72839282 -3.07515402 23.97413393 0.54509804 0.71372549 0.60000000
v -25.58073545 -3.07515402 24.13035163 0.54509804 0.71372549 0.60000000
v -25.37401694 -3.07515402 24.34608020 0.54509804 0.71372549 0.60000000
v -25.94249566 -3.07515402 23.73608823 0.54509804 0.71372549 0.60000000
v -12.12178572 -3.07515402 -34.28743971 0.54509804 0.71372549 0.60000000
v -12.49831122 -3.07515402 -34.11634542 0.54509804 0.71372549 0.60000000
v -12.53522613 -2.63715690 -34.12378371 0.54509804 0.71372549 0.60000000
v -17.14951264 -3.07515402 -31.59455403 0.54509804 0.71372549 0.60000000
v -13.16276825 -1.88223397 -33.79647172 0.54509804 0.71372549 0.60000000
v -17.46697587 -1.12731103 -31.32675290 0.54509804 0.71372549 0.60000000
v -16.93540980 -0.37238922 -31.58711349 0.54509804 0.71372549 0.60000000
v -13.16276825 -3.07515402 -33.77415458 0.54509804 0.71372549 0.60000000
v -13.16276825 -2.63715690 -33.78903342 0.54509804 0.71372549 0.60000000
v -17.41529455 -0.37238922 -31.30443577 0.54509804 0.71372549 0.60000000
v -17.35623116 0.18668146 -31.25980149 0.54509804 0.71372549 0.60000000
v -17.43006096 17.45731367 -23.74649991 0.54509804 0.71372549 0.60000000
v -12.83792294 20.40934570 -24.46807306 0.54509804 0.71372549 0.60000000
v -12.12916893 15.92254231 -28.26191871 0.54509804 0.71372549 0.60000000
v -19.60061998 0.09409626 -29.73482494 0.54509804 0.71372549 0.60000000
v -20.05097416 3.39866259 -28.79752097 0.54509804 0.71372549 0.60000000
v -19.89593471 4.12509717 -28.73801011 0.54509804 0.71372549 0.60000000
v -20.44964927 4.15358552 -28.32887011 0.54509804 0.71372549 0.60000000
v -19.98452868 4.88714247 -28.45533239 0.54509804 0.71372549 0.60000000
v -19.40866563 4.90850734 -28.86447238 0.54509804 0.71372549 0.60000000
v -19.01737484 7.17327502 -28.39581927 0.54509804 0.71372549 0.60000000
v -18.89925030 7.70741908 -28.27679755 0.54509804 0.71372549 0.60000000
v -18.49319310 7.94600220 -28.47764727 0.54509804 0.71372549 0.60000000
v -23.31419814 8.96087536 -23.64235478 0.54509804 0.71372549 0.60000000
v -22.53899865 10.46359773 -23.62747594 0.54509804 0.71372549 0.60000000
v -24.79076955 8.92882637 -22.10249938 0.54509804 0.71372549 0.60000000
v -21.21008460 13.79309067 -23.09187367 0.54509804 0.71372549 0.60000000
v -20.36843739 15.13557152 -22.96541365 0.54509804 0.71372549 0.60000000
v -19.18718070 16.21097864 -23.30760224 0.54509804 0.71372549 0.60000000
v -17.93209421 17.22941355 -23.57540337 0.54509804 0.71372549 0.60000000
v -18.96569578 16.74868333 -23.07699708 0.54509804 0.71372549 0.60000000
v -18.45627820 16.99082819 -23.32991937 0.54509804 0.71372549 0.60000000
v -13.39163750 21.02182910 -23.59772050 0.54509804 0.71372549 0.60000000
v -13.77554620 21.29958468 -23.09187367 0.54509804 0.71372549 0.60000000
v -14.27758058 21.11441654 -22.92077938 0.54509804 0.71372549 0.60000000
v -13.44331769 22.57084520 -22.08018225 0.54509804 0.71372549 0.60000000
v -12.94128332 22.71328361 -22.25871709 0.54509804 0.71372549 0.60000000
v -12.35803706 22.82367305 -22.52651597 0.54509804 0.71372549 0.60000000
v -21.21746668 23.53586513 0.07290340 0.54509804 0.71372549 0.60000000
v -22.00743258 22.78450282 1.58300297 0.54509804 0.71372549 0.60000000
v -21.99266617 22.78450282 2.34177210 0.54509804 0.71372549 0.60000000
v -22.68665601 21.98328954 3.09310237 0.54509804 0.71372549 0.60000000
v -22.36919279 22.38923655 2.34177210 0.54509804 0.71372549 0.60000000
v -22.70880451 22.01177452 2.34177210 0.54509804 0.71372549 0.60000000
v -23.81623363 20.79749073 0.83167256 0.54509804 0.71372549 0.60000000
v -24.14107894 20.42002870 0.83167256 0.54509804 0.71372549 0.60000000
v -25.75054131 18.26565045 4.60320177 0.54509804 0.71372549 0.60000000
v -25.72839282 18.24428446 5.35453204 0.54509804 0.71372549 0.60000000
v -27.13113667 16.61336841 3.55431521 0.54509804 0.71372549 0.60000000
v -27.09422177 16.55639169 4.05272235 0.54509804 0.71372549 0.60000000
v -27.86203918 14.30942937 7.86888513 0.54509804 0.71372549 0.60000000
v -27.20496423 15.18898649 8.23339198 0.54509804 0.71372549 0.60000000
v -27.16066725 14.40913694 10.33860450 0.54509804 0.71372549 0.60000000
v -26.28948946 11.19359406 16.86253180 0.54509804 0.71372549 0.60000000
v -25.61026827 12.07315005 17.04850493 0.54509804 0.71372549 0.60000000
v -23.33634663 12.05534468 20.79771855 0.54509804 0.71372549 0.60000000
v -26.52574080 10.94432683 16.63936494 0.54509804 0.71372549 0.60000000
v -26.93179799 10.15735604 16.65424265 0.54509804 0.71372549 0.60000000
v -27.06469120 9.63033434 16.88484894 0.54509804 0.71372549 0.60000000
v -26.34855286 6.75664389 20.04638772 0.54509804 0.71372549 0.60000000
v -15.14137516 22.70260062 -20.01960343 0.54509804 0.71372549 0.60000000
v -18.72944444 18.02706734 -22.07274395 0.54509804 0.71372549 0.60000000
v -17.47435795 22.06875124 -18.02597377 0.54509804 0.71372549 0.60000000
v -20.30937624 18.08404180 -19.87826457 0.54509804 0.71372549 0.60000000
v -15.04539686 21.88002135 -21.41811996 0.54509804 0.71372549 0.60000000
v -15.48836896 21.73758293 -21.12056339 0.54509804 0.71372549 0.60000000
v -15.84274709 21.16426751 -21.46275198 0.54509804 0.71372549 0.60000000
v -20.43488286 20.48056491 -15.57113267 0.54509804 0.71372549 0.60000000
v -22.47993525 20.25622429 -12.16410989 0.54509804 0.71372549 0.60000000
v -22.61282621 20.39510096 -11.65826417 0.54509804 0.71372549 0.60000000
v -22.05911164 21.36012090 -10.48291563 0.54509804 0.71372549 0.60000000
v -21.77118124 21.82304463 -9.72414650 0.54509804 0.71372549 0.60000000
v -21.39465462 22.94118598 -5.95261687 0.54509804 0.71372549 0.60000000
v -21.77118124 22.54948146 -5.95261687 0.54509804 0.71372549 0.60000000
v -22.33227789 22.34294508 -2.93241779 0.54509804 0.71372549 0.60000000
v -22.69403810 21.99041078 -2.18108752 0.54509804 0.71372549 0.60000000
v -22.38395920 22.39279830 1.58300297 0.54509804 0.71372549 0.60000000
v -26.63648551 6.46820531 19.75626945 0.54509804 0.71372549 0.60000000
v -27.02039421 6.41835208 19.10164546 0.54509804 0.71372549 0.60000000
v -26.78414287 4.90850734 20.44808942 0.54509804 0.71372549 0.60000000
v -27.13851875 6.83498434 18.59579862 0.54509804 0.71372549 0.60000000
v -27.13851875 9.12823926 17.07826037 0.54509804 0.71372549 0.60000000
v -30.09904592 3.61588084 14.67549183 0.54509804 0.71372549 0.60000000
v -30.16549139 3.11378575 14.82427012 0.54509804 0.71372549 0.60000000
v -28.77751395 3.39866259 17.33862208 0.54509804 0.71372549 0.60000000
v -28.68153565 -3.07515402 19.41407862 0.54509804 0.71372549 0.60000000
v -30.20978838 2.64730140 14.89865870 0.54509804 0.71372549 0.60000000
v -30.88162748 1.39740575 14.00598900 0.54509804 0.71372549 0.60000000
v -17.67369438 -3.07515402 -31.26723979 0.54509804 0.71372549 0.60000000
v -17.86564873 -1.88223397 -31.10358379 0.54509804 0.71372549 0.60000000
v -21.08457572 -1.88223397 -28.96117697 0.54509804 0.71372549 0.60000000
v -20.67113420 -1.12731103 -29.18434608 0.54509804 0.71372549 0.60000000
v -21.04766082 -1.12731103 -28.93142154 0.54509804 0.71372549 0.60000000
v -17.13474623 17.96296937 -23.55308623 0.54509804 0.71372549 0.60000000
v -15.10446025 20.42002870 -22.96541365 0.54509804 0.71372549 0.60000000
v -13.71648281 20.51973514 -23.79857023 0.54509804 0.71372549 0.60000000
v -13.99703113 20.81885447 -23.36711535 0.54509804 0.71372549 0.60000000
v -20.54562757 3.39866259 -28.41813641 0.54509804 0.71372549 0.60000000
v -20.36843739 4.61650926 -28.24704212 0.54509804 0.71372549 0.60000000
v -20.92953628 3.39866259 -28.02387525 0.54509804 0.71372549 0.60000000
v -26.57003778 2.64730140 -22.37773881 0.54509804 0.71372549 0.60000000
v -25.58073545 4.38860801 -22.90590278 0.54509804 0.71372549 0.60000000
v -24.64311218 7.92819796 -22.71248911 0.54509804 0.71372549 0.60000000
v -24.26658781 7.92819796 -23.09187367 0.54509804 0.71372549 0.60000000
v -24.92366051 8.42673129 -22.23639995 0.54509804 0.71372549 0.60000000
v -23.18868926 9.43448208 -23.52333080 0.54509804 0.71372549 0.60000000
v -25.21159316 8.64038892 -21.77518739 0.54509804 0.71372549 0.60000000
v -25.49952356 8.85048592 -21.25446171 0.54509804 0.71372549 0.60000000
v -21.04766082 14.29518576 -22.87614510 0.54509804 0.71372549 0.60000000
v -21.88930579 13.66845762 -22.23639995 0.54509804 0.71372549 0.60000000
v -19.46772902 16.46736824 -22.79431710 0.54509804 0.71372549 0.60000000
v -19.66706546 15.96527428 -23.03236281 0.54509804 0.71372549 0.60000000
v -19.65968338 17.45731367 -21.54457998 0.54509804 0.71372549 0.60000000
v -19.47511335 17.22941355 -22.04298852 0.54509804 0.71372549 0.60000000
v -18.21264253 17.49292440 -23.07699708 0.54509804 0.71372549 0.60000000
v -17.68846079 17.72794576 -23.31504278 0.54509804 0.71372549 0.60000000
v -18.97307786 17.52497113 -22.32566625 0.54509804 0.71372549 0.60000000
v -14.67625457 20.96485463 -22.77944051 0.54509804 0.71372549 0.60000000
v -15.11184234 21.18207400 -22.23639995 0.54509804 0.71372549 0.60000000
v -24.13369461 20.40934570 0.25887621 0.54509804 0.71372549 0.60000000
v -26.22304398 17.94872688 0.07290340 0.54509804 0.71372549 0.60000000
v -27.19020007 16.67034288 1.58300297 0.54509804 0.71372549 0.60000000
v -27.49289688 16.22166164 1.58300297 0.54509804 0.71372549 0.60000000
v -27.80297578 15.70176344 1.58300297 0.54509804 0.71372549 0.60000000
v -29.33122851 12.73904841 3.84443264 0.54509804 0.71372549 0.60000000
v -27.92848465 15.18186299 3.84443264 0.54509804 0.71372549 0.60000000
v -27.90633616 15.13913326 4.33540120 0.54509804 0.71372549 0.60000000
v -29.48626796 12.25119694 4.60320177 0.54509804 0.71372549 0.60000000
v -30.20240405 10.68793835 5.22807089 0.54509804 0.71372549 0.60000000
v -30.16549139 9.85111434 8.06973598 0.54509804 0.71372549 0.60000000
v -28.00231446 13.82157903 8.37473140 0.54509804 0.71372549 0.60000000
v -30.18763989 8.40180468 10.41299421 0.54509804 0.71372549 0.60000000
v -30.10642800 8.21307479 10.91883992 0.54509804 0.71372549 0.60000000
v -27.15328517 10.62384039 15.62023297 0.54509804 0.71372549 0.60000000
v -30.13595857 7.52581044 11.75199875 0.54509804 0.71372549 0.60000000
v -19.20194711 17.74219050 -21.80494282 0.54509804 0.71372549 0.60000000
v -20.50133059 17.58194785 -20.15350399 0.54509804 0.71372549 0.60000000
v -21.00336384 17.23297305 -19.77411943 0.54509804 0.71372549 0.60000000
v -25.72101073 14.48391565 -15.53393782 0.54509804 0.71372549 0.60000000
v -25.52905638 14.98601185 -15.19918640 0.54509804 0.71372549 0.60000000
v -24.88674785 16.64185564 -13.91225442 0.54509804 0.71372549 0.60000000
v -24.17799384 17.43238818 -13.97920471 0.54509804 0.71372549 0.60000000
v -15.39239066 21.33163367 -21.74543196 0.54509804 0.71372549 0.60000000
v -24.66526068 17.12970711 -13.49567613 0.54509804 0.71372549 0.60000000
v -24.15584535 18.16950575 -12.49142188 0.54509804 0.71372549 0.60000000
v -23.32158022 19.58320468 -11.45741332 0.54509804 0.71372549 0.60000000
v -22.66450752 20.45919892 -11.23424534 0.54509804 0.71372549 0.60000000
v -22.43563827 20.93636740 -10.48291563 0.54509804 0.71372549 0.60000000
v -23.97127308 20.20993282 -5.20128660 0.54509804 0.71372549 0.60000000
v -22.59806204 21.88714259 -4.10032720 0.54509804 0.71372549 0.60000000
v -22.66450752 21.96548305 -2.93241779 0.54509804 0.71372549 0.60000000
v -24.00818798 20.25978604 -4.44251747 0.54509804 0.71372549 0.60000000
v -26.52574080 17.54989886 -0.67098802 0.54509804 0.71372549 0.60000000
v -30.18763989 6.16552423 12.61491189 0.54509804 0.71372549 0.60000000
v -30.88901181 2.96422609 13.25465929 0.54509804 0.71372549 0.60000000
v -30.91116031 0.89531067 14.05806157 0.54509804 0.71372549 0.60000000
v -31.15479373 0.38253372 13.65635987 0.54509804 0.71372549 0.60000000
v -30.30576443 -3.07515402 15.91035124 0.54509804 0.71372549 0.60000000
v -31.41319355 1.13745665 12.90503016 0.54509804 0.71372549 0.60000000
v -31.05143334 1.14101728 13.71587186 0.54509804 0.71372549 0.60000000
v -18.86233540 -3.07515402 -30.50103236 0.54509804 0.71372549 0.60000000
v -19.92546753 -3.07515402 -29.75714208 0.54509804 0.71372549 0.60000000
v -20.37582171 -3.07515402 -29.42983008 0.54509804 0.71372549 0.60000000
v -20.67113420 -3.07515402 -29.21410151 0.54509804 0.71372549 0.60000000
v -21.04766082 -3.07515402 -28.93142154 0.54509804 0.71372549 0.60000000
v -21.86715729 -2.48759612 -28.23216328 0.54509804 0.71372549 0.60000000
v -21.86715729 -2.07096498 -28.23216328 0.54509804 0.71372549 0.60000000
v -21.83762672 -1.56886990 -28.20240784 0.54509804 0.71372549 0.60000000
v -21.34297555 -0.37238922 -28.47764727 0.54509804 0.71372549 0.60000000
v -21.27653008 0.38253372 -28.38094268 0.54509804 0.71372549 0.60000000
v -27.03515837 1.89237846 -22.08018225 0.54509804 0.71372549 0.60000000
v -26.94656440 2.64730140 -21.96859882 0.54509804 0.71372549 0.60000000
v -25.85390169 4.90850734 -22.44468797 0.54509804 0.71372549 0.60000000
v -24.99749031 7.92819796 -22.33310454 0.54509804 0.71372549 0.60000000
v -25.63241676 8.34838971 -21.44787539 0.54509804 0.71372549 0.60000000
v -27.15328517 8.36263445 -19.19388514 0.54509804 0.71372549 0.60000000
v -26.34117077 9.00360621 -19.87082402 0.54509804 0.71372549 0.60000000
v -26.42976474 11.40368994 -17.71353949 0.54509804 0.71372549 0.60000000
v -26.42238266 12.91353468 -16.22575666 0.54509804 0.71372549 0.60000000
v -21.72688426 14.17055270 -21.98347541 0.54509804 0.71372549 0.60000000
v -17.43744305 18.22648022 -23.05467994 0.54509804 0.71372549 0.60000000
v -26.52574080 17.57126485 0.07290340 0.54509804 0.71372549 0.60000000
v -26.90226742 17.06204740 -0.67098802 0.54509804 0.71372549 0.60000000
v -27.17543366 16.68458762 -0.67098802 0.54509804 0.71372549 0.60000000
v -27.80297578 15.71600593 0.83167256 0.54509804 0.71372549 0.60000000
v -30.01044970 11.85237118 0.07290340 0.54509804 0.71372549 0.60000000
v -30.52725160 10.94432683 0.07290340 0.54509804 0.71372549 0.60000000
v -30.80779993 10.38881790 0.83167256 0.54509804 0.71372549 0.60000000
v -30.16549139 11.36095909 2.93688523 0.54509804 0.71372549 0.60000000
v -29.53794702 12.36158750 3.84443264 0.54509804 0.71372549 0.60000000
v -29.88494307 11.69924976 3.84443264 0.54509804 0.71372549 0.60000000
v -30.05474893 11.16154508 4.60320177 0.54509804 0.71372549 0.60000000
v -30.91116031 9.08550841 5.79342803 0.54509804 0.71372549 0.60000000
v -30.24670328 10.78408417 4.60320177 0.54509804 0.71372549 0.60000000
v -31.13264523 7.92819796 6.86463200 0.54509804 0.71372549 0.60000000
v -30.92592447 6.09074552 10.35348222 0.54509804 0.71372549 0.60000000
v -31.66421130 6.08006253 7.28864971 0.54509804 0.71372549 0.60000000
v -30.99236995 5.64206429 10.61384393 0.54509804 0.71372549 0.60000000
v -30.92592447 5.37499282 11.10481305 0.54509804 0.71372549 0.60000000
v -26.37808568 13.60436078 -15.40747667 0.54509804 0.71372549 0.60000000
v -25.80222262 14.72606051 -14.96858012 0.54509804 0.71372549 0.60000000
v -25.63979885 15.12132678 -14.69334069 0.54509804 0.71372549 0.60000000
v -24.97534182 16.75224508 -13.49567613 0.54509804 0.71372549 0.60000000
v -24.78338747 17.26502203 -12.74434530 0.54509804 0.71372549 0.60000000
v -24.21490650 18.26921220 -11.98557617 0.54509804 0.71372549 0.60000000
v -25.61026827 18.10540779 -5.55835459 0.54509804 0.71372549 0.60000000
v -22.73833508 20.55890537 -10.48291563 0.54509804 0.71372549 0.60000000
v -25.63979885 18.14101852 -5.05250832 0.54509804 0.71372549 0.60000000
v -31.18432430 4.90850734 10.63616107 0.54509804 0.71372549 0.60000000
v -31.52393602 1.82828163 12.08674904 0.54509804 0.71372549 0.60000000
v -31.25077203 1.89237846 12.90503016 0.54509804 0.71372549 0.60000000
v -31.46487487 0.38253372 12.90503016 0.54509804 0.71372549 0.60000000
v -30.99975428 -3.07515402 14.36305755 0.54509804 0.71372549 0.60000000
v -30.85209691 -3.07515402 14.69780785 0.54509804 0.71372549 0.60000000
v -30.66014256 -3.07515402 15.12926498 0.54509804 0.71372549 0.60000000
v -31.60514791 1.13745665 12.31735533 0.54509804 0.71372549 0.60000000
v -32.08503491 -1.12731103 11.39493020 0.54509804 0.71372549 0.60000000
v -21.26914575 -3.07515402 -28.73057181 0.54509804 0.71372549 0.60000000
v -21.83762672 -2.99325182 -28.20984839 0.54509804 0.71372549 0.60000000
v -26.84320402 -3.07515402 -23.08443537 0.54509804 0.71372549 0.60000000
v -22.61282621 -2.34159707 -27.48083469 0.54509804 0.71372549 0.60000000
v -22.61282621 -2.15998843 -27.48083469 0.54509804 0.71372549 0.60000000
v -27.03515837 -2.63715690 -22.83895138 0.54509804 0.71372549 0.60000000
v -27.37477009 -2.63715690 -22.45956681 0.54509804 0.71372549 0.60000000
v -27.78082729 -3.07515402 -22.04298852 0.54509804 0.71372549 0.60000000
v -27.34523952 1.89237846 -21.70079768 0.54509804 0.71372549 0.60000000
v -26.32640436 4.34587716 -22.10249938 0.54509804 0.71372549 0.60000000
v -27.25664555 2.64730140 -21.58921425 0.54509804 0.71372549 0.60000000
v -28.47481713 6.41835208 -18.17475205 0.54509804 0.71372549 0.60000000
v -28.65200507 6.85991095 -17.68378406 0.54509804 0.71372549 0.60000000
v -28.56341110 7.36556666 -17.51268864 0.54509804 0.71372549 0.60000000
v -28.47481713 7.95312457 -17.26720464 0.54509804 0.71372549 0.60000000
v -27.96539956 8.43741429 -17.78048977 0.54509804 0.71372549 0.60000000
v -27.86203918 9.77989513 -16.85806464 0.54509804 0.71372549 0.60000000
v -27.22711272 10.76271818 -17.03659836 0.54509804 0.71372549 0.60000000
v -27.08683969 11.26481327 -16.80599208 0.54509804 0.71372549 0.60000000
v -27.15328517 16.64185564 -1.22890654 0.54509804 0.71372549 0.60000000
v -27.92848465 15.17474174 -2.93241779 0.54509804 0.71372549 0.60000000
v -30.82256409 10.41374451 0.07290340 0.54509804 0.71372549 0.60000000
v -30.98498787 10.01135700 0.83167256 0.54509804 0.71372549 0.60000000
v -31.67159338 8.35195146 2.08141011 0.54509804 0.71372549 0.60000000
v -30.13595857 11.31466649 3.43529236 0.54509804 0.71372549 0.60000000
v -31.25077203 7.92819796 6.11330173 0.54509804 0.71372549 0.60000000
v -31.38366298 7.17327502 6.86463200 0.54509804 0.71372549 0.60000000
v -31.38366298 4.90850734 9.88483136 0.54509804 0.71372549 0.60000000
v -31.70850829 6.19045197 6.86463200 0.54509804 0.71372549 0.60000000
v -32.40249589 4.51680281 5.71160003 0.54509804 0.71372549 0.60000000
v -31.62729640 5.10792135 8.61277654 0.54509804 0.71372549 0.60000000
v -26.37070135 14.34503898 -13.88993841 0.54509804 0.71372549 0.60000000
v -26.11230152 14.64416055 -14.18749498 0.54509804 0.71372549 0.60000000
v -25.72101073 15.23171621 -14.25444526 0.54509804 0.71372549 0.60000000
v -27.97278164 9.96506440 -16.35965723 0.54509804 0.71372549 0.60000000
v -27.52980954 13.96401745 -10.48291563 0.54509804 0.71372549 0.60000000
v -27.22711272 14.49459864 -10.48291563 0.54509804 0.71372549 0.60000000
v -25.36663261 16.16824892 -13.45848128 0.54509804 0.71372549 0.60000000
v -25.63241676 15.88337208 -13.18324073 0.54509804 0.71372549 0.60000000
v -25.44784449 16.32849157 -12.74434530 0.54509804 0.71372549 0.60000000
v -25.07131787 16.88756225 -12.74434530 0.54509804 0.71372549 0.60000000
v -27.04992478 15.00381609 -9.72414650 0.54509804 0.71372549 0.60000000
v -27.31570669 14.62635406 -9.72414650 0.54509804 0.71372549 0.60000000
v -26.54050721 16.84838977 -5.20128660 0.54509804 0.71372549 0.60000000
v -26.27472530 17.22585180 -5.20128660 0.54509804 0.71372549 0.60000000
v -32.64613155 1.13745665 8.37473140 0.54509804 0.71372549 0.60000000
v -32.18101096 -3.07515402 11.39493020 0.54509804 0.71372549 0.60000000
v -31.66421130 -1.32672504 12.56283932 0.54509804 0.71372549 0.60000000
v -32.24745644 -0.37238922 10.63616107 0.54509804 0.71372549 0.60000000
v -32.33605041 -1.13799402 10.58408850 0.54509804 0.71372549 0.60000000
v -32.32866833 -1.88223397 10.73286679 0.54509804 0.71372549 0.60000000
v -21.75641483 -3.07515402 -28.27679755 0.54509804 0.71372549 0.60000000
v -21.83024464 -3.07515402 -28.20240784 0.54509804 0.71372549 0.60000000
v -27.05730687 -3.07515402 -22.86126851 0.54509804 0.71372549 0.60000000
v -27.20496423 -3.07515402 -22.70505081 0.54509804 0.71372549 0.60000000
v -27.40430291 -3.07515402 -22.48932224 0.54509804 0.71372549 0.60000000
v -28.05399353 -3.07515402 -21.67104225 0.54509804 0.71372549 0.60000000
v -28.06137561 1.13745665 -20.89739428 0.54509804 0.71372549 0.60000000
v -27.72176389 1.89237846 -21.18007426 0.54509804 0.71372549 0.60000000
v -27.98016372 1.89237846 -20.80812799 0.54509804 0.71372549 0.60000000
v -28.57817527 5.66343027 -18.30865262 0.54509804 0.71372549 0.60000000
v -28.70368414 6.41835208 -17.79536749 0.54509804 0.71372549 0.60000000
v -29.41243815 5.39991943 -16.94733206 0.54509804 0.71372549 0.60000000
v -28.98423246 6.41835208 -17.26720464 0.54509804 0.71372549 0.60000000
v -29.28693152 6.41835208 -16.67953093 0.54509804 0.71372549 0.60000000
v -29.40505607 6.82786310 -16.18112351 0.54509804 0.71372549 0.60000000
v -28.77012962 7.13766542 -17.26720464 0.54509804 0.71372549 0.60000000
v -28.60770809 8.22019604 -16.80599208 0.54509804 0.71372549 0.60000000
v -28.11305692 9.49145655 -16.57538579 0.54509804 0.71372549 0.60000000
v -27.67746691 15.55220377 -2.93241779 0.54509804 0.71372549 0.60000000
v -27.89895408 15.13200977 -3.42338607 0.54509804 0.71372549 0.60000000
v -29.68560439 11.69924976 -4.44251747 0.54509804 0.71372549 0.60000000
v -29.54533135 12.35446513 -2.18108752 0.54509804 0.71372549 0.60000000
v -30.99975428 10.03628248 0.07290340 0.54509804 0.71372549 0.60000000
v -29.91447365 10.94432683 -5.95261687 0.54509804 0.71372549 0.60000000
v -30.71920596 9.36682350 -5.90054430 0.54509804 0.71372549 0.60000000
v -30.89639390 9.06770304 -5.61786602 0.54509804 0.71372549 0.60000000
v -31.24338770 9.43448208 0.83167256 0.54509804 0.71372549 0.60000000
v -31.26553619 9.43448208 0.07290340 0.54509804 0.71372549 0.60000000
v -31.53132035 8.75077835 0.83167256 0.54509804 0.71372549 0.60000000
v -31.84139924 7.92819796 0.83167256 0.54509804 0.71372549 0.60000000
v -31.82663283 7.92819796 1.58300297 0.54509804 0.71372549 0.60000000
v -32.09979907 7.17327502 0.83167256 0.54509804 0.71372549 0.60000000
v -32.05550209 7.17327502 1.58300297 0.54509804 0.71372549 0.60000000
v -32.69042854 4.15358552 3.84443264 0.54509804 0.71372549 0.60000000
v -32.83070157 1.13745665 7.62340113 0.54509804 0.71372549 0.60000000
v -33.15554913 1.46150259 5.35453204 0.54509804 0.71372549 0.60000000
v -32.96359478 1.89237846 6.11330173 0.54509804 0.71372549 0.60000000
v -32.81593741 1.89237846 6.86463200 0.54509804 0.71372549 0.60000000
v -25.80222262 15.48810581 -13.45848128 0.54509804 0.71372549 0.60000000
v -28.49696563 8.67243677 -16.53819094 0.54509804 0.71372549 0.60000000
v -28.68153565 8.41604942 -16.30014636 0.54509804 0.71372549 0.60000000
v -28.57079319 8.91814338 -15.91332238 0.54509804 0.71372549 0.60000000
v -28.42313582 9.37038412 -15.70503323 0.54509804 0.71372549 0.60000000
v -29.41982248 9.89384519 -10.96644533 0.54509804 0.71372549 0.60000000
v -29.29431361 10.37813491 -10.48291563 0.54509804 0.71372549 0.60000000
v -29.67084023 10.94432683 -7.46271627 0.54509804 0.71372549 0.60000000
v -29.44197097 11.40725168 -7.46271627 0.54509804 0.71372549 0.60000000
v -27.71438181 13.89635886 -9.67951279 0.54509804 0.71372549 0.60000000
v -26.97609498 14.87206067 -10.48291563 0.54509804 0.71372549 0.60000000
v -29.82587968 10.94432683 -6.70394714 0.54509804 0.71372549 0.60000000
v -29.50841645 11.53188474 -6.70394714 0.54509804 0.71372549 0.60000000
v -32.91929779 0.38253372 7.62340113 0.54509804 0.71372549 0.60000000
v -32.35081682 -3.07515402 10.83701192 0.54509804 0.71372549 0.60000000
v -32.54277117 -1.88223397 9.88483136 0.54509804 0.71372549 0.60000000
v -32.43202871 -1.88223397 10.36092164 0.54509804 0.71372549 0.60000000
v -32.45417720 -2.63715690 10.41299421 0.54509804 0.71372549 0.60000000
v -28.60770809 -3.07515402 -20.83788342 0.54509804 0.71372549 0.60000000
v -28.47481713 1.18374813 -20.25020859 0.54509804 0.71372549 0.60000000
v -28.62247450 1.46862496 -19.90057945 0.54509804 0.71372549 0.60000000
v -28.79966244 5.66343027 -17.92926805 0.54509804 0.71372549 0.60000000
v -29.45673738 6.41835208 -16.30014636 0.54509804 0.71372549 0.60000000
v -29.35337700 5.90557513 -16.81343150 0.54509804 0.71372549 0.60000000
v -29.39767399 1.54696542 -18.42023605 0.54509804 0.71372549 0.60000000
v -30.18025556 0.87750643 -16.96220978 0.54509804 0.71372549 0.60000000
v -30.17287348 4.65567948 -15.43723210 0.54509804 0.71372549 0.60000000
v -28.63723866 9.07126479 -15.41491497 0.54509804 0.71372549 0.60000000
v -30.89639390 3.78324587 -13.88249899 0.54509804 0.71372549 0.60000000
v -31.69374188 3.10666451 -11.76240819 0.54509804 0.71372549 0.60000000
v -32.38773172 2.98203146 -9.25549452 0.54509804 0.71372549 0.60000000
v -31.33936600 7.17327502 -7.46271627 0.54509804 0.71372549 0.60000000
v -29.55271344 11.61378581 -5.95261687 0.54509804 0.71372549 0.60000000
v -30.08427950 10.43154875 -6.70394714 0.54509804 0.71372549 0.60000000
v -30.87424540 8.98936259 -6.11627287 0.54509804 0.71372549 0.60000000
v -31.70112621 7.67180836 -3.52753092 0.54509804 0.71372549 0.60000000
v -31.53870243 8.74365598 0.07290340 0.54509804 0.71372549 0.60000000
v -31.67159338 8.36975570 0.07290340 0.54509804 0.71372549 0.60000000
v -33.50254293 1.13745665 0.83167256 0.54509804 0.71372549 0.60000000
v -32.91191346 3.39866259 3.09310237 0.54509804 0.71372549 0.60000000
v -32.73472552 4.15358552 3.09310237 0.54509804 0.71372549 0.60000000
v -31.92261113 7.17327502 -2.93241779 0.54509804 0.71372549 0.60000000
v -32.15148039 6.41835208 -2.93241779 0.54509804 0.71372549 0.60000000
v -32.44679287 5.40704180 -2.93241779 0.54509804 0.71372549 0.60000000
v -32.62398306 4.90850734 -1.42975725 0.54509804 0.71372549 0.60000000
v -32.82331949 4.15358552 -0.67098802 0.54509804 0.71372549 0.60000000
v -32.86023440 3.39866259 3.84443264 0.54509804 0.71372549 0.60000000
v -33.11125214 1.17306513 6.09842345 0.54509804 0.71372549 0.60000000
v -33.17769762 0.94516501 5.83806174 0.54509804 0.71372549 0.60000000
v -33.25152518 1.82115926 3.09310237 0.54509804 0.71372549 0.60000000
v -33.38441614 1.13745665 3.09310237 0.54509804 0.71372549 0.60000000
v -33.55422199 0.38253372 2.34177210 0.54509804 0.71372549 0.60000000
v -31.02928485 7.93888095 -7.42552198 0.54509804 0.71372549 0.60000000
v -30.19502197 9.92589305 -7.28418256 0.54509804 0.71372549 0.60000000
v -33.17769762 -0.67507029 6.61170858 0.54509804 0.71372549 0.60000000
v -33.50992501 -3.07515402 5.67440574 0.54509804 0.71372549 0.60000000
v -33.12601631 -1.12731103 7.03572686 0.54509804 0.71372549 0.60000000
v -33.10386781 -3.07515402 7.64571770 0.54509804 0.71372549 0.60000000
v -33.03004026 -3.07515402 7.99534684 0.54509804 0.71372549 0.60000000
v -32.45417720 -3.07515402 10.45762736 0.54509804 0.71372549 0.60000000
v -32.57968607 -2.63715690 9.88483136 0.54509804 0.71372549 0.60000000
v -29.70037080 -3.07515402 -18.79218232 0.54509804 0.71372549 0.60000000
v -28.65938716 0.96296925 -19.96753086 0.54509804 0.71372549 0.60000000
v -29.22786813 1.13745665 -18.85913260 0.54509804 0.71372549 0.60000000
v -29.42720456 1.13745665 -18.47974804 0.54509804 0.71372549 0.60000000
v -30.03998252 -3.07515402 -18.13011890 0.54509804 0.71372549 0.60000000
v -30.19502197 -3.07515402 -17.78048977 0.54509804 0.71372549 0.60000000
v -30.51986727 -3.07515402 -16.95477036 0.54509804 0.71372549 0.60000000
v -30.37959424 0.38253372 -16.51587493 0.54509804 0.71372549 0.60000000
v -32.09241699 1.89237846 -11.23424534 0.54509804 0.71372549 0.60000000
v -31.75280527 2.64730140 -11.88887046 0.54509804 0.71372549 0.60000000
v -32.46155928 2.47637575 -9.53073451 0.54509804 0.71372549 0.60000000
v -32.49847419 2.69715462 -8.98769395 0.54509804 0.71372549 0.60000000
v -32.48370777 3.24554118 -8.21404654 0.54509804 0.71372549 0.60000000
v -32.39511380 3.75475863 -7.79746769 0.54509804 0.71372549 0.60000000
v -31.62729640 6.67830231 -6.88248086 0.54509804 0.71372549 0.60000000
v -31.51655394 7.10917818 -6.65931343 0.54509804 0.71372549 0.60000000
v -31.65682922 6.81361835 -6.38407400 0.54509804 0.71372549 0.60000000
v -32.54277117 4.20343875 -5.97493344 0.54509804 0.71372549 0.60000000
v -33.48039444 1.13745665 1.58300297 0.54509804 0.71372549 0.60000000
v -33.67234879 0.38253372 -0.67098802 0.54509804 0.71372549 0.60000000
v -33.82738824 -0.37238922 -0.67098802 0.54509804 0.71372549 0.60000000
v -32.56491966 4.90850734 -2.93241779 0.54509804 0.71372549 0.60000000
v -32.80855308 4.15358552 -1.42975725 0.54509804 0.71372549 0.60000000
v -33.63543388 -3.07515402 4.91563661 0.54509804 0.71372549 0.60000000
v -33.56898841 -3.07515402 5.35453204 0.54509804 0.71372549 0.60000000
v -33.48777652 0.38253372 3.09310237 0.54509804 0.71372549 0.60000000
v -33.67973087 -3.07515402 4.60320177 0.54509804 0.71372549 0.60000000
v -33.43609745 1.13745665 2.34177210 0.54509804 0.71372549 0.60000000
v -33.59851898 0.38253372 1.58300297 0.54509804 0.71372549 0.60000000
v -33.78309125 -0.37238922 0.07290340 0.54509804 0.71372549 0.60000000
v -32.86761648 -3.07515402 8.69460454 0.54509804 0.71372549 0.60000000
v -32.09979907 -3.07515402 -12.42447160 0.54509804 0.71372549 0.60000000
v -32.40988022 -0.72492351 -10.86230019 0.54509804 0.71372549 0.60000000
v -32.45417720 1.13745665 -10.24486993 0.54509804 0.71372549 0.60000000
v -32.43202871 1.65023361 -10.18535907 0.54509804 0.71372549 0.60000000
v -32.31390192 1.89593909 -10.45316020 0.54509804 0.71372549 0.60000000
v -32.49109210 1.89593909 -9.76134135 0.54509804 0.71372549 0.60000000
v -32.62398306 1.89237846 -8.97281567 0.54509804 0.71372549 0.60000000
v -32.68304646 2.64730140 -7.46271627 0.54509804 0.71372549 0.60000000
v -32.53538909 3.46275943 -7.50734998 0.54509804 0.71372549 0.60000000
v -32.49847419 3.98978112 -6.70394714 0.54509804 0.71372549 0.60000000
v -32.63874722 3.39866259 -6.70394714 0.54509804 0.71372549 0.60000000
v -32.70519495 3.39866259 -5.95261687 0.54509804 0.71372549 0.60000000
v -33.42871312 1.13745665 -2.18108752 0.54509804 0.71372549 0.60000000
v -33.48039444 1.13745665 -1.42975725 0.54509804 0.71372549 0.60000000
v -33.91598221 -2.24901188 -1.05037262 0.54509804 0.71372549 0.60000000
v -33.94551503 -2.63715690 -0.67098802 0.54509804 0.71372549 0.60000000
v -33.92336654 -2.20628103 -0.22465317 0.54509804 0.71372549 0.60000000
v -33.62805180 0.38253372 -1.42975725 0.54509804 0.71372549 0.60000000
v -33.56898841 0.38253372 -2.18108752 0.54509804 0.71372549 0.60000000
v -33.75356068 -0.37238922 -1.42975725 0.54509804 0.71372549 0.60000000
v -33.73141218 -3.07515402 3.84443264 0.54509804 0.71372549 0.60000000
v -32.23269003 -3.07515402 -11.98557617 0.54509804 0.71372549 0.60000000
v -32.20315945 -2.63715690 -11.98557617 0.54509804 0.71372549 0.60000000
v -32.67566213 -0.37238922 -9.72414650 0.54509804 0.71372549 0.60000000
v -32.29913775 -3.07515402 -11.74753047 0.54509804 0.71372549 0.60000000
v -32.43202871 -2.07452561 -11.02595619 0.54509804 0.71372549 0.60000000
v -33.16293121 -1.47984645 -7.09820942 0.54509804 0.71372549 0.60000000
v -33.20722820 -1.18784725 -6.66675285 0.54509804 0.71372549 0.60000000
v -33.90860012 -3.07515402 -1.61573010 0.54509804 0.71372549 0.60000000
v -33.93813070 -3.07515402 -0.67098802 0.54509804 0.71372549 0.60000000
v -33.93813070 -3.07515402 -0.34367579 0.54509804 0.71372549 0.60000000
v -33.93075087 -3.07515402 0.04314772 0.54509804 0.71372549 0.60000000
v -33.93075087 -2.69769312 0.05058665 0.54509804 0.71372549 0.60000000
v -33.92336654 -3.07515402 -1.30329568 0.54509804 0.71372549 0.60000000
v -33.93075087 -3.07515402 -1.10988390 0.54509804 0.71372549 0.60000000
v -33.34011915 -1.88223397 -5.95261687 0.54509804 0.71372549 0.60000000
v -33.91598221 -2.98969120 0.48204364 0.54509804 0.71372549 0.60000000
v -33.91598221 -3.07515402 0.49692149 0.54509804 0.71372549 0.60000000
v -32.58706816 -2.63715690 -10.48291563 0.54509804 0.71372549 0.60000000
v -32.71995911 -1.88223397 -9.72414650 0.54509804 0.71372549 0.60000000
v -33.25152518 -1.88223397 -6.70394714 0.54509804 0.71372549 0.60000000
v -32.54277117 -3.07515402 -10.52011048 0.54509804 0.71372549 0.60000000
v -33.58375482 -3.07515402 -4.44251747 0.54509804 0.71372549 0.60000000
v -32.60921665 -3.07515402 -10.16304193 0.54509804 0.71372549 0.60000000
v -32.72734344 -2.63715690 -9.72414650 0.54509804 0.71372549 0.60000000
v -33.22937669 -3.07515402 -6.69650828 0.54509804 0.71372549 0.60000000
v -33.34750348 -3.07515402 -5.95261687 0.54509804 0.71372549 0.60000000
v -33.46562802 -3.07515402 -5.20128660 0.54509804 0.71372549 0.60000000
f 1 2 3
f 1 3 4
f 1 4 16
f 1 16 36
f 1 36 59
f 1 59 99
f 1 99 165
f 1 165 238
f 1 238 237
f 1 237 325
f 1 325 425
f 1 425 508
f 1 508 511
f 1 511 510
f 1 510 509
f 1 509 528
f 1 528 527
f 1 527 627
f 1 627 624
f 1 624 626
f 1 626 741
f 1 741 740
f 1 740 758
f 1 758 636
f 1 636 635
f 1 635 755
f 1 755 754
f 1 754 753
f 1 753 752
f 1 752 751
f 1 751 757
f 1 757 903
f 1 903 1049
f 1 1049 1048
f 1 1048 1047
f 1 1047 1198
f 1 1198 1351
f 1 1351 1339
f 1 1339 1338
f 1 1338 1474
f 1 1474 1478
f 1 1478 1477
f 1 1477 1476
f 1 1476 1494
f 1 1494 1493
f 1 1493 1491
f 1 1491 1660
f 1 1660 1813
f 1 1813 1812
f 1 1812 1811
f 1 1811 1960
f 1 1960 2132
f 1 2132 2131
f 1 2131 2130
f 1 2130 2307
f 1 2307 2485
f 1 2485 2638
f 1 2638 2644
f 1 2644 2643
f 1 2643 2770
f 1 2770 2891
f 1 2891 2892
f 1 2892 2992
f 1 2992 2890
f 1 2890 2999
f 1 2999 3094
f 1 3094 3217
f 1 3217 3334
f 1 3334 3333
f 1 3333 3332
f 1 3332 3335
f 1 3335 3325
f 1 3325 3324
f 1 3324 3215
f 1 3215 3214
f 1 3214 3213
f 1 3213 3331
f 1 3331 3421
f 1 3421 3493
f 1 3493 3550
f 1 3550 3549
f 1 3549 3548
f 1 3548 3599
f 1 3599 3656
f 1 3656 3701
f 1 3701 3733
f 1 3733 3700
f 1 3700 3699
f 1 3699 3697
f 1 3697 3727
f 1 3727 3726
f 1 3726 3729
f 1 3729 3754
f 1 3754 3771
f 1 3771 3765
f 1 3765 3764
f 1 3764 3763
f 1 3763 3768
f 1 3768 3767
f 1 3767 3762
f 1 3762 3776
f 1 3776 3781
f 1 3781 3780
f 1 3780 3779
f 1 3779 3777
f 1 3777 3775
f 1 3775 3758
f 1 3758 3755
f 1 3755 3734
f 1 3734 3709
f 1 3709 3708
f 1 3708 3707
f 1 3707 3703
f 1 3703 3660
f 1 3660 3609
f 1 3609 3560
f 1 3560 3608
f 1 3608 3607
f 1 3607 3606
f 1 3606 3555
f 1 3555 3605
f 1 3605 3604
f 1 3604 3553
f 1 3553 3500
f 1 3500 3499
f 1 3499 3498
f 1 3498 3497
f 1 3497 3496
f 1 3496 3424
f 1 3424 3339
f 1 3339 3343
f 1 3343 3337
f 1 3337 3336
f 1 3336 3222
f 1 3222 3221
f 1 3221 3220
f 1 3220 3096
f 1 3096 3004
f 1 3004 3003
f 1 3003 2895
f 1 2895 2782
f 1 2782 2781
f 1 2781 2786
f 1 2786 2785
f 1 2785 2784
f 1 2784 2900
f 1 2900 2899
f 1 2899 3005
f 1 3005 2897
f 1 2897 3002
f 1 3002 2893
f 1 2893 2779
f 1 2779 2778
f 1 2778 2777
f 1 2777 2776
f 1 2776 2775
f 1 2775 2774
f 1 2774 2773
f 1 2773 2772
f 1 2772 2771
f 1 2771 2668
f 1 2668 2516
f 1 2516 2515
f 1 2515 2333
f 1 2333 2144
f 1 2144 1967
f 1 1967 1818
f 1 1818 1666
f 1 1666 1499
f 1 1499 1498
f 1 1498 1497
f 1 1497 1355
f 1 1355 1204
f 1 1204 1203
f 1 1203 1202
f 1 1202 1055
f 1 1055 1054
f 1 1054 1050
f 1 1050 911
f 1 911 910
f 1 910 909
f 1 909 908
f 1 908 904
f 1 904 760
f 1 760 759
f 1 759 638
f 1 638 529
f 1 529 427
f 1 427 426
f 1 426 330
f 1 330 242
f 1 242 239
f 1 239 168
f 1 168 166
f 1 166 100
f 1 100 60
f 1 60 37
f 1 37 17
f 1 17 6
f 1 6 5
f 1 5 2
f 2 5 6
f 2 6 7
f 2 7 3
f 3 7 8
f 3 8 9
f 3 9 10
f 3 10 11
f 3 11 12
f 3 12 13
f 3 13 14
f 3 14 15
f 3 15 16
f 3 16 4
f 6 17 18
f 6 18 19
f 6 19 7
f 7 19 20
f 7 20 21
f 7 21 8
f 8 21 22
f 8 22 9
f 9 22 23
f 9 23 24
f 9 24 25
f 9 25 26
f 9 26 27
f 9 27 10
f 10 28 11
f 10 27 28
f 11 28 29
f 11 29 30
f 11 30 12
f 12 31 13
f 12 30 32
f 12 32 33
f 12 33 31
f 13 31 34
f 13 34 14
f 14 34 15
f 15 34 35
f 15 35 16
f 16 35 36
f 17 37 18
f 18 38 20
f 18 20 19
f 18 37 39
f 18 39 40
f 18 40 38
f 20 38 21
f 21 38 41
f 21 41 66
f 21 66 42
f 21 42 43
f 21 43 22
f 22 43 23
f 23 43 44
f 23 44 24
f 24 44 45
f 24 45 46
f 24 46 25
f 25 47 48
f 25 48 26
f 25 46 47
f 26 48 49
f 26 49 50
f 26 50 51
f 26 51 29
f 26 29 27
f 27 29 28
f 29 51 52
f 29 52 53
f 29 53 32
f 29 32 30
f 31 33 34
f 32 53 54
f 32 54 55
f 32 55 56
f 32 56 57
f 32 57 33
f 33 57 34
f 34 57 35
f 35 57 58
f 35 58 59
f 35 59 36
f 37 60 61
f 37 61 39
f 38 40 62
f 38 62 63
f 38 63 41
f 39 62 40
f 39 61 62
f 41 64 65
f 41 65 66
f 41 63 62
f 41 62 64
f 42 66 67
f 42 67 68
f 42 68 69
f 42 69 70
f 42 70 71
f 42 71 72
f 42 72 44
f 42 44 43
f 44 72 45
f 45 72 73
f 45 73 74
f 45 74 75
f 45 75 76
f 45 76 46
f 46 76 47
f 47 76 77
f 47 77 78
f 47 78 79
f 47 79 49
f 47 49 48
f 49 80 81
f 49 81 50
f 49 79 82
f 49 82 83
f 49 83 80
f 50 81 84
f 50 84 85
f 50 85 86
f 50 86 87
f 50 87 88
f 50 88 89
f 50 89 51
f 51 89 52
f 52 89 88
f 52 88 90
f 52 90 91
f 52 91 94
f 52 94 92
f 52 92 55
f 52 55 54
f 52 54 53
f 55 93 56
f 55 92 94
f 55 94 95
f 55 95 93
f 56 93 96
f 56 96 57
f 57 96 97
f 57 97 98
f 57 98 58
f 58 98 59
f 59 98 99
f 60 100 61
f 61 100 101
f 61 101 102
f 61 102 62
f 62 102 103
f 62 103 64
f 64 103 104
f 64 104 105
f 64 105 106
f 64 106 65
f 65 106 107
f 65 107 108
f 65 108 109
f 65 109 110
f 65 110 111
f 65 111 66
f 66 111 110
f 66 110 67
f 67 110 109
f 67 109 112
f 67 112 113
f 67 113 114
f 67 114 68
f 68 115 70
f 68 70 69
f 68 114 115
f 70 116 117
f 70 117 118
f 70 118 72
f 70 72 71
f 70 115 116
f 72 118 117
f 72 117 119
f 72 119 73
f 73 119 120
f 73 120 74
f 74 121 122
f 74 122 75
f 74 120 121
f 75 122 76
f 76 123 78
f 76 78 77
f 76 122 123
f 78 123 124
f 78 124 125
f 78 125 79
f 79 125 126
f 79 126 82
f 80 127 128
f 80 128 81
f 80 83 129
f 80 129 127
f 81 128 84
f 82 126 125
f 82 125 83
f 83 125 129
f 84 130 85
f 84 128 127
f 84 127 131
f 84 131 132
f 84 132 130
f 85 130 133
f 85 133 134
f 85 134 135
f 85 135 86
f 86 135 136
f 86 136 87
f 87 137 88
f 87 136 138
f 87 138 137
f 88 137 139
f 88 139 90
f 90 139 140
f 90 140 141
f 90 141 94
f 90 94 91
f 93 95 96
f 94 141 95
f 95 142 143
f 95 143 144
f 95 144 145
f 95 145 146
f 95 146 147
f 95 147 148
f 95 148 149
f 95 149 150
f 95 150 151
f 95 151 152
f 95 152 153
f 95 153 154
f 95 154 155
f 95 155 156
f 95 156 96
f 95 141 157
f 95 157 158
f 95 158 159
f 95 159 160
f 95 160 161
f 95 161 142
f 96 156 97
f 97 156 162
f 97 162 98
f 98 162 163
f 98 163 164
f 98 164 99
f 99 164 165
f 100 166 101
f 101 167 102
f 101 166 168
f 101 168 169
f 101 169 170
f 101 170 167
f 102 167 171
f 102 171 172
f 102 172 173
f 102 173 174
f 102 174 104
f 102 104 103
f 104 175 105
f 104 174 176
f 104 176 175
f 105 175 106
f 106 175 177
f 106 177 107
f 107 178 179
f 107 179 180
f 107 180 181
f 107 181 112
f 107 112 108
f 107 177 182
f 107 182 178
f 108 112 109
f 112 181 183
f 112 183 184
f 112 184 113
f 113 184 114
f 114 184 185
f 114 185 116
f 114 116 115
f 116 186 117
f 116 185 187
f 116 187 186
f 117 186 188
f 117 188 119
f 119 188 189
f 119 189 190
f 119 190 191
f 119 191 192
f 119 192 121
f 119 121 120
f 121 192 123
f 121 123 122
f 123 193 124
f 123 192 193
f 124 193 125
f 125 194 195
f 125 195 129
f 125 193 274
f 125 274 194
f 127 129 195
f 127 195 131
f 130 132 196
f 130 196 197
f 130 197 198
f 130 198 199
f 130 199 133
f 131 195 194
f 131 194 200
f 131 200 201
f 131 201 132
f 132 201 202
f 132 202 203
f 132 203 196
f 133 199 134
f 134 204 205
f 134 205 206
f 134 206 207
f 134 207 208
f 134 208 209
f 134 209 210
f 134 210 211
f 134 211 212
f 134 212 136
f 134 136 213
f 134 213 135
f 134 199 204
f 135 213 136
f 136 212 214
f 136 214 138
f 137 138 139
f 138 214 160
f 138 160 158
f 138 158 139
f 139 158 157
f 139 157 140
f 140 157 141
f 142 215 210
f 142 210 216
f 142 216 143
f 142 161 215
f 143 216 217
f 143 217 218
f 143 218 144
f 144 218 219
f 144 219 220
f 144 220 221
f 144 221 146
f 144 146 145
f 146 148 147
f 146 221 222
f 146 222 223
f 146 223 224
f 146 224 148
f 148 224 225
f 148 225 226
f 148 226 149
f 149 226 227
f 149 227 150
f 150 227 228
f 150 228 151
f 151 228 152
f 152 228 227
f 152 227 229
f 152 229 230
f 152 230 153
f 153 230 154
f 154 230 231
f 154 231 232
f 154 232 155
f 155 232 156
f 156 232 233
f 156 233 162
f 158 160 159
f 160 214 161
f 161 214 234
f 161 234 215
f 162 233 163
f 163 233 235
f 163 235 164
f 164 235 236
f 164 236 237
f 164 237 238
f 164 238 165
f 167 172 171
f 167 170 172
f 168 239 169
f 169 240 241
f 169 241 170
f 169 239 242
f 169 242 240
f 170 241 243
f 170 243 244
f 170 244 245
f 170 245 172
f 172 246 247
f 172 247 179
f 172 179 178
f 172 178 173
f 172 245 248
f 172 248 249
f 172 249 250
f 172 250 251
f 172 251 246
f 173 176 174
f 173 178 252
f 173 252 176
f 175 176 252
f 175 252 177
f 177 252 178
f 177 178 182
f 179 247 253
f 179 253 180
f 180 254 255
f 180 255 183
f 180 183 181
f 180 253 256
f 180 256 257
f 180 257 254
f 183 255 258
f 183 258 184
f 184 258 259
f 184 259 260
f 184 260 261
f 184 261 262
f 184 262 185
f 185 262 187
f 186 187 263
f 186 263 264
f 186 264 265
f 186 265 266
f 186 266 267
f 186 267 188
f 187 262 261
f 187 261 268
f 187 268 269
f 187 269 263
f 188 267 189
f 189 267 270
f 189 270 271
f 189 271 190
f 190 271 272
f 190 272 273
f 190 273 191
f 191 273 192
f 192 273 193
f 193 273 274
f 194 274 272
f 194 272 200
f 196 203 197
f 197 275 199
f 197 199 198
f 197 203 276
f 197 276 277
f 197 277 275
f 199 275 278
f 199 278 279
f 199 279 280
f 199 280 281
f 199 281 282
f 199 282 204
f 200 272 283
f 200 283 201
f 201 283 284
f 201 284 202
f 202 284 285
f 202 285 203
f 203 285 286
f 203 286 287
f 203 287 276
f 204 282 288
f 204 288 289
f 204 289 290
f 204 290 205
f 205 290 206
f 206 290 291
f 206 291 292
f 206 292 293
f 206 293 294
f 206 294 207
f 207 294 295
f 207 295 208
f 208 295 296
f 208 296 297
f 208 297 209
f 209 297 298
f 209 298 299
f 209 299 300
f 209 300 210
f 210 300 301
f 210 301 302
f 210 302 217
f 210 217 216
f 210 215 211
f 211 234 212
f 211 215 234
f 212 234 214
f 217 302 218
f 218 302 303
f 218 303 219
f 219 303 304
f 219 304 220
f 220 304 305
f 220 305 221
f 221 305 222
f 222 305 304
f 222 304 306
f 222 306 307
f 222 307 308
f 222 308 223
f 223 308 224
f 224 308 309
f 224 309 225
f 225 227 226
f 225 309 310
f 225 310 227
f 227 310 229
f 229 310 311
f 229 311 230
f 230 312 231
f 230 311 313
f 230 313 314
f 230 314 315
f 230 315 316
f 230 316 317
f 230 317 318
f 230 318 319
f 230 319 320
f 230 320 321
f 230 321 312
f 231 322 235
f 231 235 323
f 231 323 232
f 231 312 324
f 231 324 322
f 232 323 233
f 233 323 235
f 235 322 236
f 236 322 237
f 237 322 325
f 240 326 327
f 240 327 328
f 240 328 329
f 240 329 241
f 240 242 326
f 241 329 243
f 242 330 326
f 243 249 244
f 243 329 331
f 243 331 332
f 243 332 249
f 244 249 248
f 244 248 245
f 246 333 247
f 246 251 250
f 246 250 334
f 246 334 333
f 247 333 253
f 249 332 335
f 249 335 336
f 249 336 250
f 250 336 334
f 253 333 256
f 254 337 338
f 254 338 255
f 254 257 337
f 255 338 258
f 256 339 340
f 256 340 341
f 256 341 342
f 256 342 343
f 256 343 344
f 256 344 345
f 256 345 257
f 256 333 339
f 257 345 337
f 258 338 337
f 258 337 346
f 258 346 347
f 258 347 259
f 259 348 260
f 259 347 349
f 259 349 348
f 260 348 261
f 261 348 350
f 261 350 351
f 261 351 352
f 261 352 269
f 261 269 268
f 263 269 264
f 264 269 353
f 264 353 354
f 264 354 265
f 265 355 266
f 265 354 356
f 265 356 355
f 266 355 357
f 266 357 267
f 267 357 358
f 267 358 359
f 267 359 360
f 267 360 361
f 267 361 362
f 267 362 363
f 267 363 270
f 269 352 353
f 270 363 364
f 270 364 271
f 271 364 365
f 271 365 366
f 271 366 272
f 272 274 273
f 272 366 365
f 272 365 283
f 275 367 278
f 275 277 367
f 276 287 368
f 276 368 277
f 277 368 369
f 277 369 370
f 277 370 278
f 277 278 367
f 278 371 279
f 278 370 369
f 278 369 372
f 278 372 373
f 278 373 359
f 278 359 374
f 278 374 371
f 279 375 281
f 279 281 280
f 279 371 376
f 279 376 377
f 279 377 378
f 279 378 379
f 279 379 375
f 281 375 380
f 281 380 381
f 281 381 382
f 281 382 383
f 281 383 282
f 282 383 288
f 283 384 285
f 283 285 284
f 283 365 385
f 283 385 386
f 283 386 384
f 285 384 286
f 286 368 287
f 286 384 387
f 286 387 368
f 288 383 388
f 288 388 289
f 289 388 290
f 290 388 389
f 290 389 390
f 290 390 291
f 291 390 389
f 291 389 391
f 291 391 292
f 292 391 296
f 292 296 293
f 293 296 295
f 293 295 294
f 296 392 393
f 296 393 394
f 296 394 395
f 296 395 396
f 296 396 397
f 296 397 398
f 296 398 399
f 296 399 400
f 296 400 297
f 296 391 392
f 297 400 298
f 298 400 401
f 298 401 301
f 298 301 299
f 299 301 300
f 301 398 402
f 301 402 302
f 301 401 398
f 302 402 403
f 302 403 303
f 303 403 404
f 303 404 306
f 303 306 304
f 306 404 403
f 306 403 402
f 306 402 405
f 306 405 307
f 307 405 308
f 308 405 406
f 308 406 407
f 308 407 408
f 308 408 409
f 308 409 410
f 308 410 309
f 309 410 310
f 310 410 411
f 310 411 412
f 310 412 313
f 310 313 311
f 312 413 324
f 312 321 414
f 312 414 415
f 312 415 413
f 313 412 411
f 313 411 416
f 313 416 315
f 313 315 314
f 315 416 417
f 315 417 316
f 316 417 418
f 316 418 317
f 317 418 419
f 317 419 420
f 317 420 421
f 317 421 318
f 318 421 422
f 318 422 319
f 319 422 423
f 319 423 424
f 319 424 320
f 320 424 321
f 321 424 414
f 322 324 325
f 324 413 508
f 324 508 425
f 324 425 325
f 326 330 426
f 326 426 327
f 327 426 427
f 327 427 428
f 327 428 328
f 328 428 329
f 329 428 331
f 331 429 430
f 331 430 431
f 331 431 332
f 331 428 432
f 331 432 429
f 332 431 433
f 332 433 335
f 333 334 340
f 333 340 339
f 334 336 434
f 334 434 340
f 335 433 435
f 335 435 336
f 336 435 436
f 336 436 437
f 336 437 438
f 336 438 439
f 336 439 440
f 336 440 441
f 336 441 442
f 336 442 434
f 337 345 443
f 337 443 346
f 340 434 442
f 340 442 441
f 340 441 342
f 340 342 341
f 342 444 343
f 342 441 440
f 342 440 445
f 342 445 444
f 343 444 344
f 344 446 345
f 344 444 447
f 344 447 446
f 345 446 443
f 346 443 448
f 346 448 349
f 346 349 449
f 346 449 347
f 347 449 349
f 348 450 451
f 348 451 452
f 348 452 350
f 348 349 448
f 348 448 453
f 348 453 450
f 350 452 454
f 350 454 455
f 350 455 456
f 350 456 457
f 350 457 351
f 351 457 352
f 352 457 353
f 353 457 458
f 353 458 459
f 353 459 354
f 354 459 356
f 355 460 461
f 355 461 357
f 355 356 460
f 356 459 462
f 356 462 463
f 356 463 460
f 357 461 358
f 358 461 359
f 359 464 362
f 359 362 361
f 359 361 360
f 359 461 374
f 359 373 464
f 362 464 387
f 362 387 386
f 362 386 363
f 363 386 465
f 363 465 364
f 364 465 365
f 365 465 386
f 365 386 385
f 368 387 466
f 368 466 369
f 369 373 372
f 369 466 467
f 369 467 373
f 371 374 376
f 373 467 466
f 373 466 464
f 374 461 377
f 374 377 376
f 375 468 380
f 375 379 469
f 375 469 470
f 375 470 468
f 377 461 471
f 377 471 472
f 377 472 473
f 377 473 474
f 377 474 475
f 377 475 378
f 378 475 379
f 379 475 474
f 379 474 469
f 380 468 476
f 380 476 381
f 381 476 477
f 381 477 478
f 381 478 388
f 381 388 382
f 382 388 383
f 384 386 387
f 387 464 466
f 388 478 389
f 389 478 479
f 389 479 480
f 389 480 391
f 391 480 392
f 392 480 393
f 393 480 479
f 393 479 481
f 393 481 482
f 393 482 394
f 394 482 395
f 395 482 396
f 396 482 483
f 396 483 484
f 396 484 485
f 396 485 397
f 397 485 486
f 397 486 398
f 398 401 399
f 398 486 487
f 398 487 402
f 399 401 400
f 402 487 488
f 402 488 489
f 402 489 490
f 402 490 491
f 402 491 492
f 402 492 493
f 402 493 494
f 402 494 495
f 402 495 496
f 402 496 497
f 402 497 498
f 402 498 499
f 402 499 500
f 402 500 405
f 405 500 499
f 405 499 501
f 405 501 406
f 406 502 407
f 406 501 502
f 407 502 503
f 407 503 504
f 407 504 505
f 407 505 408
f 408 506 416
f 408 416 411
f 408 411 409
f 408 505 507
f 408 507 506
f 409 411 410
f 413 415 508
f 414 424 509
f 414 509 510
f 414 510 415
f 415 510 511
f 415 511 508
f 416 506 512
f 416 512 417
f 417 513 514
f 417 514 418
f 417 512 507
f 417 507 513
f 418 514 419
f 419 514 420
f 420 515 421
f 420 514 516
f 420 516 517
f 420 517 518
f 420 518 515
f 421 515 519
f 421 519 422
f 422 519 423
f 423 520 521
f 423 521 424
f 423 519 522
f 423 522 523
f 423 523 524
f 423 524 525
f 423 525 526
f 423 526 520
f 424 527 528
f 424 528 509
f 424 521 527
f 427 529 428
f 428 529 530
f 428 530 531
f 428 531 532
f 428 532 432
f 429 432 533
f 429 533 534
f 429 534 535
f 429 535 430
f 430 535 431
f 431 436 435
f 431 435 433
f 431 535 436
f 432 532 536
f 432 536 533
f 436 535 537
f 436 537 437
f 437 537 438
f 438 537 538
f 438 538 439
f 439 539 540
f 439 540 541
f 439 541 542
f 439 542 447
f 439 447 444
f 439 444 445
f 439 445 440
f 439 538 543
f 439 543 539
f 443 446 544
f 443 544 545
f 443 545 448
f 446 546 545
f 446 545 544
f 446 447 547
f 446 547 548
f 446 548 549
f 446 549 546
f 447 542 547
f 448 545 453
f 450 453 550
f 450 550 551
f 450 551 451
f 451 551 552
f 451 552 452
f 452 552 454
f 453 545 553
f 453 553 550
f 454 552 551
f 454 551 455
f 455 554 555
f 455 555 556
f 455 556 456
f 455 551 557
f 455 557 558
f 455 558 559
f 455 559 554
f 456 556 457
f 457 556 458
f 458 560 459
f 458 556 561
f 458 561 560
f 459 560 562
f 459 562 462
f 460 463 462
f 460 462 461
f 461 462 563
f 461 563 471
f 462 562 563
f 468 564 476
f 468 470 565
f 468 565 566
f 468 566 567
f 468 567 568
f 468 568 569
f 468 569 564
f 469 474 470
f 470 474 473
f 470 473 570
f 470 570 571
f 470 571 566
f 470 566 565
f 471 572 570
f 471 570 472
f 471 563 573
f 471 573 572
f 472 570 473
f 476 564 477
f 477 574 575
f 477 575 576
f 477 576 577
f 477 577 478
f 477 564 569
f 477 569 578
f 477 578 579
f 477 579 574
f 478 577 580
f 478 580 581
f 478 581 479
f 479 582 583
f 479 583 584
f 479 584 585
f 479 585 586
f 479 586 481
f 479 581 582
f 481 586 587
f 481 587 482
f 482 587 588
f 482 588 483
f 483 588 589
f 483 589 484
f 484 590 591
f 484 591 592
f 484 592 485
f 484 589 593
f 484 593 594
f 484 594 590
f 485 595 486
f 485 592 595
f 486 595 487
f 487 595 596
f 487 596 488
f 488 596 489
f 489 596 597
f 489 597 598
f 489 598 490
f 490 598 599
f 490 599 491
f 491 599 492
f 492 599 600
f 492 600 601
f 492 601 602
f 492 602 493
f 493 602 494
f 494 602 603
f 494 603 604
f 494 604 496
f 494 496 495
f 496 604 605
f 496 605 606
f 496 606 607
f 496 607 608
f 496 608 609
f 496 609 610
f 496 610 498
f 496 498 497
f 498 610 611
f 498 611 499
f 499 611 502
f 499 502 501
f 502 611 503
f 503 609 612
f 503 612 504
f 503 611 609
f 504 612 613
f 504 613 505
f 505 613 614
f 505 614 507
f 506 507 512
f 507 614 513
f 513 614 514
f 514 615 616
f 514 616 617
f 514 617 618
f 514 618 619
f 514 619 620
f 514 620 621
f 514 621 622
f 514 622 623
f 514 623 516
f 514 614 615
f 515 518 519
f 516 623 523
f 516 523 517
f 517 522 519
f 517 519 518
f 517 523 522
f 520 624 521
f 520 526 625
f 520 625 626
f 520 626 624
f 521 624 627
f 521 627 527
f 523 623 628
f 523 628 629
f 523 629 524
f 524 629 630
f 524 630 525
f 525 630 631
f 525 631 632
f 525 632 526
f 526 632 633
f 526 633 634
f 526 634 635
f 526 635 636
f 526 636 637
f 526 637 625
f 529 638 530
f 530 638 639
f 530 639 531
f 531 639 640
f 531 640 641
f 531 641 642
f 531 642 536
f 531 536 532
f 533 536 642
f 533 642 534
f 534 643 644
f 534 644 645
f 534 645 537
f 534 537 535
f 534 642 646
f 534 646 643
f 537 645 647
f 537 647 538
f 538 647 645
f 538 645 648
f 538 648 649
f 538 649 650
f 538 650 543
f 539 651 652
f 539 652 540
f 539 543 653
f 539 653 651
f 540 654 655
f 540 655 541
f 540 652 654
f 541 655 542
f 542 655 547
f 543 650 653
f 545 546 656
f 545 656 657
f 545 657 658
f 545 658 659
f 545 659 553
f 546 549 656
f 547 655 548
f 548 660 549
f 548 655 661
f 548 661 660
f 549 660 656
f 550 553 551
f 551 553 659
f 551 659 662
f 551 662 663
f 551 663 664
f 551 664 557
f 554 665 561
f 554 561 556
f 554 556 555
f 554 559 665
f 557 664 666
f 557 666 558
f 558 667 559
f 558 666 668
f 558 668 669
f 558 669 670
f 558 670 671
f 558 671 667
f 559 672 673
f 559 673 665
f 559 667 671
f 559 671 674
f 559 674 675
f 559 675 672
f 560 561 676
f 560 676 562
f 561 677 676
f 561 665 677
f 562 678 563
f 562 676 678
f 563 678 679
f 563 679 573
f 566 571 680
f 566 680 568
f 566 568 567
f 568 680 681
f 568 681 569
f 569 681 578
f 570 572 682
f 570 682 571
f 571 682 683
f 571 683 680
f 572 573 684
f 572 684 682
f 573 679 684
f 574 685 581
f 574 581 576
f 574 576 575
f 574 579 686
f 574 686 685
f 576 581 577
f 577 581 580
f 578 681 579
f 579 687 686
f 579 681 687
f 581 685 583
f 581 583 582
f 583 688 689
f 583 689 690
f 583 690 584
f 583 685 691
f 583 691 692
f 583 692 688
f 584 693 586
f 584 586 585
f 584 690 694
f 584 694 695
f 584 695 693
f 586 693 587
f 587 693 696
f 587 696 697
f 587 697 588
f 588 698 699
f 588 699 700
f 588 700 701
f 588 701 593
f 588 593 589
f 588 697 698
f 590 702 703
f 590 703 704
f 590 704 705
f 590 705 591
f 590 594 702
f 591 705 592
f 592 705 704
f 592 704 706
f 592 706 597
f 592 597 707
f 592 707 596
f 592 596 595
f 593 701 708
f 593 708 594
f 594 709 710
f 594 710 711
f 594 711 712
f 594 712 713
f 594 713 714
f 594 714 715
f 594 715 716
f 594 716 717
f 594 717 718
f 594 718 719
f 594 719 720
f 594 720 703
f 594 703 702
f 594 708 709
f 596 707 597
f 597 706 721
f 597 721 598
f 598 722 599
f 598 721 723
f 598 723 722
f 599 722 724
f 599 724 725
f 599 725 726
f 599 726 601
f 599 601 600
f 601 726 727
f 601 727 602
f 602 727 728
f 602 728 604
f 602 604 603
f 604 728 729
f 604 729 869
f 604 869 730
f 604 730 605
f 605 730 606
f 606 730 731
f 606 731 732
f 606 732 733
f 606 733 607
f 607 733 734
f 607 734 608
f 608 734 617
f 608 617 612
f 608 612 609
f 609 611 610
f 612 617 735
f 612 735 613
f 613 735 614
f 614 735 615
f 615 735 616
f 616 735 617
f 617 734 618
f 618 734 736
f 618 736 737
f 618 737 619
f 619 737 620
f 620 737 621
f 621 737 622
f 622 737 738
f 622 738 739
f 622 739 628
f 622 628 623
f 625 637 740
f 625 740 741
f 625 741 626
f 628 739 742
f 628 742 743
f 628 743 744
f 628 744 745
f 628 745 629
f 629 745 746
f 629 746 630
f 630 746 747
f 630 747 748
f 630 748 631
f 631 748 749
f 631 749 633
f 631 633 632
f 633 749 750
f 633 750 634
f 634 751 752
f 634 752 753
f 634 753 754
f 634 754 755
f 634 755 635
f 634 750 756
f 634 756 757
f 634 757 751
f 636 758 637
f 637 758 740
f 638 759 639
f 639 759 760
f 639 760 761
f 639 761 641
f 639 641 640
f 641 762 763
f 641 763 646
f 641 646 642
f 641 761 764
f 641 764 765
f 641 765 766
f 641 766 767
f 641 767 768
f 641 768 769
f 641 769 770
f 641 770 762
f 643 646 763
f 643 763 644
f 644 763 762
f 644 762 771
f 644 771 772
f 644 772 645
f 645 773 774
f 645 774 648
f 645 772 775
f 645 775 776
f 645 776 777
f 645 777 773
f 648 774 778
f 648 778 779
f 648 779 653
f 648 653 649
f 649 653 650
f 651 653 652
f 652 653 780
f 652 780 781
f 652 781 654
f 653 779 780
f 654 781 782
f 654 782 661
f 654 661 655
f 656 660 657
f 657 783 658
f 657 660 661
f 657 661 782
f 657 782 784
f 657 784 783
f 658 785 659
f 658 783 785
f 659 785 662
f 662 785 786
f 662 786 787
f 662 787 663
f 663 787 788
f 663 788 789
f 663 789 664
f 664 789 790
f 664 790 791
f 664 791 792
f 664 792 668
f 664 668 666
f 665 793 677
f 665 673 793
f 668 792 669
f 669 792 791
f 669 791 670
f 670 791 794
f 670 794 795
f 670 795 671
f 671 795 675
f 671 675 674
f 672 675 673
f 673 796 676
f 673 676 677
f 673 677 793
f 673 675 797
f 673 797 798
f 673 798 799
f 673 799 800
f 673 800 796
f 675 795 801
f 675 801 802
f 675 802 803
f 675 803 797
f 676 804 805
f 676 805 806
f 676 806 807
f 676 807 678
f 676 796 808
f 676 808 809
f 676 809 810
f 676 810 811
f 676 811 804
f 678 807 679
f 679 812 684
f 679 807 812
f 680 683 813
f 680 813 814
f 680 814 681
f 681 815 687
f 681 814 816
f 681 816 815
f 682 684 812
f 682 812 817
f 682 817 818
f 682 818 683
f 683 818 819
f 683 819 813
f 685 686 820
f 685 820 821
f 685 821 822
f 685 822 692
f 685 692 691
f 686 687 820
f 687 815 823
f 687 823 824
f 687 824 825
f 687 825 826
f 687 826 820
f 688 692 689
f 689 827 690
f 689 692 827
f 690 827 694
f 692 822 821
f 692 821 828
f 692 828 827
f 693 695 829
f 693 829 696
f 694 829 695
f 694 827 830
f 694 830 829
f 696 829 831
f 696 831 832
f 696 832 697
f 697 832 698
f 698 832 833
f 698 833 834
f 698 834 699
f 699 834 835
f 699 835 700
f 700 835 836
f 700 836 701
f 701 836 710
f 701 710 709
f 701 709 708
f 703 837 838
f 703 838 839
f 703 839 704
f 703 720 837
f 704 839 840
f 704 840 841
f 704 841 706
f 706 841 721
f 710 836 842
f 710 842 711
f 711 843 712
f 711 842 844
f 711 844 845
f 711 845 846
f 711 846 847
f 711 847 843
f 712 843 848
f 712 848 713
f 713 848 849
f 713 849 850
f 713 850 851
f 713 851 852
f 713 852 853
f 713 853 714
f 714 853 715
f 715 853 855
f 715 855 716
f 716 854 717
f 716 855 856
f 716 856 857
f 716 857 854
f 717 854 718
f 718 854 858
f 718 858 859
f 718 859 860
f 718 860 861
f 718 861 719
f 719 861 862
f 719 862 838
f 719 838 720
f 720 838 837
f 721 841 840
f 721 840 839
f 721 839 863
f 721 863 723
f 722 723 724
f 723 864 724
f 723 863 839
f 723 839 838
f 723 838 862
f 723 862 861
f 723 861 864
f 724 864 865
f 724 865 725
f 725 865 866
f 725 866 867
f 725 867 727
f 725 727 726
f 727 867 728
f 728 867 866
f 728 866 729
f 729 866 868
f 729 868 869
f 730 869 731
f 731 869 870
f 731 870 732
f 732 871 872
f 732 872 873
f 732 873 733
f 732 870 871
f 733 873 874
f 733 874 734
f 734 874 875
f 734 875 876
f 734 876 736
f 736 876 877
f 736 877 738
f 736 738 737
f 738 877 739
f 739 877 878
f 739 878 742
f 742 878 743
f 743 879 880
f 743 880 881
f 743 881 882
f 743 882 883
f 743 883 884
f 743 884 885
f 743 885 886
f 743 886 887
f 743 887 888
f 743 888 745
f 743 745 744
f 743 878 879
f 745 888 887
f 745 887 889
f 745 889 890
f 745 890 891
f 745 891 747
f 745 747 746
f 747 892 893
f 747 893 748
f 747 891 892
f 748 893 894
f 748 894 895
f 748 895 749
f 749 895 750
f 750 895 756
f 756 895 896
f 756 896 897
f 756 897 898
f 756 898 899
f 756 899 900
f 756 900 901
f 756 901 902
f 756 902 757
f 757 902 903
f 760 904 764
f 760 764 761
f 762 770 905
f 762 905 918
f 762 918 906
f 762 906 907
f 762 907 771
f 764 904 908
f 764 908 765
f 765 908 909
f 765 909 910
f 765 910 766
f 766 768 767
f 766 910 911
f 766 911 912
f 766 912 768
f 768 913 769
f 768 912 914
f 768 914 915
f 768 915 913
f 769 913 770
f 770 913 916
f 770 916 917
f 770 917 918
f 770 918 905
f 771 907 772
f 772 907 775
f 773 777 774
f 774 919 778
f 774 777 919
f 775 907 920
f 775 920 776
f 776 917 921
f 776 921 922
f 776 922 777
f 776 920 917
f 777 922 923
f 777 923 924
f 777 924 919
f 778 919 924
f 778 924 779
f 779 924 925
f 779 925 926
f 779 926 927
f 779 927 928
f 779 928 929
f 779 929 930
f 779 930 931
f 779 931 932
f 779 932 933
f 779 933 934
f 779 934 935
f 779 935 936
f 779 936 780
f 780 936 937
f 780 937 938
f 780 938 781
f 781 939 782
f 781 938 939
f 782 939 784
f 783 784 785
f 784 939 937
f 784 937 936
f 784 936 940
f 784 940 941
f 784 941 942
f 784 942 786
f 784 786 943
f 784 943 785
f 785 943 786
f 786 944 945
f 786 945 946
f 786 946 787
f 786 942 944
f 787 946 788
f 788 946 790
f 788 790 789
f 790 794 791
f 790 946 945
f 790 945 947
f 790 947 794
f 794 947 948
f 794 948 795
f 795 948 801
f 796 800 949
f 796 949 950
f 796 950 808
f 797 803 798
f 798 951 952
f 798 952 949
f 798 949 953
f 798 953 800
f 798 800 799
f 798 803 951
f 800 953 949
f 801 948 954
f 801 954 955
f 801 955 951
f 801 951 802
f 802 951 803
f 804 811 805
f 805 811 806
f 806 811 956
f 806 956 807
f 807 956 957
f 807 957 958
f 807 958 959
f 807 959 812
f 808 950 960
f 808 960 961
f 808 961 809
f 809 961 962
f 809 962 811
f 809 811 810
f 811 962 957
f 811 957 956
f 812 959 818
f 812 818 817
f 813 963 814
f 813 819 964
f 813 964 963
f 814 963 816
f 815 816 965
f 815 965 966
f 815 966 823
f 816 963 965
f 818 967 819
f 818 959 967
f 819 967 968
f 819 968 969
f 819 969 970
f 819 970 964
f 820 826 971
f 820 971 972
f 820 972 973
f 820 973 821
f 821 973 974
f 821 974 828
f 823 966 975
f 823 975 824
f 824 975 825
f 825 976 826
f 825 975 977
f 825 977 976
f 826 976 978
f 826 978 971
f 827 828 979
f 827 979 980
f 827 980 981
f 827 981 982
f 827 982 830
f 828 983 984
f 828 984 985
f 828 985 979
f 828 974 983
f 829 830 833
f 829 833 831
f 830 982 834
f 830 834 833
f 831 833 832
f 834 982 986
f 834 986 835
f 835 986 842
f 835 842 836
f 842 986 987
f 842 987 844
f 843 988 989
f 843 989 848
f 843 847 990
f 843 990 988
f 844 987 991
f 844 991 845
f 845 992 993
f 845 993 846
f 845 991 992
f 846 993 992
f 846 992 994
f 846 994 995
f 846 995 996
f 846 996 997
f 846 997 847
f 847 997 998
f 847 998 999
f 847 999 990
f 848 989 849
f 849 988 1000
f 849 1000 850
f 849 989 988
f 850 1001 851
f 850 1000 1002
f 850 1002 1001
f 851 1001 1003
f 851 1003 852
f 852 1004 853
f 852 1003 1004
f 853 1004 856
f 853 856 855
f 854 857 1005
f 854 1005 858
f 856 1006 1007
f 856 1007 1005
f 856 1005 857
f 856 1004 1006
f 858 1008 1009
f 858 1009 859
f 858 1005 1008
f 859 1009 860
f 860 1010 1011
f 860 1011 1012
f 860 1012 861
f 860 1009 1013
f 860 1013 1010
f 861 1012 864
f 864 1012 1014
f 864 1014 865
f 865 1014 866
f 866 1014 1015
f 866 1015 1010
f 866 1010 1016
f 866 1016 1017
f 866 1017 869
f 866 869 868
f 869 1017 1018
f 869 1018 870
f 870 1018 871
f 871 1018 1019
f 871 1019 1020
f 871 1020 1021
f 871 1021 872
f 872 1021 1022
f 872 1022 1023
f 872 1023 874
f 872 874 873
f 874 1023 880
f 874 880 875
f 875 880 1024
f 875 1024 878
f 875 878 876
f 876 878 877
f 878 1024 880
f 878 880 879
f 880 1023 1022
f 880 1022 882
f 880 882 881
f 882 1022 1021
f 882 1021 1020
f 882 1020 1025
f 882 1025 1026
f 882 1026 1027
f 882 1027 1028
f 882 1028 1029
f 882 1029 1030
f 882 1030 883
f 883 1030 885
f 883 885 884
f 885 1031 886
f 885 1030 1031
f 886 1031 1032
f 886 1032 1033
f 886 1033 1034
f 886 1034 887
f 887 1034 889
f 889 1034 890
f 890 892 891
f 890 1034 1035
f 890 1035 1036
f 890 1036 1037
f 890 1037 1038
f 890 1038 892
f 892 1038 1039
f 892 1039 1040
f 892 1040 893
f 893 1040 896
f 893 896 894
f 894 896 895
f 896 1040 1041
f 896 1041 897
f 897 1042 1043
f 897 1043 1044
f 897 1044 1045
f 897 1045 898
f 897 1041 1039
f 897 1039 1042
f 898 1045 1046
f 898 1046 899
f 899 1046 1047
f 899 1047 901
f 899 901 900
f 901 1047 1048
f 901 1048 1049
f 901 1049 902
f 902 1049 903
f 906 918 907
f 907 918 917
f 907 917 920
f 911 1050 914
f 911 914 912
f 913 915 1051
f 913 1051 1052
f 913 1052 1053
f 913 1053 916
f 914 1051 915
f 914 1050 1054
f 914 1054 1055
f 914 1055 1056
f 914 1056 1057
f 914 1057 1051
f 916 1053 917
f 917 1053 921
f 921 1053 1058
f 921 1058 922
f 922 1059 923
f 922 1058 1060
f 922 1060 1061
f 922 1061 1059
f 923 1059 1062
f 923 1062 1063
f 923 1063 1064
f 923 1064 924
f 924 1064 927
f 924 927 925
f 925 927 926
f 927 1064 928
f 928 1064 1063
f 928 1063 1065
f 928 1065 929
f 929 1065 1066
f 929 1066 930
f 930 1067 1068
f 930 1068 931
f 930 1066 1069
f 930 1069 1067
f 931 1068 1070
f 931 1070 932
f 932 1070 933
f 933 1071 1072
f 933 1072 934
f 933 1070 1073
f 933 1073 1074
f 933 1074 1075
f 933 1075 1071
f 934 1072 1076
f 934 1076 1077
f 934 1077 1078
f 934 1078 940
f 934 940 935
f 935 940 936
f 937 939 938
f 940 1078 941
f 941 1078 942
f 942 1079 945
f 942 945 944
f 942 1078 1077
f 942 1077 1080
f 942 1080 1081
f 942 1081 1079
f 945 1079 1081
f 945 1081 1082
f 945 1082 947
f 947 1082 1083
f 947 1083 948
f 948 1083 954
f 949 960 950
f 949 952 1073
f 949 1073 1084
f 949 1084 960
f 951 955 1085
f 951 1085 1086
f 951 1086 1087
f 951 1087 1073
f 951 1073 952
f 954 1083 1075
f 954 1075 1088
f 954 1088 1089
f 954 1089 955
f 955 1089 1085
f 957 962 1090
f 957 1090 1091
f 957 1091 1092
f 957 1092 958
f 958 1092 1093
f 958 1093 1094
f 958 1094 959
f 959 1094 1095
f 959 1095 1096
f 959 1096 968
f 959 968 967
f 960 962 961
f 960 1084 1073
f 960 1073 962
f 962 1073 1090
f 963 964 1097
f 963 1097 965
f 964 970 1097
f 965 1097 966
f 966 1097 1098
f 966 1098 975
f 968 1096 1099
f 968 1099 1100
f 968 1100 1101
f 968 1101 969
f 969 1102 970
f 969 1101 1102
f 970 1102 1103
f 970 1103 1104
f 970 1104 1097
f 971 978 1105
f 971 1105 1106
f 971 1106 1107
f 971 1107 972
f 972 1107 973
f 973 1107 974
f 974 1107 1108
f 974 1108 1109
f 974 1109 983
f 975 1098 977
f 976 977 1110
f 976 1110 1111
f 976 1111 1112
f 976 1112 978
f 977 1111 1110
f 977 1098 1113
f 977 1113 1111
f 978 1114 1105
f 978 1112 1111
f 978 1111 1115
f 978 1115 1116
f 978 1116 1117
f 978 1117 1114
f 979 985 1118
f 979 1118 1119
f 979 1119 1120
f 979 1120 1121
f 979 1121 1122
f 979 1122 1123
f 979 1123 1124
f 979 1124 1125
f 979 1125 980
f 980 1125 1126
f 980 1126 981
f 981 1127 982
f 981 1126 1127
f 982 1127 1126
f 982 1126 1128
f 982 1128 1129
f 982 1129 1130
f 982 1130 1131
f 982 1131 1132
f 982 1132 1133
f 982 1133 1134
f 982 1134 996
f 982 996 1135
f 982 1135 992
f 982 992 1136
f 982 1136 991
f 982 991 986
f 983 1137 1138
f 983 1138 1118
f 983 1118 984
f 983 1109 1137
f 984 1118 985
f 986 991 987
f 988 990 999
f 988 999 1139
f 988 1139 1140
f 988 1140 1000
f 991 1136 992
f 992 1135 994
f 994 1135 995
f 995 1135 996
f 996 1141 1142
f 996 1142 1143
f 996 1143 1144
f 996 1144 1145
f 996 1145 1146
f 996 1146 998
f 996 998 997
f 996 1134 1133
f 996 1133 1141
f 998 1146 1145
f 998 1145 999
f 999 1147 1148
f 999 1148 1149
f 999 1149 1150
f 999 1150 1002
f 999 1002 1139
f 999 1145 1147
f 1000 1140 1002
f 1001 1151 1003
f 1001 1002 1151
f 1002 1150 1149
f 1002 1149 1152
f 1002 1152 1153
f 1002 1153 1154
f 1002 1154 1155
f 1002 1155 1156
f 1002 1156 1151
f 1002 1140 1139
f 1003 1157 1004
f 1003 1151 1157
f 1004 1158 1006
f 1004 1157 1159
f 1004 1159 1158
f 1005 1007 1008
f 1006 1158 1160
f 1006 1160 1007
f 1007 1160 1161
f 1007 1161 1162
f 1007 1162 1163
f 1007 1163 1019
f 1007 1019 1164
f 1007 1164 1008
f 1008 1164 1165
f 1008 1165 1009
f 1009 1165 1018
f 1009 1018 1013
f 1010 1015 1014
f 1010 1014 1011
f 1010 1013 1166
f 1010 1166 1016
f 1011 1014 1012
f 1013 1018 1166
f 1016 1166 1018
f 1016 1018 1017
f 1018 1165 1164
f 1018 1164 1019
f 1019 1163 1020
f 1020 1163 1026
f 1020 1026 1025
f 1026 1163 1167
f 1026 1167 1168
f 1026 1168 1027
f 1027 1168 1169
f 1027 1169 1028
f 1028 1169 1170
f 1028 1170 1171
f 1028 1171 1029
f 1029 1171 1172
f 1029 1172 1173
f 1029 1173 1030
f 1030 1173 1031
f 1031 1173 1174
f 1031 1174 1032
f 1032 1175 1034
f 1032 1034 1033
f 1032 1174 1176
f 1032 1176 1177
f 1032 1177 1175
f 1034 1175 1036
f 1034 1036 1035
f 1036 1175 1177
f 1036 1177 1178
f 1036 1178 1037
f 1037 1178 1179
f 1037 1179 1038
f 1038 1179 1180
f 1038 1180 1042
f 1038 1042 1039
f 1039 1041 1040
f 1042 1181 1182
f 1042 1182 1183
f 1042 1183 1184
f 1042 1184 1185
f 1042 1185 1186
f 1042 1186 1187
f 1042 1187 1043
f 1042 1180 1181
f 1043 1188 1189
f 1043 1189 1044
f 1043 1187 1190
f 1043 1190 1191
f 1043 1191 1192
f 1043 1192 1193
f 1043 1193 1194
f 1043 1194 1195
f 1043 1195 1188
f 1044 1189 1196
f 1044 1196 1045
f 1045 1196 1046
f 1046 1196 1047
f 1047 1196 1197
f 1047 1197 1198
f 1051 1199 1052
f 1051 1057 1200
f 1051 1200 1199
f 1052 1199 1053
f 1053 1199 1201
f 1053 1201 1058
f 1055 1202 1056
f 1056 1202 1203
f 1056 1203 1204
f 1056 1204 1205
f 1056 1205 1057
f 1057 1205 1206
f 1057 1206 1207
f 1057 1207 1200
f 1058 1201 1060
f 1059 1061 1062
f 1060 1201 1208
f 1060 1208 1209
f 1060 1209 1061
f 1061 1209 1210
f 1061 1210 1062
f 1062 1210 1211
f 1062 1211 1212
f 1062 1212 1213
f 1062 1213 1066
f 1062 1066 1063
f 1063 1066 1065
f 1066 1213 1069
f 1067 1214 1068
f 1067 1069 1215
f 1067 1215 1216
f 1067 1216 1214
f 1068 1214 1070
f 1069 1213 1217
f 1069 1217 1215
f 1070 1214 1218
f 1070 1218 1073
f 1071 1075 1219
f 1071 1219 1077
f 1071 1077 1076
f 1071 1076 1072
f 1073 1220 1221
f 1073 1221 1091
f 1073 1091 1090
f 1073 1087 1222
f 1073 1222 1223
f 1073 1223 1074
f 1073 1218 1224
f 1073 1224 1225
f 1073 1225 1226
f 1073 1226 1220
f 1074 1223 1075
f 1075 1223 1222
f 1075 1222 1089
f 1075 1089 1088
f 1075 1083 1227
f 1075 1227 1228
f 1075 1228 1081
f 1075 1081 1219
f 1077 1219 1081
f 1077 1081 1080
f 1081 1228 1082
f 1082 1228 1227
f 1082 1227 1083
f 1085 1089 1222
f 1085 1222 1086
f 1086 1222 1087
f 1091 1221 1092
f 1092 1221 1229
f 1092 1229 1230
f 1092 1230 1231
f 1092 1231 1093
f 1093 1232 1233
f 1093 1233 1234
f 1093 1234 1235
f 1093 1235 1236
f 1093 1236 1094
f 1093 1231 1230
f 1093 1230 1237
f 1093 1237 1238
f 1093 1238 1239
f 1093 1239 1232
f 1094 1096 1095
f 1094 1236 1096
f 1096 1236 1235
f 1096 1235 1240
f 1096 1240 1099
f 1097 1241 1098
f 1097 1104 1242
f 1097 1242 1241
f 1098 1241 1242
f 1098 1242 1243
f 1098 1243 1113
f 1099 1240 1100
f 1100 1244 1102
f 1100 1102 1101
f 1100 1240 1244
f 1102 1244 1103
f 1103 1244 1245
f 1103 1245 1246
f 1103 1246 1247
f 1103 1247 1242
f 1103 1242 1104
f 1105 1114 1248
f 1105 1248 1249
f 1105 1249 1250
f 1105 1250 1106
f 1106 1250 1251
f 1106 1251 1107
f 1107 1252 1253
f 1107 1253 1108
f 1107 1251 1252
f 1108 1254 1255
f 1108 1255 1137
f 1108 1137 1109
f 1108 1253 1254
f 1111 1113 1115
f 1113 1243 1116
f 1113 1116 1115
f 1114 1117 1248
f 1116 1243 1256
f 1116 1256 1257
f 1116 1257 1258
f 1116 1258 1117
f 1117 1258 1259
f 1117 1259 1260
f 1117 1260 1261
f 1117 1261 1248
f 1118 1138 1119
f 1119 1138 1120
f 1120 1262 1122
f 1120 1122 1121
f 1120 1138 1263
f 1120 1263 1262
f 1122 1262 1264
f 1122 1264 1265
f 1122 1265 1266
f 1122 1266 1267
f 1122 1267 1268
f 1122 1268 1123
f 1123 1268 1125
f 1123 1125 1124
f 1125 1269 1270
f 1125 1270 1271
f 1125 1271 1272
f 1125 1272 1273
f 1125 1273 1126
f 1125 1268 1274
f 1125 1274 1269
f 1126 1273 1275
f 1126 1275 1128
f 1128 1275 1276
f 1128 1276 1271
f 1128 1271 1277
f 1128 1277 1278
f 1128 1278 1279
f 1128 1279 1280
f 1128 1280 1281
f 1128 1281 1282
f 1128 1282 1283
f 1128 1283 1129
f 1129 1283 1130
f 1130 1283 1284
f 1130 1284 1132
f 1130 1132 1131
f 1132 1284 1285
f 1132 1285 1133
f 1133 1285 1286
f 1133 1286 1141
f 1137 1287 1263
f 1137 1263 1138
f 1137 1255 1288
f 1137 1288 1289
f 1137 1289 1287
f 1141 1286 1142
f 1142 1290 1291
f 1142 1291 1292
f 1142 1292 1293
f 1142 1293 1294
f 1142 1294 1143
f 1142 1286 1290
f 1143 1294 1144
f 1144 1294 1145
f 1145 1294 1295
f 1145 1295 1147
f 1147 1295 1296
f 1147 1296 1297
f 1147 1297 1148
f 1148 1297 1298
f 1148 1298 1299
f 1148 1299 1300
f 1148 1300 1301
f 1148 1301 1149
f 1149 1301 1302
f 1149 1302 1303
f 1149 1303 1304
f 1149 1304 1305
f 1149 1305 1152
f 1151 1156 1306
f 1151 1306 1157
f 1152 1305 1304
f 1152 1304 1153
f 1153 1307 1308
f 1153 1308 1154
f 1153 1304 1309
f 1153 1309 1310
f 1153 1310 1311
f 1153 1311 1312
f 1153 1312 1313
f 1153 1313 1307
f 1154 1307 1155
f 1154 1308 1307
f 1155 1307 1314
f 1155 1314 1156
f 1156 1314 1306
f 1157 1315 1316
f 1157 1316 1160
f 1157 1160 1159
f 1157 1306 1317
f 1157 1317 1318
f 1157 1318 1319
f 1157 1319 1315
f 1158 1159 1160
f 1160 1162 1161
f 1160 1316 1162
f 1162 1316 1320
f 1162 1320 1167
f 1162 1167 1163
f 1167 1320 1168
f 1168 1320 1169
f 1169 1320 1170
f 1170 1172 1171
f 1170 1320 1321
f 1170 1321 1322
f 1170 1322 1172
f 1172 1322 1323
f 1172 1323 1176
f 1172 1176 1173
f 1173 1176 1174
f 1176 1323 1177
f 1177 1323 1324
f 1177 1324 1178
f 1178 1324 1325
f 1178 1325 1179
f 1179 1325 1180
f 1180 1325 1326
f 1180 1326 1327
f 1180 1327 1328
f 1180 1328 1182
f 1180 1182 1181
f 1182 1329 1330
f 1182 1330 1331
f 1182 1331 1332
f 1182 1332 1184
f 1182 1184 1183
f 1182 1328 1333
f 1182 1333 1314
f 1182 1314 1329
f 1184 1332 1334
f 1184 1334 1186
f 1184 1186 1185
f 1186 1190 1187
f 1186 1334 1335
f 1186 1335 1336
f 1186 1336 1337
f 1186 1337 1191
f 1186 1191 1190
f 1188 1338 1339
f 1188 1339 1340
f 1188 1340 1189
f 1188 1195 1341
f 1188 1341 1338
f 1189 1340 1196
f 1191 1342 1343
f 1191 1343 1344
f 1191 1344 1345
f 1191 1345 1346
f 1191 1346 1192
f 1191 1337 1342
f 1192 1346 1193
f 1193 1346 1347
f 1193 1347 1194
f 1194 1348 1341
f 1194 1341 1195
f 1194 1347 1349
f 1194 1349 1350
f 1194 1350 1348
f 1196 1340 1197
f 1197 1340 1351
f 1197 1351 1198
f 1199 1200 1352
f 1199 1352 1353
f 1199 1353 1201
f 1200 1207 1353
f 1200 1353 1352
f 1201 1353 1354
f 1201 1354 1208
f 1204 1355 1205
f 1205 1355 1356
f 1205 1356 1206
f 1206 1356 1357
f 1206 1357 1354
f 1206 1354 1353
f 1206 1353 1207
f 1208 1354 1358
f 1208 1358 1359
f 1208 1359 1209
f 1209 1359 1360
f 1209 1360 1210
f 1210 1360 1211
f 1211 1361 1212
f 1211 1360 1362
f 1211 1362 1363
f 1211 1363 1361
f 1212 1361 1364
f 1212 1364 1217
f 1212 1217 1213
f 1214 1365 1366
f 1214 1366 1218
f 1214 1216 1367
f 1214 1367 1368
f 1214 1368 1365
f 1215 1217 1369
f 1215 1369 1216
f 1216 1369 1370
f 1216 1370 1371
f 1216 1371 1372
f 1216 1372 1373
f 1216 1373 1374
f 1216 1374 1367
f 1217 1364 1375
f 1217 1375 1370
f 1217 1370 1369
f 1218 1366 1224
f 1220 1376 1377
f 1220 1377 1230
f 1220 1230 1229
f 1220 1229 1221
f 1220 1226 1376
f 1224 1366 1378
f 1224 1378 1225
f 1225 1379 1226
f 1225 1378 1380
f 1225 1380 1381
f 1225 1381 1379
f 1226 1379 1382
f 1226 1382 1376
f 1230 1377 1383
f 1230 1383 1237
f 1232 1234 1384
f 1232 1384 1233
f 1232 1239 1385
f 1232 1385 1234
f 1233 1384 1234
f 1234 1386 1246
f 1234 1246 1240
f 1234 1240 1235
f 1234 1385 1386
f 1237 1383 1239
f 1237 1239 1238
f 1239 1383 1387
f 1239 1387 1388
f 1239 1388 1389
f 1239 1389 1385
f 1240 1246 1390
f 1240 1390 1244
f 1242 1247 1256
f 1242 1256 1243
f 1244 1390 1245
f 1245 1390 1246
f 1246 1386 1391
f 1246 1391 1392
f 1246 1392 1247
f 1247 1392 1256
f 1248 1393 1394
f 1248 1394 1249
f 1248 1261 1395
f 1248 1395 1393
f 1249 1394 1396
f 1249 1396 1397
f 1249 1397 1398
f 1249 1398 1399
f 1249 1399 1251
f 1249 1251 1250
f 1251 1399 1252
f 1252 1400 1253
f 1252 1399 1400
f 1253 1400 1401
f 1253 1401 1254
f 1254 1401 1400
f 1254 1400 1255
f 1255 1400 1288
f 1256 1392 1257
f 1257 1402 1403
f 1257 1403 1404
f 1257 1404 1259
f 1257 1259 1258
f 1257 1392 1405
f 1257 1405 1402
f 1259 1404 1403
f 1259 1403 1406
f 1259 1406 1407
f 1259 1407 1408
f 1259 1408 1409
f 1259 1409 1260
f 1260 1409 1261
f 1261 1409 1395
f 1262 1263 1410
f 1262 1410 1264
f 1263 1287 1410
f 1264 1410 1287
f 1264 1287 1411
f 1264 1411 1412
f 1264 1412 1265
f 1265 1412 1413
f 1265 1413 1267
f 1265 1267 1266
f 1267 1414 1415
f 1267 1415 1268
f 1267 1413 1414
f 1268 1415 1274
f 1269 1416 1270
f 1269 1274 1416
f 1270 1416 1417
f 1270 1417 1418
f 1270 1418 1419
f 1270 1419 1420
f 1270 1420 1271
f 1271 1276 1272
f 1271 1420 1421
f 1271 1421 1422
f 1271 1422 1277
f 1272 1276 1273
f 1273 1276 1275
f 1274 1415 1423
f 1274 1423 1424
f 1274 1424 1425
f 1274 1425 1417
f 1274 1417 1416
f 1277 1422 1426
f 1277 1426 1427
f 1277 1427 1428
f 1277 1428 1429
f 1277 1429 1279
f 1277 1279 1278
f 1279 1429 1430
f 1279 1430 1280
f 1280 1430 1431
f 1280 1431 1281
f 1281 1432 1433
f 1281 1433 1282
f 1281 1431 1434
f 1281 1434 1435
f 1281 1435 1432
f 1282 1433 1285
f 1282 1285 1283
f 1283 1285 1284
f 1285 1433 1436
f 1285 1436 1286
f 1286 1436 1432
f 1286 1432 1435
f 1286 1435 1434
f 1286 1434 1431
f 1286 1431 1437
f 1286 1437 1438
f 1286 1438 1439
f 1286 1439 1290
f 1287 1289 1411
f 1288 1440 1289
f 1288 1400 1440
f 1289 1440 1441
f 1289 1441 1442
f 1289 1442 1443
f 1289 1443 1412
f 1289 1412 1411
f 1290 1439 1291
f 1291 1439 1292
f 1292 1444 1445
f 1292 1445 1446
f 1292 1446 1294
f 1292 1294 1293
f 1292 1439 1447
f 1292 1447 1448
f 1292 1448 1449
f 1292 1449 1450
f 1292 1450 1444
f 1294 1446 1444
f 1294 1444 1295
f 1295 1444 1296
f 1296 1444 1297
f 1297 1451 1298
f 1297 1444 1451
f 1298 1451 1299
f 1299 1451 1452
f 1299 1452 1453
f 1299 1453 1454
f 1299 1454 1455
f 1299 1455 1456
f 1299 1456 1300
f 1300 1302 1301
f 1300 1456 1457
f 1300 1457 1302
f 1302 1457 1303
f 1303 1457 1309
f 1303 1309 1304
f 1306 1314 1318
f 1306 1318 1317
f 1307 1329 1314
f 1307 1313 1330
f 1307 1330 1329
f 1309 1457 1310
f 1310 1457 1458
f 1310 1458 1459
f 1310 1459 1460
f 1310 1460 1311
f 1311 1460 1312
f 1312 1460 1461
f 1312 1461 1462
f 1312 1462 1313
f 1313 1462 1463
f 1313 1463 1464
f 1313 1464 1330
f 1314 1333 1327
f 1314 1327 1318
f 1315 1320 1316
f 1315 1319 1321
f 1315 1321 1320
f 1318 1327 1465
f 1318 1465 1466
f 1318 1466 1319
f 1319 1466 1321
f 1321 1466 1322
f 1322 1466 1323
f 1323 1466 1467
f 1323 1467 1324
f 1324 1467 1465
f 1324 1465 1326
f 1324 1326 1325
f 1326 1465 1327
f 1327 1333 1328
f 1330 1464 1463
f 1330 1463 1335
f 1330 1335 1468
f 1330 1468 1331
f 1331 1468 1334
f 1331 1334 1332
f 1334 1468 1335
f 1335 1469 1336
f 1335 1463 1469
f 1336 1469 1470
f 1336 1470 1337
f 1337 1470 1471
f 1337 1471 1472
f 1337 1472 1473
f 1337 1473 1342
f 1338 1341 1474
f 1339 1351 1340
f 1341 1348 1475
f 1341 1475 1476
f 1341 1476 1477
f 1341 1477 1478
f 1341 1478 1474
f 1342 1479 1480
f 1342 1480 1343
f 1342 1473 1481
f 1342 1481 1482
f 1342 1482 1479
f 1343 1480 1483
f 1343 1483 1484
f 1343 1484 1485
f 1343 1485 1344
f 1344 1349 1345
f 1344 1485 1486
f 1344 1486 1487
f 1344 1487 1349
f 1345 1349 1346
f 1346 1349 1347
f 1348 1350 1475
f 1349 1488 1350
f 1349 1487 1489
f 1349 1489 1490
f 1349 1490 1488
f 1350 1488 1491
f 1350 1491 1492
f 1350 1492 1493
f 1350 1493 1494
f 1350 1494 1475
f 1354 1357 1495
f 1354 1495 1496
f 1354 1496 1358
f 1355 1497 1356
f 1356 1497 1498
f 1356 1498 1499
f 1356 1499 1500
f 1356 1500 1501
f 1356 1501 1357
f 1357 1501 1502
f 1357 1502 1503
f 1357 1503 1504
f 1357 1504 1505
f 1357 1505 1506
f 1357 1506 1495
f 1358 1507 1508
f 1358 1508 1359
f 1358 1496 1509
f 1358 1509 1507
f 1359 1508 1510
f 1359 1510 1360
f 1360 1510 1511
f 1360 1511 1512
f 1360 1512 1362
f 1361 1363 1364
f 1362 1512 1363
f 1363 1513 1514
f 1363 1514 1515
f 1363 1515 1364
f 1363 1512 1516
f 1363 1516 1517
f 1363 1517 1518
f 1363 1518 1513
f 1364 1519 1375
f 1364 1515 1519
f 1365 1380 1378
f 1365 1378 1366
f 1365 1368 1520
f 1365 1520 1521
f 1365 1521 1380
f 1367 1374 1522
f 1367 1522 1523
f 1367 1523 1524
f 1367 1524 1520
f 1367 1520 1368
f 1370 1375 1372
f 1370 1372 1371
f 1372 1525 1373
f 1372 1375 1519
f 1372 1519 1515
f 1372 1515 1526
f 1372 1526 1525
f 1373 1525 1527
f 1373 1527 1528
f 1373 1528 1529
f 1373 1529 1530
f 1373 1530 1522
f 1373 1522 1531
f 1373 1531 1374
f 1374 1531 1522
f 1376 1532 1377
f 1376 1382 1532
f 1377 1387 1383
f 1377 1532 1382
f 1377 1382 1387
f 1379 1533 1534
f 1379 1534 1535
f 1379 1535 1382
f 1379 1381 1533
f 1380 1536 1533
f 1380 1533 1381
f 1380 1521 1537
f 1380 1537 1536
f 1382 1535 1538
f 1382 1538 1387
f 1385 1389 1539
f 1385 1539 1540
f 1385 1540 1386
f 1386 1541 1391
f 1386 1540 1541
f 1387 1542 1543
f 1387 1543 1388
f 1387 1538 1542
f 1388 1543 1544
f 1388 1544 1389
f 1389 1545 1539
f 1389 1544 1546
f 1389 1546 1547
f 1389 1547 1545
f 1391 1405 1392
f 1391 1541 1540
f 1391 1540 1548
f 1391 1548 1405
f 1393 1549 1394
f 1393 1395 1550
f 1393 1550 1549
f 1394 1549 1396
f 1395 1409 1408
f 1395 1408 1551
f 1395 1551 1550
f 1396 1549 1552
f 1396 1552 1553
f 1396 1553 1400
f 1396 1400 1397
f 1397 1400 1399
f 1397 1399 1398
f 1400 1554 1555
f 1400 1555 1556
f 1400 1556 1440
f 1400 1553 1554
f 1402 1405 1403
f 1403 1405 1557
f 1403 1557 1558
f 1403 1558 1559
f 1403 1559 1560
f 1403 1560 1561
f 1403 1561 1562
f 1403 1562 1406
f 1405 1548 1563
f 1405 1563 1564
f 1405 1564 1559
f 1405 1559 1557
f 1406 1562 1565
f 1406 1565 1566
f 1406 1566 1567
f 1406 1567 1568
f 1406 1568 1407
f 1407 1568 1551
f 1407 1551 1408
f 1412 1443 1569
f 1412 1569 1415
f 1412 1415 1414
f 1412 1414 1413
f 1415 1569 1423
f 1417 1425 1418
f 1418 1425 1570
f 1418 1570 1571
f 1418 1571 1572
f 1418 1572 1573
f 1418 1573 1574
f 1418 1574 1575
f 1418 1575 1576
f 1418 1576 1577
f 1418 1577 1426
f 1418 1426 1420
f 1418 1420 1419
f 1420 1426 1421
f 1421 1426 1422
f 1423 1578 1579
f 1423 1579 1424
f 1423 1569 1443
f 1423 1443 1578
f 1424 1579 1425
f 1425 1580 1570
f 1425 1579 1580
f 1426 1577 1427
f 1427 1575 1581
f 1427 1581 1582
f 1427 1582 1428
f 1427 1577 1575
f 1428 1583 1429
f 1428 1582 1584
f 1428 1584 1585
f 1428 1585 1586
f 1428 1586 1587
f 1428 1587 1588
f 1428 1588 1589
f 1428 1589 1583
f 1429 1583 1430
f 1430 1583 1590
f 1430 1590 1431
f 1431 1590 1591
f 1431 1591 1592
f 1431 1592 1593
f 1431 1593 1594
f 1431 1594 1595
f 1431 1595 1437
f 1432 1436 1433
f 1437 1595 1596
f 1437 1596 1597
f 1437 1597 1598
f 1437 1598 1599
f 1437 1599 1600
f 1437 1600 1439
f 1437 1439 1438
f 1439 1601 1602
f 1439 1602 1603
f 1439 1603 1447
f 1439 1600 1604
f 1439 1604 1601
f 1440 1556 1605
f 1440 1605 1606
f 1440 1606 1441
f 1441 1606 1607
f 1441 1607 1608
f 1441 1608 1609
f 1441 1609 1442
f 1442 1609 1443
f 1443 1610 1611
f 1443 1611 1612
f 1443 1612 1613
f 1443 1613 1578
f 1443 1609 1614
f 1443 1614 1615
f 1443 1615 1610
f 1444 1446 1445
f 1444 1450 1616
f 1444 1616 1617
f 1444 1617 1451
f 1447 1603 1618
f 1447 1618 1619
f 1447 1619 1620
f 1447 1620 1448
f 1448 1620 1621
f 1448 1621 1622
f 1448 1622 1449
f 1449 1616 1450
f 1449 1622 1616
f 1451 1617 1616
f 1451 1616 1623
f 1451 1623 1452
f 1452 1623 1453
f 1453 1624 1625
f 1453 1625 1626
f 1453 1626 1627
f 1453 1627 1628
f 1453 1628 1454
f 1453 1623 1624
f 1454 1628 1455
f 1455 1628 1629
f 1455 1629 1630
f 1455 1630 1631
f 1455 1631 1632
f 1455 1632 1633
f 1455 1633 1456
f 1456 1633 1457
f 1457 1633 1634
f 1457 1634 1458
f 1458 1635 1636
f 1458 1636 1459
f 1458 1634 1635
f 1459 1461 1460
f 1459 1636 1637
f 1459 1637 1638
f 1459 1638 1461
f 1461 1638 1639
f 1461 1639 1463
f 1461 1463 1462
f 1463 1639 1469
f 1465 1467 1466
f 1469 1639 1640
f 1469 1640 1470
f 1470 1640 1471
f 1471 1640 1472
f 1472 1640 1637
f 1472 1637 1641
f 1472 1641 1642
f 1472 1642 1473
f 1473 1642 1481
f 1475 1494 1476
f 1479 1643 1644
f 1479 1644 1645
f 1479 1645 1646
f 1479 1646 1480
f 1479 1482 1642
f 1479 1642 1643
f 1480 1646 1647
f 1480 1647 1483
f 1481 1642 1482
f 1483 1647 1648
f 1483 1648 1649
f 1483 1649 1484
f 1484 1649 1650
f 1484 1650 1485
f 1485 1650 1651
f 1485 1651 1486
f 1486 1652 1653
f 1486 1653 1654
f 1486 1654 1655
f 1486 1655 1656
f 1486 1656 1489
f 1486 1489 1487
f 1486 1651 1650
f 1486 1650 1652
f 1488 1490 1657
f 1488 1657 1491
f 1489 1656 1658
f 1489 1658 1490
f 1490 1658 1659
f 1490 1659 1657
f 1491 1493 1492
f 1491 1657 1659
f 1491 1659 1660
f 1495 1506 1496
f 1496 1506 1661
f 1496 1661 1662
f 1496 1662 1663
f 1496 1663 1664
f 1496 1664 1665
f 1496 1665 1509
f 1499 1666 1667
f 1499 1667 1500
f 1500 1667 1501
f 1501 1667 1502
f 1502 1668 1669
f 1502 1669 1503
f 1502 1667 1668
f 1503 1669 1662
f 1503 1662 1661
f 1503 1661 1504
f 1504 1661 1505
f 1505 1661 1506
f 1507 1509 1508
f 1508 1509 1670
f 1508 1670 1671
f 1508 1671 1510
f 1509 1665 1672
f 1509 1672 1670
f 1510 1671 1673
f 1510 1673 1511
f 1511 1673 1512
f 1512 1673 1674
f 1512 1674 1516
f 1513 1518 1675
f 1513 1675 1676
f 1513 1676 1514
f 1514 1676 1677
f 1514 1677 1678
f 1514 1678 1515
f 1515 1678 1676
f 1515 1676 1679
f 1515 1679 1526
f 1516 1674 1680
f 1516 1680 1517
f 1517 1680 1681
f 1517 1681 1518
f 1518 1681 1682
f 1518 1682 1683
f 1518 1683 1675
f 1520 1524 1684
f 1520 1684 1521
f 1521 1684 1685
f 1521 1685 1686
f 1521 1686 1687
f 1521 1687 1537
f 1522 1688 1684
f 1522 1684 1524
f 1522 1524 1523
f 1522 1530 1529
f 1522 1529 1689
f 1522 1689 1688
f 1525 1690 1527
f 1525 1526 1691
f 1525 1691 1690
f 1526 1679 1692
f 1526 1692 1691
f 1527 1693 1529
f 1527 1529 1528
f 1527 1690 1694
f 1527 1694 1695
f 1527 1695 1696
f 1527 1696 1697
f 1527 1697 1693
f 1529 1693 1697
f 1529 1697 1698
f 1529 1698 1689
f 1533 1536 1534
f 1534 1536 1535
f 1535 1699 1538
f 1535 1536 1699
f 1536 1537 1687
f 1536 1687 1700
f 1536 1700 1701
f 1536 1701 1702
f 1536 1702 1546
f 1536 1546 1538
f 1536 1538 1699
f 1538 1546 1703
f 1538 1703 1544
f 1538 1544 1543
f 1538 1543 1542
f 1539 1545 1540
f 1540 1545 1704
f 1540 1704 1705
f 1540 1705 1548
f 1544 1703 1546
f 1545 1706 1707
f 1545 1707 1704
f 1545 1547 1708
f 1545 1708 1706
f 1546 1702 1708
f 1546 1708 1547
f 1548 1705 1563
f 1549 1550 1709
f 1549 1709 1710
f 1549 1710 1711
f 1549 1711 1552
f 1550 1551 1709
f 1551 1568 1712
f 1551 1712 1709
f 1552 1711 1713
f 1552 1713 1714
f 1552 1714 1715
f 1552 1715 1716
f 1552 1716 1553
f 1553 1716 1554
f 1554 1716 1555
f 1555 1717 1605
f 1555 1605 1556
f 1555 1716 1715
f 1555 1715 1717
f 1557 1559 1558
f 1559 1564 1560
f 1560 1564 1561
f 1561 1564 1718
f 1561 1718 1562
f 1562 1719 1720
f 1562 1720 1565
f 1562 1718 1721
f 1562 1721 1722
f 1562 1722 1719
f 1563 1705 1564
f 1564 1705 1704
f 1564 1704 1718
f 1565 1720 1723
f 1565 1723 1566
f 1566 1723 1567
f 1567 1712 1568
f 1567 1723 1712
f 1570 1580 1571
f 1571 1724 1725
f 1571 1725 1726
f 1571 1726 1573
f 1571 1573 1572
f 1571 1580 1579
f 1571 1579 1727
f 1571 1727 1728
f 1571 1728 1724
f 1573 1729 1575
f 1573 1575 1730
f 1573 1730 1574
f 1573 1726 1729
f 1574 1730 1575
f 1575 1731 1732
f 1575 1732 1581
f 1575 1577 1576
f 1575 1729 1733
f 1575 1733 1734
f 1575 1734 1731
f 1578 1613 1579
f 1579 1613 1728
f 1579 1728 1727
f 1581 1735 1736
f 1581 1736 1584
f 1581 1584 1582
f 1581 1732 1735
f 1583 1589 1591
f 1583 1591 1590
f 1584 1736 1585
f 1585 1737 1586
f 1585 1736 1738
f 1585 1738 1739
f 1585 1739 1740
f 1585 1740 1741
f 1585 1741 1742
f 1585 1742 1737
f 1586 1737 1743
f 1586 1743 1587
f 1587 1743 1588
f 1588 1743 1737
f 1588 1737 1744
f 1588 1744 1745
f 1588 1745 1589
f 1589 1745 1746
f 1589 1746 1591
f 1591 1746 1747
f 1591 1747 1748
f 1591 1748 1593
f 1591 1593 1592
f 1593 1748 1749
f 1593 1749 1750
f 1593 1750 1594
f 1594 1750 1597
f 1594 1597 1596
f 1594 1596 1595
f 1597 1750 1751
f 1597 1751 1752
f 1597 1752 1753
f 1597 1753 1754
f 1597 1754 1598
f 1598 1754 1599
f 1599 1754 1604
f 1599 1604 1600
f 1601 1755 1602
f 1601 1604 1755
f 1602 1618 1603
f 1602 1755 1756
f 1602 1756 1757
f 1602 1757 1758
f 1602 1758 1759
f 1602 1759 1760
f 1602 1760 1618
f 1604 1754 1761
f 1604 1761 1756
f 1604 1756 1755
f 1605 1717 1606
f 1606 1717 1715
f 1606 1715 1762
f 1606 1762 1607
f 1607 1762 1763
f 1607 1763 1715
f 1607 1715 1764
f 1607 1764 1765
f 1607 1765 1766
f 1607 1766 1767
f 1607 1767 1608
f 1608 1767 1768
f 1608 1768 1769
f 1608 1769 1609
f 1609 1769 1614
f 1610 1612 1611
f 1610 1615 1770
f 1610 1770 1771
f 1610 1771 1612
f 1612 1728 1613
f 1612 1771 1772
f 1612 1772 1773
f 1612 1773 1885
f 1612 1885 1728
f 1614 1769 1774
f 1614 1774 1615
f 1615 1774 1770
f 1616 1622 1623
f 1618 1760 1619
f 1619 1760 1775
f 1619 1775 1776
f 1619 1776 1777
f 1619 1777 1621
f 1619 1621 1620
f 1621 1777 1622
f 1622 1777 1778
f 1622 1778 1779
f 1622 1779 1780
f 1622 1780 1625
f 1622 1625 1624
f 1622 1624 1623
f 1625 1780 1627
f 1625 1627 1626
f 1627 1779 1781
f 1627 1781 1782
f 1627 1782 1629
f 1627 1629 1783
f 1627 1783 1628
f 1627 1780 1779
f 1628 1783 1629
f 1629 1782 1784
f 1629 1784 1630
f 1630 1785 1786
f 1630 1786 1787
f 1630 1787 1788
f 1630 1788 1631
f 1630 1784 1785
f 1631 1788 1632
f 1632 1635 1633
f 1632 1788 1635
f 1633 1635 1634
f 1635 1788 1636
f 1636 1788 1789
f 1636 1789 1637
f 1637 1642 1641
f 1637 1640 1638
f 1637 1789 1788
f 1637 1788 1790
f 1637 1790 1643
f 1637 1643 1642
f 1638 1640 1639
f 1643 1791 1792
f 1643 1792 1793
f 1643 1793 1644
f 1643 1790 1794
f 1643 1794 1795
f 1643 1795 1791
f 1644 1793 1796
f 1644 1796 1797
f 1644 1797 1645
f 1645 1797 1646
f 1646 1797 1647
f 1647 1798 1648
f 1647 1797 1799
f 1647 1799 1798
f 1648 1800 1801
f 1648 1801 1649
f 1648 1798 1800
f 1649 1801 1652
f 1649 1652 1650
f 1652 1802 1803
f 1652 1803 1653
f 1652 1801 1802
f 1653 1803 1804
f 1653 1804 1805
f 1653 1805 1806
f 1653 1806 1807
f 1653 1807 1808
f 1653 1808 1654
f 1654 1808 1809
f 1654 1809 1810
f 1654 1810 1656
f 1654 1656 1655
f 1656 1811 1658
f 1656 1810 1811
f 1658 1811 1659
f 1659 1811 1812
f 1659 1812 1813
f 1659 1813 1660
f 1662 1669 1814
f 1662 1814 1663
f 1663 1814 1815
f 1663 1815 1664
f 1664 1815 1816
f 1664 1816 1817
f 1664 1817 1665
f 1665 1817 1672
f 1666 1818 1819
f 1666 1819 1667
f 1667 1819 1820
f 1667 1820 1668
f 1668 1820 1821
f 1668 1821 1669
f 1669 1821 1814
f 1670 1672 1671
f 1671 1674 1673
f 1671 1672 1816
f 1671 1816 1822
f 1671 1822 1823
f 1671 1823 1824
f 1671 1824 1825
f 1671 1825 1826
f 1671 1826 1674
f 1672 1817 1816
f 1674 1826 1827
f 1674 1827 1828
f 1674 1828 1681
f 1674 1681 1680
f 1675 1683 1829
f 1675 1829 1676
f 1676 1829 1692
f 1676 1692 1679
f 1676 1678 1677
f 1681 1830 1831
f 1681 1831 1682
f 1681 1828 1827
f 1681 1827 1830
f 1682 1831 1683
f 1683 1831 1832
f 1683 1832 1833
f 1683 1833 1829
f 1684 1688 1689
f 1684 1689 1834
f 1684 1834 1685
f 1685 1835 1686
f 1685 1834 1836
f 1685 1836 1835
f 1686 1835 1687
f 1687 1835 1837
f 1687 1837 1838
f 1687 1838 1700
f 1689 1698 1834
f 1690 1691 1839
f 1690 1839 1694
f 1691 1692 1840
f 1691 1840 1841
f 1691 1841 1842
f 1691 1842 1839
f 1692 1829 1843
f 1692 1843 1840
f 1694 1839 1844
f 1694 1844 1695
f 1695 1845 1846
f 1695 1846 1696
f 1695 1844 1847
f 1695 1847 1848
f 1695 1848 1849
f 1695 1849 1850
f 1695 1850 1845
f 1696 1846 1851
f 1696 1851 1697
f 1697 1851 1852
f 1697 1852 1834
f 1697 1834 1698
f 1700 1838 1853
f 1700 1853 1854
f 1700 1854 1855
f 1700 1855 1856
f 1700 1856 1857
f 1700 1857 1701
f 1701 1858 1859
f 1701 1859 1860
f 1701 1860 1702
f 1701 1857 1861
f 1701 1861 1858
f 1702 1860 1862
f 1702 1862 1708
f 1704 1707 1722
f 1704 1722 1721
f 1704 1721 1718
f 1706 1863 1722
f 1706 1722 1707
f 1706 1708 1864
f 1706 1864 1863
f 1708 1862 1864
f 1709 1712 1865
f 1709 1865 1866
f 1709 1866 1710
f 1710 1866 1865
f 1710 1865 1867
f 1710 1867 1711
f 1711 1867 1713
f 1712 1868 1865
f 1712 1723 1869
f 1712 1869 1868
f 1713 1870 1871
f 1713 1871 1714
f 1713 1867 1872
f 1713 1872 1873
f 1713 1873 1870
f 1714 1871 1870
f 1714 1870 1874
f 1714 1874 1875
f 1714 1875 1765
f 1714 1765 1764
f 1714 1764 1715
f 1715 1763 1762
f 1719 1876 1869
f 1719 1869 1720
f 1719 1722 1863
f 1719 1863 1877
f 1719 1877 1878
f 1719 1878 1879
f 1719 1879 1876
f 1720 1869 1723
f 1724 1728 1725
f 1725 1880 1733
f 1725 1733 1726
f 1725 1728 1881
f 1725 1881 1882
f 1725 1882 1883
f 1725 1883 1884
f 1725 1884 1880
f 1726 1733 1729
f 1728 1885 1886
f 1728 1886 1881
f 1731 1887 1888
f 1731 1888 1732
f 1731 1734 1887
f 1732 1888 1889
f 1732 1889 1735
f 1733 1880 1734
f 1734 1880 1887
f 1735 1889 1890
f 1735 1890 1738
f 1735 1738 1736
f 1737 1742 1891
f 1737 1891 1744
f 1738 1890 1892
f 1738 1892 1893
f 1738 1893 1739
f 1739 1893 1894
f 1739 1894 1895
f 1739 1895 1741
f 1739 1741 1740
f 1741 1896 1742
f 1741 1895 1896
f 1742 1896 1897
f 1742 1897 1891
f 1744 1891 1747
f 1744 1747 1746
f 1744 1746 1745
f 1747 1891 1898
f 1747 1898 1897
f 1747 1897 1899
f 1747 1899 1900
f 1747 1900 1748
f 1748 1900 1749
f 1749 1900 1751
f 1749 1751 1750
f 1751 1900 1901
f 1751 1901 1902
f 1751 1902 1903
f 1751 1903 1904
f 1751 1904 1905
f 1751 1905 1753
f 1751 1753 1752
f 1753 1905 1906
f 1753 1906 1754
f 1754 1906 1907
f 1754 1907 1908
f 1754 1908 1909
f 1754 1909 1761
f 1756 1761 1910
f 1756 1910 1757
f 1757 1910 1911
f 1757 1911 1758
f 1758 1912 1913
f 1758 1913 1775
f 1758 1775 1759
f 1758 1911 1910
f 1758 1910 1761
f 1758 1761 1909
f 1758 1909 1914
f 1758 1914 1915
f 1758 1915 1916
f 1758 1916 1917
f 1758 1917 1912
f 1759 1775 1760
f 1765 1875 1766
f 1766 1875 1918
f 1766 1918 1919
f 1766 1919 1920
f 1766 1920 1769
f 1766 1769 1768
f 1766 1768 1767
f 1769 1770 1774
f 1769 1920 1770
f 1770 1920 1921
f 1770 1921 1922
f 1770 1922 1923
f 1770 1923 1924
f 1770 1924 1925
f 1770 1925 1771
f 1771 1925 1926
f 1771 1926 1772
f 1772 1927 1773
f 1772 1926 1927
f 1773 1927 1928
f 1773 1928 1886
f 1773 1886 1885
f 1775 1913 1776
f 1776 1913 1777
f 1777 1913 1778
f 1778 1913 1929
f 1778 1929 1930
f 1778 1930 1779
f 1779 1930 1929
f 1779 1929 1931
f 1779 1931 1932
f 1779 1932 1933
f 1779 1933 1934
f 1779 1934 1781
f 1781 1934 1784
f 1781 1784 1782
f 1784 1935 1936
f 1784 1936 1937
f 1784 1937 1938
f 1784 1938 1785
f 1784 1934 1935
f 1785 1938 1786
f 1786 1788 1787
f 1786 1938 1788
f 1788 1938 1795
f 1788 1795 1794
f 1788 1794 1790
f 1791 1795 1938
f 1791 1938 1936
f 1791 1936 1792
f 1792 1936 1796
f 1792 1796 1793
f 1796 1939 1797
f 1796 1936 1939
f 1797 1940 1799
f 1797 1939 1940
f 1798 1799 1941
f 1798 1941 1942
f 1798 1942 1943
f 1798 1943 1800
f 1799 1940 1944
f 1799 1944 1941
f 1800 1943 1802
f 1800 1802 1801
f 1802 1945 1946
f 1802 1946 1804
f 1802 1804 1803
f 1802 1943 1945
f 1804 1946 1947
f 1804 1947 1948
f 1804 1948 1949
f 1804 1949 1950
f 1804 1950 1806
f 1804 1806 1805
f 1806 1950 1949
f 1806 1949 1951
f 1806 1951 1952
f 1806 1952 1953
f 1806 1953 1807
f 1807 1953 1954
f 1807 1954 1808
f 1808 1954 1955
f 1808 1955 1956
f 1808 1956 1957
f 1808 1957 1958
f 1808 1958 1809
f 1809 1958 1959
f 1809 1959 1810
f 1810 1960 1811
f 1810 1959 1960
f 1814 1821 1961
f 1814 1961 1962
f 1814 1962 1815
f 1815 1962 1963
f 1815 1963 1964
f 1815 1964 1965
f 1815 1965 1816
f 1816 1823 1822
f 1816 1965 1966
f 1816 1966 1823
f 1818 1967 1968
f 1818 1968 1969
f 1818 1969 1970
f 1818 1970 1971
f 1818 1971 1972
f 1818 1972 1973
f 1818 1973 1819
f 1819 1973 1974
f 1819 1974 1820
f 1820 1974 1973
f 1820 1973 1975
f 1820 1975 1976
f 1820 1976 1821
f 1821 1976 1961
f 1823 1966 1824
f 1824 1977 1825
f 1824 1966 1978
f 1824 1978 1977
f 1825 1977 1826
f 1826 1977 1979
f 1826 1979 1827
f 1827 1979 1980
f 1827 1980 1981
f 1827 1981 1830
f 1829 1840 1843
f 1829 1833 1982
f 1829 1982 1983
f 1829 1983 1984
f 1829 1984 1985
f 1829 1985 1986
f 1829 1986 1840
f 1830 1832 1831
f 1830 1981 1832
f 1832 1982 1833
f 1832 1981 1987
f 1832 1987 1983
f 1832 1983 1982
f 1834 1988 1836
f 1834 1852 1989
f 1834 1989 1990
f 1834 1990 1988
f 1835 1836 1837
f 1836 1988 1837
f 1837 1988 1853
f 1837 1853 1991
f 1837 1991 1838
f 1838 1991 1853
f 1839 1842 1844
f 1840 1986 1841
f 1841 1986 1842
f 1842 1992 1993
f 1842 1993 1844
f 1842 1986 1994
f 1842 1994 1992
f 1844 1993 1992
f 1844 1992 1995
f 1844 1995 1847
f 1845 1851 1846
f 1845 1850 1996
f 1845 1996 1851
f 1847 1995 1997
f 1847 1997 1848
f 1848 1997 1998
f 1848 1998 1849
f 1849 1998 1850
f 1850 1998 1999
f 1850 1999 2000
f 1850 2000 2001
f 1850 2001 2002
f 1850 2002 2003
f 1850 2003 1996
f 1851 2004 1989
f 1851 1989 1852
f 1851 1996 2004
f 1853 1990 2005
f 1853 2005 2004
f 1853 2004 1854
f 1853 1988 1990
f 1854 2004 2006
f 1854 2006 1855
f 1855 2006 2007
f 1855 2007 2008
f 1855 2008 2009
f 1855 2009 2010
f 1855 2010 1856
f 1856 2011 1861
f 1856 1861 1857
f 1856 2010 2011
f 1858 2012 1859
f 1858 1861 2012
f 1859 2012 2013
f 1859 2013 1860
f 1860 2013 1864
f 1860 1864 1862
f 1861 2011 2014
f 1861 2014 2015
f 1861 2015 2016
f 1861 2016 2012
f 1863 1864 2017
f 1863 2017 2018
f 1863 2018 2019
f 1863 2019 2020
f 1863 2020 2021
f 1863 2021 2022
f 1863 2022 2023
f 1863 2023 1877
f 1864 2013 2017
f 1865 2024 1872
f 1865 1872 1867
f 1865 1868 2025
f 1865 2025 2024
f 1868 1869 2026
f 1868 2026 2025
f 1869 1876 2027
f 1869 2027 2028
f 1869 2028 2026
f 1870 1873 2029
f 1870 2029 2030
f 1870 2030 1874
f 1872 2024 2031
f 1872 2031 2032
f 1872 2032 1919
f 1872 1919 2033
f 1872 2033 1873
f 1873 2033 2030
f 1873 2030 2029
f 1874 2030 2034
f 1874 2034 1918
f 1874 1918 1875
f 1876 1879 2035
f 1876 2035 2036
f 1876 2036 2037
f 1876 2037 2027
f 1877 2023 2022
f 1877 2022 1878
f 1878 2038 2039
f 1878 2039 2040
f 1878 2040 1879
f 1878 2022 2041
f 1878 2041 2042
f 1878 2042 2043
f 1878 2043 2038
f 1879 2040 2035
f 1880 1884 2044
f 1880 2044 2045
f 1880 2045 2046
f 1880 2046 1887
f 1881 1886 1882
f 1882 1886 2047
f 1882 2047 2048
f 1882 2048 1884
f 1882 1884 1883
f 1884 2048 2049
f 1884 2049 2044
f 1886 2050 2047
f 1886 1928 2051
f 1886 2051 2050
f 1887 2046 1888
f 1888 2046 1889
f 1889 2046 2052
f 1889 2052 2053
f 1889 2053 2054
f 1889 2054 2055
f 1889 2055 1890
f 1890 2055 2056
f 1890 2056 2057
f 1890 2057 1892
f 1891 1897 1898
f 1892 2057 2058
f 1892 2058 2059
f 1892 2059 2236
f 1892 2236 2060
f 1892 2060 1893
f 1893 2060 2061
f 1893 2061 2062
f 1893 2062 2063
f 1893 2063 2064
f 1893 2064 1894
f 1894 2064 1895
f 1895 2064 2065
f 1895 2065 2066
f 1895 2066 2067
f 1895 2067 2068
f 1895 2068 1896
f 1896 2069 2070
f 1896 2070 1897
f 1896 2068 2071
f 1896 2071 2069
f 1897 2070 2072
f 1897 2072 2073
f 1897 2073 1899
f 1899 2074 2075
f 1899 2075 2076
f 1899 2076 2077
f 1899 2077 1900
f 1899 2073 2074
f 1900 2077 2076
f 1900 2076 1901
f 1901 2076 1902
f 1902 2076 2078
f 1902 2078 2079
f 1902 2079 1903
f 1903 2079 2080
f 1903 2080 1904
f 1904 2080 2081
f 1904 2081 2082
f 1904 2082 2083
f 1904 2083 1905
f 1905 2083 1906
f 1906 2083 1907
f 1907 2083 2084
f 1907 2084 2085
f 1907 2085 1908
f 1908 2085 1909
f 1909 2085 1914
f 1912 1932 1931
f 1912 1931 1929
f 1912 1929 1913
f 1912 1917 1932
f 1914 2085 2086
f 1914 2086 1915
f 1915 2086 2087
f 1915 2087 2088
f 1915 2088 1916
f 1916 2088 2089
f 1916 2089 2090
f 1916 2090 2091
f 1916 2091 1917
f 1917 2091 2092
f 1917 2092 1932
f 1918 2034 1919
f 1919 2093 2094
f 1919 2094 1920
f 1919 2034 2033
f 1919 2032 2095
f 1919 2095 2096
f 1919 2096 2097
f 1919 2097 2093
f 1920 2094 2093
f 1920 2093 2098
f 1920 2098 2099
f 1920 2099 2100
f 1920 2100 1921
f 1921 2100 1922
f 1922 2100 2101
f 1922 2101 2102
f 1922 2102 2103
f 1922 2103 2104
f 1922 2104 1923
f 1923 2104 1924
f 1924 2105 2106
f 1924 2106 1925
f 1924 2104 2107
f 1924 2107 2105
f 1925 2106 2108
f 1925 2108 1926
f 1926 2108 1927
f 1927 2051 1928
f 1927 2108 2051
f 1932 2092 1933
f 1933 2092 2109
f 1933 2109 1934
f 1934 2109 1935
f 1935 2109 2092
f 1935 2092 2110
f 1935 2110 2111
f 1935 2111 1936
f 1936 1938 1937
f 1936 2111 2112
f 1936 2112 2113
f 1936 2113 2114
f 1936 2114 1939
f 1939 2114 1944
f 1939 1944 1940
f 1941 2115 1942
f 1941 1944 2116
f 1941 2116 2117
f 1941 2117 2115
f 1942 2115 1943
f 1943 2115 1945
f 1944 2117 2116
f 1944 2114 2113
f 1944 2113 2117
f 1945 2118 2119
f 1945 2119 1947
f 1945 1947 1946
f 1945 2115 2118
f 1947 2119 1948
f 1948 2119 2120
f 1948 2120 1949
f 1949 2120 2121
f 1949 2121 1951
f 1951 2121 2122
f 1951 2122 1952
f 1952 2123 1953
f 1952 2122 2123
f 1953 2123 1955
f 1953 1955 1954
f 1955 2123 2124
f 1955 2124 1956
f 1956 2124 2125
f 1956 2125 2126
f 1956 2126 1957
f 1957 2127 2128
f 1957 2128 1958
f 1957 2126 2125
f 1957 2125 2129
f 1957 2129 2127
f 1958 2128 1959
f 1959 2128 2127
f 1959 2127 2130
f 1959 2130 2131
f 1959 2131 2132
f 1959 2132 1960
f 1961 1976 2133
f 1961 2133 1963
f 1961 1963 1962
f 1963 2133 1965
f 1963 1965 1964
f 1965 2134 2135
f 1965 2135 2136
f 1965 2136 1966
f 1965 2133 2137
f 1965 2137 1975
f 1965 1975 2138
f 1965 2138 1973
f 1965 1973 2139
f 1965 2139 2134
f 1966 2136 2140
f 1966 2140 2141
f 1966 2141 2142
f 1966 2142 2143
f 1966 2143 1978
f 1967 2144 2145
f 1967 2145 1968
f 1968 2145 1969
f 1969 2145 2146
f 1969 2146 1970
f 1970 2146 2335
f 1970 2335 2147
f 1970 2147 2148
f 1970 2148 2139
f 1970 2139 1972
f 1970 1972 1971
f 1972 2139 1973
f 1973 2138 1975
f 1975 2137 2149
f 1975 2149 1976
f 1976 2149 2133
f 1977 2150 1979
f 1977 1978 2150
f 1978 2143 2151
f 1978 2151 1980
f 1978 1980 1979
f 1978 1979 2150
f 1980 2151 1987
f 1980 1987 1981
f 1983 1987 2152
f 1983 2152 2153
f 1983 2153 1984
f 1984 2154 1985
f 1984 2153 2155
f 1984 2155 2154
f 1985 2154 1994
f 1985 1994 1986
f 1987 2151 2156
f 1987 2156 2152
f 1989 2004 2157
f 1989 2157 1990
f 1990 2157 2005
f 1992 2158 1995
f 1992 1994 2158
f 1994 2153 2152
f 1994 2152 2159
f 1994 2159 2160
f 1994 2160 2161
f 1994 2161 2162
f 1994 2162 2163
f 1994 2163 2158
f 1994 2154 2153
f 1995 2158 2164
f 1995 2164 1998
f 1995 1998 1997
f 1996 2003 2165
f 1996 2165 2004
f 1998 2164 2166
f 1998 2166 2167
f 1998 2167 2163
f 1998 2163 2168
f 1998 2168 2000
f 1998 2000 1999
f 2000 2168 2169
f 2000 2169 2001
f 2001 2169 2002
f 2002 2169 2170
f 2002 2170 2171
f 2002 2171 2172
f 2002 2172 2003
f 2003 2172 2173
f 2003 2173 2174
f 2003 2174 2175
f 2003 2175 2176
f 2003 2176 2165
f 2004 2007 2006
f 2004 2005 2157
f 2004 2165 2177
f 2004 2177 2008
f 2004 2008 2007
f 2008 2177 2178
f 2008 2178 2179
f 2008 2179 2009
f 2009 2179 2010
f 2010 2179 2180
f 2010 2180 2181
f 2010 2181 2014
f 2010 2014 2011
f 2012 2182 2183
f 2012 2183 2018
f 2012 2018 2017
f 2012 2017 2013
f 2012 2016 2184
f 2012 2184 2185
f 2012 2185 2186
f 2012 2186 2187
f 2012 2187 2188
f 2012 2188 2189
f 2012 2189 2182
f 2014 2181 2015
f 2015 2190 2016
f 2015 2181 2190
f 2016 2190 2191
f 2016 2191 2185
f 2016 2185 2184
f 2018 2183 2192
f 2018 2192 2019
f 2019 2192 2183
f 2019 2183 2182
f 2019 2182 2020
f 2020 2193 2022
f 2020 2022 2021
f 2020 2182 2193
f 2022 2193 2194
f 2022 2194 2041
f 2024 2195 2031
f 2024 2025 2196
f 2024 2196 2197
f 2024 2197 2195
f 2025 2026 2198
f 2025 2198 2199
f 2025 2199 2196
f 2026 2028 2027
f 2026 2027 2198
f 2027 2037 2200
f 2027 2200 2199
f 2027 2199 2198
f 2030 2033 2034
f 2031 2195 2201
f 2031 2201 2202
f 2031 2202 2095
f 2031 2095 2032
f 2035 2037 2036
f 2035 2040 2203
f 2035 2203 2039
f 2035 2039 2037
f 2037 2204 2205
f 2037 2205 2200
f 2037 2039 2204
f 2038 2043 2039
f 2039 2203 2040
f 2039 2043 2206
f 2039 2206 2207
f 2039 2207 2204
f 2041 2194 2208
f 2041 2208 2042
f 2042 2208 2043
f 2043 2209 2210
f 2043 2210 2206
f 2043 2208 2211
f 2043 2211 2209
f 2044 2212 2213
f 2044 2213 2045
f 2044 2049 2214
f 2044 2214 2212
f 2045 2213 2215
f 2045 2215 2046
f 2046 2216 2217
f 2046 2217 2053
f 2046 2053 2052
f 2046 2215 2216
f 2047 2050 2051
f 2047 2051 2048
f 2048 2218 2049
f 2048 2051 2218
f 2049 2218 2214
f 2051 2219 2220
f 2051 2220 2221
f 2051 2221 2218
f 2051 2108 2105
f 2051 2105 2107
f 2051 2107 2222
f 2051 2222 2223
f 2051 2223 2224
f 2051 2224 2225
f 2051 2225 2219
f 2053 2217 2226
f 2053 2226 2227
f 2053 2227 2228
f 2053 2228 2229
f 2053 2229 2230
f 2053 2230 2054
f 2054 2230 2231
f 2054 2231 2232
f 2054 2232 2057
f 2054 2057 2233
f 2054 2233 2055
f 2055 2233 2056
f 2056 2233 2057
f 2057 2232 2234
f 2057 2234 2058
f 2058 2234 2059
f 2059 2234 2235
f 2059 2235 2236
f 2060 2236 2061
f 2061 2236 2062
f 2062 2237 2238
f 2062 2238 2239
f 2062 2239 2240
f 2062 2240 2242
f 2062 2242 2241
f 2062 2241 2064
f 2062 2064 2063
f 2062 2236 2237
f 2064 2242 2243
f 2064 2243 2065
f 2064 2241 2242
f 2065 2244 2066
f 2065 2243 2245
f 2065 2245 2246
f 2065 2246 2247
f 2065 2247 2248
f 2065 2248 2249
f 2065 2249 2244
f 2066 2244 2250
f 2066 2250 2067
f 2067 2250 2251
f 2067 2251 2252
f 2067 2252 2068
f 2068 2252 2071
f 2069 2071 2253
f 2069 2253 2072
f 2069 2072 2070
f 2071 2252 2254
f 2071 2254 2255
f 2071 2255 2256
f 2071 2256 2257
f 2071 2257 2258
f 2071 2258 2253
f 2072 2253 2259
f 2072 2259 2073
f 2073 2259 2256
f 2073 2256 2260
f 2073 2260 2074
f 2074 2260 2261
f 2074 2261 2075
f 2075 2261 2262
f 2075 2262 2076
f 2076 2262 2078
f 2078 2262 2263
f 2078 2263 2079
f 2079 2263 2264
f 2079 2264 2080
f 2080 2264 2265
f 2080 2265 2263
f 2080 2263 2266
f 2080 2266 2267
f 2080 2267 2081
f 2081 2267 2083
f 2081 2083 2082
f 2083 2267 2268
f 2083 2268 2084
f 2084 2268 2269
f 2084 2269 2085
f 2085 2269 2270
f 2085 2270 2086
f 2086 2270 2087
f 2087 2270 2088
f 2088 2270 2089
f 2089 2270 2271
f 2089 2271 2272
f 2089 2272 2090
f 2090 2272 2273
f 2090 2273 2274
f 2090 2274 2275
f 2090 2275 2276
f 2090 2276 2117
f 2090 2117 2277
f 2090 2277 2110
f 2090 2110 2092
f 2090 2092 2091
f 2093 2097 2098
f 2095 2202 2278
f 2095 2278 2279
f 2095 2279 2280
f 2095 2280 2096
f 2096 2280 2097
f 2097 2280 2281
f 2097 2281 2098
f 2098 2281 2282
f 2098 2282 2283
f 2098 2283 2099
f 2099 2283 2284
f 2099 2284 2101
f 2099 2101 2100
f 2101 2284 2102
f 2102 2285 2286
f 2102 2286 2287
f 2102 2287 2103
f 2102 2284 2288
f 2102 2288 2285
f 2103 2287 2104
f 2104 2289 2222
f 2104 2222 2107
f 2104 2287 2286
f 2104 2286 2289
f 2105 2108 2106
f 2110 2277 2290
f 2110 2290 2291
f 2110 2291 2111
f 2111 2291 2290
f 2111 2290 2112
f 2112 2290 2113
f 2113 2290 2117
f 2115 2292 2118
f 2115 2117 2293
f 2115 2293 2294
f 2115 2294 2292
f 2117 2276 2293
f 2117 2290 2277
f 2118 2292 2295
f 2118 2295 2296
f 2118 2296 2297
f 2118 2297 2119
f 2119 2297 2120
f 2120 2297 2121
f 2121 2298 2479
f 2121 2479 2299
f 2121 2299 2122
f 2121 2297 2298
f 2122 2299 2300
f 2122 2300 2301
f 2122 2301 2125
f 2122 2125 2123
f 2123 2125 2124
f 2125 2301 2302
f 2125 2302 2303
f 2125 2303 2129
f 2127 2304 2130
f 2127 2129 2303
f 2127 2303 2304
f 2130 2305 2306
f 2130 2306 2307
f 2130 2304 2308
f 2130 2308 2249
f 2130 2249 2309
f 2130 2309 2310
f 2130 2310 2311
f 2130 2311 2312
f 2130 2312 2305
f 2133 2149 2137
f 2134 2313 2327
f 2134 2327 2314
f 2134 2314 2315
f 2134 2315 2316
f 2134 2316 2135
f 2134 2139 2313
f 2135 2316 2317
f 2135 2317 2136
f 2136 2318 2319
f 2136 2319 2320
f 2136 2320 2321
f 2136 2321 2322
f 2136 2322 2323
f 2136 2323 2324
f 2136 2324 2325
f 2136 2325 2326
f 2136 2326 2141
f 2136 2141 2140
f 2136 2317 2318
f 2139 2148 2327
f 2139 2327 2313
f 2141 2326 2328
f 2141 2328 2142
f 2142 2328 2329
f 2142 2329 2330
f 2142 2330 2331
f 2142 2331 2332
f 2142 2332 2151
f 2142 2151 2143
f 2144 2333 2145
f 2145 2333 2334
f 2145 2334 2335
f 2145 2335 2146
f 2147 2335 2518
f 2147 2518 2336
f 2147 2336 2327
f 2147 2327 2148
f 2151 2332 2156
f 2152 2156 2332
f 2152 2332 2337
f 2152 2337 2159
f 2153 2154 2155
f 2158 2163 2166
f 2158 2166 2164
f 2159 2337 2338
f 2159 2338 2160
f 2160 2339 2161
f 2160 2338 2339
f 2161 2339 2340
f 2161 2340 2162
f 2162 2340 2163
f 2163 2167 2166
f 2163 2340 2341
f 2163 2341 2170
f 2163 2170 2168
f 2165 2176 2177
f 2168 2170 2169
f 2170 2342 2171
f 2170 2341 2343
f 2170 2343 2344
f 2170 2344 2342
f 2171 2174 2172
f 2171 2342 2345
f 2171 2345 2174
f 2172 2174 2173
f 2174 2345 2346
f 2174 2346 2347
f 2174 2347 2175
f 2175 2347 2348
f 2175 2348 2176
f 2176 2348 2349
f 2176 2349 2350
f 2176 2350 2351
f 2176 2351 2352
f 2176 2352 2353
f 2176 2353 2354
f 2176 2354 2177
f 2177 2354 2178
f 2178 2354 2179
f 2179 2354 2355
f 2179 2355 2356
f 2179 2356 2357
f 2179 2357 2358
f 2179 2358 2359
f 2179 2359 2360
f 2179 2360 2180
f 2180 2360 2181
f 2181 2360 2361
f 2181 2361 2362
f 2181 2362 2363
f 2181 2363 2364
f 2181 2364 2365
f 2181 2365 2190
f 2182 2208 2194
f 2182 2194 2193
f 2182 2189 2208
f 2185 2366 2187
f 2185 2187 2367
f 2185 2367 2186
f 2185 2191 2368
f 2185 2368 2369
f 2185 2369 2366
f 2186 2367 2187
f 2187 2366 2370
f 2187 2370 2371
f 2187 2371 2372
f 2187 2372 2189
f 2187 2189 2188
f 2189 2372 2373
f 2189 2373 2374
f 2189 2374 2208
f 2190 2365 2191
f 2191 2365 2368
f 2195 2197 2375
f 2195 2375 2201
f 2196 2199 2200
f 2196 2200 2205
f 2196 2205 2197
f 2197 2205 2376
f 2197 2376 2202
f 2197 2202 2375
f 2201 2375 2202
f 2202 2376 2278
f 2204 2207 2205
f 2205 2207 2377
f 2205 2377 2376
f 2206 2210 2207
f 2207 2210 2377
f 2208 2374 2378
f 2208 2378 2211
f 2209 2379 2210
f 2209 2211 2379
f 2210 2379 2380
f 2210 2380 2377
f 2211 2378 2381
f 2211 2381 2379
f 2212 2214 2382
f 2212 2382 2213
f 2213 2383 2384
f 2213 2384 2385
f 2213 2385 2386
f 2213 2386 2215
f 2213 2382 2387
f 2213 2387 2383
f 2214 2218 2388
f 2214 2388 2389
f 2214 2389 2390
f 2214 2390 2391
f 2214 2391 2392
f 2214 2392 2382
f 2215 2386 2216
f 2216 2386 2385
f 2216 2385 2393
f 2216 2393 2226
f 2216 2226 2217
f 2218 2221 2388
f 2219 2394 2220
f 2219 2225 2395
f 2219 2395 2396
f 2219 2396 2397
f 2219 2397 2394
f 2220 2394 2398
f 2220 2398 2221
f 2221 2398 2390
f 2221 2390 2389
f 2221 2389 2388
f 2222 2399 2223
f 2222 2289 2399
f 2223 2399 2224
f 2224 2399 2225
f 2225 2399 2400
f 2225 2400 2401
f 2225 2401 2402
f 2225 2402 2403
f 2225 2403 2404
f 2225 2404 2405
f 2225 2405 2406
f 2225 2406 2407
f 2225 2407 2408
f 2225 2408 2409
f 2225 2409 2396
f 2225 2396 2395
f 2226 2393 2410
f 2226 2410 2227
f 2227 2411 2228
f 2227 2410 2411
f 2228 2411 2412
f 2228 2412 2413
f 2228 2413 2229
f 2229 2413 2414
f 2229 2414 2230
f 2230 2414 2415
f 2230 2415 2231
f 2231 2234 2232
f 2231 2415 2235
f 2231 2235 2234
f 2235 2416 2417
f 2235 2417 2237
f 2235 2237 2236
f 2235 2415 2414
f 2235 2414 2418
f 2235 2418 2419
f 2235 2419 2416
f 2237 2417 2420
f 2237 2420 2421
f 2237 2421 2238
f 2238 2421 2422
f 2238 2422 2423
f 2238 2423 2424
f 2238 2424 2425
f 2238 2425 2239
f 2239 2425 2242
f 2239 2242 2240
f 2242 2425 2426
f 2242 2426 2427
f 2242 2427 2246
f 2242 2246 2245
f 2242 2245 2243
f 2244 2428 2251
f 2244 2251 2250
f 2244 2249 2429
f 2244 2429 2430
f 2244 2430 2431
f 2244 2431 2432
f 2244 2432 2433
f 2244 2433 2428
f 2246 2248 2247
f 2246 2427 2426
f 2246 2426 2434
f 2246 2434 2248
f 2248 2434 2310
f 2248 2310 2435
f 2248 2435 2249
f 2249 2435 2309
f 2249 2308 2436
f 2249 2436 2437
f 2249 2437 2302
f 2249 2302 2438
f 2249 2438 2429
f 2251 2428 2252
f 2252 2428 2439
f 2252 2439 2440
f 2252 2440 2254
f 2253 2258 2259
f 2254 2440 2441
f 2254 2441 2442
f 2254 2442 2256
f 2254 2256 2255
f 2256 2443 2444
f 2256 2444 2261
f 2256 2261 2260
f 2256 2259 2257
f 2256 2442 2445
f 2256 2445 2446
f 2256 2446 2443
f 2257 2259 2258
f 2261 2444 2447
f 2261 2447 2263
f 2261 2263 2262
f 2263 2447 2448
f 2263 2448 2266
f 2263 2265 2264
f 2266 2448 2449
f 2266 2449 2450
f 2266 2450 2451
f 2266 2451 2267
f 2267 2451 2268
f 2268 2451 2450
f 2268 2450 2452
f 2268 2452 2453
f 2268 2453 2269
f 2269 2453 2270
f 2270 2453 2454
f 2270 2454 2455
f 2270 2455 2271
f 2271 2273 2272
f 2271 2455 2273
f 2273 2455 2454
f 2273 2454 2456
f 2273 2456 2274
f 2274 2456 2276
f 2274 2276 2275
f 2276 2456 2457
f 2276 2457 2293
f 2278 2458 2279
f 2278 2376 2459
f 2278 2459 2458
f 2279 2458 2280
f 2280 2458 2281
f 2281 2458 2460
f 2281 2460 2282
f 2282 2461 2284
f 2282 2284 2283
f 2282 2460 2462
f 2282 2462 2463
f 2282 2463 2461
f 2284 2461 2288
f 2285 2464 2465
f 2285 2465 2286
f 2285 2288 2466
f 2285 2466 2467
f 2285 2467 2464
f 2286 2465 2468
f 2286 2468 2469
f 2286 2469 2289
f 2288 2463 2462
f 2288 2462 2470
f 2288 2470 2471
f 2288 2471 2472
f 2288 2472 2473
f 2288 2473 2467
f 2288 2467 2466
f 2288 2461 2463
f 2289 2469 2400
f 2289 2400 2399
f 2292 2294 2457
f 2292 2457 2295
f 2293 2457 2294
f 2295 2474 2475
f 2295 2475 2476
f 2295 2476 2477
f 2295 2477 2296
f 2295 2457 2474
f 2296 2477 2297
f 2297 2477 2478
f 2297 2478 2298
f 2298 2478 2479
f 2299 2479 2301
f 2299 2301 2300
f 2301 2479 2480
f 2301 2480 2302
f 2302 2437 2436
f 2302 2436 2303
f 2302 2480 2481
f 2302 2481 2438
f 2303 2436 2482
f 2303 2482 2304
f 2304 2482 2308
f 2305 2312 2306
f 2306 2483 2307
f 2306 2312 2484
f 2306 2484 2483
f 2307 2483 2484
f 2307 2484 2486
f 2307 2486 2487
f 2307 2487 2488
f 2307 2488 2489
f 2307 2489 2485
f 2308 2482 2436
f 2309 2435 2310
f 2310 2434 2490
f 2310 2490 2312
f 2310 2312 2311
f 2312 2490 2491
f 2312 2491 2484
f 2314 2327 2493
f 2314 2493 2315
f 2315 2492 2317
f 2315 2317 2316
f 2315 2493 2336
f 2315 2336 2492
f 2317 2492 2494
f 2317 2494 2495
f 2317 2495 2318
f 2318 2496 2319
f 2318 2495 2496
f 2319 2496 2497
f 2319 2497 2320
f 2320 2498 2499
f 2320 2499 2500
f 2320 2500 2501
f 2320 2501 2322
f 2320 2322 2321
f 2320 2497 2502
f 2320 2502 2498
f 2322 2501 2503
f 2322 2503 2504
f 2322 2504 2505
f 2322 2505 2323
f 2323 2505 2324
f 2324 2506 2507
f 2324 2507 2508
f 2324 2508 2325
f 2324 2505 2506
f 2325 2508 2328
f 2325 2328 2326
f 2327 2336 2493
f 2328 2508 2329
f 2329 2508 2509
f 2329 2509 2357
f 2329 2357 2510
f 2329 2510 2511
f 2329 2511 2330
f 2330 2511 2512
f 2330 2512 2339
f 2330 2339 2513
f 2330 2513 2331
f 2331 2514 2337
f 2331 2337 2332
f 2331 2513 2514
f 2333 2515 2334
f 2334 2515 2516
f 2334 2516 2517
f 2334 2517 2518
f 2334 2518 2335
f 2336 2518 2492
f 2337 2514 2338
f 2338 2514 2339
f 2339 2343 2340
f 2339 2514 2519
f 2339 2519 2513
f 2339 2512 2511
f 2339 2511 2343
f 2340 2343 2341
f 2342 2344 2345
f 2343 2511 2520
f 2343 2520 2344
f 2344 2520 2521
f 2344 2521 2346
f 2344 2346 2345
f 2346 2348 2347
f 2346 2521 2348
f 2348 2521 2522
f 2348 2522 2523
f 2348 2523 2349
f 2349 2523 2524
f 2349 2524 2350
f 2350 2525 2526
f 2350 2526 2527
f 2350 2527 2351
f 2350 2524 2525
f 2351 2527 2352
f 2352 2527 2353
f 2353 2527 2526
f 2353 2526 2355
f 2353 2355 2354
f 2355 2526 2525
f 2355 2525 2356
f 2356 2525 2357
f 2357 2528 2529
f 2357 2529 2510
f 2357 2509 2530
f 2357 2530 2359
f 2357 2359 2358
f 2357 2525 2528
f 2359 2530 2531
f 2359 2531 2532
f 2359 2532 2533
f 2359 2533 2360
f 2360 2533 2361
f 2361 2533 2362
f 2362 2533 2534
f 2362 2534 2535
f 2362 2535 2363
f 2363 2536 2364
f 2363 2535 2536
f 2364 2536 2365
f 2365 2536 2537
f 2365 2537 2538
f 2365 2538 2368
f 2366 2369 2539
f 2366 2539 2370
f 2368 2538 2369
f 2369 2538 2540
f 2369 2540 2539
f 2370 2539 2541
f 2370 2541 2542
f 2370 2542 2543
f 2370 2543 2544
f 2370 2544 2545
f 2370 2545 2371
f 2371 2546 2372
f 2371 2545 2546
f 2372 2546 2373
f 2373 2547 2374
f 2373 2546 2547
f 2374 2548 2546
f 2374 2546 2549
f 2374 2549 2550
f 2374 2550 2381
f 2374 2381 2378
f 2374 2547 2548
f 2376 2377 2551
f 2376 2551 2552
f 2376 2552 2553
f 2376 2553 2554
f 2376 2554 2459
f 2377 2380 2555
f 2377 2555 2556
f 2377 2556 2557
f 2377 2557 2551
f 2379 2381 2550
f 2379 2550 2380
f 2380 2550 2558
f 2380 2558 2556
f 2380 2556 2555
f 2382 2392 2559
f 2382 2559 2387
f 2383 2560 2384
f 2383 2387 2560
f 2384 2560 2561
f 2384 2561 2385
f 2385 2561 2562
f 2385 2562 2393
f 2387 2559 2560
f 2390 2398 2397
f 2390 2397 2563
f 2390 2563 2392
f 2390 2392 2391
f 2392 2563 2559
f 2393 2562 2410
f 2394 2397 2398
f 2396 2409 2408
f 2396 2408 2397
f 2397 2564 2565
f 2397 2565 2563
f 2397 2408 2564
f 2400 2469 2401
f 2401 2566 2402
f 2401 2469 2567
f 2401 2567 2468
f 2401 2468 2568
f 2401 2568 2566
f 2402 2404 2403
f 2402 2566 2404
f 2404 2566 2569
f 2404 2569 2570
f 2404 2570 2405
f 2405 2570 2406
f 2406 2570 2571
f 2406 2571 2572
f 2406 2572 2573
f 2406 2573 2574
f 2406 2574 2408
f 2406 2408 2407
f 2408 2574 2575
f 2408 2575 2576
f 2408 2576 2577
f 2408 2577 2565
f 2408 2565 2564
f 2410 2562 2578
f 2410 2578 2579
f 2410 2579 2580
f 2410 2580 2411
f 2411 2580 2581
f 2411 2581 2412
f 2412 2582 2583
f 2412 2583 2584
f 2412 2584 2585
f 2412 2585 2413
f 2412 2581 2582
f 2413 2585 2419
f 2413 2419 2414
f 2414 2419 2418
f 2416 2419 2584
f 2416 2584 2417
f 2417 2584 2586
f 2417 2586 2422
f 2417 2422 2421
f 2417 2421 2420
f 2419 2585 2584
f 2422 2587 2588
f 2422 2588 2589
f 2422 2589 2590
f 2422 2590 2591
f 2422 2591 2423
f 2422 2586 2587
f 2423 2592 2424
f 2423 2591 2593
f 2423 2593 2592
f 2424 2592 2594
f 2424 2594 2595
f 2424 2595 2596
f 2424 2596 2425
f 2425 2596 2426
f 2426 2596 2597
f 2426 2597 2598
f 2426 2598 2599
f 2426 2599 2600
f 2426 2600 2434
f 2428 2601 2439
f 2428 2433 2601
f 2429 2438 2481
f 2429 2481 2480
f 2429 2480 2430
f 2430 2480 2602
f 2430 2602 2603
f 2430 2603 2431
f 2431 2603 2432
f 2432 2603 2604
f 2432 2604 2433
f 2433 2604 2601
f 2434 2600 2490
f 2439 2601 2440
f 2440 2601 2605
f 2440 2605 2606
f 2440 2606 2442
f 2440 2442 2441
f 2442 2446 2445
f 2442 2606 2446
f 2443 2607 2444
f 2443 2446 2607
f 2444 2607 2447
f 2446 2606 2605
f 2446 2605 2608
f 2446 2608 2609
f 2446 2609 2456
f 2446 2456 2610
f 2446 2610 2611
f 2446 2611 2612
f 2446 2612 2607
f 2447 2613 2448
f 2447 2607 2613
f 2448 2613 2449
f 2449 2613 2614
f 2449 2614 2452
f 2449 2452 2450
f 2452 2614 2615
f 2452 2615 2454
f 2452 2454 2453
f 2454 2615 2610
f 2454 2610 2456
f 2456 2609 2608
f 2456 2608 2616
f 2456 2616 2617
f 2456 2617 2457
f 2457 2617 2618
f 2457 2618 2474
f 2458 2470 2462
f 2458 2462 2460
f 2458 2459 2470
f 2459 2554 2470
f 2464 2619 2465
f 2464 2467 2620
f 2464 2620 2619
f 2465 2621 2468
f 2465 2619 2621
f 2467 2622 2623
f 2467 2623 2620
f 2467 2473 2624
f 2467 2624 2622
f 2468 2567 2469
f 2468 2621 2625
f 2468 2625 2568
f 2470 2626 2472
f 2470 2472 2471
f 2470 2554 2553
f 2470 2553 2552
f 2470 2552 2627
f 2470 2627 2628
f 2470 2628 2629
f 2470 2629 2626
f 2472 2624 2473
f 2472 2626 2629
f 2472 2629 2624
f 2474 2618 2617
f 2474 2617 2630
f 2474 2630 2475
f 2475 2604 2631
f 2475 2631 2476
f 2475 2630 2632
f 2475 2632 2604
f 2476 2631 2477
f 2477 2631 2478
f 2478 2633 2479
f 2478 2631 2634
f 2478 2634 2633
f 2479 2633 2602
f 2479 2602 2480
f 2484 2487 2486
f 2484 2491 2635
f 2484 2635 2636
f 2484 2636 2639
f 2484 2639 2487
f 2485 2489 2637
f 2485 2637 2638
f 2487 2639 2488
f 2488 2639 2760
f 2488 2760 2640
f 2488 2640 2489
f 2489 2640 2641
f 2489 2641 2642
f 2489 2642 2643
f 2489 2643 2644
f 2489 2644 2637
f 2490 2645 2635
f 2490 2635 2491
f 2490 2600 2599
f 2490 2599 2645
f 2492 2646 2494
f 2492 2518 2646
f 2494 2646 2495
f 2495 2646 2647
f 2495 2647 2496
f 2496 2648 2497
f 2496 2647 2649
f 2496 2649 2650
f 2496 2650 2648
f 2497 2648 2651
f 2497 2651 2502
f 2498 2652 2499
f 2498 2502 2652
f 2499 2653 2654
f 2499 2654 2655
f 2499 2655 2503
f 2499 2503 2500
f 2499 2652 2656
f 2499 2656 2657
f 2499 2657 2658
f 2499 2658 2659
f 2499 2659 2660
f 2499 2660 2661
f 2499 2661 2653
f 2500 2503 2501
f 2502 2662 2652
f 2502 2651 2663
f 2502 2663 2662
f 2503 2655 2504
f 2504 2655 2664
f 2504 2664 2665
f 2504 2665 2505
f 2505 2665 2506
f 2506 2665 2666
f 2506 2666 2667
f 2506 2667 2507
f 2507 2667 2530
f 2507 2530 2508
f 2508 2530 2509
f 2510 2522 2521
f 2510 2521 2511
f 2510 2529 2523
f 2510 2523 2522
f 2511 2521 2520
f 2513 2519 2514
f 2516 2668 2669
f 2516 2669 2517
f 2517 2669 2670
f 2517 2670 2649
f 2517 2649 2646
f 2517 2646 2518
f 2523 2529 2524
f 2524 2529 2528
f 2524 2528 2525
f 2530 2667 2531
f 2531 2667 2671
f 2531 2671 2672
f 2531 2672 2673
f 2531 2673 2674
f 2531 2674 2675
f 2531 2675 2676
f 2531 2676 2677
f 2531 2677 2678
f 2531 2678 2532
f 2532 2678 2535
f 2532 2535 2534
f 2532 2534 2533
f 2535 2678 2676
f 2535 2676 2675
f 2535 2675 2679
f 2535 2679 2536
f 2536 2680 2681
f 2536 2681 2682
f 2536 2682 2539
f 2536 2539 2540
f 2536 2540 2683
f 2536 2683 2538
f 2536 2538 2537
f 2536 2679 2680
f 2538 2683 2540
f 2539 2682 2681
f 2539 2681 2541
f 2541 2543 2542
f 2541 2681 2543
f 2543 2684 2545
f 2543 2545 2544
f 2543 2681 2685
f 2543 2685 2686
f 2543 2686 2684
f 2545 2684 2687
f 2545 2687 2688
f 2545 2688 2689
f 2545 2689 2690
f 2545 2690 2546
f 2546 2690 2691
f 2546 2691 2692
f 2546 2692 2549
f 2546 2548 2547
f 2549 2692 2550
f 2550 2692 2693
f 2550 2693 2694
f 2550 2694 2558
f 2551 2557 2695
f 2551 2695 2552
f 2552 2628 2627
f 2552 2695 2628
f 2556 2696 2557
f 2556 2558 2697
f 2556 2697 2698
f 2556 2698 2696
f 2557 2696 2695
f 2558 2694 2697
f 2559 2563 2560
f 2560 2699 2561
f 2560 2563 2700
f 2560 2700 2699
f 2561 2699 2562
f 2562 2699 2578
f 2563 2565 2701
f 2563 2701 2700
f 2565 2577 2702
f 2565 2702 2701
f 2566 2703 2704
f 2566 2704 2569
f 2566 2568 2703
f 2568 2625 2705
f 2568 2705 2706
f 2568 2706 2707
f 2568 2707 2703
f 2569 2704 2708
f 2569 2708 2570
f 2570 2708 2709
f 2570 2709 2710
f 2570 2710 2711
f 2570 2711 2712
f 2570 2712 2713
f 2570 2713 2714
f 2570 2714 2572
f 2570 2572 2571
f 2572 2714 2573
f 2573 2714 2575
f 2573 2575 2574
f 2575 2714 2715
f 2575 2715 2576
f 2576 2715 2577
f 2577 2715 2716
f 2577 2716 2717
f 2577 2717 2718
f 2577 2718 2701
f 2577 2701 2702
f 2578 2699 2719
f 2578 2719 2579
f 2579 2720 2721
f 2579 2721 2580
f 2579 2719 2720
f 2580 2721 2720
f 2580 2720 2722
f 2580 2722 2723
f 2580 2723 2724
f 2580 2724 2581
f 2581 2724 2582
f 2582 2725 2583
f 2582 2724 2725
f 2583 2725 2586
f 2583 2586 2584
f 2586 2725 2726
f 2586 2726 2587
f 2587 2726 2727
f 2587 2727 2728
f 2587 2728 2588
f 2588 2729 2730
f 2588 2730 2731
f 2588 2731 2732
f 2588 2732 2733
f 2588 2733 2589
f 2588 2728 2729
f 2589 2733 2732
f 2589 2732 2734
f 2589 2734 2590
f 2590 2734 2735
f 2590 2735 2591
f 2591 2735 2736
f 2591 2736 2737
f 2591 2737 2593
f 2592 2593 2738
f 2592 2738 2594
f 2593 2737 2739
f 2593 2739 2738
f 2594 2738 2599
f 2594 2599 2595
f 2595 2599 2597
f 2595 2597 2596
f 2597 2599 2598
f 2599 2738 2739
f 2599 2739 2740
f 2599 2740 2741
f 2599 2741 2742
f 2599 2742 2743
f 2599 2743 2744
f 2599 2744 2745
f 2599 2745 2645
f 2601 2632 2605
f 2601 2604 2746
f 2601 2746 2632
f 2602 2633 2634
f 2602 2634 2603
f 2603 2634 2604
f 2604 2632 2746
f 2604 2634 2631
f 2605 2632 2608
f 2607 2612 2613
f 2608 2632 2630
f 2608 2630 2616
f 2610 2615 2611
f 2611 2615 2614
f 2611 2614 2612
f 2612 2614 2613
f 2616 2630 2617
f 2619 2705 2621
f 2619 2620 2623
f 2619 2623 2705
f 2621 2705 2625
f 2622 2747 2748
f 2622 2748 2749
f 2622 2749 2750
f 2622 2750 2623
f 2622 2624 2751
f 2622 2751 2747
f 2623 2750 2705
f 2624 2629 2752
f 2624 2752 2753
f 2624 2753 2754
f 2624 2754 2755
f 2624 2755 2756
f 2624 2756 2751
f 2628 2695 2629
f 2629 2757 2752
f 2629 2695 2757
f 2635 2645 2745
f 2635 2745 2758
f 2635 2758 2636
f 2636 2758 2759
f 2636 2759 2760
f 2636 2760 2639
f 2637 2644 2638
f 2640 2760 2761
f 2640 2761 2762
f 2640 2762 2641
f 2641 2762 2763
f 2641 2763 2764
f 2641 2764 2765
f 2641 2765 2766
f 2641 2766 2642
f 2642 2767 2768
f 2642 2768 2643
f 2642 2766 2767
f 2643 2768 2767
f 2643 2767 2769
f 2643 2769 2770
f 2646 2649 2647
f 2648 2650 2771
f 2648 2771 2772
f 2648 2772 2773
f 2648 2773 2774
f 2648 2774 2775
f 2648 2775 2776
f 2648 2776 2777
f 2648 2777 2651
f 2649 2670 2669
f 2649 2669 2650
f 2650 2669 2668
f 2650 2668 2771
f 2651 2777 2778
f 2651 2778 2779
f 2651 2779 2663
f 2652 2780 2656
f 2652 2662 2780
f 2653 2661 2654
f 2654 2664 2655
f 2654 2661 2664
f 2656 2781 2782
f 2656 2782 2657
f 2656 2780 2783
f 2656 2783 2784
f 2656 2784 2785
f 2656 2785 2786
f 2656 2786 2781
f 2657 2782 2787
f 2657 2787 2658
f 2658 2787 2788
f 2658 2788 2660
f 2658 2660 2659
f 2660 2788 2789
f 2660 2789 2790
f 2660 2790 2661
f 2661 2790 2664
f 2662 2663 2791
f 2662 2791 2792
f 2662 2792 2780
f 2663 2779 2791
f 2664 2790 2793
f 2664 2793 2794
f 2664 2794 2795
f 2664 2795 2665
f 2665 2795 2796
f 2665 2796 2666
f 2666 2796 2797
f 2666 2797 2798
f 2666 2798 2799
f 2666 2799 2667
f 2667 2799 2798
f 2667 2798 2671
f 2671 2798 2800
f 2671 2800 2801
f 2671 2801 2802
f 2671 2802 2673
f 2671 2673 2672
f 2673 2802 2803
f 2673 2803 2679
f 2673 2679 2674
f 2674 2679 2675
f 2676 2678 2677
f 2679 2803 2680
f 2680 2804 2681
f 2680 2803 2804
f 2681 2804 2685
f 2684 2686 2805
f 2684 2805 2687
f 2685 2804 2686
f 2686 2804 2806
f 2686 2806 2805
f 2687 2807 2808
f 2687 2808 2809
f 2687 2809 2810
f 2687 2810 2688
f 2687 2805 2807
f 2688 2810 2811
f 2688 2811 2812
f 2688 2812 2813
f 2688 2813 2689
f 2689 2691 2690
f 2689 2813 2814
f 2689 2814 2691
f 2691 2814 2815
f 2691 2815 2693
f 2691 2693 2692
f 2693 2815 2694
f 2694 2816 2697
f 2694 2815 2816
f 2695 2696 2817
f 2695 2817 2818
f 2695 2818 2819
f 2695 2819 2757
f 2696 2698 2820
f 2696 2820 2821
f 2696 2821 2822
f 2696 2822 2823
f 2696 2823 2817
f 2697 2816 2698
f 2698 2816 2814
f 2698 2814 2824
f 2698 2824 2825
f 2698 2825 2821
f 2698 2821 2820
f 2699 2700 2826
f 2699 2826 2827
f 2699 2827 2719
f 2700 2701 2718
f 2700 2718 2827
f 2700 2827 2826
f 2703 2707 2704
f 2704 2707 2828
f 2704 2828 2829
f 2704 2829 2708
f 2705 2750 2706
f 2706 2750 2707
f 2707 2750 2828
f 2708 2829 2830
f 2708 2830 2709
f 2709 2830 2831
f 2709 2831 2832
f 2709 2832 2833
f 2709 2833 2834
f 2709 2834 2835
f 2709 2835 2836
f 2709 2836 2837
f 2709 2837 2710
f 2710 2837 2712
f 2710 2712 2711
f 2712 2838 2839
f 2712 2839 2840
f 2712 2840 2714
f 2712 2714 2713
f 2712 2837 2836
f 2712 2836 2835
f 2712 2835 2841
f 2712 2841 2838
f 2714 2840 2842
f 2714 2842 2716
f 2714 2716 2715
f 2716 2842 2843
f 2716 2843 2844
f 2716 2844 2717
f 2717 2844 2843
f 2717 2843 2845
f 2717 2845 2846
f 2717 2846 2718
f 2718 2846 2847
f 2718 2847 2848
f 2718 2848 2827
f 2719 2827 2847
f 2719 2847 2849
f 2719 2849 2720
f 2720 2849 2722
f 2722 2850 2723
f 2722 2849 2850
f 2723 2850 2851
f 2723 2851 2852
f 2723 2852 2724
f 2724 2853 2854
f 2724 2854 2725
f 2724 2852 2853
f 2725 2854 2726
f 2726 2854 2727
f 2727 2854 2853
f 2727 2853 2855
f 2727 2855 2856
f 2727 2856 2857
f 2727 2857 2728
f 2728 2857 2729
f 2729 2858 2730
f 2729 2857 2858
f 2730 2858 2731
f 2731 2859 2860
f 2731 2860 2732
f 2731 2858 2861
f 2731 2861 2859
f 2732 2860 2862
f 2732 2862 2734
f 2734 2862 2863
f 2734 2863 2864
f 2734 2864 2735
f 2735 2864 2736
f 2736 2864 2741
f 2736 2741 2740
f 2736 2740 2739
f 2736 2739 2737
f 2741 2864 2865
f 2741 2865 2742
f 2742 2865 2743
f 2743 2865 2758
f 2743 2758 2745
f 2743 2745 2744
f 2747 2751 2756
f 2747 2756 2748
f 2748 2866 2867
f 2748 2867 2749
f 2748 2756 2866
f 2749 2868 2869
f 2749 2869 2750
f 2749 2867 2868
f 2750 2869 2870
f 2750 2870 2828
f 2752 2757 2871
f 2752 2871 2872
f 2752 2872 2753
f 2753 2872 2754
f 2754 2872 2755
f 2755 2872 2873
f 2755 2873 2874
f 2755 2874 2875
f 2755 2875 2756
f 2756 2875 2876
f 2756 2876 2877
f 2756 2877 2878
f 2756 2878 2866
f 2757 2819 2871
f 2758 2865 2759
f 2759 2865 2760
f 2760 2865 2879
f 2760 2879 2761
f 2761 2879 2880
f 2761 2880 2762
f 2762 2880 2881
f 2762 2881 2882
f 2762 2882 2763
f 2763 2883 2764
f 2763 2882 2858
f 2763 2858 2883
f 2764 2883 2766
f 2764 2766 2765
f 2766 2884 2769
f 2766 2769 2767
f 2766 2883 2856
f 2766 2856 2885
f 2766 2885 2886
f 2766 2886 2887
f 2766 2887 2888
f 2766 2888 2889
f 2766 2889 2890
f 2766 2890 2884
f 2769 2891 2770
f 2769 2884 2892
f 2769 2892 2891
f 2779 2893 2791
f 2780 2792 2894
f 2780 2894 2783
f 2782 2895 2896
f 2782 2896 2788
f 2782 2788 2787
f 2783 2894 2897
f 2783 2897 2898
f 2783 2898 2899
f 2783 2899 2900
f 2783 2900 2784
f 2788 2896 2789
f 2789 2896 2901
f 2789 2901 2902
f 2789 2902 2793
f 2789 2793 2790
f 2791 2903 2792
f 2791 2893 2903
f 2792 2903 2894
f 2793 2902 2904
f 2793 2904 2794
f 2794 2904 2905
f 2794 2905 2795
f 2795 2905 2796
f 2796 2905 2906
f 2796 2906 2797
f 2797 2906 2798
f 2798 2906 2907
f 2798 2907 2908
f 2798 2908 2800
f 2800 2908 2802
f 2800 2802 2801
f 2802 2909 2803
f 2802 2908 2907
f 2802 2907 2909
f 2803 2909 2910
f 2803 2910 2911
f 2803 2911 2806
f 2803 2806 2804
f 2805 2806 2912
f 2805 2912 2913
f 2805 2913 2914
f 2805 2914 2807
f 2806 2911 2912
f 2807 2914 2808
f 2808 2915 2916
f 2808 2916 2809
f 2808 2914 2913
f 2808 2913 2917
f 2808 2917 2918
f 2808 2918 2919
f 2808 2919 2915
f 2809 2916 2920
f 2809 2920 2921
f 2809 2921 2810
f 2810 2921 2922
f 2810 2922 2812
f 2810 2812 2811
f 2812 2922 2821
f 2812 2821 2813
f 2813 2821 2825
f 2813 2825 2814
f 2814 2825 2824
f 2814 2816 2815
f 2817 2823 2923
f 2817 2923 2873
f 2817 2873 2818
f 2818 2871 2819
f 2818 2873 2871
f 2821 2924 2925
f 2821 2925 2926
f 2821 2926 2822
f 2821 2922 2924
f 2822 2926 2925
f 2822 2925 2823
f 2823 2925 2927
f 2823 2927 2928
f 2823 2928 2929
f 2823 2929 2923
f 2827 2848 2847
f 2828 2870 2829
f 2829 2870 2869
f 2829 2869 2930
f 2829 2930 2931
f 2829 2931 2932
f 2829 2932 2933
f 2829 2933 2934
f 2829 2934 2935
f 2829 2935 2830
f 2830 2935 2936
f 2830 2936 2937
f 2830 2937 2831
f 2831 2937 2938
f 2831 2938 2939
f 2831 2939 2940
f 2831 2940 2832
f 2832 2940 2941
f 2832 2941 2833
f 2833 2941 2942
f 2833 2942 2834
f 2834 2942 2943
f 2834 2943 2835
f 2835 2943 2944
f 2835 2944 2841
f 2838 2841 2945
f 2838 2945 2839
f 2839 2945 2946
f 2839 2946 2845
f 2839 2845 2843
f 2839 2843 2840
f 2840 2843 2842
f 2841 2947 2948
f 2841 2948 2949
f 2841 2949 2950
f 2841 2950 2951
f 2841 2951 2945
f 2841 2944 2947
f 2845 2946 2952
f 2845 2952 2953
f 2845 2953 2954
f 2845 2954 2847
f 2845 2847 2846
f 2847 2954 2955
f 2847 2955 2956
f 2847 2956 2957
f 2847 2957 2958
f 2847 2958 2959
f 2847 2959 2849
f 2849 2959 2850
f 2850 2852 2851
f 2850 2959 2960
f 2850 2960 2852
f 2852 2960 2961
f 2852 2961 2962
f 2852 2962 2963
f 2852 2963 2964
f 2852 2964 2965
f 2852 2965 2966
f 2852 2966 2853
f 2853 2966 2855
f 2855 2966 2965
f 2855 2965 2856
f 2856 2967 2885
f 2856 2883 2858
f 2856 2858 2857
f 2856 2965 2964
f 2856 2964 2968
f 2856 2968 2967
f 2858 2882 2861
f 2859 2861 2882
f 2859 2882 2860
f 2860 2882 2969
f 2860 2969 2862
f 2862 2969 2863
f 2863 2969 2970
f 2863 2970 2880
f 2863 2880 2971
f 2863 2971 2972
f 2863 2972 2865
f 2863 2865 2864
f 2865 2972 2879
f 2866 2973 2974
f 2866 2974 2867
f 2866 2878 2975
f 2866 2975 2973
f 2867 2974 2976
f 2867 2976 2977
f 2867 2977 2868
f 2868 2977 2869
f 2869 2977 2930
f 2871 2873 2978
f 2871 2978 2872
f 2872 2978 2873
f 2873 2923 2979
f 2873 2979 2980
f 2873 2980 2874
f 2874 2980 2981
f 2874 2981 2875
f 2875 2981 2982
f 2875 2982 2983
f 2875 2983 2876
f 2876 2984 2985
f 2876 2985 2986
f 2876 2986 2877
f 2876 2983 2987
f 2876 2987 2984
f 2877 2986 2878
f 2878 2988 2989
f 2878 2989 2975
f 2878 2986 2990
f 2878 2990 2991
f 2878 2991 2988
f 2879 2972 2971
f 2879 2971 2880
f 2880 2970 2881
f 2881 2970 2882
f 2882 2970 2969
f 2884 2992 2892
f 2884 2890 2992
f 2885 2993 2886
f 2885 2967 2993
f 2886 2993 2887
f 2887 2994 2889
f 2887 2889 2888
f 2887 2993 2995
f 2887 2995 2996
f 2887 2996 2997
f 2887 2997 2998
f 2887 2998 2994
f 2889 2999 2890
f 2889 2994 3000
f 2889 3000 3001
f 2889 3001 2999
f 2893 3002 2894
f 2893 2894 2903
f 2894 3002 2897
f 2895 3003 2896
f 2896 3004 2901
f 2896 3003 3004
f 2897 3005 2898
f 2898 3005 2899
f 2901 3006 2902
f 2901 3004 3006
f 2902 3006 3007
f 2902 3007 3008
f 2902 3008 3009
f 2902 3009 3010
f 2902 3010 2904
f 2904 3010 3011
f 2904 3011 3009
f 2904 3009 3012
f 2904 3012 3013
f 2904 3013 2905
f 2905 3013 3014
f 2905 3014 2906
f 2906 3014 2907
f 2907 3014 3015
f 2907 3015 3016
f 2907 3016 3017
f 2907 3017 2909
f 2909 3017 3016
f 2909 3016 2910
f 2910 3016 2912
f 2910 2912 2911
f 2912 3016 2913
f 2913 3016 2917
f 2915 3018 3019
f 2915 3019 3020
f 2915 3020 2921
f 2915 2921 2920
f 2915 2920 2916
f 2915 2919 3021
f 2915 3021 3022
f 2915 3022 3018
f 2917 3016 3015
f 2917 3015 2918
f 2918 3015 3023
f 2918 3023 3024
f 2918 3024 3025
f 2918 3025 2919
f 2919 3025 3021
f 2921 3020 3026
f 2921 3026 3027
f 2921 3027 3028
f 2921 3028 3029
f 2921 3029 2922
f 2922 3029 2924
f 2923 2929 2979
f 2924 3029 3030
f 2924 3030 2925
f 2925 3030 2927
f 2927 3030 3028
f 2927 3028 3031
f 2927 3031 3032
f 2927 3032 2928
f 2928 3032 2929
f 2929 3032 2979
f 2930 2977 2976
f 2930 2976 3033
f 2930 3033 2931
f 2931 3033 3034
f 2931 3034 3035
f 2931 3035 3036
f 2931 3036 2932
f 2932 3037 3038
f 2932 3038 2933
f 2932 3036 3039
f 2932 3039 3037
f 2933 3038 3040
f 2933 3040 2934
f 2934 3040 2936
f 2934 2936 2935
f 2936 2939 2937
f 2936 3040 3041
f 2936 3041 2939
f 2937 2939 2938
f 2939 3041 3042
f 2939 3042 3043
f 2939 3043 3044
f 2939 3044 3045
f 2939 3045 3046
f 2939 3046 2940
f 2940 3046 3047
f 2940 3047 2941
f 2941 3047 3048
f 2941 3048 3049
f 2941 3049 2942
f 2942 3049 3050
f 2942 3050 3051
f 2942 3051 3052
f 2942 3052 3053
f 2942 3053 2943
f 2943 3053 2944
f 2944 3053 3052
f 2944 3052 2948
f 2944 2948 2947
f 2945 2951 3054
f 2945 3054 2952
f 2945 2952 2946
f 2948 3052 3055
f 2948 3055 2949
f 2949 3055 2950
f 2950 3056 3057
f 2950 3057 3054
f 2950 3054 2951
f 2950 3055 3058
f 2950 3058 3056
f 2952 3054 3059
f 2952 3059 3060
f 2952 3060 2955
f 2952 2955 2954
f 2952 2954 2953
f 2955 3060 2956
f 2956 2958 2957
f 2956 3060 3061
f 2956 3061 2960
f 2956 2960 2959
f 2956 2959 2958
f 2960 3061 2961
f 2961 3061 3062
f 2961 3062 2962
f 2962 3062 3063
f 2962 3063 3064
f 2962 3064 2963
f 2963 3064 2964
f 2964 3064 3065
f 2964 3065 2968
f 2967 3066 2993
f 2967 2968 3066
f 2968 3065 3067
f 2968 3067 3068
f 2968 3068 2996
f 2968 2996 3069
f 2968 3069 2995
f 2968 2995 3066
f 2973 2975 3070
f 2973 3070 3035
f 2973 3035 3034
f 2973 3034 2974
f 2974 3034 3033
f 2974 3033 2976
f 2975 2989 3070
f 2979 3071 3072
f 2979 3072 2980
f 2979 3032 3073
f 2979 3073 3071
f 2980 3072 2982
f 2980 2982 2981
f 2982 3072 2983
f 2983 3072 2987
f 2984 3074 2985
f 2984 2987 3074
f 2985 3075 2986
f 2985 3074 3076
f 2985 3076 3077
f 2985 3077 3075
f 2986 3075 2991
f 2986 2991 2990
f 2987 3072 3078
f 2987 3078 3074
f 2988 2991 3079
f 2988 3079 3080
f 2988 3080 3081
f 2988 3081 3082
f 2988 3082 3083
f 2988 3083 2989
f 2989 3083 3070
f 2991 3075 3084
f 2991 3084 3085
f 2991 3085 3086
f 2991 3086 3079
f 2993 3066 2995
f 2994 2998 3087
f 2994 3087 3000
f 2995 3069 2996
f 2996 3068 3067
f 2996 3067 3088
f 2996 3088 2997
f 2997 3088 3089
f 2997 3089 3090
f 2997 3090 3091
f 2997 3091 3092
f 2997 3092 3000
f 2997 3000 2998
f 2998 3000 3087
f 2999 3001 3093
f 2999 3093 3094
f 3000 3092 3001
f 3001 3092 3095
f 3001 3095 3216
f 3001 3216 3093
f 3004 3096 3007
f 3004 3007 3006
f 3007 3096 3097
f 3007 3097 3098
f 3007 3098 3099
f 3007 3099 3100
f 3007 3100 3008
f 3008 3101 3009
f 3008 3100 3101
f 3009 3102 3103
f 3009 3103 3104
f 3009 3104 3013
f 3009 3013 3012
f 3009 3011 3010
f 3009 3101 3105
f 3009 3105 3106
f 3009 3106 3107
f 3009 3107 3108
f 3009 3108 3109
f 3009 3109 3102
f 3013 3110 3014
f 3013 3104 3111
f 3013 3111 3112
f 3013 3112 3110
f 3014 3110 3015
f 3015 3110 3113
f 3015 3113 3114
f 3015 3114 3024
f 3015 3024 3023
f 3018 3022 3115
f 3018 3115 3118
f 3018 3118 3019
f 3019 3116 3117
f 3019 3117 3020
f 3019 3118 3119
f 3019 3119 3116
f 3020 3117 3120
f 3020 3120 3121
f 3020 3121 3122
f 3020 3122 3026
f 3021 3025 3022
f 3022 3025 3115
f 3024 3114 3025
f 3025 3114 3123
f 3025 3123 3115
f 3026 3122 3027
f 3027 3122 3124
f 3027 3124 3125
f 3027 3125 3028
f 3028 3125 3126
f 3028 3126 3127
f 3028 3127 3128
f 3028 3128 3129
f 3028 3129 3032
f 3028 3032 3031
f 3028 3030 3029
f 3032 3129 3130
f 3032 3130 3073
f 3035 3070 3131
f 3035 3131 3036
f 3036 3131 3132
f 3036 3132 3133
f 3036 3133 3039
f 3037 3134 3135
f 3037 3135 3038
f 3037 3039 3134
f 3038 3135 3040
f 3039 3136 3134
f 3039 3133 3136
f 3040 3137 3138
f 3040 3138 3139
f 3040 3139 3140
f 3040 3140 3042
f 3040 3042 3041
f 3040 3135 3134
f 3040 3134 3141
f 3040 3141 3136
f 3040 3136 3137
f 3042 3140 3043
f 3043 3140 3142
f 3043 3142 3044
f 3044 3143 3045
f 3044 3142 3144
f 3044 3144 3145
f 3044 3145 3146
f 3044 3146 3147
f 3044 3147 3148
f 3044 3148 3149
f 3044 3149 3049
f 3044 3049 3143
f 3045 3143 3046
f 3046 3143 3150
f 3046 3150 3048
f 3046 3048 3047
f 3048 3150 3049
f 3049 3151 3152
f 3049 3152 3050
f 3049 3150 3143
f 3049 3149 3147
f 3049 3147 3153
f 3049 3153 3151
f 3050 3152 3154
f 3050 3154 3155
f 3050 3155 3051
f 3051 3155 3052
f 3052 3155 3156
f 3052 3156 3157
f 3052 3157 3055
f 3054 3057 3158
f 3054 3158 3059
f 3055 3159 3058
f 3055 3157 3159
f 3056 3058 3160
f 3056 3160 3161
f 3056 3161 3057
f 3057 3161 3162
f 3057 3162 3158
f 3058 3159 3160
f 3059 3158 3060
f 3060 3158 3061
f 3061 3163 3062
f 3061 3158 3162
f 3061 3162 3161
f 3061 3161 3164
f 3061 3164 3163
f 3062 3163 3165
f 3062 3165 3063
f 3063 3165 3064
f 3064 3165 3166
f 3064 3166 3167
f 3064 3167 3168
f 3064 3168 3169
f 3064 3169 3170
f 3064 3170 3065
f 3065 3171 3067
f 3065 3170 3171
f 3067 3171 3172
f 3067 3172 3089
f 3067 3089 3088
f 3070 3083 3131
f 3071 3073 3072
f 3072 3073 3078
f 3073 3130 3173
f 3073 3173 3174
f 3073 3174 3175
f 3073 3175 3176
f 3073 3176 3177
f 3073 3177 3178
f 3073 3178 3179
f 3073 3179 3180
f 3073 3180 3076
f 3073 3076 3181
f 3073 3181 3078
f 3074 3078 3181
f 3074 3181 3076
f 3075 3077 3182
f 3075 3182 3084
f 3076 3180 3183
f 3076 3183 3184
f 3076 3184 3185
f 3076 3185 3186
f 3076 3186 3187
f 3076 3187 3188
f 3076 3188 3189
f 3076 3189 3190
f 3076 3190 3077
f 3077 3190 3182
f 3079 3086 3191
f 3079 3191 3081
f 3079 3081 3080
f 3081 3191 3192
f 3081 3192 3082
f 3082 3193 3194
f 3082 3194 3195
f 3082 3195 3196
f 3082 3196 3197
f 3082 3197 3131
f 3082 3131 3083
f 3082 3192 3198
f 3082 3198 3199
f 3082 3199 3193
f 3084 3182 3200
f 3084 3200 3085
f 3085 3200 3086
f 3086 3200 3190
f 3086 3190 3201
f 3086 3201 3202
f 3086 3202 3203
f 3086 3203 3191
f 3089 3172 3204
f 3089 3204 3205
f 3089 3205 3206
f 3089 3206 3207
f 3089 3207 3090
f 3090 3207 3091
f 3091 3208 3092
f 3091 3207 3209
f 3091 3209 3210
f 3091 3210 3211
f 3091 3211 3212
f 3091 3212 3213
f 3091 3213 3214
f 3091 3214 3215
f 3091 3215 3208
f 3092 3208 3095
f 3093 3216 3217
f 3093 3217 3094
f 3095 3208 3218
f 3095 3218 3219
f 3095 3219 3216
f 3096 3220 3097
f 3097 3220 3221
f 3097 3221 3222
f 3097 3222 3098
f 3098 3222 3223
f 3098 3223 3099
f 3099 3223 3224
f 3099 3224 3100
f 3100 3224 3225
f 3100 3225 3226
f 3100 3226 3101
f 3101 3226 3227
f 3101 3227 3228
f 3101 3228 3105
f 3102 3229 3103
f 3102 3109 3229
f 3103 3230 3111
f 3103 3111 3104
f 3103 3229 3231
f 3103 3231 3232
f 3103 3232 3233
f 3103 3233 3230
f 3105 3228 3234
f 3105 3234 3235
f 3105 3235 3236
f 3105 3236 3106
f 3106 3236 3237
f 3106 3237 3238
f 3106 3238 3107
f 3107 3238 3239
f 3107 3239 3108
f 3108 3239 3109
f 3109 3239 3240
f 3109 3240 3241
f 3109 3241 3242
f 3109 3242 3243
f 3109 3243 3244
f 3109 3244 3245
f 3109 3245 3246
f 3109 3246 3232
f 3109 3232 3229
f 3110 3112 3113
f 3111 3230 3247
f 3111 3247 3248
f 3111 3248 3112
f 3112 3248 3249
f 3112 3249 3250
f 3112 3250 3113
f 3113 3250 3251
f 3113 3251 3252
f 3113 3252 3253
f 3113 3253 3118
f 3113 3118 3254
f 3113 3254 3114
f 3114 3254 3115
f 3114 3115 3123
f 3115 3254 3118
f 3116 3255 3121
f 3116 3121 3120
f 3116 3120 3117
f 3116 3119 3251
f 3116 3251 3256
f 3116 3256 3255
f 3118 3253 3119
f 3119 3253 3252
f 3119 3252 3257
f 3119 3257 3251
f 3121 3255 3258
f 3121 3258 3259
f 3121 3259 3260
f 3121 3260 3261
f 3121 3261 3262
f 3121 3262 3124
f 3121 3124 3122
f 3124 3262 3125
f 3125 3262 3263
f 3125 3263 3126
f 3126 3263 3264
f 3126 3264 3127
f 3127 3264 3265
f 3127 3265 3175
f 3127 3175 3174
f 3127 3174 3173
f 3127 3173 3129
f 3127 3129 3128
f 3129 3173 3130
f 3131 3197 3132
f 3132 3197 3196
f 3132 3196 3266
f 3132 3266 3133
f 3133 3266 3267
f 3133 3267 3268
f 3133 3268 3136
f 3134 3136 3141
f 3136 3268 3269
f 3136 3269 3270
f 3136 3270 3271
f 3136 3271 3142
f 3136 3142 3138
f 3136 3138 3137
f 3138 3142 3140
f 3138 3140 3139
f 3142 3271 3272
f 3142 3272 3144
f 3144 3272 3145
f 3145 3272 3270
f 3145 3270 3273
f 3145 3273 3274
f 3145 3274 3146
f 3146 3275 3147
f 3146 3274 3275
f 3147 3149 3148
f 3147 3275 3276
f 3147 3276 3153
f 3151 3277 3278
f 3151 3278 3154
f 3151 3154 3152
f 3151 3153 3279
f 3151 3279 3277
f 3153 3276 3280
f 3153 3280 3281
f 3153 3281 3282
f 3153 3282 3279
f 3154 3157 3156
f 3154 3156 3155
f 3154 3278 3157
f 3157 3278 3283
f 3157 3283 3284
f 3157 3284 3159
f 3159 3284 3285
f 3159 3285 3286
f 3159 3286 3160
f 3160 3286 3164
f 3160 3164 3161
f 3163 3166 3165
f 3163 3164 3166
f 3164 3287 3288
f 3164 3288 3166
f 3164 3286 3287
f 3166 3288 3167
f 3167 3288 3289
f 3167 3289 3168
f 3168 3289 3290
f 3168 3290 3291
f 3168 3291 3169
f 3169 3292 3293
f 3169 3293 3294
f 3169 3294 3170
f 3169 3291 3295
f 3169 3295 3292
f 3170 3294 3293
f 3170 3293 3204
f 3170 3204 3171
f 3171 3204 3172
f 3175 3265 3296
f 3175 3296 3177
f 3175 3177 3176
f 3177 3297 3298
f 3177 3298 3178
f 3177 3296 3297
f 3178 3298 3184
f 3178 3184 3179
f 3179 3184 3180
f 3180 3184 3183
f 3182 3190 3200
f 3184 3299 3300
f 3184 3300 3301
f 3184 3301 3186
f 3184 3186 3185
f 3184 3298 3297
f 3184 3297 3302
f 3184 3302 3303
f 3184 3303 3304
f 3184 3304 3299
f 3186 3301 3305
f 3186 3305 3306
f 3186 3306 3187
f 3187 3306 3305
f 3187 3305 3307
f 3187 3307 3188
f 3188 3307 3308
f 3188 3308 3309
f 3188 3309 3310
f 3188 3310 3311
f 3188 3311 3312
f 3188 3312 3189
f 3189 3312 3190
f 3190 3312 3201
f 3191 3313 3198
f 3191 3198 3192
f 3191 3203 3313
f 3193 3199 3194
f 3194 3314 3315
f 3194 3315 3195
f 3194 3199 3313
f 3194 3313 3316
f 3194 3316 3317
f 3194 3317 3314
f 3195 3315 3374
f 3195 3374 3266
f 3195 3266 3196
f 3198 3313 3199
f 3201 3312 3203
f 3201 3203 3202
f 3203 3318 3313
f 3203 3312 3319
f 3203 3319 3310
f 3203 3310 3318
f 3204 3293 3205
f 3205 3293 3292
f 3205 3292 3320
f 3205 3320 3206
f 3206 3320 3321
f 3206 3321 3322
f 3206 3322 3323
f 3206 3323 3209
f 3206 3209 3207
f 3208 3215 3324
f 3208 3324 3325
f 3208 3325 3218
f 3209 3323 3210
f 3210 3323 3326
f 3210 3326 3211
f 3211 3327 3212
f 3211 3326 3328
f 3211 3328 3329
f 3211 3329 3327
f 3212 3327 3330
f 3212 3330 3331
f 3212 3331 3213
f 3216 3219 3332
f 3216 3332 3333
f 3216 3333 3334
f 3216 3334 3217
f 3218 3325 3219
f 3219 3325 3335
f 3219 3335 3332
f 3222 3336 3223
f 3223 3336 3337
f 3223 3337 3338
f 3223 3338 3224
f 3224 3339 3340
f 3224 3340 3341
f 3224 3341 3342
f 3224 3342 3225
f 3224 3338 3343
f 3224 3343 3344
f 3224 3344 3339
f 3225 3342 3226
f 3226 3342 3227
f 3227 3342 3345
f 3227 3345 3346
f 3227 3346 3234
f 3227 3234 3228
f 3229 3232 3231
f 3230 3233 3247
f 3232 3246 3233
f 3233 3246 3245
f 3233 3245 3347
f 3233 3347 3348
f 3233 3348 3349
f 3233 3349 3247
f 3234 3346 3350
f 3234 3350 3351
f 3234 3351 3235
f 3235 3351 3352
f 3235 3352 3353
f 3235 3353 3354
f 3235 3354 3355
f 3235 3355 3236
f 3236 3355 3354
f 3236 3354 3356
f 3236 3356 3237
f 3237 3356 3357
f 3237 3357 3358
f 3237 3358 3238
f 3238 3358 3239
f 3239 3358 3240
f 3240 3358 3241
f 3241 3358 3357
f 3241 3357 3359
f 3241 3359 3360
f 3241 3360 3242
f 3242 3360 3361
f 3242 3361 3362
f 3242 3362 3363
f 3242 3363 3364
f 3242 3364 3243
f 3243 3364 3244
f 3244 3365 3245
f 3244 3364 3366
f 3244 3366 3367
f 3244 3367 3365
f 3245 3365 3347
f 3247 3249 3248
f 3247 3349 3348
f 3247 3348 3256
f 3247 3256 3249
f 3249 3256 3250
f 3250 3256 3251
f 3251 3257 3252
f 3255 3256 3348
f 3255 3348 3258
f 3258 3368 3369
f 3258 3369 3370
f 3258 3370 3371
f 3258 3371 3372
f 3258 3372 3373
f 3258 3373 3259
f 3258 3348 3368
f 3259 3373 3372
f 3259 3372 3371
f 3259 3371 3296
f 3259 3296 3264
f 3259 3264 3260
f 3260 3264 3263
f 3260 3263 3262
f 3260 3262 3261
f 3264 3296 3265
f 3266 3374 3375
f 3266 3375 3376
f 3266 3376 3270
f 3266 3270 3269
f 3266 3269 3268
f 3266 3268 3267
f 3270 3376 3273
f 3270 3272 3271
f 3273 3377 3274
f 3273 3376 3378
f 3273 3378 3377
f 3274 3377 3378
f 3274 3378 3379
f 3274 3379 3380
f 3274 3380 3381
f 3274 3381 3382
f 3274 3382 3383
f 3274 3383 3275
f 3275 3383 3276
f 3276 3383 3384
f 3276 3384 3385
f 3276 3385 3386
f 3276 3386 3387
f 3276 3387 3280
f 3277 3279 3282
f 3277 3282 3278
f 3278 3282 3388
f 3278 3388 3283
f 3280 3388 3282
f 3280 3282 3281
f 3280 3387 3386
f 3280 3386 3388
f 3283 3388 3389
f 3283 3389 3390
f 3283 3390 3285
f 3283 3285 3284
f 3285 3390 3286
f 3286 3390 3287
f 3287 3390 3288
f 3288 3391 3290
f 3288 3290 3289
f 3288 3390 3389
f 3288 3389 3391
f 3290 3391 3389
f 3290 3389 3291
f 3291 3389 3392
f 3291 3392 3393
f 3291 3393 3394
f 3291 3394 3295
f 3292 3395 3320
f 3292 3295 3394
f 3292 3394 3395
f 3296 3371 3297
f 3297 3396 3302
f 3297 3371 3396
f 3299 3304 3397
f 3299 3397 3300
f 3300 3398 3301
f 3300 3397 3399
f 3300 3399 3398
f 3301 3398 3305
f 3302 3396 3303
f 3303 3371 3400
f 3303 3400 3304
f 3303 3396 3371
f 3304 3400 3401
f 3304 3401 3402
f 3304 3402 3397
f 3305 3403 3404
f 3305 3404 3405
f 3305 3405 3307
f 3305 3398 3403
f 3307 3405 3308
f 3308 3405 3406
f 3308 3406 3310
f 3308 3310 3309
f 3310 3406 3407
f 3310 3407 3316
f 3310 3316 3318
f 3310 3319 3311
f 3311 3319 3312
f 3313 3318 3316
f 3314 3408 3315
f 3314 3317 3316
f 3314 3316 3408
f 3315 3408 3409
f 3315 3409 3410
f 3315 3410 3411
f 3315 3411 3412
f 3315 3412 3375
f 3315 3375 3374
f 3316 3407 3408
f 3320 3395 3413
f 3320 3413 3414
f 3320 3414 3415
f 3320 3415 3321
f 3321 3415 3326
f 3321 3326 3322
f 3322 3326 3323
f 3326 3415 3328
f 3327 3329 3330
f 3328 3416 3417
f 3328 3417 3418
f 3328 3418 3419
f 3328 3419 3420
f 3328 3420 3329
f 3328 3415 3414
f 3328 3414 3416
f 3329 3420 3330
f 3330 3421 3331
f 3330 3420 3422
f 3330 3422 3423
f 3330 3423 3421
f 3337 3343 3338
f 3339 3424 3341
f 3339 3341 3340
f 3339 3344 3343
f 3341 3424 3425
f 3341 3425 3426
f 3341 3426 3427
f 3341 3427 3345
f 3341 3345 3342
f 3345 3427 3428
f 3345 3428 3346
f 3346 3428 3350
f 3347 3365 3429
f 3347 3429 3348
f 3348 3429 3430
f 3348 3430 3431
f 3348 3431 3432
f 3348 3432 3368
f 3350 3428 3351
f 3351 3433 3353
f 3351 3353 3352
f 3351 3428 3433
f 3353 3434 3354
f 3353 3433 3435
f 3353 3435 3436
f 3353 3436 3437
f 3353 3437 3438
f 3353 3438 3434
f 3354 3434 3356
f 3356 3434 3357
f 3357 3434 3359
f 3359 3439 3440
f 3359 3440 3441
f 3359 3441 3360
f 3359 3434 3439
f 3360 3441 3361
f 3361 3440 3442
f 3361 3442 3443
f 3361 3443 3362
f 3361 3441 3440
f 3362 3444 3363
f 3362 3443 3445
f 3362 3445 3444
f 3363 3446 3447
f 3363 3447 3364
f 3363 3444 3448
f 3363 3448 3449
f 3363 3449 3446
f 3364 3447 3366
f 3365 3367 3450
f 3365 3450 3451
f 3365 3451 3430
f 3365 3430 3429
f 3366 3447 3446
f 3366 3446 3452
f 3366 3452 3367
f 3367 3452 3397
f 3367 3397 3450
f 3368 3432 3370
f 3368 3370 3369
f 3370 3432 3430
f 3370 3430 3453
f 3370 3453 3371
f 3371 3453 3454
f 3371 3454 3400
f 3375 3412 3376
f 3376 3412 3378
f 3378 3412 3379
f 3379 3412 3380
f 3380 3455 3381
f 3380 3412 3411
f 3380 3411 3455
f 3381 3455 3456
f 3381 3456 3382
f 3382 3456 3457
f 3382 3457 3383
f 3383 3457 3384
f 3384 3457 3458
f 3384 3458 3459
f 3384 3459 3460
f 3384 3460 3461
f 3384 3461 3462
f 3384 3462 3385
f 3385 3462 3386
f 3386 3462 3460
f 3386 3460 3463
f 3386 3463 3464
f 3386 3464 3465
f 3386 3465 3466
f 3386 3466 3388
f 3388 3467 3468
f 3388 3468 3469
f 3388 3469 3389
f 3388 3466 3465
f 3388 3465 3467
f 3389 3469 3392
f 3392 3469 3393
f 3393 3469 3470
f 3393 3470 3394
f 3394 3470 3418
f 3394 3418 3417
f 3394 3417 3414
f 3394 3414 3413
f 3394 3413 3395
f 3397 3402 3454
f 3397 3454 3450
f 3397 3452 3449
f 3397 3449 3471
f 3397 3471 3399
f 3398 3399 3403
f 3399 3472 3473
f 3399 3473 3474
f 3399 3474 3475
f 3399 3475 3476
f 3399 3476 3477
f 3399 3477 3403
f 3399 3471 3448
f 3399 3448 3472
f 3400 3454 3478
f 3400 3478 3401
f 3401 3478 3402
f 3402 3478 3454
f 3403 3477 3404
f 3404 3477 3405
f 3405 3477 3479
f 3405 3479 3480
f 3405 3480 3481
f 3405 3481 3482
f 3405 3482 3483
f 3405 3483 3406
f 3406 3483 3409
f 3406 3409 3407
f 3407 3409 3408
f 3409 3483 3484
f 3409 3484 3485
f 3409 3485 3410
f 3410 3486 3411
f 3410 3485 3484
f 3410 3484 3487
f 3410 3487 3486
f 3411 3486 3487
f 3411 3487 3488
f 3411 3488 3456
f 3411 3456 3455
f 3414 3417 3416
f 3418 3470 3489
f 3418 3489 3490
f 3418 3490 3419
f 3419 3422 3420
f 3419 3490 3423
f 3419 3423 3422
f 3421 3423 3491
f 3421 3491 3492
f 3421 3492 3493
f 3423 3490 3494
f 3423 3494 3495
f 3423 3495 3491
f 3424 3496 3425
f 3425 3496 3426
f 3426 3497 3498
f 3426 3498 3499
f 3426 3499 3500
f 3426 3500 3501
f 3426 3501 3502
f 3426 3502 3428
f 3426 3428 3427
f 3426 3496 3497
f 3428 3502 3503
f 3428 3503 3504
f 3428 3504 3505
f 3428 3505 3433
f 3430 3432 3431
f 3430 3451 3454
f 3430 3454 3453
f 3433 3505 3435
f 3434 3438 3439
f 3435 3505 3506
f 3435 3506 3436
f 3436 3506 3507
f 3436 3507 3437
f 3437 3507 3508
f 3437 3508 3438
f 3438 3508 3509
f 3438 3509 3440
f 3438 3440 3439
f 3440 3509 3510
f 3440 3510 3442
f 3442 3510 3443
f 3443 3510 3511
f 3443 3511 3512
f 3443 3512 3513
f 3443 3513 3445
f 3444 3445 3513
f 3444 3513 3514
f 3444 3514 3515
f 3444 3515 3473
f 3444 3473 3472
f 3444 3472 3448
f 3446 3449 3452
f 3448 3471 3449
f 3450 3516 3451
f 3450 3454 3516
f 3451 3516 3454
f 3456 3517 3457
f 3456 3488 3517
f 3457 3517 3518
f 3457 3518 3519
f 3457 3519 3458
f 3458 3520 3459
f 3458 3519 3520
f 3459 3520 3521
f 3459 3521 3522
f 3459 3522 3523
f 3459 3523 3524
f 3459 3524 3460
f 3460 3525 3463
f 3460 3462 3461
f 3460 3524 3525
f 3463 3525 3526
f 3463 3526 3527
f 3463 3527 3464
f 3464 3528 3465
f 3464 3527 3529
f 3464 3529 3528
f 3465 3528 3530
f 3465 3530 3467
f 3467 3531 3470
f 3467 3470 3468
f 3467 3530 3532
f 3467 3532 3531
f 3468 3470 3469
f 3470 3531 3533
f 3470 3533 3534
f 3470 3534 3490
f 3470 3490 3489
f 3473 3514 3474
f 3473 3515 3514
f 3474 3535 3475
f 3474 3514 3535
f 3475 3535 3536
f 3475 3536 3537
f 3475 3537 3476
f 3476 3538 3479
f 3476 3479 3477
f 3476 3537 3538
f 3479 3538 3480
f 3480 3539 3540
f 3480 3540 3481
f 3480 3538 3539
f 3481 3540 3541
f 3481 3541 3542
f 3481 3542 3483
f 3481 3483 3482
f 3483 3542 3541
f 3483 3541 3484
f 3484 3541 3543
f 3484 3543 3487
f 3487 3543 3488
f 3488 3543 3518
f 3488 3518 3517
f 3490 3534 3544
f 3490 3544 3545
f 3490 3545 3546
f 3490 3546 3494
f 3491 3495 3492
f 3492 3495 3494
f 3492 3494 3547
f 3492 3547 3548
f 3492 3548 3549
f 3492 3549 3550
f 3492 3550 3493
f 3494 3546 3551
f 3494 3551 3552
f 3494 3552 3547
f 3500 3553 3501
f 3501 3553 3554
f 3501 3554 3555
f 3501 3555 3556
f 3501 3556 3557
f 3501 3557 3502
f 3502 3557 3503
f 3503 3557 3506
f 3503 3506 3504
f 3504 3506 3505
f 3506 3558 3559
f 3506 3559 3560
f 3506 3560 3561
f 3506 3561 3563
f 3506 3563 3507
f 3506 3557 3558
f 3507 3562 3508
f 3507 3563 3562
f 3508 3562 3510
f 3508 3510 3509
f 3510 3562 3563
f 3510 3563 3564
f 3510 3564 3511
f 3511 3564 3565
f 3511 3565 3566
f 3511 3566 3567
f 3511 3567 3568
f 3511 3568 3569
f 3511 3569 3570
f 3511 3570 3513
f 3511 3513 3512
f 3513 3570 3571
f 3513 3571 3514
f 3514 3571 3535
f 3518 3543 3572
f 3518 3572 3519
f 3519 3572 3573
f 3519 3573 3521
f 3519 3521 3520
f 3521 3573 3522
f 3522 3574 3523
f 3522 3573 3574
f 3523 3574 3626
f 3523 3626 3575
f 3523 3575 3576
f 3523 3576 3524
f 3524 3576 3577
f 3524 3577 3525
f 3525 3577 3526
f 3526 3577 3529
f 3526 3529 3527
f 3528 3578 3530
f 3528 3529 3577
f 3528 3577 3576
f 3528 3576 3578
f 3530 3578 3579
f 3530 3579 3532
f 3531 3580 3533
f 3531 3532 3580
f 3532 3579 3581
f 3532 3581 3582
f 3532 3582 3583
f 3532 3583 3580
f 3533 3580 3544
f 3533 3544 3534
f 3535 3584 3585
f 3535 3585 3586
f 3535 3586 3536
f 3535 3571 3587
f 3535 3587 3588
f 3535 3588 3589
f 3535 3589 3584
f 3536 3586 3537
f 3537 3586 3538
f 3538 3586 3590
f 3538 3590 3591
f 3538 3591 3592
f 3538 3592 3593
f 3538 3593 3539
f 3539 3593 3540
f 3540 3593 3594
f 3540 3594 3541
f 3541 3594 3595
f 3541 3595 3596
f 3541 3596 3597
f 3541 3597 3572
f 3541 3572 3543
f 3544 3580 3545
f 3545 3551 3546
f 3545 3580 3598
f 3545 3598 3551
f 3547 3552 3599
f 3547 3599 3600
f 3547 3600 3548
f 3548 3600 3599
f 3551 3601 3602
f 3551 3602 3552
f 3551 3598 3601
f 3552 3602 3603
f 3552 3603 3599
f 3553 3604 3554
f 3554 3604 3605
f 3554 3605 3555
f 3555 3606 3557
f 3555 3557 3556
f 3557 3606 3607
f 3557 3607 3558
f 3558 3607 3608
f 3558 3608 3559
f 3559 3608 3560
f 3560 3609 3610
f 3560 3610 3561
f 3561 3610 3611
f 3561 3611 3563
f 3563 3611 3612
f 3563 3612 3564
f 3564 3613 3614
f 3564 3614 3565
f 3564 3612 3613
f 3565 3614 3615
f 3565 3615 3616
f 3565 3616 3617
f 3565 3617 3618
f 3565 3618 3619
f 3565 3619 3566
f 3566 3619 3567
f 3567 3569 3568
f 3567 3619 3620
f 3567 3620 3569
f 3569 3620 3621
f 3569 3621 3587
f 3569 3587 3571
f 3569 3571 3570
f 3572 3622 3573
f 3572 3597 3596
f 3572 3596 3622
f 3573 3622 3623
f 3573 3623 3624
f 3573 3624 3625
f 3573 3625 3574
f 3574 3625 3624
f 3574 3624 3627
f 3574 3627 3628
f 3574 3628 3629
f 3574 3629 3626
f 3575 3626 3630
f 3575 3630 3576
f 3576 3630 3631
f 3576 3631 3632
f 3576 3632 3633
f 3576 3633 3634
f 3576 3634 3635
f 3576 3635 3636
f 3576 3636 3637
f 3576 3637 3582
f 3576 3582 3581
f 3576 3581 3578
f 3578 3581 3579
f 3580 3583 3638
f 3580 3638 3598
f 3582 3639 3640
f 3582 3640 3641
f 3582 3641 3583
f 3582 3637 3639
f 3583 3641 3638
f 3584 3589 3585
f 3585 3642 3586
f 3585 3589 3642
f 3586 3642 3590
f 3587 3621 3643
f 3587 3643 3644
f 3587 3644 3645
f 3587 3645 3646
f 3587 3646 3647
f 3587 3647 3588
f 3588 3647 3648
f 3588 3648 3649
f 3588 3649 3650
f 3588 3650 3651
f 3588 3651 3595
f 3588 3595 3589
f 3589 3595 3652
f 3589 3652 3592
f 3589 3592 3591
f 3589 3591 3642
f 3590 3642 3591
f 3592 3652 3593
f 3593 3652 3595
f 3593 3595 3594
f 3595 3651 3653
f 3595 3653 3654
f 3595 3654 3623
f 3595 3623 3596
f 3596 3623 3622
f 3598 3638 3655
f 3598 3655 3601
f 3599 3603 3656
f 3601 3655 3602
f 3602 3657 3658
f 3602 3658 3659
f 3602 3659 3603
f 3602 3655 3657
f 3603 3659 3656
f 3609 3660 3610
f 3610 3612 3611
f 3610 3660 3661
f 3610 3661 3612
f 3612 3661 3662
f 3612 3662 3613
f 3613 3662 3614
f 3614 3663 3615
f 3614 3662 3663
f 3615 3664 3665
f 3615 3665 3616
f 3615 3663 3662
f 3615 3662 3666
f 3615 3666 3667
f 3615 3667 3668
f 3615 3668 3664
f 3616 3665 3617
f 3617 3664 3618
f 3617 3665 3664
f 3618 3669 3645
f 3618 3645 3644
f 3618 3644 3643
f 3618 3643 3620
f 3618 3620 3619
f 3618 3664 3668
f 3618 3668 3670
f 3618 3670 3671
f 3618 3671 3672
f 3618 3672 3673
f 3618 3673 3647
f 3618 3647 3669
f 3620 3643 3621
f 3623 3654 3674
f 3623 3674 3624
f 3624 3674 3654
f 3624 3654 3653
f 3624 3653 3627
f 3626 3631 3630
f 3626 3629 3631
f 3627 3653 3628
f 3628 3653 3675
f 3628 3675 3676
f 3628 3676 3629
f 3629 3676 3677
f 3629 3677 3631
f 3631 3678 3632
f 3631 3677 3678
f 3632 3678 3633
f 3633 3678 3679
f 3633 3679 3635
f 3633 3635 3634
f 3635 3680 3681
f 3635 3681 3682
f 3635 3682 3637
f 3635 3637 3636
f 3635 3679 3683
f 3635 3683 3684
f 3635 3684 3685
f 3635 3685 3686
f 3635 3686 3687
f 3635 3687 3680
f 3637 3682 3681
f 3637 3681 3688
f 3637 3688 3639
f 3638 3641 3640
f 3638 3640 3689
f 3638 3689 3655
f 3639 3690 3689
f 3639 3689 3640
f 3639 3688 3691
f 3639 3691 3692
f 3639 3692 3693
f 3639 3693 3690
f 3645 3669 3646
f 3646 3669 3647
f 3647 3673 3694
f 3647 3694 3676
f 3647 3676 3695
f 3647 3695 3675
f 3647 3675 3648
f 3648 3675 3649
f 3649 3675 3650
f 3650 3675 3653
f 3650 3653 3651
f 3655 3689 3690
f 3655 3690 3696
f 3655 3696 3697
f 3655 3697 3698
f 3655 3698 3699
f 3655 3699 3700
f 3655 3700 3657
f 3656 3659 3701
f 3657 3702 3658
f 3657 3700 3702
f 3658 3702 3659
f 3659 3702 3701
f 3660 3703 3704
f 3660 3704 3661
f 3661 3704 3662
f 3662 3704 3705
f 3662 3705 3666
f 3666 3705 3706
f 3666 3706 3667
f 3667 3706 3707
f 3667 3707 3708
f 3667 3708 3709
f 3667 3709 3710
f 3667 3710 3711
f 3667 3711 3670
f 3667 3670 3668
f 3670 3711 3712
f 3670 3712 3671
f 3671 3712 3713
f 3671 3713 3672
f 3672 3713 3714
f 3672 3714 3715
f 3672 3715 3716
f 3672 3716 3717
f 3672 3717 3673
f 3673 3717 3718
f 3673 3718 3676
f 3673 3676 3694
f 3675 3695 3676
f 3676 3718 3677
f 3677 3718 3719
f 3677 3719 3720
f 3677 3720 3683
f 3677 3683 3678
f 3678 3683 3679
f 3680 3721 3681
f 3680 3687 3722
f 3680 3722 3723
f 3680 3723 3721
f 3681 3691 3688
f 3681 3721 3691
f 3683 3720 3684
f 3684 3720 3685
f 3685 3724 3725
f 3685 3725 3686
f 3685 3720 3724
f 3686 3725 3687
f 3687 3725 3722
f 3690 3726 3727
f 3690 3727 3696
f 3690 3693 3728
f 3690 3728 3729
f 3690 3729 3726
f 3691 3721 3730
f 3691 3730 3692
f 3692 3730 3693
f 3693 3729 3728
f 3693 3730 3721
f 3693 3721 3731
f 3693 3731 3723
f 3693 3723 3732
f 3693 3732 3729
f 3696 3727 3697
f 3697 3699 3698
f 3700 3733 3702
f 3701 3702 3733
f 3703 3707 3706
f 3703 3706 3705
f 3703 3705 3704
f 3709 3734 3710
f 3710 3734 3711
f 3711 3734 3735
f 3711 3735 3736
f 3711 3736 3737
f 3711 3737 3738
f 3711 3738 3713
f 3711 3713 3712
f 3713 3738 3737
f 3713 3737 3739
f 3713 3739 3740
f 3713 3740 3714
f 3714 3740 3741
f 3714 3741 3742
f 3714 3742 3715
f 3715 3742 3716
f 3716 3742 3717
f 3717 3742 3743
f 3717 3743 3720
f 3717 3720 3719
f 3717 3719 3718
f 3720 3743 3742
f 3720 3742 3744
f 3720 3744 3745
f 3720 3745 3746
f 3720 3746 3747
f 3720 3747 3724
f 3721 3723 3731
f 3722 3725 3747
f 3722 3747 3723
f 3723 3748 3749
f 3723 3749 3750
f 3723 3750 3732
f 3723 3747 3751
f 3723 3751 3752
f 3723 3752 3753
f 3723 3753 3748
f 3724 3747 3725
f 3729 3732 3754
f 3732 3750 3754
f 3734 3755 3756
f 3734 3756 3735
f 3735 3757 3736
f 3735 3756 3755
f 3735 3755 3758
f 3735 3758 3759
f 3735 3759 3757
f 3736 3757 3737
f 3737 3757 3739
f 3739 3757 3740
f 3740 3757 3760
f 3740 3760 3761
f 3740 3761 3753
f 3740 3753 3752
f 3740 3752 3741
f 3741 3744 3742
f 3741 3752 3744
f 3744 3752 3745
f 3745 3752 3746
f 3746 3752 3751
f 3746 3751 3747
f 3748 3753 3762
f 3748 3762 3749
f 3749 3763 3764
f 3749 3764 3765
f 3749 3765 3766
f 3749 3766 3750
f 3749 3762 3767
f 3749 3767 3768
f 3749 3768 3763
f 3750 3766 3754
f 3753 3761 3769
f 3753 3769 3762
f 3754 3766 3770
f 3754 3770 3771
f 3757 3759 3772
f 3757 3772 3773
f 3757 3773 3774
f 3757 3774 3760
f 3758 3772 3759
f 3758 3775 3772
f 3760 3774 3761
f 3761 3774 3769
f 3762 3769 3776
f 3765 3771 3766
f 3766 3771 3770
f 3769 3774 3776
f 3772 3775 3777
f 3772 3777 3778
f 3772 3778 3773
f 3773 3778 3774
f 3774 3778 3779
f 3774 3779 3780
f 3774 3780 3781
f 3774 3781 3776
f 3777 3779 3778

o geometry_1
v 41.55937960 -6.20098539 -1.17367156 0.54117647 0.42352941 0.64313725
v 41.55198628 -5.65886562 -1.18108997 0.54117647 0.42352941 0.64313725
v 41.55198628 -5.70500419 -0.72856890 0.54117647 0.42352941 0.64313725
v 41.52980405 -5.18979765 1.97913916 0.54117647 0.42352941 0.64313725
v 41.52980405 -5.32821111 1.97913916 0.54117647 0.42352941 0.64313725
v 41.55198628 -6.43551994 -0.66180349 0.54117647 0.42352941 0.64313725
v 41.53719963 -6.84691526 -0.40957864 0.54117647 0.42352941 0.64313725
v 41.34493722 -8.67704969 -2.18257102 0.54117647 0.42352941 0.64313725
v 41.39670173 -7.91961959 -2.18257102 0.54117647 0.42352941 0.64313725
v 41.43367285 -6.41245065 -2.93182726 0.54117647 0.42352941 0.64313725
v 41.44846400 -5.65886562 -2.93182726 0.54117647 0.42352941 0.64313725
v 41.41149063 -4.14785161 -3.68850184 0.54117647 0.42352941 0.64313725
v 41.40409506 -3.39426771 -3.68850184 0.54117647 0.42352941 0.64313725
v 41.47064622 -3.07899235 -0.98821215 0.54117647 0.42352941 0.64313725
v 41.48543736 -3.39426771 -0.66922186 0.54117647 0.42352941 0.64313725
v 41.42627953 -3.07899235 1.26697476 0.54117647 0.42352941 0.64313725
v 41.41888395 -3.07899235 1.58596505 0.54117647 0.42352941 0.64313725
v 41.38191059 -3.07899235 2.34263949 0.54117647 0.42352941 0.64313725
v 41.21183490 -4.90143665 4.60524516 0.54117647 0.42352941 0.64313725
v 41.23401937 -5.65886562 4.60524516 0.54117647 0.42352941 0.64313725
v 41.47064622 -3.07899235 -0.66922186 0.54117647 0.42352941 0.64313725
v 41.20443933 -8.67704969 3.09189573 0.54117647 0.42352941 0.64313725
v 41.27838606 -8.67704969 2.34263949 0.54117647 0.42352941 0.64313725
v 41.53719963 -6.84691526 -0.22411918 0.54117647 0.42352941 0.64313725
v 41.36712169 -8.67704969 -1.42589644 0.54117647 0.42352941 0.64313725
v 41.25620159 -9.43063360 -2.18257102 0.54117647 0.42352941 0.64313725
v 40.92344354 -10.93780367 -3.68850184 0.54117647 0.42352941 0.64313725
v 41.25620159 -8.67704969 -2.93182726 0.54117647 0.42352941 0.64313725
v 41.33754390 -7.91961959 -2.93182726 0.54117647 0.42352941 0.64313725
v 41.29317496 -9.43063360 -1.42589644 0.54117647 0.42352941 0.64313725
v 41.35972837 -6.41245065 -3.68850184 0.54117647 0.42352941 0.64313725
v 41.38191059 -5.65886562 -3.68850184 0.54117647 0.42352941 0.64313725
v 41.30796385 -5.65886562 -4.44517641 0.54117647 0.42352941 0.64313725
v 41.22662380 -4.90143665 -5.20185099 0.54117647 0.42352941 0.64313725
v 41.20443933 -4.14785161 -5.20185099 0.54117647 0.42352941 0.64313725
v 41.34493722 -3.07899235 -4.00749213 0.54117647 0.42352941 0.64313725
v 41.38930616 -3.07899235 -3.68850184 0.54117647 0.42352941 0.64313725
v -27.85414892 -3.07514728 20.79214658 0.54117647 0.42352941 0.64313725
v 41.11570370 -3.07899235 4.60524516 0.54117647 0.42352941 0.64313725
v 40.62765660 -3.07899235 7.61710624 0.54117647 0.42352941 0.64313725
v 41.18225486 -6.41245065 4.60524516 0.54117647 0.42352941 0.64313725
v 40.63505218 -3.39426771 7.61710624 0.54117647 0.42352941 0.64313725
v 40.60547438 -6.41245065 7.61710624 0.54117647 0.42352941 0.64313725
v 40.58328991 -7.16603456 7.61710624 0.54117647 0.42352941 0.64313725
v 40.72378781 -7.16603456 6.91236032 0.54117647 0.42352941 0.64313725
v 40.77555007 -7.58127607 6.50434967 0.54117647 0.42352941 0.64313725
v 40.76076117 -8.08494741 6.40791097 0.54117647 0.42352941 0.64313725
v 41.12309927 -9.43063360 3.09189573 0.54117647 0.42352941 0.64313725
v 41.20443933 -9.43063360 2.34263949 0.54117647 0.42352941 0.64313725
v 40.88647017 -8.67704969 5.35450112 0.54117647 0.42352941 0.64313725
v 40.81991901 -9.41525445 5.37675642 0.54117647 0.42352941 0.64313725
v 40.76076117 -9.65747801 5.64381777 0.54117647 0.42352941 0.64313725
v 40.79773454 -9.99582266 5.14678649 0.54117647 0.42352941 0.64313725
v 41.31535943 -8.67704969 1.58596505 0.54117647 0.42352941 0.64313725
v 41.34493722 -8.67704969 0.82929047 0.54117647 0.42352941 0.64313725
v 41.03436364 -10.93780367 -2.18257102 0.54117647 0.42352941 0.64313725
v 40.98999470 -10.93780367 -2.93182726 0.54117647 0.42352941 0.64313725
v 40.02869166 -15.88608608 -3.36209321 0.54117647 0.42352941 0.64313725
v 40.81991901 -11.48761245 -3.68850184 0.54117647 0.42352941 0.64313725
v 40.79033897 -11.37226827 -4.13360446 0.54117647 0.42352941 0.64313725
v 40.57589434 -10.93780367 -5.95110695 0.54117647 0.42352941 0.64313725
v 40.81991901 -10.88782003 -4.40808444 0.54117647 0.42352941 0.64313725
v 41.04175696 -7.91961959 -5.20185099 0.54117647 0.42352941 0.64313725
v 41.14528374 -7.91961959 -4.44517641 0.54117647 0.42352941 0.64313725
v 40.84949680 -11.72214587 -2.91699030 0.54117647 0.42352941 0.64313725
v 41.17486153 -10.18421863 -1.42589644 0.54117647 0.42352941 0.64313725
v 41.27099274 -9.43063360 0.07261593 0.54117647 0.42352941 0.64313725
v 41.17486153 -10.18421863 0.07261593 0.54117647 0.42352941 0.64313725
v 40.96781023 -11.69523264 0.07261593 0.54117647 0.42352941 0.64313725
v 41.26359716 -6.41245065 -4.44517641 0.54117647 0.42352941 0.64313725
v 41.18965043 -5.65886562 -5.20185099 0.54117647 0.42352941 0.64313725
v 41.10831037 -4.90143665 -5.95110695 0.54117647 0.42352941 0.64313725
v 40.79033897 -4.32471351 -7.91697735 0.54117647 0.42352941 0.64313725
v 40.73857670 -4.10555924 -8.19145733 0.54117647 0.42352941 0.64313725
v 40.69421001 -3.39426771 -8.21371263 0.54117647 0.42352941 0.64313725
v 40.67202554 -3.07899235 -8.21371263 0.54117647 0.42352941 0.64313725
v -33.93254973 -3.07899235 0.04294243 0.54117647 0.42352941 0.64313725
v -33.91775858 -3.07899235 0.48062675 0.54117647 0.42352941 0.64313725
v -33.73289175 -3.07899235 3.84857031 0.54117647 0.42352941 0.64313725
v -33.68112948 -3.07899235 4.60524516 0.54117647 0.42352941 0.64313725
v -33.63676279 -3.07899235 4.91681655 0.54117647 0.42352941 0.64313725
v -33.57021163 -3.07899235 5.35450112 0.54117647 0.42352941 0.64313725
v -33.51105380 -3.07899235 5.67349113 0.54117647 0.42352941 0.64313725
v -33.10434901 -3.07899235 7.64678016 0.54117647 0.42352941 0.64313725
v -33.03040228 -3.07899235 7.99544352 0.54117647 0.42352941 0.64313725
v -32.69024865 -3.07899235 9.44944596 0.54117647 0.42352941 0.64313725
v -32.45361955 -3.07899235 10.45834578 0.54117647 0.42352941 0.64313725
v -32.35009503 -3.07899235 10.83668250 0.54117647 0.42352941 0.64313725
v -32.18001709 -3.07899235 11.39306051 0.54117647 0.42352941 0.64313725
v -30.99687385 -3.07899235 14.36783016 0.54117647 0.42352941 0.64313725
v -30.65672022 -3.07899235 15.12450474 0.54117647 0.42352941 0.64313725
v -30.30177770 -3.07899235 15.91085268 0.54117647 0.42352941 0.64313725
v -28.68234963 -3.07899235 19.41232697 0.54117647 0.42352941 0.64313725
v -28.49008948 -3.07899235 19.77582758 0.54117647 0.42352941 0.64313725
v -28.10556691 -3.07899235 20.42864597 0.54117647 0.42352941 0.64313725
v -26.69319015 -3.07899235 22.73576112 0.54117647 0.42352941 0.64313725
v -26.42698325 -3.07899235 23.15860845 0.54117647 0.42352941 0.64313725
v -26.33085205 -3.07899235 23.27730188 0.54117647 0.42352941 0.64313725
v -25.94633173 -3.07899235 23.73724175 0.54117647 0.42352941 0.64313725
v -25.58399364 -3.07899235 24.13041684 0.54117647 0.42352941 0.64313725
v -25.37694458 -3.07899235 24.34554953 0.54117647 0.42352941 0.64313725
v -24.99981759 -3.07899235 24.72388626 0.54117647 0.42352941 0.64313725
v -24.56353276 -3.07899235 25.10222299 0.54117647 0.42352941 0.64313725
v -18.93620793 -3.07899235 29.96867853 0.54117647 0.42352941 0.64313725
v -18.44816083 -3.07899235 30.27283242 0.54117647 0.42352941 0.64313725
v -11.47501152 -3.07899235 34.31584973 0.54117647 0.42352941 0.64313725
v -11.26056689 -3.07899235 34.43454316 0.54117647 0.42352941 0.64313725
v -10.14397481 -3.07899235 34.89448303 0.54117647 0.42352941 0.64313725
v -9.25661738 -3.07899235 35.25798364 0.54117647 0.42352941 0.64313725
v -8.63546797 -3.07899235 35.43602379 0.54117647 0.42352941 0.64313725
v -4.86419861 -3.07899235 36.47459696 0.54117647 0.42352941 0.64313725
v -0.79714400 -3.07899235 37.44640761 0.54117647 0.42352941 0.64313725
v -0.31649192 -3.07899235 37.55768073 0.54117647 0.42352941 0.64313725
v 0.41557788 -3.07899235 37.64670193 0.54117647 0.42352941 0.64313725
v 7.95072130 -3.07899235 37.14225146 0.54117647 0.42352941 0.64313725
v 8.70497472 -3.07899235 37.05323026 0.54117647 0.42352941 0.64313725
v 10.98992058 -3.07899235 36.74907637 0.54117647 0.42352941 0.64313725
v 11.41141483 -3.07899235 36.68972965 0.54117647 0.42352941 0.64313725
v 13.49670552 -3.07899235 36.09626023 0.54117647 0.42352941 0.64313725
v 13.82206912 -3.07899235 35.99240292 0.54117647 0.42352941 0.64313725
v 13.98475149 -3.07899235 35.93305620 0.54117647 0.42352941 0.64313725
v 17.77820475 -3.07899235 34.53098242 0.54117647 0.42352941 0.64313725
v 18.11835838 -3.07899235 34.39745062 0.54117647 0.42352941 0.64313725
v 19.97441442 -3.07899235 33.65561328 0.54117647 0.42352941 0.64313725
v 20.19625350 -3.07899235 33.55917402 0.54117647 0.42352941 0.64313725
v 20.44027704 -3.07899235 33.42564447 0.54117647 0.42352941 0.64313725
v 20.78043067 -3.07899235 33.23276596 0.54117647 0.42352941 0.64313725
v 21.63081473 -3.07899235 32.74315385 0.54117647 0.42352941 0.64313725
v 25.22461226 -3.07899235 30.62149691 0.54117647 0.42352941 0.64313725
v 25.43905689 -3.07899235 30.48054705 0.54117647 0.42352941 0.64313725
v 25.66829042 -3.07899235 30.32476108 0.54117647 0.42352941 0.64313725
v 25.96407735 -3.07899235 30.10221033 0.54117647 0.42352941 0.64313725
v 26.11936414 -3.07899235 29.97609883 0.54117647 0.42352941 0.64313725
v 26.34120434 -3.07899235 29.79063837 0.54117647 0.42352941 0.64313725
v 30.28994328 -3.07899235 26.17047064 0.54117647 0.42352941 0.64313725
v 30.66707027 -3.07899235 25.82180615 0.54117647 0.42352941 0.64313725
v 30.82975263 -3.07899235 25.66602017 0.54117647 0.42352941 0.64313725
v 31.05159283 -3.07899235 25.44346942 0.54117647 0.42352941 0.64313725
v 32.64883643 -3.07899235 23.78175235 0.54117647 0.42352941 0.64313725
v 33.06293679 -3.07899235 23.34406891 0.54117647 0.42352941 0.64313725
v 33.26259027 -3.07899235 23.12893396 0.54117647 0.42352941 0.64313725
v 33.58056168 -3.07899235 22.71350470 0.54117647 0.42352941 0.64313725
v 33.92810863 -3.07899235 22.25356708 0.54117647 0.42352941 0.64313725
v 34.20910666 -3.07899235 21.87522810 0.54117647 0.42352941 0.64313725
v 34.70454708 -3.07899235 21.20757585 0.54117647 0.42352941 0.64313725
v 35.26654091 -3.07899235 20.40638954 0.54117647 0.42352941 0.64313725
v 35.36266986 -3.07899235 20.26544193 0.54117647 0.42352941 0.64313725
v 35.46619439 -3.07899235 20.10965596 0.54117647 0.42352941 0.64313725
v 35.51795890 -3.07899235 20.02805282 0.54117647 0.42352941 0.64313725
v 35.69543016 -3.07899235 19.73873729 0.54117647 0.42352941 0.64313725
v 36.10213495 -3.07899235 19.02657219 0.54117647 0.42352941 0.64313725
v 37.22612035 -3.07899235 17.00877256 0.54117647 0.42352941 0.64313725
v 37.53669618 -3.07899235 16.44497650 0.54117647 0.42352941 0.64313725
v 37.76592971 -3.07899235 15.99987388 0.54117647 0.42352941 0.64313725
v 37.87684981 -3.07899235 15.77732200 0.54117647 0.42352941 0.64313725
v 38.26876570 -3.07899235 14.91679010 0.54117647 0.42352941 0.64313725
v 38.57934153 -3.07899235 14.19720807 0.54117647 0.42352941 0.64313725
v 38.80117948 -3.07899235 13.65566618 0.54117647 0.42352941 0.64313725
v 39.06738637 -3.07899235 12.89899160 0.54117647 0.42352941 0.64313725
v 39.23006874 -3.07899235 12.40196032 0.54117647 0.42352941 0.64313725
v 39.85861372 -3.07899235 10.39899794 0.54117647 0.42352941 0.64313725
v 39.96214050 -3.07899235 10.05775263 0.54117647 0.42352941 0.64313725
v 40.07305835 -3.07899235 9.68683396 0.54117647 0.42352941 0.64313725
v 40.42800312 -3.07899235 8.37378081 0.54117647 0.42352941 0.64313725
v 40.62026328 -3.07899235 -8.53270264 0.54117647 0.42352941 0.64313725
v 40.53152765 -3.07899235 -8.97038720 0.54117647 0.42352941 0.64313725
v 40.45018534 -3.07899235 -9.28937721 0.54117647 0.42352941 0.64313725
v 40.33187192 -3.07899235 -9.72706178 0.54117647 0.42352941 0.64313725
v 40.11742729 -3.07899235 -10.37987904 0.54117647 0.42352941 0.64313725
v 40.06566503 -3.07899235 -10.53566502 0.54117647 0.42352941 0.64313725
v 39.82903593 -3.07899235 -11.23299176 0.54117647 0.42352941 0.64313725
v 39.71811583 -3.07899235 -11.55198289 0.54117647 0.42352941 0.64313725
v 38.99344189 -3.07899235 -13.49559743 0.54117647 0.42352941 0.64313725
v 37.86206091 -3.07899235 -16.35909171 0.54117647 0.42352941 0.64313725
v 37.67719408 -3.07899235 -16.73742844 0.54117647 0.42352941 0.64313725
v 37.40359161 -3.07899235 -17.27155226 0.54117647 0.42352941 0.64313725
v 37.10780693 -3.07899235 -17.82051221 0.54117647 0.42352941 0.64313725
v 36.22044837 -3.07899235 -19.42288256 0.54117647 0.42352941 0.64313725
v 35.93205701 -3.07899235 -19.90507661 0.54117647 0.42352941 0.64313725
v 35.61408786 -3.07899235 -20.41694514 0.54117647 0.42352941 0.64313725
v 35.36266986 -3.07899235 -20.81753604 0.54117647 0.42352941 0.64313725
v 33.97987089 -3.07899235 -22.92435686 0.54117647 0.42352941 0.64313725
v 32.87806996 -3.07899235 -24.38577736 0.54117647 0.42352941 0.64313725
v 32.53791633 -3.07899235 -24.83087886 0.54117647 0.42352941 0.64313725
v 32.20515603 -3.07899235 -25.24630813 0.54117647 0.42352941 0.64313725
v 31.98331808 -3.07899235 -25.51336948 0.54117647 0.42352941 0.64313725
v 31.66534892 -3.07899235 -25.89170621 0.54117647 0.42352941 0.64313725
v 31.51005988 -3.07899235 -26.04749219 0.54117647 0.42352941 0.64313725
v 31.28822193 -3.07899235 -26.26262713 0.54117647 0.42352941 0.64313725
v 30.89630379 -3.07899235 -26.63354580 0.54117647 0.42352941 0.64313725
v 28.12331253 -3.07899235 -29.13353946 0.54117647 0.42352941 0.64313725
v 24.18196692 -3.07899235 -32.30860345 0.54117647 0.42352941 0.64313725
v 23.89357556 -3.07899235 -32.53115645 0.54117647 0.42352941 0.64313725
v 23.73828877 -3.07899235 -32.64984988 0.54117647 0.42352941 0.64313725
v 23.51644857 -3.07899235 -32.80563585 0.54117647 0.42352941 0.64313725
v 23.04319262 -3.07899235 -33.13204392 0.54117647 0.42352941 0.64313725
v 22.85832578 -3.07899235 -33.25815766 0.54117647 0.42352941 0.64313725
v 22.58472332 -3.07899235 -33.44361587 0.54117647 0.42352941 0.64313725
v 22.42943653 -3.07899235 -33.54747319 0.54117647 0.42352941 0.64313725
v 21.94878389 -3.07899235 -33.83679097 0.54117647 0.42352941 0.64313725
v 21.38679118 -3.07899235 -34.15578098 0.54117647 0.42352941 0.64313725
v 20.57338049 -3.07899235 -34.59346442 0.54117647 0.42352941 0.64313725
v 18.60640434 -3.07899235 -35.64687371 0.54117647 0.42352941 0.64313725
v 18.26625072 -3.07899235 -35.81749805 0.54117647 0.42352941 0.64313725
v 18.09617391 -3.07899235 -35.89168088 0.54117647 0.42352941 0.64313725
v 17.80038810 -3.07899235 -36.01779238 0.54117647 0.42352941 0.64313725
v 17.44544557 -3.07899235 -36.14390612 0.54117647 0.42352941 0.64313725
v 12.48363853 -3.07899235 -37.75369453 0.54117647 0.42352941 0.64313725
v 11.83290963 -3.07899235 -37.95399111 0.54117647 0.42352941 0.64313725
v 11.68501673 -3.07899235 -37.99108365 0.54117647 0.42352941 0.64313725
v 11.42620429 -3.07899235 -38.01333558 0.54117647 0.42352941 0.64313725
v 11.20436521 -3.07899235 -38.02817170 0.54117647 0.42352941 0.64313725
v 10.97513112 -3.07899235 -38.03559200 0.54117647 0.42352941 0.64313725
v 10.93815776 -3.07899235 -38.03559200 0.54117647 0.42352941 0.64313725
v 10.48708459 -3.07899235 -38.02817170 0.54117647 0.42352941 0.64313725
v 2.67833927 -3.07899235 -37.85755185 0.54117647 0.42352941 0.64313725
v 2.36036955 -3.07899235 -37.85013379 0.54117647 0.42352941 0.64313725
v 1.92408556 -3.07899235 -37.82787737 0.54117647 0.42352941 0.64313725
v 1.60611570 -3.07899235 -37.79078483 0.54117647 0.42352941 0.64313725
v 0.85186186 -3.07899235 -37.69434782 0.54117647 0.42352941 0.64313725
v -3.35569120 -3.07899235 -37.07862197 0.54117647 0.42352941 0.64313725
v -4.10994462 -3.07899235 -36.90799763 0.54117647 0.42352941 0.64313725
v -8.28052432 -3.07899235 -35.75814908 0.54117647 0.42352941 0.64313725
v -8.33968216 -3.07899235 -35.73589491 0.54117647 0.42352941 0.64313725
v -12.12573985 -3.07899235 -34.28931053 0.54117647 0.42352941 0.64313725
v -12.50286684 -3.07899235 -34.11127038 0.54117647 0.42352941 0.64313725
v -13.16838519 -3.07899235 -33.77002394 0.54117647 0.42352941 0.64313725
v -17.14670417 -3.07899235 -31.59644059 0.54117647 0.42352941 0.64313725
v -17.51643559 -3.07899235 -31.36646953 0.54117647 0.42352941 0.64313725
v -18.86226119 -3.07899235 -30.49852070 0.54117647 0.42352941 0.64313725
v -19.92709101 -3.07899235 -29.75668337 0.54117647 0.42352941 0.64313725
v -20.82923621 -3.07899235 -29.09644692 0.54117647 0.42352941 0.64313725
v -21.04368084 -3.07899235 -28.93324289 0.54117647 0.42352941 0.64313725
v -21.26552104 -3.07899235 -28.73294631 0.54117647 0.42352941 0.64313725
v -21.75356813 -3.07899235 -28.28042450 0.54117647 0.42352941 0.64313725
v -21.83490819 -3.07899235 -28.19882361 0.54117647 0.42352941 0.64313725
v -27.06292381 -3.07899235 -22.86501015 0.54117647 0.42352941 0.64313725
v -27.40307744 -3.07899235 -22.48667117 0.54117647 0.42352941 0.64313725
v -27.78020443 -3.07899235 -22.04898773 0.54117647 0.42352941 0.64313725
v -28.05380465 -3.07899235 -21.67065100 0.54117647 0.42352941 0.64313725
v -28.60840290 -3.07899235 -20.83979246 0.54117647 0.42352941 0.64313725
v -28.66756074 -3.07899235 -20.72851709 0.54117647 0.42352941 0.64313725
v -29.69541718 -3.07899235 -18.79231948 0.54117647 0.42352941 0.64313725
v -30.03557081 -3.07899235 -18.13208416 0.54117647 0.42352941 0.64313725
v -30.13169976 -3.07899235 -17.92436953 0.54117647 0.42352941 0.64313725
v -30.19825317 -3.07899235 -17.77600161 0.54117647 0.42352941 0.64313725
v -30.25740876 -3.07899235 -17.62763369 0.54117647 0.42352941 0.64313725
v -30.51622233 -3.07899235 -16.95256225 0.54117647 0.42352941 0.64313725
v -32.09867703 -3.07899235 -12.42735090 0.54117647 0.42352941 0.64313725
v -32.23177935 -3.07899235 -11.98966633 0.54117647 0.42352941 0.64313725
v -32.29833276 -3.07899235 -11.75227834 0.54117647 0.42352941 0.64313725
v -32.54235518 -3.07899235 -10.52082778 0.54117647 0.42352941 0.64313725
v -32.60890634 -3.07899235 -10.16474635 0.54117647 0.42352941 0.64313725
v -33.23005801 -3.07899235 -6.69294485 0.54117647 0.42352941 0.64313725
v -33.34837143 -3.07899235 -5.95110695 0.54117647 0.42352941 0.64313725
v -33.46668486 -3.07899235 -5.20185099 0.54117647 0.42352941 0.64313725
v -33.58500053 -3.07899235 -4.44517641 0.54117647 0.42352941 0.64313725
v -33.91036526 -3.07899235 -1.61877426 0.54117647 0.42352941 0.64313725
v -33.92515640 -3.07899235 -1.30720238 0.54117647 0.42352941 0.64313725
v -33.93254973 -3.07899235 -1.11432456 0.54117647 0.42352941 0.64313725
v -33.93994305 -3.07899235 -0.66922186 0.54117647 0.42352941 0.64313725
v -33.93994305 -3.07899235 -0.33539486 0.54117647 0.42352941 0.64313725
v 40.80513011 -8.67704969 5.90346107 0.54117647 0.42352941 0.64313725
v 40.43539645 -3.39426771 8.37378081 0.54117647 0.42352941 0.64313725
v 40.11003172 -6.41245065 9.82036463 0.54117647 0.42352941 0.64313725
v 40.28010965 -6.41245065 9.13045539 0.54117647 0.42352941 0.64313725
v 40.20616292 -8.67704969 9.13045539 0.54117647 0.42352941 0.64313725
v 40.70160334 -7.86963708 6.80108494 0.54117647 0.42352941 0.64313725
v 40.73857670 -8.67704969 6.27437973 0.54117647 0.42352941 0.64313725
v 40.76815675 -10.49949399 4.87972514 0.54117647 0.42352941 0.64313725
v 40.79773454 -11.40687164 3.60376397 0.54117647 0.42352941 0.64313725
v 40.77555007 -12.82945470 0.45837159 0.54117647 0.42352941 0.64313725
v 41.04915254 -10.93780367 0.82929047 0.54117647 0.42352941 0.64313725
v 41.16007264 -10.18421863 0.82929047 0.54117647 0.42352941 0.64313725
v 41.25620159 -9.43063360 0.82929047 0.54117647 0.42352941 0.64313725
v 40.78294564 -9.15380668 5.78476707 0.54117647 0.42352941 0.64313725
v 40.73118338 -10.22266707 5.37675642 0.54117647 0.42352941 0.64313725
v 39.99911387 -11.91438692 7.90642345 0.54117647 0.42352941 0.64313725
v 40.90865464 -11.69523264 -2.18257102 0.54117647 0.42352941 0.64313725
v 40.03608498 -15.91684438 -2.93182726 0.54117647 0.42352941 0.64313725
v 39.94734935 -16.29363633 -2.93182726 0.54117647 0.42352941 0.64313725
v 39.89558709 -16.17060314 -3.64399152 0.54117647 0.42352941 0.64313725
v 38.51278812 -15.83994751 -10.09798045 0.54117647 0.42352941 0.64313725
v 40.45018534 -11.69523264 -5.95110695 0.54117647 0.42352941 0.64313725
v 40.56850102 -11.69523264 -5.20185099 0.54117647 0.42352941 0.64313725
v 40.79033897 -12.13738626 -2.65734729 0.54117647 0.42352941 0.64313725
v 40.83470791 -12.49880019 0.13938134 0.54117647 0.42352941 0.64313725
v 40.41321198 -10.93780367 -6.70778153 0.54117647 0.42352941 0.64313725
v 40.50194761 -10.18421863 -6.70778153 0.54117647 0.42352941 0.64313725
v 40.45018534 -6.41245065 -8.97038720 0.54117647 0.42352941 0.64313725
v 40.78294564 -10.60714916 -4.86060540 0.54117647 0.42352941 0.64313725
v 40.69421001 -5.58581382 -8.14694673 0.54117647 0.42352941 0.64313725
v 40.77555007 -5.28591874 -7.84279340 0.54117647 0.42352941 0.64313725
v 40.78294564 -4.90143665 -7.90214068 0.54117647 0.42352941 0.64313725
v 40.71639223 -4.90143665 -8.28047796 0.54117647 0.42352941 0.64313725
v 40.57589434 -4.14785161 -8.97038720 0.54117647 0.42352941 0.64313725
v 40.55371212 -3.39426771 -8.97038720 0.54117647 0.42352941 0.64313725
v -33.93254973 -4.88605750 3.08447739 0.54117647 0.42352941 0.64313725
v -33.91036526 -4.62076465 3.32928400 0.54117647 0.42352941 0.64313725
v -33.88818079 -4.18630005 3.08447739 0.54117647 0.42352941 0.64313725
v -33.76986511 -3.39426771 3.84857031 0.54117647 0.42352941 0.64313725
v -33.72549842 -3.39426771 4.60524516 0.54117647 0.42352941 0.64313725
v -33.60718275 -3.39426771 5.35450112 0.54117647 0.42352941 0.64313725
v -33.65894726 -4.14785161 5.35450112 0.54117647 0.42352941 0.64313725
v -32.82335097 -6.41245065 9.88713053 0.54117647 0.42352941 0.64313725
v -32.36488392 -3.39426771 10.87377392 0.54117647 0.42352941 0.64313725
v -32.20959488 -3.39426771 11.39306051 0.54117647 0.42352941 0.64313725
v -30.89334932 -3.76336952 14.79067749 0.54117647 0.42352941 0.64313725
v -30.22783097 -4.14785161 16.50432322 0.54117647 0.42352941 0.64313725
v -30.19085760 -3.57497467 16.41530314 0.54117647 0.42352941 0.64313725
v -28.97813657 -3.39426771 18.93755099 0.54117647 0.42352941 0.64313725
v -28.71932300 -3.39426771 19.49393011 0.54117647 0.42352941 0.64313725
v -28.66016741 -4.41314446 20.11707402 0.54117647 0.42352941 0.64313725
v -28.59361400 -3.90947312 19.99837833 0.54117647 0.42352941 0.64313725
v -27.95767569 -3.57881749 20.91825807 0.54117647 0.42352941 0.64313725
v -28.42353831 -4.15554175 20.39897149 0.54117647 0.42352941 0.64313725
v -26.44916772 -3.39426771 23.18086262 0.54117647 0.42352941 0.64313725
v -26.52311446 -6.41245065 23.25504771 0.54117647 0.42352941 0.64313725
v -25.43610017 -6.41245065 24.39747819 0.54117647 0.42352941 0.64313725
v -25.05897318 -6.41245065 24.79065104 0.54117647 0.42352941 0.64313725
v -19.41685945 -5.65886562 29.72387360 0.54117647 0.42352941 0.64313725
v -18.95099682 -3.39426771 29.98351689 0.54117647 0.42352941 0.64313725
v -18.44816083 -3.39426771 30.30250690 0.54117647 0.42352941 0.64313725
v -12.76907373 -4.90143665 33.64077717 0.54117647 0.42352941 0.64313725
v -9.64853439 -3.39426771 35.10961572 0.54117647 0.42352941 0.64313725
v -9.27140740 -3.39426771 35.26540170 0.54117647 0.42352941 0.64313725
v -12.77646930 -5.65886562 33.64819522 0.54117647 0.42352941 0.64313725
v -11.65248278 -4.90143665 34.18973599 0.54117647 0.42352941 0.64313725
v -11.21619907 -4.90143665 34.38261450 0.54117647 0.42352941 0.64313725
v -9.24922293 -4.14785161 35.27281976 0.54117647 0.42352941 0.64313725
v -8.63546797 -4.14785161 35.49537051 0.54117647 0.42352941 0.64313725
v -8.63546797 -3.39426771 35.46569827 0.54117647 0.42352941 0.64313725
v -4.86419861 -3.39426771 36.48943308 0.54117647 0.42352941 0.64313725
v -0.33867583 -3.39426771 37.60960939 0.54117647 0.42352941 0.64313725
v 0.41557788 -3.39426771 37.71346671 0.54117647 0.42352941 0.64313725
v 7.95072130 -3.39426771 37.14225146 0.54117647 0.42352941 0.64313725
v 8.70497472 -3.39426771 37.06064832 0.54117647 0.42352941 0.64313725
v 11.44099375 -3.39426771 36.69714771 0.54117647 0.42352941 0.64313725
v 16.48414141 -10.18421863 35.11703378 0.54117647 0.42352941 0.64313725
v 17.00916187 -10.18421863 34.95382975 0.54117647 0.42352941 0.64313725
v 17.76341473 -9.43063360 34.68676840 0.54117647 0.42352941 0.64313725
v 18.33280300 -9.43063360 34.47905376 0.54117647 0.42352941 0.64313725
v 17.82996702 -3.42118093 34.53098242 0.54117647 0.42352941 0.64313725
v 19.99659776 -8.67704969 33.79656314 0.54117647 0.42352941 0.64313725
v 20.37372476 -8.67704969 33.64077717 0.54117647 0.42352941 0.64313725
v 19.27192270 -8.67704969 34.09329673 0.54117647 0.42352941 0.64313725
v 20.78043067 -7.91961959 33.42564447 0.54117647 0.42352941 0.64313725
v 21.51250018 -7.91961959 33.07697998 0.54117647 0.42352941 0.64313725
v 21.88962717 -7.91961959 32.88410146 0.54117647 0.42352941 0.64313725
v 21.86004825 -7.16603456 32.86926535 0.54117647 0.42352941 0.64313725
v 22.28893751 -7.16603456 32.63187623 0.54117647 0.42352941 0.64313725
v 22.28893751 -6.41245065 32.58736788 0.54117647 0.42352941 0.64313725
v 22.82874799 -5.65886562 32.23870339 0.54117647 0.42352941 0.64313725
v 23.24284610 -6.41245065 32.03840681 0.54117647 0.42352941 0.64313725
v 23.79744660 -6.41245065 31.69716262 0.54117647 0.42352941 0.64313725
v 24.22633586 -6.41245065 31.42268097 0.54117647 0.42352941 0.64313725
v 24.22633586 -7.16603456 31.43009902 0.54117647 0.42352941 0.64313725
v 25.47603026 -5.65886562 30.47312899 0.54117647 0.42352941 0.64313725
v 27.21377175 -5.44355641 29.13782224 0.54117647 0.42352941 0.64313725
v 27.21377175 -5.22440102 29.13782224 0.54117647 0.42352941 0.64313725
v 30.33431222 -4.14785161 26.21498124 0.54117647 0.42352941 0.64313725
v 30.71143921 -4.14785161 25.86631675 0.54117647 0.42352941 0.64313725
v 31.09595952 -4.14785161 25.48798002 0.54117647 0.42352941 0.64313725
v 32.55270523 -3.39426771 23.92270221 0.54117647 0.42352941 0.64313725
v 33.26998585 -3.39426771 23.14377233 0.54117647 0.42352941 0.64313725
v 34.27565782 -4.14785161 21.93457707 0.54117647 0.42352941 0.64313725
v 34.65278482 -4.14785161 21.45238077 0.54117647 0.42352941 0.64313725
v 32.58228302 -4.14785161 23.95237444 0.54117647 0.42352941 0.64313725
v 34.90420281 -4.14785161 21.07404405 0.54117647 0.42352941 0.64313725
v 35.50316776 -3.54037130 20.07998148 0.54117647 0.42352941 0.64313725
v 36.13171274 -4.14785161 19.10817308 0.54117647 0.42352941 0.64313725
v 36.34615737 -4.14785161 18.72983635 0.54117647 0.42352941 0.64313725
v 37.12259582 -3.39426771 17.25357974 0.54117647 0.42352941 0.64313725
v 37.48493392 -4.14785161 16.67494644 0.54117647 0.42352941 0.64313725
v 37.88424538 -3.39426771 15.79957730 0.54117647 0.42352941 0.64313725
v 38.16524117 -3.39426771 15.16901534 0.54117647 0.42352941 0.64313725
v 38.58673485 -3.39426771 14.19720807 0.54117647 0.42352941 0.64313725
v 38.80857505 -3.39426771 13.65566618 0.54117647 0.42352941 0.64313725
v 39.27443768 -6.68158744 12.54290905 0.54117647 0.42352941 0.64313725
v 39.37796220 -6.42398473 12.20166374 0.54117647 0.42352941 0.64313725
v 39.63677577 -6.41245065 11.39306051 0.54117647 0.42352941 0.64313725
v 39.99911387 -6.41245065 10.19870248 0.54117647 0.42352941 0.64313725
v 40.34666081 -3.39426771 -9.72706178 0.54117647 0.42352941 0.64313725
v 39.65895799 -5.65886562 -11.98966633 0.54117647 0.42352941 0.64313725
v 39.39275110 -5.65886562 -12.69441225 0.54117647 0.42352941 0.64313725
v 39.24485988 -5.65886562 -13.07275011 0.54117647 0.42352941 0.64313725
v 38.70505053 -3.39426771 -14.25227201 0.54117647 0.42352941 0.64313725
v 37.86206091 -3.39426771 -16.35909171 0.54117647 0.42352941 0.64313725
v 37.67719408 -3.39426771 -16.73742844 0.54117647 0.42352941 0.64313725
v 37.40359161 -3.39426771 -17.27155226 0.54117647 0.42352941 0.64313725
v 37.10780693 -3.39426771 -17.82793027 0.54117647 0.42352941 0.64313725
v 36.31657958 -3.39426771 -19.27451465 0.54117647 0.42352941 0.64313725
v 36.09473938 -3.39426771 -19.65285137 0.54117647 0.42352941 0.64313725
v 35.71761238 -3.39426771 -20.26857722 0.54117647 0.42352941 0.64313725
v 35.48098553 -3.39426771 -20.64691395 0.54117647 0.42352941 0.64313725
v 33.98726646 -3.66340449 -22.93177492 0.54117647 0.42352941 0.64313725
v 33.75803294 -3.40580066 -23.23592881 0.54117647 0.42352941 0.64313725
v 33.04814564 -3.39426771 -24.20031690 0.54117647 0.42352941 0.64313725
v 32.67101865 -3.39426771 -24.68251095 0.54117647 0.42352941 0.64313725
v 32.36783839 -3.39426771 -25.06084992 0.54117647 0.42352941 0.64313725
v 31.99071140 -3.39426771 -25.52078754 0.54117647 0.42352941 0.64313725
v 31.68013782 -3.39426771 -25.89912652 0.54117647 0.42352941 0.64313725
v 31.30301083 -3.39426771 -26.27004519 0.54117647 0.42352941 0.64313725
v 30.90369937 -3.39426771 -26.64838191 0.54117647 0.42352941 0.64313725
v 30.11247202 -3.39426771 -27.36796507 0.54117647 0.42352941 0.64313725
v 28.13070810 -3.39426771 -29.14095752 0.54117647 0.42352941 0.64313725
v 27.68702770 -3.39426771 -29.51929425 0.54117647 0.42352941 0.64313725
v 24.37422708 -3.39426771 -32.14539941 0.54117647 0.42352941 0.64313725
v 27.67963437 -4.14785161 -29.50445813 0.54117647 0.42352941 0.64313725
v 29.34342913 -6.41245065 -28.11722047 0.54117647 0.42352941 0.64313725
v 23.50165967 -3.39426771 -32.79821780 0.54117647 0.42352941 0.64313725
v 23.87878666 -3.39426771 -32.52373839 0.54117647 0.42352941 0.64313725
v 24.19675582 -7.70431039 -32.00445180 0.54117647 0.42352941 0.64313725
v 23.41292404 -5.18979765 -32.73145077 0.54117647 0.42352941 0.64313725
v 23.15411047 -9.43063360 -32.57566705 0.54117647 0.42352941 0.64313725
v 22.77698348 -9.43063360 -32.80563585 0.54117647 0.42352941 0.64313725
v 20.48464486 -7.16603456 -34.29672859 0.54117647 0.42352941 0.64313725
v 20.43288147 -7.63125859 -34.26705635 0.54117647 0.42352941 0.64313725
v 19.17579262 -10.93780367 -34.38574979 0.54117647 0.42352941 0.64313725
v 19.06487252 -11.69523264 -34.33382113 0.54117647 0.42352941 0.64313725
v 17.82257257 -9.43447867 -35.14242549 0.54117647 0.42352941 0.64313725
v 17.00916187 -9.43063360 -35.46141550 0.54117647 0.42352941 0.64313725
v 14.37666737 -8.32332590 -36.51482479 0.54117647 0.42352941 0.64313725
v 13.23789195 -7.16603456 -37.01927526 0.54117647 0.42352941 0.64313725
v 12.51321745 -7.21217313 -37.21215152 0.54117647 0.42352941 0.64313725
v 7.19646732 -8.67704969 -37.85013379 0.54117647 0.42352941 0.64313725
v 7.95072130 -16.22058453 -36.89316151 0.54117647 0.42352941 0.64313725
v 10.97513112 -3.10975064 -38.03559200 0.54117647 0.42352941 0.64313725
v 4.93370607 -5.65886562 -38.07268454 0.54117647 0.42352941 0.64313725
v 2.06458374 -4.34393773 -38.04301231 0.54117647 0.42352941 0.64313725
v 2.67833927 -3.94407649 -37.99849946 0.54117647 0.42352941 0.64313725
v 2.67833927 -3.39426771 -37.90947826 0.54117647 0.42352941 0.64313725
v 1.85753370 -4.11324825 -37.98366334 0.54117647 0.42352941 0.64313725
v 1.56174789 -4.55924693 -38.02075589 0.54117647 0.42352941 0.64313725
v -2.60143722 -5.65886562 -37.40503004 0.54117647 0.42352941 0.64313725
v -3.35569120 -3.39426771 -37.10087615 0.54117647 0.42352941 0.64313725
v -4.10994462 -3.39426771 -36.94509017 0.54117647 0.42352941 0.64313725
v -8.80554478 -6.41245065 -35.68396625 0.54117647 0.42352941 0.64313725
v -9.38972195 -6.41245065 -35.48366968 0.54117647 0.42352941 0.64313725
v -4.10994462 -4.14785161 -36.97476466 0.54117647 0.42352941 0.64313725
v -7.88121398 -6.41245065 -35.98812014 0.54117647 0.42352941 0.64313725
v -8.42841779 -6.41245065 -35.81007774 0.54117647 0.42352941 0.64313725
v -9.38972195 -4.90143665 -35.41690490 0.54117647 0.42352941 0.64313725
v -12.49547239 -7.16603456 -34.11127038 0.54117647 0.42352941 0.64313725
v -16.77697275 -4.90143665 -32.12314524 0.54117647 0.42352941 0.64313725
v -10.12179146 -7.16603456 -35.18693609 0.54117647 0.42352941 0.64313725
v -16.70302602 -4.14785161 -32.07863464 0.54117647 0.42352941 0.64313725
v -16.61429039 -3.65571436 -32.01928792 0.54117647 0.42352941 0.64313725
v -17.08015301 -4.14785161 -31.82640940 0.54117647 0.42352941 0.64313725
v -17.15409974 -4.90143665 -31.87092000 0.54117647 0.42352941 0.64313725
v -19.29115045 -4.14785161 -30.26854964 0.54117647 0.42352941 0.64313725
v -19.79398644 -4.14785161 -29.89763098 0.54117647 0.42352941 0.64313725
v -21.93843496 -5.65886562 -28.29526287 0.54117647 0.42352941 0.64313725
v -22.31556196 -5.65886562 -27.91692389 0.54117647 0.42352941 0.64313725
v -26.70058572 -3.39426771 -23.26560105 0.54117647 0.42352941 0.64313725
v -27.07771271 -3.39426771 -22.87984626 0.54117647 0.42352941 0.64313725
v -27.42525966 -3.39426771 -22.50892759 0.54117647 0.42352941 0.64313725
v -27.80238665 -3.39426771 -22.08608027 0.54117647 0.42352941 0.64313725
v -28.09077801 -3.39426771 -21.70774129 0.54117647 0.42352941 0.64313725
v -28.46790501 -3.39426771 -21.14394636 0.54117647 0.42352941 0.64313725
v -28.68974521 -3.39426771 -20.76560738 0.54117647 0.42352941 0.64313725
v -29.77675724 -3.39426771 -18.77748224 0.54117647 0.42352941 0.64313725
v -30.06514860 -3.39426771 -18.22110424 0.54117647 0.42352941 0.64313725
v -30.22783097 -3.39426771 -17.84276751 0.54117647 0.42352941 0.64313725
v -30.44227560 -3.39426771 -17.27155226 0.54117647 0.42352941 0.64313725
v -32.02473030 -3.39426771 -12.74634091 0.54117647 0.42352941 0.64313725
v -32.25396382 -3.39426771 -11.98966633 0.54117647 0.42352941 0.64313725
v -32.91948218 -7.91961959 -8.97038720 0.54117647 0.42352941 0.64313725
v -33.62936722 -3.39426771 -4.44517641 0.54117647 0.42352941 0.64313725
v -33.92515640 -3.62495606 -1.85616239 0.54117647 0.42352941 0.64313725
v -33.96952534 -4.90143665 -0.66922186 0.54117647 0.42352941 0.64313725
v -33.98431199 -6.41245065 1.58596505 0.54117647 0.42352941 0.64313725
v 40.10263839 -7.16603456 9.81294657 0.54117647 0.42352941 0.64313725
v 39.99911387 -7.16603456 10.18386524 0.54117647 0.42352941 0.64313725
v 40.08784950 -7.91961959 9.77585403 0.54117647 0.42352941 0.64313725
v 40.07305835 -8.67704969 9.68683396 0.54117647 0.42352941 0.64313725
v 40.04348056 -9.16149681 9.57555858 0.54117647 0.42352941 0.64313725
v 40.05087613 -12.22197326 7.40197354 0.54117647 0.42352941 0.64313725
v 40.05087613 -12.96786816 6.63046229 0.54117647 0.42352941 0.64313725
v 40.08784950 -13.21393679 6.09633902 0.54117647 0.42352941 0.64313725
v 40.01390276 -15.03637996 4.07853996 0.54117647 0.42352941 0.64313725
v 40.77555007 -12.82945470 0.43611643 0.54117647 0.42352941 0.64313725
v 40.02869166 -15.11327683 3.57409033 0.54117647 0.42352941 0.64313725
v 39.83643150 -16.22058453 1.58596505 0.54117647 0.42352941 0.64313725
v 39.73290473 -16.97416956 -0.66922186 0.54117647 0.42352941 0.64313725
v 39.76248477 -16.97416956 -1.42589644 0.54117647 0.42352941 0.64313725
v 39.96214050 -16.27056817 -2.18257102 0.54117647 0.42352941 0.64313725
v 39.28183325 -13.64840083 9.55330328 0.54117647 0.42352941 0.64313725
v 39.68114246 -16.97416956 -2.93182726 0.54117647 0.42352941 0.64313725
v 39.75508919 -16.97416956 -2.18257102 0.54117647 0.42352941 0.64313725
v 39.55543346 -16.97416956 -3.68850184 0.54117647 0.42352941 0.64313725
v 39.34098884 -16.75886036 -5.20185099 0.54117647 0.42352941 0.64313725
v 39.28922657 -16.64736012 -5.67662698 0.54117647 0.42352941 0.64313725
v 39.23006874 -16.47049823 -6.17365826 0.54117647 0.42352941 0.64313725
v 39.29662215 -12.20274905 -10.17216441 0.54117647 0.42352941 0.64313725
v 39.54804014 -11.69523264 -9.72706178 0.54117647 0.42352941 0.64313725
v 39.25225321 -13.49460822 -9.25970386 0.54117647 0.42352941 0.64313725
v 38.43884363 -16.22058453 -9.80124574 0.54117647 0.42352941 0.64313725
v 38.26137012 -16.22058453 -10.48373636 0.54117647 0.42352941 0.64313725
v 38.02474327 -16.22058453 -11.23299176 0.54117647 0.42352941 0.64313725
v 37.76592971 -15.85917285 -12.38284030 0.54117647 0.42352941 0.64313725
v 37.82508754 -15.46700062 -12.52379016 0.54117647 0.42352941 0.64313725
v 39.70332693 -10.93780367 -9.72706178 0.54117647 0.42352941 0.64313725
v 40.33926749 -10.18421863 -7.46445611 0.54117647 0.42352941 0.64313725
v 39.82164036 -10.18421863 -9.72706178 0.54117647 0.42352941 0.64313725
v 39.99911387 -9.64594393 -9.26712191 0.54117647 0.42352941 0.64313725
v 40.26532076 -9.43063360 -8.21371263 0.54117647 0.42352941 0.64313725
v 40.51673875 -5.65886562 -8.97038720 0.54117647 0.42352941 0.64313725
v 40.03608498 -7.65048280 -10.17958247 0.54117647 0.42352941 0.64313725
v 39.97692940 -7.16603456 -10.65435845 0.54117647 0.42352941 0.64313725
v 40.55371212 -4.90143665 -8.97038720 0.54117647 0.42352941 0.64313725
v 39.90298266 -5.65886562 -11.23299176 0.54117647 0.42352941 0.64313725
v 40.35405639 -4.14785161 -9.72706178 0.54117647 0.42352941 0.64313725
v -33.93254973 -5.48969386 3.09189573 0.54117647 0.42352941 0.64313725
v -33.91775858 -5.12443599 3.50732500 0.54117647 0.42352941 0.64313725
v -33.76986511 -4.14785161 4.60524516 0.54117647 0.42352941 0.64313725
v -33.67373616 -4.90143665 5.35450112 0.54117647 0.42352941 0.64313725
v -32.97864001 -6.41245065 9.13045539 0.54117647 0.42352941 0.64313725
v -32.84553544 -7.16603456 9.88713053 0.54117647 0.42352941 0.64313725
v -32.60890634 -6.41245065 10.63638593 0.54117647 0.42352941 0.64313725
v -32.25396382 -4.14785161 11.39306051 0.54117647 0.42352941 0.64313725
v -30.55319570 -5.65886562 15.91827186 0.54117647 0.42352941 0.64313725
v -30.50882676 -4.90143665 15.91827186 0.54117647 0.42352941 0.64313725
v -30.46446007 -4.14785161 15.91827186 0.54117647 0.42352941 0.64313725
v -30.25001544 -4.90143665 16.54141576 0.54117647 0.42352941 0.64313725
v -30.06514860 -4.14785161 16.87524189 0.54117647 0.42352941 0.64313725
v -28.66016741 -4.75533305 20.11707402 0.54117647 0.42352941 0.64313725
v -27.20342171 -6.41245065 22.44644334 0.54117647 0.42352941 0.64313725
v -30.27219991 -5.65886562 16.56366994 0.54117647 0.42352941 0.64313725
v -26.90024145 -6.41245065 22.82478232 0.54117647 0.42352941 0.64313725
v -26.50092999 -7.16603456 23.23279128 0.54117647 0.42352941 0.64313725
v -26.15338079 -7.16603456 23.61113026 0.54117647 0.42352941 0.64313725
v -25.77625380 -7.16603456 24.01172116 0.54117647 0.42352941 0.64313725
v -25.03679096 -7.16603456 24.77581492 0.54117647 0.42352941 0.64313725
v -24.60790170 -7.16603456 25.15415165 0.54117647 0.42352941 0.64313725
v -19.02494356 -6.41245065 30.03544555 0.54117647 0.42352941 0.64313725
v -19.03233913 -5.65886562 30.02802749 0.54117647 0.42352941 0.64313725
v -18.44816083 -5.65886562 30.38410779 0.54117647 0.42352941 0.64313725
v -18.44816083 -6.41245065 30.40636422 0.54117647 0.42352941 0.64313725
v -13.16838519 -8.67704969 33.32178716 0.54117647 0.42352941 0.64313725
v -12.65076031 -8.67704969 33.59626657 0.54117647 0.42352941 0.64313725
v -18.07103384 -7.48130992 30.63633303 0.54117647 0.42352941 0.64313725
v -18.07103384 -7.55436172 30.63633303 0.54117647 0.42352941 0.64313725
v -15.19451805 -7.91961959 32.22386727 0.54117647 0.42352941 0.64313725
v -10.59504853 -9.18841004 34.42712510 0.54117647 0.42352941 0.64313725
v -9.19006622 -4.90143665 35.25056558 0.54117647 0.42352941 0.64313725
v -8.63546797 -4.90143665 35.44344185 0.54117647 0.42352941 0.64313725
v -4.86419861 -7.91961959 36.33364710 0.54117647 0.42352941 0.64313725
v -4.86419861 -4.14785161 36.48201502 0.54117647 0.42352941 0.64313725
v -0.38304364 -4.15938569 37.55768073 0.54117647 0.42352941 0.64313725
v 0.41557788 -4.14785161 37.68379447 0.54117647 0.42352941 0.64313725
v 6.44221361 -7.16603456 37.11257698 0.54117647 0.42352941 0.64313725
v 8.70497472 -4.14785161 37.03839415 0.54117647 0.42352941 0.64313725
v 11.41880984 -3.87871482 36.68972965 0.54117647 0.42352941 0.64313725
v 16.10701442 -10.18421863 35.22089110 0.54117647 0.42352941 0.64313725
v 16.38801133 -10.93780367 35.09477960 0.54117647 0.42352941 0.64313725
v 17.00916187 -10.93780367 34.91673721 0.54117647 0.42352941 0.64313725
v 17.76341473 -10.93780367 34.65709391 0.54117647 0.42352941 0.64313725
v 17.76341473 -10.18421863 34.68676840 0.54117647 0.42352941 0.64313725
v 18.31801298 -10.18421863 34.47905376 0.54117647 0.42352941 0.64313725
v 18.70253555 -10.18421863 34.33068584 0.54117647 0.42352941 0.64313725
v 18.70993000 -9.43063360 34.33068584 0.54117647 0.42352941 0.64313725
v 19.27192270 -9.43063360 34.10813509 0.54117647 0.42352941 0.64313725
v 19.98920332 -9.43063360 33.80398120 0.54117647 0.42352941 0.64313725
v 20.36633031 -9.43063360 33.63335911 0.54117647 0.42352941 0.64313725
v 20.78043067 -8.67704969 33.44789865 0.54117647 0.42352941 0.64313725
v 21.50510573 -8.67704969 33.07697998 0.54117647 0.42352941 0.64313725
v 21.88223272 -8.67704969 32.87668340 0.54117647 0.42352941 0.64313725
v 22.28893751 -8.67704969 32.64671459 0.54117647 0.42352941 0.64313725
v 22.28893751 -7.91961959 32.65413265 0.54117647 0.42352941 0.64313725
v 22.89529915 -7.16603456 32.27579593 0.54117647 0.42352941 0.64313725
v 22.86571911 -6.41245065 32.26095756 0.54117647 0.42352941 0.64313725
v 23.27242614 -7.16603456 32.05324293 0.54117647 0.42352941 0.64313725
v 23.79744660 -7.16603456 31.71199874 0.54117647 0.42352941 0.64313725
v 23.27981947 -7.91961959 32.05324293 0.54117647 0.42352941 0.64313725
v 23.79744660 -7.91961959 31.71199874 0.54117647 0.42352941 0.64313725
v 24.20415139 -8.67704969 31.40784485 0.54117647 0.42352941 0.64313725
v 24.59606728 -7.91961959 31.13336544 0.54117647 0.42352941 0.64313725
v 25.44645247 -8.67704969 30.44345676 0.54117647 0.42352941 0.64313725
v 25.90491951 -9.43063360 30.05028167 0.54117647 0.42352941 0.64313725
v 26.28204651 -9.43063360 29.73870972 0.54117647 0.42352941 0.64313725
v 26.70354019 -9.43063360 29.36779105 0.54117647 0.42352941 0.64313725
v 29.45434923 -8.94234141 26.86037932 0.54117647 0.42352941 0.64313725
v 30.24557659 -8.67704969 26.13337810 0.54117647 0.42352941 0.64313725
v 30.34910111 -4.90143665 26.22981736 0.54117647 0.42352941 0.64313725
v 30.72622810 -4.90143665 25.87373481 0.54117647 0.42352941 0.64313725
v 31.11074842 -4.90143665 25.49539808 0.54117647 0.42352941 0.64313725
v 31.87239798 -4.90143665 24.73872238 0.54117647 0.42352941 0.64313725
v 32.24952497 -4.90143665 24.36038565 0.54117647 0.42352941 0.64313725
v 33.29217032 -4.90143665 23.16602651 0.54117647 0.42352941 0.64313725
v 32.59707417 -4.90143665 23.98204893 0.54117647 0.42352941 0.64313725
v 33.29956364 -5.65886562 23.17344456 0.54117647 0.42352941 0.64313725
v 34.65278482 -4.90143665 21.45979883 0.54117647 0.42352941 0.64313725
v 34.90420281 -4.90143665 21.08146211 0.54117647 0.42352941 0.64313725
v 36.13910831 -5.65886562 19.12301145 0.54117647 0.42352941 0.64313725
v 36.13171274 -4.90143665 19.12301145 0.54117647 0.42352941 0.64313725
v 36.34615737 -4.90143665 18.74467247 0.54117647 0.42352941 0.64313725
v 36.66412877 -4.90143665 18.18087641 0.54117647 0.42352941 0.64313725
v 37.14478029 -4.14785161 17.30550840 0.54117647 0.42352941 0.64313725
v 37.47014502 -4.90143665 16.67494644 0.54117647 0.42352941 0.64313725
v 37.70677187 -4.90143665 16.19275127 0.54117647 0.42352941 0.64313725
v 37.71416744 -4.14785161 16.20758851 0.54117647 0.42352941 0.64313725
v 37.14478029 -4.90143665 17.31292646 0.54117647 0.42352941 0.64313725
v 37.88424538 -4.14785161 15.82925066 0.54117647 0.42352941 0.64313725
v 38.58673485 -6.41245065 14.19720807 0.54117647 0.42352941 0.64313725
v 39.27443768 -6.88151862 12.54290905 0.54117647 0.42352941 0.64313725
v 39.62198687 -6.41245065 -11.98966633 0.54117647 0.42352941 0.64313725
v 39.23006874 -6.41245065 -13.02823951 0.54117647 0.42352941 0.64313725
v 39.88079819 -6.41245065 -11.23299176 0.54117647 0.42352941 0.64313725
v 37.79550750 -7.91961959 -16.21072379 0.54117647 0.42352941 0.64313725
v 36.89336230 -4.90143665 -18.16917558 0.54117647 0.42352941 0.64313725
v 36.30918400 -4.14785161 -19.25967628 0.54117647 0.42352941 0.64313725
v 36.56060200 -4.90143665 -18.77748224 0.54117647 0.42352941 0.64313725
v 36.08734605 -4.14785161 -19.63801526 0.54117647 0.42352941 0.64313725
v 35.71021906 -4.14785161 -20.24632079 0.54117647 0.42352941 0.64313725
v 35.43661659 -6.41245065 -20.55789275 0.54117647 0.42352941 0.64313725
v 35.10385854 -7.16603456 -21.04008904 0.54117647 0.42352941 0.64313725
v 34.80067828 -7.16603456 -21.51486502 0.54117647 0.42352941 0.64313725
v 34.55665361 -7.16603456 -21.89320175 0.54117647 0.42352941 0.64313725
v 33.98726646 -3.80181796 -22.93177492 0.54117647 0.42352941 0.64313725
v 33.04075232 -4.14785161 -24.19289884 0.54117647 0.42352941 0.64313725
v 32.66362533 -4.14785161 -24.66025677 0.54117647 0.42352941 0.64313725
v 32.55270523 -7.16603456 -24.52672497 0.54117647 0.42352941 0.64313725
v 32.47875849 -9.08459994 -24.44512408 0.54117647 0.42352941 0.64313725
v 30.33431222 -9.43063360 -26.84126043 0.54117647 0.42352941 0.64313725
v 30.03113196 -8.67704969 -27.25668970 0.54117647 0.42352941 0.64313725
v 29.68358276 -7.91961959 -27.68695508 0.54117647 0.42352941 0.64313725
v 29.72055613 -6.41245065 -27.73888374 0.54117647 0.42352941 0.64313725
v 30.12726091 -4.14785161 -27.38280119 0.54117647 0.42352941 0.64313725
v 29.34342913 -5.65886562 -28.10980241 0.54117647 0.42352941 0.64313725
v 27.21377175 -7.00455294 -29.73442694 0.54117647 0.42352941 0.64313725
v 27.19158728 -7.50822427 -29.71959083 0.54117647 0.42352941 0.64313725
v 28.90714431 -7.91961959 -28.36944570 0.54117647 0.42352941 0.64313725
v 28.41909946 -7.91961959 -28.74778243 0.54117647 0.42352941 0.64313725
v 29.31385134 -7.16603456 -28.09496629 0.54117647 0.42352941 0.64313725
v 23.68652650 -9.43063360 -32.19732807 0.54117647 0.42352941 0.64313725
v 23.86399776 -7.94268888 -32.21216644 0.54117647 0.42352941 0.64313725
v 28.04197247 -7.91961959 -29.03710021 0.54117647 0.42352941 0.64313725
v 23.62736867 -10.18421863 -32.15281747 0.54117647 0.42352941 0.64313725
v 23.09495488 -10.18421863 -32.52373839 0.54117647 0.42352941 0.64313725
v 22.71782789 -10.18421863 -32.76854331 0.54117647 0.42352941 0.64313725
v 22.33330533 -10.88013101 -32.90207511 0.54117647 0.42352941 0.64313725
v 18.96134799 -12.24119748 -34.28189247 0.54117647 0.42352941 0.64313725
v 18.56943098 -12.47573090 -34.39316785 0.54117647 0.42352941 0.64313725
v 16.70598049 -12.94095381 -35.03115011 0.54117647 0.42352941 0.64313725
v 16.25490789 -10.93780367 -35.50592610 0.54117647 0.42352941 0.64313725
v 15.81862306 -10.37645968 -35.74331297 0.54117647 0.42352941 0.64313725
v 14.14003940 -9.43063360 -36.44064195 0.54117647 0.42352941 0.64313725
v 13.65938676 -9.88047735 -36.52224285 0.54117647 0.42352941 0.64313725
v 6.44221361 -9.43063360 -37.79820513 0.54117647 0.42352941 0.64313725
v 6.44221361 -8.67704969 -37.87238797 0.54117647 0.42352941 0.64313725
v 5.36999005 -6.86613947 -38.02817170 0.54117647 0.42352941 0.64313725
v 5.53267228 -6.41245065 -38.05042812 0.54117647 0.42352941 0.64313725
v 7.19646732 -16.22058453 -36.95250823 0.54117647 0.42352941 0.64313725
v 8.49792482 -16.75886036 -36.58158956 0.54117647 0.42352941 0.64313725
v 7.94332657 -16.99723885 -36.66319270 0.54117647 0.42352941 0.64313725
v 13.76291241 -13.78681429 -35.80265968 0.54117647 0.42352941 0.64313725
v 13.57065113 -14.29048619 -35.74331297 0.54117647 0.42352941 0.64313725
v 13.28965534 -14.77493331 -35.69880237 0.54117647 0.42352941 0.64313725
v 4.97807388 -6.37784729 -38.05042812 0.54117647 0.42352941 0.64313725
v 1.92408556 -6.41245065 -38.00591977 0.54117647 0.42352941 0.64313725
v 1.50259076 -5.42433220 -38.02817170 0.54117647 0.42352941 0.64313725
v 1.50259076 -5.06291827 -38.02817170 0.54117647 0.42352941 0.64313725
v -1.09292981 -6.41245065 -37.70176588 0.54117647 0.42352941 0.64313725
v -3.05990539 -6.27019212 -37.30859078 0.54117647 0.42352941 0.64313725
v -3.04511593 -5.65886562 -37.30117272 0.54117647 0.42352941 0.64313725
v -8.80554478 -7.16603456 -35.69138431 0.54117647 0.42352941 0.64313725
v -9.38972195 -7.16603456 -35.49108773 0.54117647 0.42352941 0.64313725
v -8.42841779 -7.16603456 -35.81007774 0.54117647 0.42352941 0.64313725
v -12.08137203 -7.65817182 -34.26705635 0.54117647 0.42352941 0.64313725
v -12.98351836 -10.18421863 -33.59940185 0.54117647 0.42352941 0.64313725
v -13.16838519 -7.16603456 -33.77744425 0.54117647 0.42352941 0.64313725
v -16.74739271 -5.65886562 -32.09347075 0.54117647 0.42352941 0.64313725
v -17.12451970 -5.65886562 -31.85608388 0.54117647 0.42352941 0.64313725
v -10.05523918 -7.91961959 -35.13500743 0.54117647 0.42352941 0.64313725
v -21.46517677 -5.65886562 -28.65134317 0.54117647 0.42352941 0.64313725
v -21.04368084 -6.41245065 -28.93324289 0.54117647 0.42352941 0.64313725
v -21.89406603 -6.41245065 -28.25817033 0.54117647 0.42352941 0.64313725
v -22.66310891 -6.26634705 -27.53116911 0.54117647 0.42352941 0.64313725
v -21.46517677 -6.41245065 -28.59941451 0.54117647 0.42352941 0.64313725
v -22.67050448 -5.65886562 -27.54600522 0.54117647 0.42352941 0.64313725
v -27.81717780 -4.14785161 -22.10833444 0.54117647 0.42352941 0.64313725
v -28.11296248 -4.14785161 -21.72999772 0.54117647 0.42352941 0.64313725
v -28.49748505 -4.14785161 -21.20329307 0.54117647 0.42352941 0.64313725
v -28.73411190 -4.14785161 -20.83237440 0.54117647 0.42352941 0.64313725
v -29.03729216 -4.14785161 -20.29083139 0.54117647 0.42352941 0.64313725
v -29.35526356 -4.90143665 -19.84572989 0.54117647 0.42352941 0.64313725
v -30.07993750 -4.14785161 -18.25819678 0.54117647 0.42352941 0.64313725
v -29.83591508 -4.14785161 -18.77748224 0.54117647 0.42352941 0.64313725
v -30.24261987 -4.14785161 -17.87985893 0.54117647 0.42352941 0.64313725
v -30.45706449 -4.14785161 -17.27155226 0.54117647 0.42352941 0.64313725
v -32.53495961 -7.91961959 -10.38729710 0.54117647 0.42352941 0.64313725
v -32.75679981 -7.91961959 -9.72706178 0.54117647 0.42352941 0.64313725
v -31.65499663 -15.85148271 -7.85021202 0.54117647 0.42352941 0.64313725
v -33.16350460 -12.08355980 -2.57574499 0.54117647 0.42352941 0.64313725
v -33.58500053 -8.67704969 -2.93182726 0.54117647 0.42352941 0.64313725
v -33.82902295 -5.65886562 -2.93182726 0.54117647 0.42352941 0.64313725
v -33.85860075 -4.90143665 -2.93182726 0.54117647 0.42352941 0.64313725
v -33.62936722 -4.14785161 -4.44517641 0.54117647 0.42352941 0.64313725
v -33.92515640 -4.02097223 -1.85616239 0.54117647 0.42352941 0.64313725
v -33.94733638 -4.90143665 -1.39622294 0.54117647 0.42352941 0.64313725
v -33.93994305 -4.22090341 -1.50008026 0.54117647 0.42352941 0.64313725
v -33.97691867 -6.41245065 0.07261593 0.54117647 0.42352941 0.64313725
v -33.96952534 -7.16603456 0.07261593 0.54117647 0.42352941 0.64313725
v -33.96952534 -7.16603456 0.82929047 0.54117647 0.42352941 0.64313725
v -33.94733638 -7.17756977 1.59338339 0.54117647 0.42352941 0.64313725
v -33.94733638 -6.41245065 2.23878245 0.54117647 0.42352941 0.64313725
v -33.91775858 -5.31667703 3.50732500 0.54117647 0.42352941 0.64313725
v 39.99171829 -7.91961959 10.15419188 0.54117647 0.42352941 0.64313725
v 39.95474493 -8.67704969 10.06517068 0.54117647 0.42352941 0.64313725
v 39.75508919 -8.67704969 10.63638593 0.54117647 0.42352941 0.64313725
v 38.85294174 -13.95598661 10.63638593 0.54117647 0.42352941 0.64313725
v 39.99911387 -12.72564460 7.13491163 0.54117647 0.42352941 0.64313725
v 39.23006874 -14.15207273 9.27882275 0.54117647 0.42352941 0.64313725
v 39.99911387 -13.47153893 6.33372701 0.54117647 0.42352941 0.64313725
v 39.79945813 -15.46700062 4.60524516 0.54117647 0.42352941 0.64313725
v 39.69593136 -16.22058453 3.84857031 0.54117647 0.42352941 0.64313725
v 39.93256046 -15.40548403 3.83373363 0.54117647 0.42352941 0.64313725
v 39.93256046 -13.91369367 6.09633902 0.54117647 0.42352941 0.64313725
v 39.73290473 -14.70957165 6.11117570 0.54117647 0.42352941 0.64313725
v 39.53325124 -15.46700062 6.11117570 0.54117647 0.42352941 0.64313725
v 39.75508919 -16.22058453 3.09189573 0.54117647 0.42352941 0.64313725
v 39.31141104 -18.21989185 0.82929047 0.54117647 0.42352941 0.64313725
v 39.48888230 -17.72775459 0.07261593 0.54117647 0.42352941 0.64313725
v 39.50367120 -17.72775459 -0.66922186 0.54117647 0.42352941 0.64313725
v 39.13393978 -13.92138325 9.83520187 0.54117647 0.42352941 0.64313725
v 38.93428405 -14.70957165 9.88713053 0.54117647 0.42352941 0.64313725
v 39.41493557 -17.78927119 -2.21224452 0.54117647 0.42352941 0.64313725
v 38.55715706 -19.71937065 -2.79829630 0.54117647 0.42352941 0.64313725
v 39.28922657 -18.14684005 -1.97485639 0.54117647 0.42352941 0.64313725
v 39.49627788 -17.72775459 -1.42589644 0.54117647 0.42352941 0.64313725
v 38.51278812 -19.61171661 -3.30274621 0.54117647 0.42352941 0.64313725
v 37.79550750 -19.70399150 -6.48523022 0.54117647 0.42352941 0.64313725
v 37.63282739 -19.21569932 -8.21371263 0.54117647 0.42352941 0.64313725
v 38.15784560 -16.97416956 -9.72706178 0.54117647 0.42352941 0.64313725
v 37.89163870 -14.70572658 -12.78343345 0.54117647 0.42352941 0.64313725
v 37.93600764 -17.01646306 -10.50599166 0.54117647 0.42352941 0.64313725
v 37.82508754 -16.75501529 -11.23299176 0.54117647 0.42352941 0.64313725
v 37.75853638 -16.60891169 -11.62616572 0.54117647 0.42352941 0.64313725
v 37.81769197 -16.15522287 -11.92290156 0.54117647 0.42352941 0.64313725
v 36.16868611 -18.66204547 -13.65880147 0.54117647 0.42352941 0.64313725
v 36.26481731 -18.15837413 -13.92586394 0.54117647 0.42352941 0.64313725
v 36.16868611 -17.89308129 -14.43031329 0.54117647 0.42352941 0.64313725
v 36.26481731 -17.39325502 -14.66028322 0.54117647 0.42352941 0.64313725
v 36.32397515 -16.90111889 -14.94959987 0.54117647 0.42352941 0.64313725
v 36.25002841 -16.60122155 -15.38728444 0.54117647 0.42352941 0.64313725
v 36.30918400 -16.22058453 -15.52081512 0.54117647 0.42352941 0.64313725
v 36.41271078 -15.47084569 -15.79529453 0.54117647 0.42352941 0.64313725
v 37.72895634 -14.95179521 -13.06533205 0.54117647 0.42352941 0.64313725
v 38.52757926 -12.13354231 -12.41251479 0.54117647 0.42352941 0.64313725
v 38.57194596 -11.69523264 -12.53120822 0.54117647 0.42352941 0.64313725
v 39.26704210 -9.79204641 -11.60391155 0.54117647 0.42352941 0.64313725
v 39.69593136 -7.91961959 -11.23299176 0.54117647 0.42352941 0.64313725
v 39.81424703 -7.16603456 -11.23299176 0.54117647 0.42352941 0.64313725
v -33.77726069 -4.90143665 4.60524516 0.54117647 0.42352941 0.64313725
v -32.99342891 -7.16603456 9.13045539 0.54117647 0.42352941 0.64313725
v -32.45361955 -6.41245065 11.13341721 0.54117647 0.42352941 0.64313725
v -32.75679981 -7.91961959 9.88713053 0.54117647 0.42352941 0.64313725
v -32.60890634 -7.16603456 10.63638593 0.54117647 0.42352941 0.64313725
v -30.54580012 -6.41245065 15.91827186 0.54117647 0.42352941 0.64313725
v -28.63058737 -5.25900438 20.06514536 0.54117647 0.42352941 0.64313725
v -27.18123724 -7.03915630 22.42418917 0.54117647 0.42352941 0.64313725
v -30.26480433 -6.41245065 16.53399658 0.54117647 0.42352941 0.64313725
v -25.75407158 -11.69523264 23.26246576 0.54117647 0.42352941 0.64313725
v -25.73188711 -7.91961959 23.96721281 0.54117647 0.42352941 0.64313725
v -25.36215569 -7.91961959 24.34554953 0.54117647 0.42352941 0.64313725
v -24.98502870 -7.91961959 24.72388626 0.54117647 0.42352941 0.64313725
v -24.60050613 -7.91961959 25.10222299 0.54117647 0.42352941 0.64313725
v -24.22337914 -7.91961959 25.43605136 0.54117647 0.42352941 0.64313725
v -18.98057687 -7.16603456 30.01318913 0.54117647 0.42352941 0.64313725
v -13.67122118 -9.43063360 32.97312266 0.54117647 0.42352941 0.64313725
v -13.16838519 -9.43063360 33.24760207 0.54117647 0.42352941 0.64313725
v -16.99141738 -7.91961959 31.22238439 0.54117647 0.42352941 0.64313725
v -14.67689204 -8.67704969 32.47609025 0.54117647 0.42352941 0.64313725
v -12.56202355 -9.43063360 33.55175597 0.54117647 0.42352941 0.64313725
v -11.65248278 -9.43063360 33.95976718 0.54117647 0.42352941 0.64313725
v -18.37421410 -7.85425793 30.36185362 0.54117647 0.42352941 0.64313725
v -18.11540278 -11.52221581 29.91674987 0.54117647 0.42352941 0.64313725
v -18.01187825 -8.05803306 30.59182243 0.54117647 0.42352941 0.64313725
v -17.18367754 -11.69523264 30.54731408 0.54117647 0.42352941 0.64313725
v -15.88961420 -11.50683666 31.44493739 0.54117647 0.42352941 0.64313725
v -15.95616536 -10.93780367 31.48944799 0.54117647 0.42352941 0.64313725
v -15.06141348 -9.85740919 32.14968219 0.54117647 0.42352941 0.64313725
v -10.86864987 -9.43832374 34.28617524 0.54117647 0.42352941 0.64313725
v -10.18094818 -9.43832374 34.53098242 0.54117647 0.42352941 0.64313725
v -9.38972195 -9.43063360 34.80546183 0.54117647 0.42352941 0.64313725
v -9.38972195 -8.67704969 34.87964691 0.54117647 0.42352941 0.64313725
v -5.61845259 -7.91961959 36.11109635 0.54117647 0.42352941 0.64313725
v -8.73899249 -8.67704969 35.08735930 0.54117647 0.42352941 0.64313725
v -4.86419861 -8.67704969 36.22237173 0.54117647 0.42352941 0.64313725
v -8.32489213 -9.10766923 35.17638050 0.54117647 0.42352941 0.64313725
v -5.65542540 -8.62706605 36.01465709 0.54117647 0.42352941 0.64313725
v -6.37270601 -10.18421863 35.59922782 0.54117647 0.42352941 0.64313725
v 2.67833927 -10.18421863 37.08290475 0.54117647 0.42352941 0.64313725
v 4.17945222 -9.43063360 37.09774086 0.54117647 0.42352941 0.64313725
v 4.93370607 -9.43063360 37.06806638 0.54117647 0.42352941 0.64313725
v 4.93370607 -8.67704969 37.11999504 0.54117647 0.42352941 0.64313725
v 5.68795977 -7.91961959 37.12741535 0.54117647 0.42352941 0.64313725
v 6.44221361 -7.91961959 37.06806638 0.54117647 0.42352941 0.64313725
v 7.95072130 -6.41245065 37.00130161 0.54117647 0.42352941 0.64313725
v 8.70497472 -6.41245065 36.91228041 0.54117647 0.42352941 0.64313725
v 8.42397837 -9.87663341 36.69714771 0.54117647 0.42352941 0.64313725
v 12.48363853 -7.16603456 36.25204621 0.54117647 0.42352941 0.64313725
v 14.74639992 -10.18421863 35.55471722 0.54117647 0.42352941 0.64313725
v 15.50065390 -10.18421863 35.37667707 0.54117647 0.42352941 0.64313725
v 15.50065390 -10.93780367 35.33216647 0.54117647 0.42352941 0.64313725
v 15.92954316 -11.44531895 35.17638050 0.54117647 0.42352941 0.64313725
v 16.21054007 -11.69523264 35.07252318 0.54117647 0.42352941 0.64313725
v 17.00916187 -11.69523264 34.83513631 0.54117647 0.42352941 0.64313725
v 18.22927735 -11.52221581 34.44196122 0.54117647 0.42352941 0.64313725
v 18.29582964 -10.93780367 34.46421764 0.54117647 0.42352941 0.64313725
v 18.67295663 -10.93780367 34.31584973 0.54117647 0.42352941 0.64313725
v 19.27192270 -10.18421863 34.09329673 0.54117647 0.42352941 0.64313725
v 19.95962440 -10.18421863 33.78914508 0.54117647 0.42352941 0.64313725
v 20.33675139 -10.18421863 33.61852074 0.54117647 0.42352941 0.64313725
v 20.78043067 -9.43063360 33.42564447 0.54117647 0.42352941 0.64313725
v 21.47552681 -9.43063360 33.06214386 0.54117647 0.42352941 0.64313725
v 21.85265381 -9.43063360 32.86184729 0.54117647 0.42352941 0.64313725
v 22.28893751 -9.43063360 32.60962205 0.54117647 0.42352941 0.64313725
v 22.89529915 -8.67704969 32.28321399 0.54117647 0.42352941 0.64313725
v 22.90269248 -7.91961959 32.28321399 0.54117647 0.42352941 0.64313725
v 23.27242614 -8.67704969 32.04582487 0.54117647 0.42352941 0.64313725
v 23.79744660 -8.67704969 31.68974232 0.54117647 0.42352941 0.64313725
v 24.18936249 -9.19225511 31.40042679 0.54117647 0.42352941 0.64313725
v 24.58127838 -8.67704969 31.11852707 0.54117647 0.42352941 0.64313725
v 25.06932547 -8.67704969 30.74019035 0.54117647 0.42352941 0.64313725
v 25.37989906 -10.18421863 30.39152810 0.54117647 0.42352941 0.64313725
v 25.84576168 -10.18421863 30.01318913 0.54117647 0.42352941 0.64313725
v 25.00277206 -10.18421863 30.68826169 0.54117647 0.42352941 0.64313725
v 26.22288867 -10.18421863 29.69419912 0.54117647 0.42352941 0.64313725
v 26.63698903 -10.18421863 29.31586239 0.54117647 0.42352941 0.64313725
v 30.22339212 -9.09997909 26.11854198 0.54117647 0.42352941 0.64313725
v 32.21994718 -7.16603456 24.34554953 0.54117647 0.42352941 0.64313725
v 31.84282018 -7.16603456 24.70905014 0.54117647 0.42352941 0.64313725
v 32.23473607 -6.41245065 24.36038565 0.54117647 0.42352941 0.64313725
v 32.24952497 -5.65886562 24.36780371 0.54117647 0.42352941 0.64313725
v 32.59707417 -5.65886562 23.98946698 0.54117647 0.42352941 0.64313725
v 32.97419891 -5.65886562 23.55178354 0.54117647 0.42352941 0.64313725
v 32.97419891 -6.41245065 23.54436323 0.54117647 0.42352941 0.64313725
v 33.29217032 -6.41245065 23.16602651 0.54117647 0.42352941 0.64313725
v 34.58623366 -7.91961959 21.37819794 0.54117647 0.42352941 0.64313725
v 34.86722944 -7.91961959 20.99986121 0.54117647 0.42352941 0.64313725
v 34.88201834 -7.16603456 21.02211539 0.54117647 0.42352941 0.64313725
v 35.25914533 -7.16603456 20.46573626 0.54117647 0.42352941 0.64313725
v 35.77677022 -6.41245065 19.69422669 0.54117647 0.42352941 0.64313725
v 36.13910831 -6.41245065 19.10817308 0.54117647 0.42352941 0.64313725
v 36.93772899 -4.90143665 17.69126431 0.54117647 0.42352941 0.64313725
v 37.86945423 -7.16603456 15.75506670 0.54117647 0.42352941 0.64313725
v 36.93033567 -6.41245065 17.66900901 0.54117647 0.42352941 0.64313725
v 37.12259582 -6.41245065 17.29067116 0.54117647 0.42352941 0.64313725
v 37.11520025 -7.16603456 17.26841586 0.54117647 0.42352941 0.64313725
v 38.15045227 -6.41245065 15.16901534 0.54117647 0.42352941 0.64313725
v 38.13566113 -7.16603456 15.16901534 0.54117647 0.42352941 0.64313725
v 39.25225321 -7.38134489 12.47614428 0.54117647 0.42352941 0.64313725
v 39.37056888 -7.14681147 12.19424568 0.54117647 0.42352941 0.64313725
v 37.84727201 -7.91961959 15.73281252 0.54117647 0.42352941 0.64313725
v 37.81769197 -8.67704969 15.68088387 0.54117647 0.42352941 0.64313725
v 39.52585567 -7.16603456 -11.98966633 0.54117647 0.42352941 0.64313725
v 37.98037434 -7.91961959 -15.75820311 0.54117647 0.42352941 0.64313725
v 37.76592971 -8.34255012 -16.15137708 0.54117647 0.42352941 0.64313725
v 37.05604466 -10.18421863 -16.97481643 0.54117647 0.42352941 0.64313725
v 36.82681114 -7.90424044 -17.97629818 0.54117647 0.42352941 0.64313725
v 37.01907130 -7.64279267 -17.68698153 0.54117647 0.42352941 0.64313725
v 36.84160003 -7.16603456 -18.09499162 0.54117647 0.42352941 0.64313725
v 36.29439511 -4.90143665 -19.23000405 0.54117647 0.42352941 0.64313725
v 35.42182770 -7.16603456 -20.53563857 0.54117647 0.42352941 0.64313725
v 34.54926029 -7.91961959 -21.86352727 0.54117647 0.42352941 0.64313725
v 34.17213330 -7.91961959 -22.43474251 0.54117647 0.42352941 0.64313725
v 33.96508199 -4.90143665 -22.90210044 0.54117647 0.42352941 0.64313725
v 33.32174811 -4.14785161 -23.81456212 0.54117647 0.42352941 0.64313725
v 33.95029310 -5.65886562 -22.87984626 0.54117647 0.42352941 0.64313725
v 33.89853083 -7.91961959 -22.81308149 0.54117647 0.42352941 0.64313725
v 33.52140384 -7.91961959 -23.28043717 0.54117647 0.42352941 0.64313725
v 33.22561691 -7.50437921 -23.68103032 0.54117647 0.42352941 0.64313725
v 30.94067273 -11.16849202 -25.91396263 0.54117647 0.42352941 0.64313725
v 30.98503942 -10.66482068 -25.96589129 0.54117647 0.42352941 0.64313725
v 31.00722389 -10.18421863 -25.99556353 0.54117647 0.42352941 0.64313725
v 33.83937300 -8.67704969 -22.73147835 0.54117647 0.42352941 0.64313725
v 33.46964158 -11.69523264 -22.49408923 0.54117647 0.42352941 0.64313725
v 32.43439180 -9.58827128 -24.37835705 0.54117647 0.42352941 0.64313725
v 30.28994328 -10.18421863 -26.78191371 0.54117647 0.42352941 0.64313725
v 29.97197412 -9.43063360 -27.21959716 0.54117647 0.42352941 0.64313725
v 29.65400497 -8.67704969 -27.64986254 0.54117647 0.42352941 0.64313725
v 29.28427130 -7.91961959 -28.06529181 0.54117647 0.42352941 0.64313725
v 29.21772014 -8.67704969 -28.02819927 0.54117647 0.42352941 0.64313725
v 25.70526378 -10.61483817 -30.49110264 0.54117647 0.42352941 0.64313725
v 27.32469185 -11.69523264 -29.07419050 0.54117647 0.42352941 0.64313725
v 27.26553402 -12.26426564 -29.02226184 0.54117647 0.42352941 0.64313725
v 23.52384414 -10.93780367 -32.06379852 0.54117647 0.42352941 0.64313725
v 22.61430224 -11.09159628 -32.69436048 0.54117647 0.42352941 0.64313725
v 22.67345895 -10.58792494 -32.73887108 0.54117647 0.42352941 0.64313725
v 22.09667735 -11.69523264 -32.85014645 0.54117647 0.42352941 0.64313725
v 18.85782234 -12.74486882 -34.22996381 0.54117647 0.42352941 0.64313725
v 17.76341473 -13.20240158 -34.55637188 0.54117647 0.42352941 0.64313725
v 16.97958295 -13.19855651 -34.86052577 0.54117647 0.42352941 0.64313725
v 16.50632588 -13.44462570 -34.96438309 0.54117647 0.42352941 0.64313725
v 1.92408556 -7.16603456 -37.97624304 0.54117647 0.42352941 0.64313725
v 5.25167578 -6.86613947 -38.02817170 0.54117647 0.42352941 0.64313725
v -0.54572601 -10.50718300 -37.25666212 0.54117647 0.42352941 0.64313725
v -1.09292981 -9.98813252 -37.30117272 0.54117647 0.42352941 0.64313725
v -0.33867583 -9.43063360 -37.47179482 0.54117647 0.42352941 0.64313725
v 1.16983158 -7.91961959 -37.83529543 0.54117647 0.42352941 0.64313725
v 1.16983158 -7.16603456 -37.95399111 0.54117647 0.42352941 0.64313725
v 7.68451385 -17.39325502 -36.54449927 0.54117647 0.42352941 0.64313725
v 7.49964786 -17.39325502 -36.54449927 0.54117647 0.42352941 0.64313725
v 2.67833927 -17.72775459 -36.05488492 0.54117647 0.42352941 0.64313725
v 2.67833927 -16.97416956 -36.24034538 0.54117647 0.42352941 0.64313725
v 12.83858161 -15.07098333 -35.75073103 0.54117647 0.42352941 0.64313725
v 13.23789195 -15.46700062 -35.51334416 0.54117647 0.42352941 0.64313725
v 13.62980896 -16.61275676 -35.00889369 0.54117647 0.42352941 0.64313725
v 13.92559477 -16.90880790 -34.80117906 0.54117647 0.42352941 0.64313725
v 14.61329647 -17.54320256 -34.33382113 0.54117647 0.42352941 0.64313725
v 14.28053730 -18.04687502 -34.22254575 0.54117647 0.42352941 0.64313725
v 8.18734984 -17.26253057 -36.46289613 0.54117647 0.42352941 0.64313725
v 13.99214593 -14.70957165 -35.48366968 0.54117647 0.42352941 0.64313725
v 1.16983158 -6.41245065 -37.98366334 0.54117647 0.42352941 0.64313725
v 0.41557788 -7.16603456 -37.86496991 0.54117647 0.42352941 0.64313725
v -0.33867583 -7.16603456 -37.76853065 0.54117647 0.42352941 0.64313725
v -1.09292981 -7.16603456 -37.66467333 0.54117647 0.42352941 0.64313725
v -1.50702961 -9.85356413 -37.27891855 0.54117647 0.42352941 0.64313725
v -8.34707660 -7.68893011 -35.78040551 0.54117647 0.42352941 0.64313725
v -7.88121398 -7.16603456 -35.95844566 0.54117647 0.42352941 0.64313725
v -9.38972195 -7.91961959 -35.39465072 0.54117647 0.42352941 0.64313725
v -12.91696720 -10.79938908 -33.56230931 0.54117647 0.42352941 0.64313725
v -16.68823712 -6.41245065 -32.06379852 0.54117647 0.42352941 0.64313725
v -16.18540113 -6.41245065 -32.32344181 0.54117647 0.42352941 0.64313725
v -15.14275578 -7.16603456 -32.78337943 0.54117647 0.42352941 0.64313725
v -17.06536186 -6.41245065 -31.80415523 0.54117647 0.42352941 0.64313725
v -20.96234078 -7.16603456 -28.86647586 0.54117647 0.42352941 0.64313725
v -20.58521379 -7.16603456 -29.14837558 0.54117647 0.42352941 0.64313725
v -21.84969933 -6.82384597 -28.22107779 0.54117647 0.42352941 0.64313725
v -23.35820505 -7.57358594 -26.70772863 0.54117647 0.42352941 0.64313725
v -26.63403456 -7.91961959 -23.17657985 0.54117647 0.42352941 0.64313725
v -27.01116155 -7.91961959 -22.76115283 0.54117647 0.42352941 0.64313725
v -28.74890304 -4.90143665 -20.82495410 0.54117647 0.42352941 0.64313725
v -29.09644999 -4.90143665 -20.29083139 0.54117647 0.42352941 0.64313725
v -29.34786799 -8.67704969 -19.07421807 0.54117647 0.42352941 0.64313725
v -29.38484135 -7.91961959 -19.15581897 0.54117647 0.42352941 0.64313725
v -29.51794592 -4.90143665 -19.46739092 0.54117647 0.42352941 0.64313725
v -29.50315478 -8.67704969 -18.70329940 0.54117647 0.42352941 0.64313725
v -30.18346428 -8.50018780 -16.98223561 0.54117647 0.42352941 0.64313725
v -31.04124279 -13.24854015 -12.04901418 0.54117647 0.42352941 0.64313725
v -31.31484300 -13.20240158 -11.23299176 0.54117647 0.42352941 0.64313725
v -30.90074489 -16.60506662 -9.36356117 0.54117647 0.42352941 0.64313725
v -28.67495631 -20.44988640 -10.98818571 0.54117647 0.42352941 0.64313725
v -28.73411190 -20.56523170 -10.48373636 0.54117647 0.42352941 0.64313725
v -30.81200702 -17.93152972 -6.70778153 0.54117647 0.42352941 0.64313725
v -29.57710151 -21.44569499 -2.93182726 0.54117647 0.42352941 0.64313725
v -29.59189266 -21.56872931 -2.21966286 0.54117647 0.42352941 0.64313725
v -29.96901740 -20.74593754 -2.18257102 0.54117647 0.42352941 0.64313725
v -31.34442305 -17.72775459 -1.42589644 0.54117647 0.42352941 0.64313725
v -31.66978778 -15.88608608 -7.46445611 0.54117647 0.42352941 0.64313725
v -30.88595375 -15.80534414 -10.81014443 0.54117647 0.42352941 0.64313725
v -31.58105214 -17.12796217 -1.42589644 0.54117647 0.42352941 0.64313725
v -31.70676114 -16.79346372 -0.66922186 0.54117647 0.42352941 0.64313725
v -33.16350460 -12.08355980 -2.52381633 0.54117647 0.42352941 0.64313725
v -33.92515640 -7.60434423 -0.37990512 0.54117647 0.42352941 0.64313725
v -33.93994305 -7.16603456 -0.45408891 0.54117647 0.42352941 0.64313725
v -33.88078522 -5.65886562 -2.18257102 0.54117647 0.42352941 0.64313725
v -33.92515640 -7.60050029 0.07261593 0.54117647 0.42352941 0.64313725
v -33.92515640 -7.58127607 1.34857692 0.54117647 0.42352941 0.64313725
v -33.90296968 -7.43901754 1.84560834 0.54117647 0.42352941 0.64313725
v -33.92515640 -6.93534621 2.08299620 0.54117647 0.42352941 0.64313725
v -33.17090017 -9.83818498 5.76993039 0.54117647 0.42352941 0.64313725
v 39.82903593 -7.91961959 10.63638593 0.54117647 0.42352941 0.64313725
v 39.35577773 -7.91961959 12.02362247 0.54117647 0.42352941 0.64313725
v 39.17091315 -8.67704969 12.26842964 0.54117647 0.42352941 0.64313725
v 39.27443768 -9.10382416 11.80107172 0.54117647 0.42352941 0.64313725
v 38.84554842 -12.44881767 11.39306051 0.54117647 0.42352941 0.64313725
v 38.51278812 -13.59457325 11.77881642 0.54117647 0.42352941 0.64313725
v 38.40187027 -14.74032994 11.38564245 0.54117647 0.42352941 0.64313725
v 38.66068159 -14.74032994 10.68089653 0.54117647 0.42352941 0.64313725
v 38.90470626 -15.46700062 9.13045539 0.54117647 0.42352941 0.64313725
v 39.14133311 -14.64420998 9.07110868 0.54117647 0.42352941 0.64313725
v 39.58501351 -14.70957165 6.86785028 0.54117647 0.42352941 0.64313725
v 39.57022236 -16.22058453 4.60524516 0.54117647 0.42352941 0.64313725
v 39.35577773 -16.80115273 4.60524516 0.54117647 0.42352941 0.64313725
v 39.40014667 -17.02415208 3.84115197 0.54117647 0.42352941 0.64313725
v 39.28183325 -18.15837413 1.32632190 0.54117647 0.42352941 0.64313725
v 39.37056888 -15.48237977 6.87526890 0.54117647 0.42352941 0.64313725
v 39.29662215 -15.92837958 6.62304366 0.54117647 0.42352941 0.64313725
v 39.16351757 -18.59668380 0.82929047 0.54117647 0.42352941 0.64313725
v 39.31880437 -18.24680508 0.07261593 0.54117647 0.42352941 0.64313725
v 38.57934153 -15.33243223 10.45834578 0.54117647 0.42352941 0.64313725
v 38.50539479 -15.83610244 10.25063114 0.54117647 0.42352941 0.64313725
v 38.68286606 -15.53620735 9.95389531 0.54117647 0.42352941 0.64313725
v 38.04692550 -20.74593754 -2.93182726 0.54117647 0.42352941 0.64313725
v 37.77332528 -21.15348892 -3.36951155 0.54117647 0.42352941 0.64313725
v 39.30401547 -18.18528848 -1.42589644 0.54117647 0.42352941 0.64313725
v 38.57194596 -19.75781909 -2.18257102 0.54117647 0.42352941 0.64313725
v 38.40187027 -20.13461216 -2.18257102 0.54117647 0.42352941 0.64313725
v 38.12087223 -20.74593754 -2.18257102 0.54117647 0.42352941 0.64313725
v 39.31880437 -18.21989185 -0.66922186 0.54117647 0.42352941 0.64313725
v 36.75286440 -22.25695155 -5.95110695 0.54117647 0.42352941 0.64313725
v 37.68458965 -20.20766284 -5.95110695 0.54117647 0.42352941 0.64313725
v 37.45535388 -19.99235363 -7.46445611 0.54117647 0.42352941 0.64313725
v 37.29267376 -19.99235363 -8.21371263 0.54117647 0.42352941 0.64313725
v 37.12259582 -19.99235363 -8.90362130 0.54117647 0.42352941 0.64313725
v 37.43317165 -19.23876860 -8.97038720 0.54117647 0.42352941 0.64313725
v 37.74374524 -12.01050800 -14.60835456 0.54117647 0.42352941 0.64313725
v 37.91382317 -11.73368108 -14.31161873 0.54117647 0.42352941 0.64313725
v 38.23179233 -11.69523264 -13.49559743 0.54117647 0.42352941 0.64313725
v 38.43884363 -11.69523264 -12.90954607 0.54117647 0.42352941 0.64313725
v 37.06343799 -19.74243994 -9.54160189 0.54117647 0.42352941 0.64313725
v 36.98209793 -19.57326818 -10.04605179 0.54117647 0.42352941 0.64313725
v 36.79723110 -19.17725088 -11.17364504 0.54117647 0.42352941 0.64313725
v 37.07822688 -19.03499348 -10.48373636 0.54117647 0.42352941 0.64313725
v 36.91554677 -19.41178543 -10.48373636 0.54117647 0.42352941 0.64313725
v 36.33136847 -19.03883742 -12.74634091 0.54117647 0.42352941 0.64313725
v 36.25742174 -18.88504481 -13.15435212 0.54117647 0.42352941 0.64313725
v 34.80807161 -21.26883309 -14.04455738 0.54117647 0.42352941 0.64313725
v 35.66585012 -19.25030268 -14.25227201 0.54117647 0.42352941 0.64313725
v 36.04297711 -18.43904612 -14.20776141 0.54117647 0.42352941 0.64313725
v 35.56232559 -19.00807912 -14.76414054 0.54117647 0.42352941 0.64313725
v 34.94856950 -19.25799282 -15.79529453 0.54117647 0.42352941 0.64313725
v 34.80067828 -19.01961433 -16.26265245 0.54117647 0.42352941 0.64313725
v 33.97247757 -17.32789335 -19.14098285 0.54117647 0.42352941 0.64313725
v 34.24608003 -17.03568728 -18.84424814 0.54117647 0.42352941 0.64313725
v 36.21305505 -15.72844840 -16.06977506 0.54117647 0.42352941 0.64313725
v 37.03386019 -13.66762505 -15.44663116 0.54117647 0.42352941 0.64313725
v 36.28700178 -15.22477706 -16.21072379 0.54117647 0.42352941 0.64313725
v 37.48493392 -12.44881767 -15.00894659 0.54117647 0.42352941 0.64313725
v 37.09301803 -13.20240158 -15.56532459 0.54117647 0.42352941 0.64313725
v 38.38707912 -10.91857945 -13.45108683 0.54117647 0.42352941 0.64313725
v 38.43884363 -10.18421863 -13.66622065 0.54117647 0.42352941 0.64313725
v 38.48321032 -9.60749550 -13.79233214 0.54117647 0.42352941 0.64313725
v 38.52018369 -9.10382416 -13.89618946 0.54117647 0.42352941 0.64313725
v 38.15784560 -8.67704969 -15.00894659 0.54117647 0.42352941 0.64313725
v -32.88990438 -7.91961959 9.13045539 0.54117647 0.42352941 0.64313725
v -32.43883066 -7.16603456 11.09632580 0.54117647 0.42352941 0.64313725
v -31.99515026 -11.69523264 9.13045539 0.54117647 0.42352941 0.64313725
v -31.44794757 -12.44881767 10.63638593 0.54117647 0.42352941 0.64313725
v -31.26308074 -12.44881767 11.39306051 0.54117647 0.42352941 0.64313725
v -32.50538182 -7.85425793 10.62896787 0.54117647 0.42352941 0.64313725
v -32.40925061 -7.55820679 11.02955990 0.54117647 0.42352941 0.64313725
v -30.13169976 -8.83084230 16.23726187 0.54117647 0.42352941 0.64313725
v -29.98380855 -8.61553197 16.60076248 0.54117647 0.42352941 0.64313725
v -29.85070398 -9.43063360 16.67494644 0.54117647 0.42352941 0.64313725
v -27.05552824 -10.93780367 21.46721914 0.54117647 0.42352941 0.64313725
v -26.16077636 -11.66447434 22.64673992 0.54117647 0.42352941 0.64313725
v -29.52533925 -9.43063360 17.29067116 0.54117647 0.42352941 0.64313725
v -25.68751817 -12.29502394 23.18086262 0.54117647 0.42352941 0.64313725
v -25.41391795 -11.69523264 23.64080249 0.54117647 0.42352941 0.64313725
v -23.90540998 -11.69523264 25.15415165 0.54117647 0.42352941 0.64313725
v -24.54874387 -8.67704969 25.02804015 0.54117647 0.42352941 0.64313725
v -24.17161687 -8.67704969 25.39895882 0.54117647 0.42352941 0.64313725
v -18.89923456 -7.91961959 29.94642435 0.54117647 0.42352941 0.64313725
v -23.52828299 -11.69523264 25.48055972 0.54117647 0.42352941 0.64313725
v -14.67689204 -9.43063360 32.40932548 0.54117647 0.42352941 0.64313725
v -15.43114715 -10.93780367 31.78618158 0.54117647 0.42352941 0.64313725
v -12.08876648 -9.89201256 33.67786746 0.54117647 0.42352941 0.64313725
v -15.48290941 -11.73368108 31.59330531 0.54117647 0.42352941 0.64313725
v -11.66727167 -10.16114935 33.79656314 0.54117647 0.42352941 0.64313725
v -18.05624494 -12.02588715 29.86482121 0.54117647 0.42352941 0.64313725
v -17.62735569 -12.44881767 30.10221033 0.54117647 0.42352941 0.64313725
v -17.76046026 -11.74137009 30.13188481 0.54117647 0.42352941 0.64313725
v -16.80655054 -11.69523264 30.79953706 0.54117647 0.42352941 0.64313725
v -15.77130077 -12.01050800 31.37075231 0.54117647 0.42352941 0.64313725
v -17.05057297 -12.44881767 30.48054705 0.54117647 0.42352941 0.64313725
v -17.48685779 -13.20240158 30.00577107 0.54117647 0.42352941 0.64313725
v -16.87310170 -13.14473005 30.39152810 0.54117647 0.42352941 0.64313725
v -10.46194509 -9.69208138 34.38261450 0.54117647 0.42352941 0.64313725
v -11.29754025 -11.34919899 33.66303134 0.54117647 0.42352941 0.64313725
v -6.86814755 -14.49041625 34.44937928 0.54117647 0.42352941 0.64313725
v -6.83856864 -11.41071558 35.19121661 0.54117647 0.42352941 0.64313725
v -6.37270601 -10.93780367 35.44344185 0.54117647 0.42352941 0.64313725
v -5.61845259 -10.18421863 35.79210634 0.54117647 0.42352941 0.64313725
v -1.51442462 -13.62917661 35.92563814 0.54117647 0.42352941 0.64313725
v 4.17945222 -13.95598661 36.23721009 0.54117647 0.42352941 0.64313725
v 6.44221361 -11.61064676 36.75649443 0.54117647 0.42352941 0.64313725
v 6.44221361 -10.93780367 36.85293369 0.54117647 0.42352941 0.64313725
v -0.72319755 -14.33662364 35.91821783 0.54117647 0.42352941 0.64313725
v -0.33867583 -14.82491582 35.86628918 0.54117647 0.42352941 0.64313725
v 2.67833927 -15.46700062 35.85145306 0.54117647 0.42352941 0.64313725
v 4.17945222 -14.70957165 36.06658575 0.54117647 0.42352941 0.64313725
v 7.19646732 -8.67704969 36.93453683 0.54117647 0.42352941 0.64313725
v 7.19646732 -7.91961959 36.98646549 0.54117647 0.42352941 0.64313725
v 7.95072130 -9.43063360 36.80100503 0.54117647 0.42352941 0.64313725
v 7.03378523 -11.48761245 36.72682220 0.54117647 0.42352941 0.64313725
v 14.74639992 -11.69523264 35.41376961 0.54117647 0.42352941 0.64313725
v 14.74639992 -10.93780367 35.49537051 0.54117647 0.42352941 0.64313725
v 15.54502172 -11.69523264 35.24314527 0.54117647 0.42352941 0.64313725
v 15.82601863 -11.94899028 35.14670826 0.54117647 0.42352941 0.64313725
v 16.25490789 -12.44881767 34.94641169 0.54117647 0.42352941 0.64313725
v 17.00916187 -12.44881767 34.71644063 0.54117647 0.42352941 0.64313725
v 17.64510131 -12.44881767 34.50130794 0.54117647 0.42352941 0.64313725
v 18.11835838 -12.02588715 34.39745062 0.54117647 0.42352941 0.64313725
v 18.51766871 -12.44881767 34.17489987 0.54117647 0.42352941 0.64313725
v 18.49548537 -11.74137009 34.30101136 0.54117647 0.42352941 0.64313725
v 19.27192270 -11.69523264 33.98202135 0.54117647 0.42352941 0.64313725
v 19.27192270 -10.93780367 34.05620643 0.54117647 0.42352941 0.64313725
v 20.28498913 -10.93780367 33.58884851 0.54117647 0.42352941 0.64313725
v 20.78043067 -10.18421863 33.38855193 0.54117647 0.42352941 0.64313725
v 19.90786213 -10.93780367 33.76688866 0.54117647 0.42352941 0.64313725
v 21.80089154 -10.18421863 32.83217280 0.54117647 0.42352941 0.64313725
v 22.28893751 -10.18421863 32.55027534 0.54117647 0.42352941 0.64313725
v 21.42376455 -10.18421863 33.03988744 0.54117647 0.42352941 0.64313725
v 22.85832578 -9.43063360 32.26095756 0.54117647 0.42352941 0.64313725
v 23.23545278 -9.43063360 32.02357069 0.54117647 0.42352941 0.64313725
v 23.86399776 -9.43832374 31.60072337 0.54117647 0.42352941 0.64313725
v 24.15978245 -9.69592645 31.37817037 0.54117647 0.42352941 0.64313725
v 24.96579870 -10.69942405 30.65858945 0.54117647 0.42352941 0.64313725
v 25.77181494 -10.93780367 29.95384241 0.54117647 0.42352941 0.64313725
v 24.55169834 -10.18421863 31.02950812 0.54117647 0.42352941 0.64313725
v 26.14894194 -10.93780367 29.62001628 0.54117647 0.42352941 0.64313725
v 26.56304230 -10.93780367 29.24167956 0.54117647 0.42352941 0.64313725
v 26.94016929 -10.93780367 28.88559700 0.54117647 0.42352941 0.64313725
v 29.97197412 -11.69523264 25.87373481 0.54117647 0.42352941 0.64313725
v 30.04592085 -10.93780367 25.94791764 0.54117647 0.42352941 0.64313725
v 31.04419726 -12.31424816 24.67937566 0.54117647 0.42352941 0.64313725
v 31.71711119 -9.03461743 24.59035446 0.54117647 0.42352941 0.64313725
v 32.18297381 -7.91961959 24.29362088 0.54117647 0.42352941 0.64313725
v 31.80584682 -7.91961959 24.67937566 0.54117647 0.42352941 0.64313725
v 32.58228302 -7.16603456 23.96721281 0.54117647 0.42352941 0.64313725
v 32.59707417 -6.41245065 23.98204893 0.54117647 0.42352941 0.64313725
v 32.95941001 -7.16603456 23.52210906 0.54117647 0.42352941 0.64313725
v 33.26998585 -7.16603456 23.14377233 0.54117647 0.42352941 0.64313725
v 33.60274390 -7.16603456 22.71350470 0.54117647 0.42352941 0.64313725
v 34.54926029 -8.67704969 21.31885122 0.54117647 0.42352941 0.64313725
v 34.20910666 -7.91961959 21.86781004 0.54117647 0.42352941 0.64313725
v 34.17213330 -8.67704969 21.81588138 0.54117647 0.42352941 0.64313725
v 34.82286050 -8.67704969 20.94051450 0.54117647 0.42352941 0.64313725
v 35.27393423 -7.86194694 20.37671731 0.54117647 0.42352941 0.64313725
v 35.49577443 -7.56974087 20.07256342 0.54117647 0.42352941 0.64313725
v 35.50316776 -7.16603456 20.08739953 0.54117647 0.42352941 0.64313725
v 35.74719243 -7.16603456 19.69422669 0.54117647 0.42352941 0.64313725
v 36.11692384 -7.16603456 19.06366473 0.54117647 0.42352941 0.64313725
v 37.10041135 -7.91961959 17.23132444 0.54117647 0.42352941 0.64313725
v 37.38880272 -7.91961959 16.67494644 0.54117647 0.42352941 0.64313725
v 39.02301968 -7.91961959 12.89899160 0.54117647 0.42352941 0.64313725
v 39.22267541 -7.91961959 12.39454226 0.54117647 0.42352941 0.64313725
v 37.64761628 -8.67704969 16.05922059 0.54117647 0.42352941 0.64313725
v 37.78071860 -9.18456497 15.59928072 0.54117647 0.42352941 0.64313725
v 38.45363253 -9.43063360 13.87821806 0.54117647 0.42352941 0.64313725
v 38.65328826 -8.67704969 13.60373752 0.54117647 0.42352941 0.64313725
v 37.86945423 -8.62706605 -15.78045841 0.54117647 0.42352941 0.64313725
v 37.14478029 -10.90320030 -16.53713299 0.54117647 0.42352941 0.64313725
v 37.01907130 -10.62637225 -16.91546971 0.54117647 0.42352941 0.64313725
v 35.37745876 -10.93780367 -19.69736197 0.54117647 0.42352941 0.64313725
v 36.42749968 -7.91961959 -18.68104410 0.54117647 0.42352941 0.64313725
v 35.05209628 -7.91961959 -21.04008904 0.54117647 0.42352941 0.64313725
v 34.75630934 -8.40406671 -21.44809800 0.54117647 0.42352941 0.64313725
v 34.11297546 -8.67704969 -22.35314162 0.54117647 0.42352941 0.64313725
v 34.52707582 -8.66551449 -21.73741578 0.54117647 0.42352941 0.64313725
v 30.87412157 -11.69523264 -25.83235949 0.54117647 0.42352941 0.64313725
v 30.47481011 -13.95214155 -25.62464486 0.54117647 0.42352941 0.64313725
v 30.23818101 -13.69453884 -25.98072741 0.54117647 0.42352941 0.64313725
v 30.24557659 -10.67251082 -26.72998505 0.54117647 0.42352941 0.64313725
v 33.18125021 -11.69523264 -22.87242820 0.54117647 0.42352941 0.64313725
v 33.10730348 -12.44881767 -22.76857089 0.54117647 0.42352941 0.64313725
v 33.84676857 -11.69523264 -21.95996653 0.54117647 0.42352941 0.64313725
v 33.38090595 -12.44881767 -22.39023191 0.54117647 0.42352941 0.64313725
v 29.59484713 -9.43063360 -27.57567971 0.54117647 0.42352941 0.64313725
v 26.91798482 -10.93780367 -29.50445813 0.54117647 0.42352941 0.64313725
v 26.71833134 -13.20240158 -29.18546812 0.54117647 0.42352941 0.64313725
v 26.20809977 -13.20240158 -29.56380485 0.54117647 0.42352941 0.64313725
v 26.34120434 -12.44881767 -29.65282605 0.54117647 0.42352941 0.64313725
v 28.06415469 -12.44881767 -28.31009899 0.54117647 0.42352941 0.64313725
v 27.99021021 -12.96017802 -28.25075227 0.54117647 0.42352941 0.64313725
v 27.62047654 -13.20624665 -28.48072108 0.54117647 0.42352941 0.64313725
v 27.09545608 -13.20240158 -28.89615035 0.54117647 0.42352941 0.64313725
v 22.47380434 -11.69523264 -32.59792122 0.54117647 0.42352941 0.64313725
v 25.73484158 -13.69069377 -29.74926306 0.54117647 0.42352941 0.64313725
v 25.61652815 -14.19052116 -29.67508023 0.54117647 0.42352941 0.64313725
v 23.08016599 -13.95214155 -31.46290879 0.54117647 0.42352941 0.64313725
v 22.46640990 -13.95598661 -31.87092000 0.54117647 0.42352941 0.64313725
v 22.08928290 -13.95598661 -32.08605269 0.54117647 0.42352941 0.64313725
v 20.36633031 -12.74486882 -33.47329036 0.54117647 0.42352941 0.64313725
v 19.27192270 -13.20240158 -33.87388126 0.54117647 0.42352941 0.64313725
v 18.70253555 -13.20240158 -34.15578098 0.54117647 0.42352941 0.64313725
v 18.17751509 -13.61764253 -34.26705635 0.54117647 0.42352941 0.64313725
v 18.32540856 -13.20240158 -34.32640307 0.54117647 0.42352941 0.64313725
v 14.67984763 -16.15522287 -34.80117906 0.54117647 0.42352941 0.64313725
v 14.38406182 -15.85917285 -35.00889369 0.54117647 0.42352941 0.64313725
v -1.09292981 -9.43063360 -37.39019392 0.54117647 0.42352941 0.64313725
v 0.41557788 -7.91961959 -37.76853065 0.54117647 0.42352941 0.64313725
v 13.78509576 -19.73474980 -33.55489125 0.54117647 0.42352941 0.64313725
v 13.36360095 -20.23842226 -33.42136170 0.54117647 0.42352941 0.64313725
v 14.29532619 -21.08043712 -32.71661466 0.54117647 0.42352941 0.64313725
v 15.10134244 -24.87911833 -30.46884622 0.54117647 0.42352941 0.64313725
v 14.59850758 -25.00599883 -30.53561100 0.54117647 0.42352941 0.64313725
v 10.61279359 -24.14860258 -31.98961344 0.54117647 0.42352941 0.64313725
v 10.22087714 -24.20243129 -32.02670598 0.54117647 0.42352941 0.64313725
v 8.35742665 -27.16294271 -30.47626428 0.54117647 0.42352941 0.64313725
v 7.95072130 -27.18601087 -30.49852070 0.54117647 0.42352941 0.64313725
v 4.74144528 -26.42858189 -31.24777610 0.54117647 0.42352941 0.64313725
v 3.43259311 -25.46353048 -31.87092000 0.54117647 0.42352941 0.64313725
v 1.16983158 -25.13287709 -32.13056329 0.54117647 0.42352941 0.64313725
v 3.43259311 -18.27371831 -35.84717028 0.54117647 0.42352941 0.64313725
v 0.41557788 -25.10211879 -32.12314524 0.54117647 0.42352941 0.64313725
v 1.92408556 -16.97416956 -36.12164969 0.54117647 0.42352941 0.64313725
v 2.67833927 -18.21604678 -35.81749805 0.54117647 0.42352941 0.64313725
v -1.09292981 -18.99269997 -35.06824041 0.54117647 0.42352941 0.64313725
v -1.53660853 -18.91195916 -35.02372981 0.54117647 0.42352941 0.64313725
v -3.35569120 -16.22058453 -35.46883356 0.54117647 0.42352941 0.64313725
v -1.61794971 -12.92557466 -36.54449927 0.54117647 0.42352941 0.64313725
v -1.09292981 -12.44881767 -36.73737554 0.54117647 0.42352941 0.64313725
v 13.99214593 -15.46700062 -35.26111892 0.54117647 0.42352941 0.64313725
v 14.82034665 -17.04722136 -34.45251456 0.54117647 0.42352941 0.64313725
v 15.11613246 -17.34711757 -34.24479993 0.54117647 0.42352941 0.64313725
v 14.82034665 -17.77004810 -34.16319904 0.54117647 0.42352941 0.64313725
v 13.77770131 -18.21220171 -34.29672859 0.54117647 0.42352941 0.64313725
v 14.74639992 -20.91895437 -32.64984988 0.54117647 0.42352941 0.64313725
v 13.23789195 -19.23876860 -33.96290246 0.54117647 0.42352941 0.64313725
v -4.10994462 -15.46700062 -35.53559833 0.54117647 0.42352941 0.64313725
v -4.86419861 -15.46700062 -35.36497624 0.54117647 0.42352941 0.64313725
v -7.44493028 -13.45231528 -34.98663951 0.54117647 0.42352941 0.64313725
v -7.84424061 -13.20240158 -34.91245443 0.54117647 0.42352941 0.64313725
v -8.61328350 -7.93115367 -35.65429177 0.54117647 0.42352941 0.64313725
v -9.71508555 -13.48307357 -34.22996381 0.54117647 0.42352941 0.64313725
v -10.01087136 -15.46700062 -33.60681991 0.54117647 0.42352941 0.64313725
v -9.86297902 -15.96298295 -33.54005513 0.54117647 0.42352941 0.64313725
v -12.77646930 -11.29921647 -33.48812647 0.54117647 0.42352941 0.64313725
v -14.33673841 -15.90146523 -31.25519416 0.54117647 0.42352941 0.64313725
v -13.16838519 -11.00701040 -33.36201498 0.54117647 0.42352941 0.64313725
v -16.54034365 -7.49668907 -31.97477732 0.54117647 0.42352941 0.64313725
v -16.62168371 -6.99301773 -32.02670598 0.54117647 0.42352941 0.64313725
v -18.83268340 -11.34150885 -29.72700888 0.54117647 0.42352941 0.64313725
v -20.15632453 -10.93780367 -28.82938557 0.54117647 0.42352941 0.64313725
v -21.06586531 -10.44951148 -28.19140555 0.54117647 0.42352941 0.64313725
v -26.42698325 -10.72249334 -22.97628552 0.54117647 0.42352941 0.64313725
v -26.50092999 -10.18421863 -23.03563224 0.54117647 0.42352941 0.64313725
v -26.92981924 -9.43063360 -22.69438580 0.54117647 0.42352941 0.64313725
v -27.21821060 -9.43063360 -22.31604908 0.54117647 0.42352941 0.64313725
v -27.18123724 -10.18421863 -22.25670236 0.54117647 0.42352941 0.64313725
v -27.75801996 -10.93780367 -21.24038337 0.54117647 0.42352941 0.64313725
v -27.95028012 -11.69523264 -20.78786380 0.54117647 0.42352941 0.64313725
v -29.44399919 -9.43063360 -18.54009425 0.54117647 0.42352941 0.64313725
v -27.91330675 -12.22197326 -20.72109678 0.54117647 0.42352941 0.64313725
v -27.98725349 -13.20240158 -20.14246348 0.54117647 0.42352941 0.64313725
v -29.65104825 -9.43063360 -18.02822684 0.54117647 0.42352941 0.64313725
v -30.88595375 -13.52921158 -12.33833083 0.54117647 0.42352941 0.64313725
v -30.96729606 -13.95598661 -11.81162618 0.54117647 0.42352941 0.64313725
v -27.82457112 -17.22792720 -17.51635832 0.54117647 0.42352941 0.64313725
v -28.59361400 -20.23457719 -11.49263505 0.54117647 0.42352941 0.64313725
v -26.41958993 -21.96090041 -14.74930330 0.54117647 0.42352941 0.64313725
v -26.25690757 -23.02976080 -13.56236333 0.54117647 0.42352941 0.64313725
v -25.82801831 -23.79487879 -13.49559743 0.54117647 0.42352941 0.64313725
v -25.59138921 -24.83298201 -12.24930963 0.54117647 0.42352941 0.64313725
v -28.51966727 -20.94586872 -10.48373636 0.54117647 0.42352941 0.64313725
v -28.57882511 -22.52608946 -5.95110695 0.54117647 0.42352941 0.64313725
v -28.77848084 -22.14929751 -5.95110695 0.54117647 0.42352941 0.64313725
v -28.80805863 -22.31462420 -5.20926905 0.54117647 0.42352941 0.64313725
v -29.27392125 -21.63024590 -4.44517641 0.54117647 0.42352941 0.64313725
v -29.32568352 -21.74559120 -3.68850184 0.54117647 0.42352941 0.64313725
v -29.40702582 -21.90707283 -1.98969321 0.54117647 0.42352941 0.64313725
v -29.64365492 -21.50336764 -1.42589644 0.54117647 0.42352941 0.64313725
v -29.03729216 -22.25695155 -3.68850184 0.54117647 0.42352941 0.64313725
v -30.89334932 -18.85044144 0.07261593 0.54117647 0.42352941 0.64313725
v -30.87856042 -18.83121723 -0.66922186 0.54117647 0.42352941 0.64313725
v -31.58105214 -17.17025568 -0.66922186 0.54117647 0.42352941 0.64313725
v -27.92070232 -13.74067685 -20.00893393 0.54117647 0.42352941 0.64313725
v -27.84675559 -14.24434762 -19.83831183 0.54117647 0.42352941 0.64313725
v -27.87633339 -15.07482839 -19.14840091 0.54117647 0.42352941 0.64313725
v -27.92070232 -16.72425699 -17.73149101 0.54117647 0.42352941 0.64313725
v -31.68457667 -16.68580856 0.82929047 0.54117647 0.42352941 0.64313725
v -31.83247014 -16.22058453 0.82929047 0.54117647 0.42352941 0.64313725
v -32.06909699 -15.46700062 0.82929047 0.54117647 0.42352941 0.64313725
v -32.52017071 -13.91369367 1.58596505 0.54117647 0.42352941 0.64313725
v -32.72722202 -13.20240158 1.58596505 0.54117647 0.42352941 0.64313725
v -32.90469328 -12.44881767 1.58596505 0.54117647 0.42352941 0.64313725
v -33.16350460 -10.58407987 4.28625459 0.54117647 0.42352941 0.64313725
v -33.21526686 -10.21882200 4.56815319 0.54117647 0.42352941 0.64313725
v -33.19308464 -9.96506323 5.35450112 0.54117647 0.42352941 0.64313725
v -33.14132013 -10.49180386 4.79070450 0.54117647 0.42352941 0.64313725
v -32.67545751 -12.44881767 4.60524516 0.54117647 0.42352941 0.64313725
v -31.72155004 -14.68265729 6.80108494 0.54117647 0.42352941 0.64313725
v 38.93428405 -8.67704969 12.89899160 0.54117647 0.42352941 0.64313725
v 38.60152375 -9.43063360 13.49988021 0.54117647 0.42352941 0.64313725
v 38.82336395 -9.43063360 12.89899160 0.54117647 0.42352941 0.64313725
v 37.01907130 -14.38276108 14.82035197 0.54117647 0.42352941 0.64313725
v 38.09129444 -14.70957165 12.14973508 0.54117647 0.42352941 0.64313725
v 38.54976149 -9.96506323 13.38860483 0.54117647 0.42352941 0.64313725
v 37.46274945 -10.18421863 15.91827186 0.54117647 0.42352941 0.64313725
v 37.07083356 -13.95598661 14.92420929 0.54117647 0.42352941 0.64313725
v 38.49060590 -15.00946673 10.96279512 0.54117647 0.42352941 0.64313725
v 38.18742564 -15.46700062 11.39306051 0.54117647 0.42352941 0.64313725
v 38.58673485 -16.03218968 9.75359986 0.54117647 0.42352941 0.64313725
v 38.64589269 -16.25903296 9.14529207 0.54117647 0.42352941 0.64313725
v 38.88252179 -16.97416956 6.86785028 0.54117647 0.42352941 0.64313725
v 39.24485988 -17.30482407 4.08595858 0.54117647 0.42352941 0.64313725
v 38.63110379 -17.61240929 6.86785028 0.54117647 0.42352941 0.64313725
v 37.82508754 -20.52678327 4.60524516 0.54117647 0.42352941 0.64313725
v 38.54976149 -19.69630249 2.17943517 0.54117647 0.42352941 0.64313725
v 38.81597063 -19.23876860 1.58596505 0.54117647 0.42352941 0.64313725
v 38.74202389 -16.97416956 7.61710624 0.54117647 0.42352941 0.64313725
v 38.87512621 -19.23876860 0.82929047 0.54117647 0.42352941 0.64313725
v 39.16351757 -18.62359703 0.07261593 0.54117647 0.42352941 0.64313725
v 38.43884363 -15.53620735 10.68089653 0.54117647 0.42352941 0.64313725
v 38.43884363 -16.25903296 9.95389531 0.54117647 0.42352941 0.64313725
v 38.21700343 -16.22058453 10.63638593 0.54117647 0.42352941 0.64313725
v 37.84727201 -21.30728153 -2.18257102 0.54117647 0.42352941 0.64313725
v 37.81029865 -21.23038466 -2.93182726 0.54117647 0.42352941 0.64313725
v 36.16868611 -23.98327589 -4.44517641 0.54117647 0.42352941 0.64313725
v 37.68458965 -21.71867685 -0.66922186 0.54117647 0.42352941 0.64313725
v 37.69198297 -21.73405600 0.07261593 0.54117647 0.42352941 0.64313725
v 36.38313074 -23.01053658 -5.88434161 0.54117647 0.42352941 0.64313725
v 36.78244220 -20.67673081 -8.90362130 0.54117647 0.42352941 0.64313725
v 36.28700178 -23.46422540 -5.20185099 0.54117647 0.42352941 0.64313725
v 36.93772899 -20.24611127 -9.11133594 0.54117647 0.42352941 0.64313725
v 36.47186637 -20.80745526 -9.77157126 0.54117647 0.42352941 0.64313725
v 38.07650554 -10.93780367 -14.25227201 0.54117647 0.42352941 0.64313725
v 36.64933763 -19.99235363 -10.48373636 0.54117647 0.42352941 0.64313725
v 36.32397515 -19.75781909 -11.81904424 0.54117647 0.42352941 0.64313725
v 34.68236261 -21.77250443 -13.64396535 0.54117647 0.42352941 0.64313725
v 33.95029310 -24.06401782 -12.27156493 0.54117647 0.42352941 0.64313725
v 34.57144251 -21.51105665 -14.28194537 0.54117647 0.42352941 0.64313725
v 34.70454708 -21.04967882 -14.54900672 0.54117647 0.42352941 0.64313725
v 35.44401217 -19.51175046 -14.50449724 0.54117647 0.42352941 0.64313725
v 36.36094852 -20.58061085 -10.48373636 0.54117647 0.42352941 0.64313725
v 36.23523952 -21.09966133 -10.06088903 0.54117647 0.42352941 0.64313725
v 34.83025608 -19.78473344 -15.55790653 0.54117647 0.42352941 0.64313725
v 34.69715151 -19.52328454 -16.06235588 0.54117647 0.42352941 0.64313725
v 34.07600209 -16.82422202 -19.28193271 0.54117647 0.42352941 0.64313725
v 33.32914368 -20.54600748 -17.79083885 0.54117647 0.42352941 0.64313725
v 33.22561691 -18.84659750 -19.14840091 0.54117647 0.42352941 0.64313725
v 31.79845124 -20.50755905 -20.00893393 0.54117647 0.42352941 0.64313725
v 32.36044507 -18.61975196 -20.50596409 0.54117647 0.42352941 0.64313725
v 30.18641875 -17.30097900 -24.40803154 0.54117647 0.42352941 0.64313725
v 30.58573021 -16.96648055 -24.05936704 0.54117647 0.42352941 0.64313725
v 30.98503942 -16.63582492 -23.70328674 0.54117647 0.42352941 0.64313725
v 30.80017484 -16.22058453 -24.20773496 0.54117647 0.42352941 0.64313725
v 35.49577443 -12.07202460 -19.15581897 0.54117647 0.42352941 0.64313725
v 34.54926029 -13.21009172 -20.25373885 0.54117647 0.42352941 0.64313725
v -31.43315868 -13.20240158 9.88713053 0.54117647 0.42352941 0.64313725
v -31.24829184 -13.20240158 10.63638593 0.54117647 0.42352941 0.64313725
v -31.02645164 -13.21778073 11.40047969 0.54117647 0.42352941 0.64313725
v -30.94511159 -12.97940224 11.88267373 0.54117647 0.42352941 0.64313725
v -31.00426942 -12.39114502 12.14231703 0.54117647 0.42352941 0.64313725
v -30.12430644 -11.99128378 14.73133077 0.54117647 0.42352941 0.64313725
v -30.17606870 -11.48761245 14.87228063 0.54117647 0.42352941 0.64313725
v -30.08733307 -9.43063360 16.10373119 0.54117647 0.42352941 0.64313725
v -30.00599077 -11.72214587 15.13934198 0.54117647 0.42352941 0.64313725
v -29.62147045 -10.23804622 16.73429315 0.54117647 0.42352941 0.64313725
v -29.46618366 -10.01889082 17.17197772 0.54117647 0.42352941 0.64313725
v -27.19602613 -11.53374989 20.96276867 0.54117647 0.42352941 0.64313725
v -27.25518397 -10.93780367 21.08888016 0.54117647 0.42352941 0.64313725
v -26.33824762 -11.89516270 22.27582125 0.54117647 0.42352941 0.64313725
v -25.60617811 -12.79869527 23.06958725 0.54117647 0.42352941 0.64313725
v -24.78537296 -13.36003926 23.76691623 0.54117647 0.42352941 0.64313725
v -25.36954901 -12.50648920 23.44792622 0.54117647 0.42352941 0.64313725
v -24.94065976 -12.44881767 23.90786384 0.54117647 0.42352941 0.64313725
v -24.10506571 -12.82176456 24.59777477 0.54117647 0.42352941 0.64313725
v -23.32862726 -12.77562711 25.33961211 0.54117647 0.42352941 0.64313725
v -18.00448268 -12.44881767 29.81289255 0.54117647 0.42352941 0.64313725
v -11.42324925 -13.79450387 32.97312266 0.54117647 0.42352941 0.64313725
v -15.40156710 -15.47853583 30.45087482 0.54117647 0.42352941 0.64313725
v -14.98007342 -15.73998248 30.59924274 0.54117647 0.42352941 0.64313725
v -17.36854437 -13.67531462 29.92417017 0.54117647 0.42352941 0.64313725
v -23.23989163 -13.20240158 25.26542702 0.54117647 0.42352941 0.64313725
v -15.93398314 -16.05525784 29.96126047 0.54117647 0.42352941 0.64313725
v -10.62462745 -12.21812819 33.69270582 0.54117647 0.42352941 0.64313725
v -10.43976062 -12.72179953 33.62594105 0.54117647 0.42352941 0.64313725
v -10.89822879 -13.20240158 33.32920521 0.54117647 0.42352941 0.64313725
v -7.12696000 -14.72879474 34.28617524 0.54117647 0.42352941 0.64313725
v -6.65370293 -14.99408758 34.37519644 0.54117647 0.42352941 0.64313725
v -6.38749603 -14.72879474 34.52356436 0.54117647 0.42352941 0.64313725
v -6.37270601 -13.95598661 34.71644063 0.54117647 0.42352941 0.64313725
v -1.80281542 -13.90984861 35.79952440 0.54117647 0.42352941 0.64313725
v -1.22603326 -14.13284739 35.87370948 0.54117647 0.42352941 0.64313725
v 4.79320775 -15.16710441 35.94047426 0.54117647 0.42352941 0.64313725
v 5.00025779 -15.44008739 35.84403500 0.54117647 0.42352941 0.64313725
v 9.12646953 -13.60995296 35.92563814 0.54117647 0.42352941 0.64313725
v -1.01898308 -14.63651985 35.79210634 0.54117647 0.42352941 0.64313725
v -1.09292981 -15.46700062 35.56213753 0.54117647 0.42352941 0.64313725
v -0.33867583 -15.46700062 35.68083097 0.54117647 0.42352941 0.64313725
v 0.41557788 -15.46700062 35.73275962 0.54117647 0.42352941 0.64313725
v 1.92408556 -15.46700062 35.81436052 0.54117647 0.42352941 0.64313725
v 1.92408556 -16.22058453 35.59180977 0.54117647 0.42352941 0.64313725
v 2.67833927 -16.22058453 35.60664588 0.54117647 0.42352941 0.64313725
v 4.17945222 -15.18632863 35.94789232 0.54117647 0.42352941 0.64313725
v 13.85164804 -13.72914220 35.19863692 0.54117647 0.42352941 0.64313725
v 14.35448403 -13.56765945 35.15412632 0.54117647 0.42352941 0.64313725
v 14.74639992 -13.02169574 35.19863692 0.54117647 0.42352941 0.64313725
v 14.74639992 -12.44881767 35.29507393 0.54117647 0.42352941 0.64313725
v 15.28620927 -12.44881767 35.19863692 0.54117647 0.42352941 0.64313725
v 15.66333627 -12.44881767 35.10961572 0.54117647 0.42352941 0.64313725
v 16.25490789 -13.20240158 34.81287989 0.54117647 0.42352941 0.64313725
v 17.08310748 -13.27160831 34.55323660 0.54117647 0.42352941 0.64313725
v 17.37889329 -13.56765945 34.40486868 0.54117647 0.42352941 0.64313725
v 17.49720784 -13.06398812 34.44937928 0.54117647 0.42352941 0.64313725
v 18.02222717 -12.44881767 34.36036033 0.54117647 0.42352941 0.64313725
v 18.51766871 -13.20240158 34.04136807 0.54117647 0.42352941 0.64313725
v 19.27192270 -12.44881767 33.87074598 0.54117647 0.42352941 0.64313725
v 17.75602028 -13.27160831 34.31584973 0.54117647 0.42352941 0.64313725
v 19.64904969 -12.82945470 33.64819522 0.54117647 0.42352941 0.64313725
v 19.70820640 -12.44881767 33.67786746 0.54117647 0.42352941 0.64313725
v 19.81173205 -11.69523264 33.72979612 0.54117647 0.42352941 0.64313725
v 20.18885905 -11.69523264 33.54433791 0.54117647 0.42352941 0.64313725
v 20.78043067 -10.93780367 33.32920521 0.54117647 0.42352941 0.64313725
v 21.34981782 -10.93780367 33.01021520 0.54117647 0.42352941 0.64313725
v 21.72694481 -10.93780367 32.79508251 0.54117647 0.42352941 0.64313725
v 22.28893751 -10.93780367 32.46125414 0.54117647 0.42352941 0.64313725
v 22.80656352 -10.18421863 32.23128533 0.54117647 0.42352941 0.64313725
v 23.18369051 -10.18421863 31.98647815 0.54117647 0.42352941 0.64313725
v 24.11541576 -10.18421863 31.34849813 0.54117647 0.42352941 0.64313725
v 23.73828877 -10.18421863 31.60814142 0.54117647 0.42352941 0.64313725
v 24.61085617 -10.94549268 30.87372215 0.54117647 0.42352941 0.64313725
v 24.89924754 -11.20309539 30.60666079 0.54117647 0.42352941 0.64313725
v 25.25419006 -10.94549268 30.37668974 0.54117647 0.42352941 0.64313725
v 25.71265936 -11.41840572 29.90191375 0.54117647 0.42352941 0.64313725
v 25.98625957 -12.44881767 29.40488359 0.54117647 0.42352941 0.64313725
v 29.46174256 -12.84483384 26.11112393 0.54117647 0.42352941 0.64313725
v 29.51350707 -12.44881767 26.15563228 0.54117647 0.42352941 0.64313725
v 29.59484713 -11.69523264 26.22981736 0.54117647 0.42352941 0.64313725
v 30.28994328 -12.31040421 25.42863106 0.54117647 0.42352941 0.64313725
v 29.70576723 -13.95598661 25.59183734 0.54117647 0.42352941 0.64313725
v 30.08289422 -13.95598661 25.21349836 0.54117647 0.42352941 0.64313725
v 30.92588384 -13.20240158 24.54584611 0.54117647 0.42352941 0.64313725
v 31.77626677 -12.24504142 23.90786384 0.54117647 0.42352941 0.64313725
v 31.83542461 -11.69523264 23.95979250 0.54117647 0.42352941 0.64313725
v 32.53791633 -7.91961959 23.91528415 0.54117647 0.42352941 0.64313725
v 33.24780138 -7.70431039 23.11409785 0.54117647 0.42352941 0.64313725
v 33.91331973 -7.91961959 22.24614902 0.54117647 0.42352941 0.64313725
v 34.66017814 -10.93780367 20.72537955 0.54117647 0.42352941 0.64313725
v 34.94117618 -10.93780367 20.35446089 0.54117647 0.42352941 0.64313725
v 33.21822358 -8.20798172 23.07700531 0.54117647 0.42352941 0.64313725
v 33.86895304 -8.67704969 22.19422036 0.54117647 0.42352941 0.64313725
v 34.05381762 -10.18421863 21.66751347 0.54117647 0.42352941 0.64313725
v 35.31830317 -10.93780367 19.76099147 0.54117647 0.42352941 0.64313725
v 36.85638893 -8.67704969 17.55773251 0.54117647 0.42352941 0.64313725
v 37.07083356 -8.67704969 17.17939578 0.54117647 0.42352941 0.64313725
v 37.34443602 -8.67704969 16.67494644 0.54117647 0.42352941 0.64313725
v 37.19654256 -9.46139190 16.73429315 0.54117647 0.42352941 0.64313725
v 37.61064292 -9.43447867 15.88117932 0.54117647 0.42352941 0.64313725
v 37.73635191 -9.68439237 15.48800535 0.54117647 0.42352941 0.64313725
v 38.23179233 -9.43063360 14.41234076 0.54117647 0.42352941 0.64313725
v 34.97075397 -10.98778618 -20.35759617 0.54117647 0.42352941 0.64313725
v 34.71194265 -8.90773805 -21.38133322 0.54117647 0.42352941 0.64313725
v 30.89630379 -13.95598661 -25.08310410 0.54117647 0.42352941 0.64313725
v 30.40825895 -14.70957165 -25.43918665 0.54117647 0.42352941 0.64313725
v 30.17162985 -14.19821017 -25.90654458 0.54117647 0.42352941 0.64313725
v 28.76664641 -13.02553969 -27.51633299 0.54117647 0.42352941 0.64313725
v 28.44128168 -12.44881767 -27.96885255 0.54117647 0.42352941 0.64313725
v 33.29217032 -13.04091996 -22.27895654 0.54117647 0.42352941 0.64313725
v 30.78538594 -14.70957165 -24.94215424 0.54117647 0.42352941 0.64313725
v 34.08339767 -11.69523264 -21.58162980 0.54117647 0.42352941 0.64313725
v 34.03163315 -12.22581721 -21.49260860 0.54117647 0.42352941 0.64313725
v 33.78761073 -12.46419682 -21.76708801 0.54117647 0.42352941 0.64313725
v 26.56304230 -13.95598661 -29.05935438 0.54117647 0.42352941 0.64313725
v 26.01583962 -13.94829704 -29.46736559 0.54117647 0.42352941 0.64313725
v 27.90886790 -13.46384936 -28.17656719 0.54117647 0.42352941 0.64313725
v 26.94016929 -13.95598661 -28.77003885 0.54117647 0.42352941 0.64313725
v 25.84576168 -15.46700062 -29.08902886 0.54117647 0.42352941 0.64313725
v 22.24456969 -14.67496828 -31.73738820 0.54117647 0.42352941 0.64313725
v 21.95617833 -14.39814135 -32.00445180 0.54117647 0.42352941 0.64313725
v 22.84353689 -14.70957165 -31.35163342 0.54117647 0.42352941 0.64313725
v 21.79349709 -16.97416956 -31.15875490 0.54117647 0.42352941 0.64313725
v 19.83391540 -13.20240158 -33.58456573 0.54117647 0.42352941 0.64313725
v 21.25368774 -17.48553103 -31.27745058 0.54117647 0.42352941 0.64313725
v 19.60468188 -17.98920237 -31.96735926 0.54117647 0.42352941 0.64313725
v 19.67862861 -13.62917661 -33.51038065 0.54117647 0.42352941 0.64313725
v 16.47674696 -22.53762354 -31.18101132 0.54117647 0.42352941 0.64313725
v 17.60073349 -22.81445047 -30.59495996 0.54117647 0.42352941 0.64313725
v 16.18096115 -25.24437733 -29.83828426 0.54117647 0.42352941 0.64313725
v 15.50065390 -25.27129055 -30.09050949 0.54117647 0.42352941 0.64313725
v 15.50065390 -25.75958274 -29.79377366 0.54117647 0.42352941 0.64313725
v 14.80555663 -25.26360042 -30.32789636 0.54117647 0.42352941 0.64313725
v 13.99214593 -25.50582398 -30.39466339 0.54117647 0.42352941 0.64313725
v 13.00126398 -25.69806615 -30.50593876 0.54117647 0.42352941 0.64313725
v 13.23789195 -26.63620209 -29.86795874 0.54117647 0.42352941 0.64313725
v 12.18045827 -27.18216580 -29.73442694 0.54117647 0.42352941 0.64313725
v 8.86026264 -27.08604584 -30.43175368 0.54117647 0.42352941 0.64313725
v 9.20041626 -27.93959478 -29.74184500 0.54117647 0.42352941 0.64313725
v 6.44221361 -28.57783563 -29.63798768 0.54117647 0.42352941 0.64313725
v 6.44221361 -28.19719861 -29.93472352 0.54117647 0.42352941 0.64313725
v 4.17945222 -27.73966472 -30.37240696 0.54117647 0.42352941 0.64313725
v 3.43259311 -27.77811315 -30.37982502 0.54117647 0.42352941 0.64313725
v 4.17945222 -26.43242471 -31.25519416 0.54117647 0.42352941 0.64313725
v 1.16983158 -25.50966905 -31.89317418 0.54117647 0.42352941 0.64313725
v 0.63002250 -26.45549512 -31.26261222 0.54117647 0.42352941 0.64313725
v -2.60143722 -26.10561640 -31.04006146 0.54117647 0.42352941 0.64313725
v -3.05251038 -25.67499574 -31.24777610 0.54117647 0.42352941 0.64313725
v -3.74760709 -24.14475751 -31.98961344 0.54117647 0.42352941 0.64313725
v -2.60143722 -21.39186741 -33.65133051 0.54117647 0.42352941 0.64313725
v -2.20952133 -20.36914559 -34.24479993 0.54117647 0.42352941 0.64313725
v -2.60143722 -20.25764535 -34.20029158 0.54117647 0.42352941 0.64313725
v -5.30048287 -16.64351505 -35.01631175 0.54117647 0.42352941 0.64313725
v 19.31629051 -18.52363200 -31.89317418 0.54117647 0.42352941 0.64313725
v 17.02395077 -22.27233070 -31.09940818 0.54117647 0.42352941 0.64313725
v 15.98869987 -21.21885058 -32.03412404 0.54117647 0.42352941 0.64313725
v 15.43410162 -21.48029836 -32.10830912 0.54117647 0.42352941 0.64313725
v -7.88121398 -13.95598661 -34.75666846 0.54117647 0.42352941 0.64313725
v -7.56324370 -16.65120519 -34.26705635 0.54117647 0.42352941 0.64313725
v -9.40451085 -16.21674059 -33.66616663 0.54117647 0.42352941 0.64313725
v -10.57286406 -17.42401444 -32.76854331 0.54117647 0.42352941 0.64313725
v -13.51593327 -17.32020434 -31.21810386 0.54117647 0.42352941 0.64313725
v -16.68823712 -16.04372376 -29.80861203 0.54117647 0.42352941 0.64313725
v -16.15582109 -15.48622484 -30.29822413 0.54117647 0.42352941 0.64313725
v -16.82133944 -15.46700062 -29.89763098 0.54117647 0.42352941 0.64313725
v -18.25590068 -12.44881767 -29.83828426 0.54117647 0.42352941 0.64313725
v -18.75873666 -11.84518018 -29.67508023 0.54117647 0.42352941 0.64313725
v -13.84129800 -10.93780367 -32.95400377 0.54117647 0.42352941 0.64313725
v -20.48168926 -11.69523264 -28.33977122 0.54117647 0.42352941 0.64313725
v -20.62218716 -10.93780367 -28.45104884 0.54117647 0.42352941 0.64313725
v -18.98797019 -13.20240158 -29.09644692 0.54117647 0.42352941 0.64313725
v -18.89184123 -13.71760756 -29.02226184 0.54117647 0.42352941 0.64313725
v -20.99931415 -10.93780367 -28.13205659 0.54117647 0.42352941 0.64313725
v -27.10729050 -13.52921158 -21.40358965 0.54117647 0.42352941 0.64313725
v -27.15165944 -10.66097562 -22.21219176 0.54117647 0.42352941 0.64313725
v -26.87805698 -10.18421863 -22.63503909 0.54117647 0.42352941 0.64313725
v -29.35526356 -10.38414869 -18.31012544 0.54117647 0.42352941 0.64313725
v -27.38828629 -13.24854015 -21.10685381 0.54117647 0.42352941 0.64313725
v -27.85414892 -12.72564460 -20.62465977 0.54117647 0.42352941 0.64313725
v -27.80238665 -13.20240158 -20.52080245 0.54117647 0.42352941 0.64313725
v -29.50315478 -10.15346034 -18.04306296 0.54117647 0.42352941 0.64313725
v -27.79499333 -14.77877838 -19.56383017 0.54117647 0.42352941 0.64313725
v -27.52139086 -15.46700062 -19.53415794 0.54117647 0.42352941 0.64313725
v -27.23299950 -15.46700062 -20.06828064 0.54117647 0.42352941 0.64313725
v -27.12947497 -15.85148271 -19.91991273 0.54117647 0.42352941 0.64313725
v -24.19380134 -21.24191987 -20.02377004 0.54117647 0.42352941 0.64313725
v -24.82973966 -21.03045460 -19.05938196 0.54117647 0.42352941 0.64313725
v -25.67272927 -22.71448544 -15.47630452 0.54117647 0.42352941 0.64313725
v -25.72449153 -23.56419043 -14.11874133 0.54117647 0.42352941 0.64313725
v -25.56920474 -24.06786289 -13.74782267 0.54117647 0.42352941 0.64313725
v -25.65794037 -24.19858622 -13.24337220 0.54117647 0.42352941 0.64313725
v -25.07376433 -25.28282576 -12.70183144 0.54117647 0.42352941 0.64313725
v -24.10506571 -27.15140750 -11.60391155 0.54117647 0.42352941 0.64313725
v -26.38261656 -24.90987662 -9.38581591 0.54117647 0.42352941 0.64313725
v -27.92809565 -23.46038034 -6.50748552 0.54117647 0.42352941 0.64313725
v -28.10556691 -23.06436416 -6.73745489 0.54117647 0.42352941 0.64313725
v -28.29782932 -23.00669151 -5.95110695 0.54117647 0.42352941 0.64313725
v -28.61579847 -22.60683027 -5.46149429 0.54117647 0.42352941 0.64313725
v -28.94855652 -22.25695155 -4.44517641 0.54117647 0.42352941 0.64313725
v -26.25690757 -26.93609717 -0.66922186 0.54117647 0.42352941 0.64313725
v -25.65054480 -27.97419814 0.25065699 0.54117647 0.42352941 0.64313725
v -25.66533595 -27.99726855 0.82929047 0.54117647 0.42352941 0.64313725
v -29.40702582 -21.90707283 -1.42589644 0.54117647 0.42352941 0.64313725
v -28.71932300 -22.75677894 -3.68850184 0.54117647 0.42352941 0.64313725
v -29.39223693 -21.89169368 -0.98079374 0.54117647 0.42352941 0.64313725
v -29.37744578 -21.10735147 4.60524516 0.54117647 0.42352941 0.64313725
v -30.87116485 -18.81968315 0.82929047 0.54117647 0.42352941 0.64313725
v -28.65277184 -22.66450293 -4.95704438 0.54117647 0.42352941 0.64313725
v -28.68234963 -22.70679530 -4.44517641 0.54117647 0.42352941 0.64313725
v -31.03384722 -18.44289119 0.82929047 0.54117647 0.42352941 0.64313725
v -27.70625770 -13.97905590 -20.27599528 0.54117647 0.42352941 0.64313725
v -27.38828629 -14.74417501 -20.33534199 0.54117647 0.42352941 0.64313725
v -31.66239220 -16.64351505 1.40050558 0.54117647 0.42352941 0.64313725
v -32.26875272 -14.70957165 1.58596505 0.54117647 0.42352941 0.64313725
v -31.64760331 -16.58199846 1.90495534 0.54117647 0.42352941 0.64313725
v -31.82507457 -14.70957165 6.11117570 0.54117647 0.42352941 0.64313725
v -32.49059292 -13.06398812 4.60524516 0.54117647 0.42352941 0.64313725
v -32.75679981 -12.44881767 3.84857031 0.54117647 0.42352941 0.64313725
v -32.93427107 -11.69523264 3.84857031 0.54117647 0.42352941 0.64313725
v -31.65499663 -15.10558669 6.50434967 0.54117647 0.42352941 0.64313725
v 37.88424538 -15.42086205 12.13489897 0.54117647 0.42352941 0.64313725
v 36.27960621 -14.42120952 16.34853724 0.54117647 0.42352941 0.64313725
v 35.49577443 -18.11992570 15.55477125 0.54117647 0.42352941 0.64313725
v 37.14478029 -10.18421863 16.56366994 0.54117647 0.42352941 0.64313725
v 37.07822688 -10.81092428 16.42272120 0.54117647 0.42352941 0.64313725
v 36.07995048 -13.16779822 17.37969236 0.54117647 0.42352941 0.64313725
v 35.83592806 -18.48518357 14.41234076 0.54117647 0.42352941 0.64313725
v 38.48321032 -16.53585989 9.40493536 0.54117647 0.42352941 0.64313725
v 38.51278812 -17.35480771 8.00286215 0.54117647 0.42352941 0.64313725
v 38.55715706 -17.45477274 7.61710624 0.54117647 0.42352941 0.64313725
v 38.04692550 -19.99235363 4.60524516 0.54117647 0.42352941 0.64313725
v 37.61803624 -20.70748911 5.35450112 0.54117647 0.42352941 0.64313725
v 37.78071860 -20.42681824 5.10227645 0.54117647 0.42352941 0.64313725
v 37.65500961 -20.90357522 4.60524516 0.54117647 0.42352941 0.64313725
v 37.75114081 -21.11119542 3.42572270 0.54117647 0.42352941 0.64313725
v 37.92861207 -20.81514427 3.14382439 0.54117647 0.42352941 0.64313725
v 37.26309372 -21.50336764 5.35450112 0.54117647 0.42352941 0.64313725
v 38.06171664 -20.74593754 2.34263949 0.54117647 0.42352941 0.64313725
v 38.57934153 -19.76166416 1.58596505 0.54117647 0.42352941 0.64313725
v 37.69198297 -21.74174613 0.82929047 0.54117647 0.42352941 0.64313725
v 37.68458965 -21.71483178 1.58596505 0.54117647 0.42352941 0.64313725
v 36.27221064 -19.66554307 11.83074507 0.54117647 0.42352941 0.64313725
v 36.24263284 -20.36530052 11.00730572 0.54117647 0.42352941 0.64313725
v 35.48098553 -22.61836548 10.23579390 0.54117647 0.42352941 0.64313725
v 37.75114081 -18.10070148 9.49395656 0.54117647 0.42352941 0.64313725
v 36.36834184 -19.21954439 12.11264367 0.54117647 0.42352941 0.64313725
v 36.11692384 -18.48518357 13.67050342 0.54117647 0.42352941 0.64313725
v 37.64761628 -21.68791855 -2.18257102 0.54117647 0.42352941 0.64313725
v 37.66979850 -21.70714277 -1.42589644 0.54117647 0.42352941 0.64313725
v 35.99121485 -24.51770665 -3.68850184 0.54117647 0.42352941 0.64313725
v 36.22044837 -24.07939585 -3.68850184 0.54117647 0.42352941 0.64313725
v 35.88029475 -24.51770665 -4.44517641 0.54117647 0.42352941 0.64313725
v 36.25002841 -23.38732854 -5.58018828 0.54117647 0.42352941 0.64313725
v 37.41098718 -22.25695155 0.07261593 0.54117647 0.42352941 0.64313725
v 37.42577608 -22.25695155 0.82929047 0.54117647 0.42352941 0.64313725
v 36.31657958 -21.23807480 -9.55643857 0.54117647 0.42352941 0.64313725
v 34.03902873 -24.22549945 -11.76711558 0.54117647 0.42352941 0.64313725
v 36.40531521 -20.00388771 -11.21073758 0.54117647 0.42352941 0.64313725
v 32.45657402 -27.13218216 -10.81756361 0.54117647 0.42352941 0.64313725
v 31.65795335 -27.05144248 -12.96147473 0.54117647 0.42352941 0.64313725
v 30.23078769 -26.43242471 -16.92288777 0.54117647 0.42352941 0.64313725
v 32.41960066 -24.80991160 -14.50449724 0.54117647 0.42352941 0.64313725
v 33.19603911 -21.81864300 -16.82644964 0.54117647 0.42352941 0.64313725
v 30.91109494 -15.66308561 -24.35610288 0.54117647 0.42352941 0.64313725
v 33.21822358 -13.54459073 -22.16026310 0.54117647 0.42352941 0.64313725
v 34.05381762 -13.79065936 -20.77302544 0.54117647 0.42352941 0.64313725
v 31.70971561 -22.61452041 -18.38430827 0.54117647 0.42352941 0.64313725
v 31.65055778 -21.00738532 -19.81605541 0.54117647 0.42352941 0.64313725
v 30.95546163 -21.10350640 -20.64691395 0.54117647 0.42352941 0.64313725
v 29.57266266 -19.23876860 -23.83681629 0.54117647 0.42352941 0.64313725
v 29.40998029 -18.78123471 -24.38577736 0.54117647 0.42352941 0.64313725
v 30.11247202 -18.66589053 -23.54750077 0.54117647 0.42352941 0.64313725
v 29.83147623 -18.47364949 -24.05194899 0.54117647 0.42352941 0.64313725
v 29.55048044 -18.28140844 -24.54898140 0.54117647 0.42352941 0.64313725
v 28.73706862 -17.40094403 -25.98072741 0.54117647 0.42352941 0.64313725
v 30.10507869 -16.22058453 -25.08310410 0.54117647 0.42352941 0.64313725
v 30.29733885 -16.79730879 -24.54898140 0.54117647 0.42352941 0.64313725
v 30.42304785 -16.22058453 -24.70476737 0.54117647 0.42352941 0.64313725
v 34.14255325 -13.20240158 -20.89913918 0.54117647 0.42352941 0.64313725
v -30.93771601 -13.68684926 11.15567251 0.54117647 0.42352941 0.64313725
v -31.18174068 -13.95598661 9.88713053 0.54117647 0.42352941 0.64313725
v -30.86377153 -13.48307357 11.65270380 0.54117647 0.42352941 0.64313725
v -29.77675724 -14.70957165 13.65566618 0.54117647 0.42352941 0.64313725
v -29.52533925 -14.67496828 14.39750352 0.54117647 0.42352941 0.64313725
v -29.41441915 -14.40198530 14.85002533 0.54117647 0.42352941 0.64313725
v -29.31089462 -13.95598661 15.36189273 0.54117647 0.42352941 0.64313725
v -29.80633729 -12.44881767 15.16901534 0.54117647 0.42352941 0.64313725
v -29.43660362 -13.01016054 15.63637327 0.54117647 0.42352941 0.64313725
v -29.04468773 -13.95598661 15.91827186 0.54117647 0.42352941 0.64313725
v -27.15905277 -15.92068944 18.61114292 0.54117647 0.42352941 0.64313725
v -23.89062109 -17.72390953 22.68383246 0.54117647 0.42352941 0.64313725
v -23.40257399 -18.20066763 23.14377233 0.54117647 0.42352941 0.64313725
v -26.42698325 -16.70503165 19.38265474 0.54117647 0.42352941 0.64313725
v -23.65399199 -13.20240158 24.88709030 0.54117647 0.42352941 0.64313725
v -11.23838242 -14.29817520 32.88410146 0.54117647 0.42352941 0.64313725
v -10.53589182 -15.10558669 32.89893983 0.54117647 0.42352941 0.64313725
v -15.49030273 -16.27056817 30.13188481 0.54117647 0.42352941 0.64313725
v -14.41068515 -18.24680508 29.93900629 0.54117647 0.42352941 0.64313725
v -11.65248278 -15.44008739 32.28321399 0.54117647 0.42352941 0.64313725
v -12.08876648 -15.17094948 32.17193861 0.54117647 0.42352941 0.64313725
v -17.41291106 -15.26322550 29.21200507 0.54117647 0.42352941 0.64313725
v -16.43681912 -15.60925915 29.79063837 0.54117647 0.42352941 0.64313725
v -22.61134664 -18.14299498 23.84851713 0.54117647 0.42352941 0.64313725
v -22.47824207 -18.64282125 23.75949817 0.54117647 0.42352941 0.64313725
v -15.77869410 -16.55892917 29.86482121 0.54117647 0.42352941 0.64313725
v -7.12696000 -15.46700062 34.05620643 0.54117647 0.42352941 0.64313725
v -6.38749603 -15.47469076 34.30101136 0.54117647 0.42352941 0.64313725
v -6.15086694 -15.22862213 34.44937928 0.54117647 0.42352941 0.64313725
v -2.29825696 -15.92068944 35.18379856 0.54117647 0.42352941 0.64313725
v -1.84718323 -15.46700062 35.40635156 0.54117647 0.42352941 0.64313725
v 4.17945222 -15.56312058 35.82178082 0.54117647 0.42352941 0.64313725
v 5.68795977 -16.22058453 35.51762693 0.54117647 0.42352941 0.64313725
v 10.62758249 -18.12377076 34.41228899 0.54117647 0.42352941 0.64313725
v 5.68795977 -15.46700062 35.76243186 0.54117647 0.42352941 0.64313725
v 4.93370607 -17.72775459 35.03543289 0.54117647 0.42352941 0.64313725
v 5.68795977 -17.72775459 35.00575841 0.54117647 0.42352941 0.64313725
v 10.91597385 -17.73928867 34.48647182 0.54117647 0.42352941 0.64313725
v 10.97513112 -16.97416956 34.70160451 0.54117647 0.42352941 0.64313725
v 10.22087714 -14.70957165 35.45828021 0.54117647 0.42352941 0.64313725
v 10.97513112 -14.70957165 35.35442290 0.54117647 0.42352941 0.64313725
v 12.48363853 -14.85951919 35.10219766 0.54117647 0.42352941 0.64313725
v 14.05869822 -13.97136576 35.10961572 0.54117647 0.42352941 0.64313725
v -1.84718323 -16.08601614 35.23572721 0.54117647 0.42352941 0.64313725
v -1.45526734 -16.59353254 35.16154438 0.54117647 0.42352941 0.64313725
v -0.33867583 -16.22058453 35.41376961 0.54117647 0.42352941 0.64313725
v -1.09292981 -18.41982191 34.53098242 0.54117647 0.42352941 0.64313725
v -1.09292981 -18.80045893 34.38261450 0.54117647 0.42352941 0.64313725
v 0.41557788 -21.50336764 33.32178716 0.54117647 0.42352941 0.64313725
v 1.16983158 -21.50336764 33.35145939 0.54117647 0.42352941 0.64313725
v 4.93370607 -18.48518357 34.74611511 0.54117647 0.42352941 0.64313725
v 14.74639992 -13.95598661 34.99092229 0.54117647 0.42352941 0.64313725
v 14.74639992 -13.39848769 35.12445184 0.54117647 0.42352941 0.64313725
v 15.13831581 -12.84483384 35.16154438 0.54117647 0.42352941 0.64313725
v 15.43410162 -13.13703992 35.02801258 0.54117647 0.42352941 0.64313725
v 15.50065390 -13.95598661 34.82771825 0.54117647 0.42352941 0.64313725
v 16.25490789 -13.95598661 34.62742168 0.54117647 0.42352941 0.64313725
v 16.82429504 -13.95598661 34.47163570 0.54117647 0.42352941 0.64313725
v 17.76341473 -14.70957165 33.96718523 0.54117647 0.42352941 0.64313725
v 17.76341473 -13.95598661 34.17489987 0.54117647 0.42352941 0.64313725
v 18.58422100 -14.01750433 33.84107374 0.54117647 0.42352941 0.64313725
v 19.02050470 -13.80603851 33.70754194 0.54117647 0.42352941 0.64313725
v 19.27192270 -13.12934978 33.74463448 0.54117647 0.42352941 0.64313725
v 19.52334069 -13.32928096 33.58884851 0.54117647 0.42352941 0.64313725
v 20.08533339 -13.99443392 33.12149058 0.54117647 0.42352941 0.64313725
v 19.95222995 -13.12934978 33.41080611 0.54117647 0.42352941 0.64313725
v 20.63253720 -13.20240158 33.02505132 0.54117647 0.42352941 0.64313725
v 21.11318984 -12.69488518 32.86926535 0.54117647 0.42352941 0.64313725
v 20.83219293 -12.44497261 33.07697998 0.54117647 0.42352941 0.64313725
v 20.08533339 -12.44881767 33.47757313 0.54117647 0.42352941 0.64313725
v 20.78043067 -11.69523264 33.22534790 0.54117647 0.42352941 0.64313725
v 21.26108219 -11.69523264 32.95828655 0.54117647 0.42352941 0.64313725
v 21.63820918 -11.69523264 32.73573355 0.54117647 0.42352941 0.64313725
v 22.73261679 -10.93780367 32.18677473 0.54117647 0.42352941 0.64313725
v 22.68085452 -11.37226827 32.15710024 0.54117647 0.42352941 0.64313725
v 23.65694646 -10.93780367 31.54879471 0.54117647 0.42352941 0.64313725
v 23.75307766 -12.46419682 31.17045573 0.54117647 0.42352941 0.64313725
v 24.24851808 -13.06783319 30.68826169 0.54117647 0.42352941 0.64313725
v 24.82530080 -11.69523264 30.55473214 0.54117647 0.42352941 0.64313725
v 25.35771459 -11.67985349 30.13188481 0.54117647 0.42352941 0.64313725
v 25.56476589 -12.44881767 29.78322032 0.54117647 0.42352941 0.64313725
v 25.89013062 -13.20240158 29.30844433 0.54117647 0.42352941 0.64313725
v 28.75185751 -15.19401876 26.14821422 0.54117647 0.42352941 0.64313725
v 30.43044117 -13.95598661 24.83516164 0.54117647 0.42352941 0.64313725
v 30.99983057 -16.65505026 23.12151591 0.54117647 0.42352941 0.64313725
v 31.25864189 -13.20240158 24.17492519 0.54117647 0.42352941 0.64313725
v 31.63576888 -13.20240158 23.73724175 0.54117647 0.42352941 0.64313725
v 32.63404529 -13.20240158 22.52062843 0.54117647 0.42352941 0.64313725
v 33.41787931 -12.44881767 21.81588138 0.54117647 0.42352941 0.64313725
v 34.58623366 -11.69523264 20.63636060 0.54117647 0.42352941 0.64313725
v 33.96508199 -11.19925032 21.54882003 0.54117647 0.42352941 0.64313725
v 33.29956364 -10.93780367 22.41677111 0.54117647 0.42352941 0.64313725
v 33.37351037 -10.18421863 22.50579231 0.54117647 0.42352941 0.64313725
v 34.00945093 -10.69557898 21.60816675 0.54117647 0.42352941 0.64313725
v 34.23868446 -10.94549268 21.25950451 0.54117647 0.42352941 0.64313725
v 34.87462277 -11.69523264 20.25802163 0.54117647 0.42352941 0.64313725
v 33.49182605 -8.67704969 22.65415798 0.54117647 0.42352941 0.64313725
v 33.75063737 -10.18421863 22.04585244 0.54117647 0.42352941 0.64313725
v 35.50316776 -11.35688800 19.33814414 0.54117647 0.42352941 0.64313725
v 35.53274780 -10.93780367 19.38265474 0.54117647 0.42352941 0.64313725
v 37.03386019 -9.23070354 17.11262988 0.54117647 0.42352941 0.64313725
v 30.08289422 -14.70957165 -25.81752338 0.54117647 0.42352941 0.64313725
v 30.30473217 -15.31705195 -25.30565485 0.54117647 0.42352941 0.64313725
v 29.70576723 -14.70957165 -26.15876981 0.54117647 0.42352941 0.64313725
v 27.87189453 -15.66693068 -27.39021925 0.54117647 0.42352941 0.64313725
v 27.79794780 -13.95598661 -28.08754823 0.54117647 0.42352941 0.64313725
v 27.42082081 -13.95598661 -28.39169988 0.54117647 0.42352941 0.64313725
v 29.46913813 -15.86301679 -25.95847323 0.54117647 0.42352941 0.64313725
v 26.22288867 -15.46700062 -28.79229303 0.54117647 0.42352941 0.64313725
v 25.73484158 -15.92068944 -29.00000766 0.54117647 0.42352941 0.64313725
v 22.35548980 -17.03184221 -30.77300011 0.54117647 0.42352941 0.64313725
v 22.14104517 -17.72775459 -30.63205025 0.54117647 0.42352941 0.64313725
v 21.51989463 -17.73544473 -31.02522535 0.54117647 0.42352941 0.64313725
v 21.06882203 -17.98920237 -31.18101132 0.54117647 0.42352941 0.64313725
v 20.07793895 -18.53132214 -31.50741939 0.54117647 0.42352941 0.64313725
v 18.85782234 -21.83017708 -30.46142816 0.54117647 0.42352941 0.64313725
v 18.56943098 -22.30309012 -30.36498890 0.54117647 0.42352941 0.64313725
v 19.07226697 -22.81060540 -29.82344814 0.54117647 0.42352941 0.64313725
v 17.44544557 -25.70575628 -29.00000766 0.54117647 0.42352941 0.64313725
v 17.00916187 -25.87492804 -29.11128304 0.54117647 0.42352941 0.64313725
v 16.70598049 -24.97523829 -29.76410143 0.54117647 0.42352941 0.64313725
v 16.38061688 -25.47891075 -29.62315157 0.54117647 0.42352941 0.64313725
v 19.86349432 -19.05037263 -31.36646953 0.54117647 0.42352941 0.64313725
v 15.87778089 -25.64808251 -29.71959083 0.54117647 0.42352941 0.64313725
v 16.61724486 -26.39782360 -28.96291512 0.54117647 0.42352941 0.64313725
v 14.74639992 -26.32092673 -29.66024411 0.54117647 0.42352941 0.64313725
v 14.74639992 -25.94413477 -29.91988740 0.54117647 0.42352941 0.64313725
v 13.85904249 -26.52470185 -29.80119172 0.54117647 0.42352941 0.64313725
v 13.23789195 -27.01299404 -29.62315157 0.54117647 0.42352941 0.64313725
v 12.97168506 -27.94728491 -29.00000766 0.54117647 0.42352941 0.64313725
v 12.45406017 -27.47437075 -29.45994753 0.54117647 0.42352941 0.64313725
v 7.95072130 -33.82601426 -24.31159228 0.54117647 0.42352941 0.64313725
v 3.43259311 -28.62397420 -29.68249828 0.54117647 0.42352941 0.64313725
v 3.43259311 -28.24718000 -30.00890635 0.54117647 0.42352941 0.64313725
v 7.19646732 -33.86830551 -24.36352094 0.54117647 0.42352941 0.64313725
v 6.44221361 -34.27970308 -24.00743839 0.54117647 0.42352941 0.64313725
v 4.17945222 -33.96827279 -24.45996020 0.54117647 0.42352941 0.64313725
v 3.43259311 -33.97980799 -24.47479631 0.54117647 0.42352941 0.64313725
v 2.67833927 -27.76657795 -30.36498890 0.54117647 0.42352941 0.64313725
v 1.16983158 -26.83228708 -31.01038923 0.54117647 0.42352941 0.64313725
v 1.16983158 -26.45549512 -31.26261222 0.54117647 0.42352941 0.64313725
v 1.16983158 -27.33980236 -30.63205025 0.54117647 0.42352941 0.64313725
v 0.41557788 -27.30520124 -30.60237802 0.54117647 0.42352941 0.64313725
v -2.60143722 -26.64388998 -30.66172474 0.54117647 0.42352941 0.64313725
v -3.55534637 -25.57503071 -31.18842938 0.54117647 0.42352941 0.64313725
v -3.32611228 -25.96720294 -30.98071475 0.54117647 0.42352941 0.64313725
v -4.10994462 -25.07905063 -31.33679730 0.54117647 0.42352941 0.64313725
v -4.62017562 -24.95986026 -31.27003027 0.54117647 0.42352941 0.64313725
v -4.25044308 -24.02172432 -31.92284866 0.54117647 0.42352941 0.64313725
v -5.55190087 -23.00669151 -32.13056329 0.54117647 0.42352941 0.64313725
v -3.35569120 -21.23807480 -33.55489125 0.54117647 0.42352941 0.64313725
v -2.60143722 -20.74593754 -33.98515888 0.54117647 0.42352941 0.64313725
v -3.35569120 -20.74593754 -33.77744425 0.54117647 0.42352941 0.64313725
v -3.74760709 -21.13426470 -33.49554453 0.54117647 0.42352941 0.64313725
v -5.61845259 -22.25695155 -32.46438942 0.54117647 0.42352941 0.64313725
v -9.16788175 -18.98116589 -32.80563585 0.54117647 0.42352941 0.64313725
v -9.41190529 -18.48133850 -32.88723675 0.54117647 0.42352941 0.64313725
v -9.67071774 -18.73125220 -32.69436048 0.54117647 0.42352941 0.64313725
v -10.46933954 -19.55404396 -31.95994120 0.54117647 0.42352941 0.64313725
v -12.93175610 -19.78857738 -30.56528548 0.54117647 0.42352941 0.64313725
v -13.43459209 -19.44254373 -30.40949950 0.54117647 0.42352941 0.64313725
v -14.35152843 -19.69245742 -29.75668337 0.54117647 0.42352941 0.64313725
v -14.50681522 -19.23876860 -29.84570232 0.54117647 0.42352941 0.64313725
v -15.02444124 -18.81199413 -29.70475471 0.54117647 0.42352941 0.64313725
v -15.75651187 -19.53866481 -28.93324289 0.54117647 0.42352941 0.64313725
v -16.17800556 -19.26568296 -28.77745691 0.54117647 0.42352941 0.64313725
v -16.42202798 -18.64282125 -28.88131423 0.54117647 0.42352941 0.64313725
v -17.46467332 -18.32754701 -28.31751704 0.54117647 0.42352941 0.64313725
v -17.70869800 -17.68546109 -28.41395630 0.54117647 0.42352941 0.64313725
v -18.63302767 -12.44881767 -29.58605903 0.54117647 0.42352941 0.64313725
v -19.80877533 -13.20240158 -28.41395630 0.54117647 0.42352941 0.64313725
v -19.94927548 -14.02519334 -27.99852703 0.54117647 0.42352941 0.64313725
v -20.36337359 -14.41736445 -27.48665851 0.54117647 0.42352941 0.64313725
v -20.85881625 -11.69523264 -27.99852703 0.54117647 0.42352941 0.64313725
v -18.09321831 -17.40478910 -28.22849584 0.54117647 0.42352941 0.64313725
v -19.48341285 -14.70957165 -28.13947689 0.54117647 0.42352941 0.64313725
v -19.69046191 -13.81757315 -28.30268093 0.54117647 0.42352941 0.64313725
v -26.64142788 -13.95598661 -21.67806906 0.54117647 0.42352941 0.64313725
v -27.01855487 -13.95598661 -21.29973233 0.54117647 0.42352941 0.64313725
v -27.31434181 -13.95598661 -20.92139336 0.54117647 0.42352941 0.64313725
v -27.08510603 -15.01331180 -20.62465977 0.54117647 0.42352941 0.64313725
v -22.65571558 -23.44884513 -20.00151587 0.54117647 0.42352941 0.64313725
v -23.26207610 -24.01018912 -18.23594148 0.54117647 0.42352941 0.64313725
v -24.82973966 -24.09862119 -15.32793660 0.54117647 0.42352941 0.64313725
v -23.44694068 -20.51524919 -21.52970114 0.54117647 0.42352941 0.64313725
v -22.65571558 -22.72601952 -20.73593515 0.54117647 0.42352941 0.64313725
v -22.46345318 -23.22969086 -20.50596409 0.54117647 0.42352941 0.64313725
v -25.48786468 -23.79487879 -14.32645597 0.54117647 0.42352941 0.64313725
v -24.94805533 -24.24856761 -14.82348725 0.54117647 0.42352941 0.64313725
v -24.00893451 -27.04375234 -11.98966633 0.54117647 0.42352941 0.64313725
v -22.57437328 -26.37859826 -16.07719312 0.54117647 0.42352941 0.64313725
v -20.28203353 -29.37755811 -15.26858988 0.54117647 0.42352941 0.64313725
v -23.47652073 -28.05109501 -11.09946108 0.54117647 0.42352941 0.64313725
v -23.58004525 -28.15875018 -10.48373636 0.54117647 0.42352941 0.64313725
v -24.17901245 -27.25137253 -11.09946108 0.54117647 0.42352941 0.64313725
v -24.86671302 -27.91652662 -6.34428092 0.54117647 0.42352941 0.64313725
v -27.73583549 -23.91791423 -5.95110695 0.54117647 0.42352941 0.64313725
v -27.97246459 -23.54112227 -5.95110695 0.54117647 0.42352941 0.64313725
v -25.67272927 -27.24752746 -4.44517641 0.54117647 0.42352941 0.64313725
v -25.41391795 -28.25102507 0.02810565 0.54117647 0.42352941 0.64313725
v -24.99242202 -28.80852399 0.07261593 0.54117647 0.42352941 0.64313725
v -25.39912681 -28.37406051 0.82929047 0.54117647 0.42352941 0.64313725
v -25.65054480 -27.96266294 1.34857692 0.54117647 0.42352941 0.64313725
v -29.15560783 -21.50336764 4.60524516 0.54117647 0.42352941 0.64313725
v -29.34047466 -21.03429967 5.35450112 0.54117647 0.42352941 0.64313725
v -29.54012814 -20.65750659 5.35450112 0.54117647 0.42352941 0.64313725
v -31.35921194 -16.97416956 3.09189573 0.54117647 0.42352941 0.64313725
v -27.20342171 -14.51348553 -20.76560738 0.54117647 0.42352941 0.64313725
v -31.67718110 -15.16710441 6.11117570 0.54117647 0.42352941 0.64313725
v -31.53668321 -15.54389749 6.11117570 0.54117647 0.42352941 0.64313725
v -30.25740876 -18.38521854 6.86785028 0.54117647 0.42352941 0.64313725
v -30.20564650 -18.25449522 7.46132026 0.54117647 0.42352941 0.64313725
v -28.75629637 -20.59983507 9.88713053 0.54117647 0.42352941 0.64313725
v 35.86550585 -13.95598661 17.43162101 0.54117647 0.42352941 0.64313725
v 35.53274780 -14.45965795 17.86188640 0.54117647 0.42352941 0.64313725
v 35.44401217 -14.96332929 17.72093767 0.54117647 0.42352941 0.64313725
v 35.56232559 -17.72775459 15.67346468 0.54117647 0.42352941 0.64313725
v 34.06860652 -16.97416956 18.70016412 0.54117647 0.42352941 0.64313725
v 33.98726646 -17.36249672 18.56663232 0.54117647 0.42352941 0.64313725
v 33.87634636 -17.86616806 18.37375493 0.54117647 0.42352941 0.64313725
v 33.24780138 -18.90426903 18.59630455 0.54117647 0.42352941 0.64313725
v 33.12209238 -19.40794036 18.38117299 0.54117647 0.42352941 0.64313725
v 33.00377895 -20.74209247 17.41678377 0.54117647 0.42352941 0.64313725
v 33.29217032 -20.48833483 17.15714048 0.54117647 0.42352941 0.64313725
v 33.16646132 -20.98816110 16.91233443 0.54117647 0.42352941 0.64313725
v 35.36266986 -18.61975196 15.30254601 0.54117647 0.42352941 0.64313725
v 35.49577443 -18.86966566 14.79809667 0.54117647 0.42352941 0.64313725
v 35.56972116 -18.41597684 15.09483138 0.54117647 0.42352941 0.64313725
v 35.59929896 -13.95598661 17.96574372 0.54117647 0.42352941 0.64313725
v 35.58451006 -19.02345827 14.41234076 0.54117647 0.42352941 0.64313725
v 35.70282349 -20.02695700 12.92866496 0.54117647 0.42352941 0.64313725
v 37.11520025 -20.74209247 7.57259620 0.54117647 0.42352941 0.64313725
v 37.01167572 -21.14964385 7.28327955 0.54117647 0.42352941 0.64313725
v 37.06343799 -21.25729901 6.86785028 0.54117647 0.42352941 0.64313725
v 37.44796055 -20.74593754 6.11117570 0.54117647 0.42352941 0.64313725
v 37.12259582 -21.51490172 6.05182842 0.54117647 0.42352941 0.64313725
v 37.62543181 -21.46876428 3.14382439 0.54117647 0.42352941 0.64313725
v 37.78811418 -21.19193735 2.92869141 0.54117647 0.42352941 0.64313725
v 37.38140939 -21.50336764 4.60524516 0.54117647 0.42352941 0.64313725
v 37.49972282 -21.50336764 3.84857031 0.54117647 0.42352941 0.64313725
v 37.00428240 -21.88784973 5.75509371 0.54117647 0.42352941 0.64313725
v 37.04125577 -21.95321140 5.35450112 0.54117647 0.42352941 0.64313725
v 37.00428240 -22.63758857 3.48506998 0.54117647 0.42352941 0.64313725
v 37.82508754 -21.26883309 2.34263949 0.54117647 0.42352941 0.64313725
v 37.41098718 -22.25695155 1.58596505 0.54117647 0.42352941 0.64313725
v 37.64761628 -21.64562505 2.34263949 0.54117647 0.42352941 0.64313725
v 37.34443602 -22.25695155 2.34263949 0.54117647 0.42352941 0.64313725
v 36.04297711 -19.94621506 12.11264367 0.54117647 0.42352941 0.64313725
v 36.17608168 -20.21535298 11.39306051 0.54117647 0.42352941 0.64313725
v 35.70282349 -22.32231434 9.94647725 0.54117647 0.42352941 0.64313725
v 35.93205701 -20.74593754 11.39306051 0.54117647 0.42352941 0.64313725
v 35.65845679 -20.75362768 12.13489897 0.54117647 0.42352941 0.64313725
v 35.56232559 -20.50755905 12.69127697 0.54117647 0.42352941 0.64313725
v 35.42922102 -21.01123039 12.37970502 0.54117647 0.42352941 0.64313725
v 33.30695921 -25.79803118 11.18534587 0.54117647 0.42352941 0.64313725
v 33.17385464 -26.30170139 10.76991660 0.54117647 0.42352941 0.64313725
v 35.48837886 -23.37579446 8.72986337 0.54117647 0.42352941 0.64313725
v 35.64366790 -22.88750227 9.13045539 0.54117647 0.42352941 0.64313725
v 36.12431942 -22.37229685 8.37378081 0.54117647 0.42352941 0.64313725
v 36.30918400 -21.99550377 8.37378081 0.54117647 0.42352941 0.64313725
v 36.91554677 -20.18074961 9.13045539 0.54117647 0.42352941 0.64313725
v 36.53841978 -21.50336764 8.37378081 0.54117647 0.42352941 0.64313725
v 36.07995048 -19.21954439 12.89157355 0.54117647 0.42352941 0.64313725
v 36.50883973 -23.76027542 -2.18257102 0.54117647 0.42352941 0.64313725
v 37.11520025 -22.83367469 0.82929047 0.54117647 0.42352941 0.64313725
v 37.38880272 -22.25695155 -0.66922186 0.54117647 0.42352941 0.64313725
v 35.63627233 -25.08673852 -3.68850184 0.54117647 0.42352941 0.64313725
v 35.58451006 -24.99830870 -4.44517641 0.54117647 0.42352941 0.64313725
v 36.27221064 -24.17167299 -2.18257102 0.54117647 0.42352941 0.64313725
v 34.91159614 -26.70156375 1.58596505 0.54117647 0.42352941 0.64313725
v 34.68236261 -27.07835570 1.58596505 0.54117647 0.42352941 0.64313725
v 35.52535222 -24.92910197 -4.89769710 0.54117647 0.42352941 0.64313725
v 33.16646132 -27.05913036 -8.97038720 0.54117647 0.42352941 0.64313725
v 33.38829927 -26.68233841 -8.97038720 0.54117647 0.42352941 0.64313725
v 37.10780693 -22.82214061 1.58596505 0.54117647 0.42352941 0.64313725
v 32.55270523 -27.26290774 -10.31311314 0.54117647 0.42352941 0.64313725
v 32.27170944 -27.52435439 -10.52824584 0.54117647 0.42352941 0.64313725
v 31.75408455 -27.20523396 -12.45702426 0.54117647 0.42352941 0.64313725
v 30.85933043 -27.77042302 -13.49559743 0.54117647 0.42352941 0.64313725
v 31.14772179 -27.39363106 -13.49559743 0.54117647 0.42352941 0.64313725
v 31.02940836 -27.24368240 -13.98521066 0.54117647 0.42352941 0.64313725
v 30.23818101 -25.67884081 -17.67214429 0.54117647 0.42352941 0.64313725
v 30.91109494 -24.80606653 -17.54603167 0.54117647 0.42352941 0.64313725
v 30.89630379 -25.52504932 -16.74484762 0.54117647 0.42352941 0.64313725
v 30.34170554 -28.05109501 -14.11132328 0.54117647 0.42352941 0.64313725
v 30.20120765 -27.90114634 -14.61577262 0.54117647 0.42352941 0.64313725
v 27.32469185 -28.04340487 -18.55493149 0.54117647 0.42352941 0.64313725
v 26.43733330 -25.64423744 -22.92435686 0.54117647 0.42352941 0.64313725
v 30.89630379 -24.02556939 -18.30270625 0.54117647 0.42352941 0.64313725
v 29.46174256 -19.61940562 -23.68844838 0.54117647 0.42352941 0.64313725
v 27.23595622 -21.18809228 -25.23147201 0.54117647 0.42352941 0.64313725
v 27.11024722 -20.23842226 -25.87687009 0.54117647 0.42352941 0.64313725
v 27.14722059 -18.76970063 -26.66321803 0.54117647 0.42352941 0.64313725
v 26.81446029 -18.46980442 -27.07122924 0.54117647 0.42352941 0.64313725
v 26.47430666 -18.17375328 -27.47924045 0.54117647 0.42352941 0.64313725
v 26.42254440 -16.57046325 -28.19882361 0.54117647 0.42352941 0.64313725
v 27.73139664 -16.22058453 -27.28636193 0.54117647 0.42352941 0.64313725
v 30.20120765 -15.82072441 -25.17954336 0.54117647 0.42352941 0.64313725
v -28.67495631 -20.44604246 10.34706928 0.54117647 0.42352941 0.64313725
v -28.71192968 -18.29294252 12.75804287 0.54117647 0.42352941 0.64313725
v -28.62319405 -18.08916740 13.26249221 0.54117647 0.42352941 0.64313725
v -29.43660362 -15.18632863 14.13786023 0.54117647 0.42352941 0.64313725
v -28.71932300 -15.28629366 15.71797528 0.54117647 0.42352941 0.64313725
v -29.19997452 -14.67496828 15.12450474 0.54117647 0.42352941 0.64313725
v -28.81545420 -14.70572658 15.94794522 0.54117647 0.42352941 0.64313725
v -29.37005246 -13.51383243 15.49542341 0.54117647 0.42352941 0.64313725
v -26.53790335 -16.96263548 18.91529681 0.54117647 0.42352941 0.64313725
v -23.55046746 -18.46596048 22.70608664 0.54117647 0.42352941 0.64313725
v -23.26207610 -21.66484927 20.66603284 0.54117647 0.42352941 0.64313725
v -22.75924011 -22.12622822 21.00727927 0.54117647 0.42352941 0.64313725
v -23.25468053 -18.70433897 22.95831187 0.54117647 0.42352941 0.64313725
v -22.75184454 -19.06575177 23.25504771 0.54117647 0.42352941 0.64313725
v -23.39517842 -21.95321140 20.16900268 0.54117647 0.42352941 0.64313725
v -10.32144719 -15.60925915 32.81733669 0.54117647 0.42352941 0.64313725
v -11.07570005 -14.70957165 32.80991863 0.54117647 0.42352941 0.64313725
v -9.81861121 -15.89762016 32.91377595 0.54117647 0.42352941 0.64313725
v -9.36014303 -16.17829215 32.99537684 0.54117647 0.42352941 0.64313725
v -14.91352114 -17.88923622 29.79805643 0.54117647 0.42352941 0.64313725
v -14.66949759 -18.49287371 29.67936300 0.54117647 0.42352941 0.64313725
v -14.19624052 -18.75047641 29.82773092 0.54117647 0.42352941 0.64313725
v -13.47156545 -19.53481974 29.84256703 0.54117647 0.42352941 0.64313725
v -13.69340453 -19.03499348 29.94642435 0.54117647 0.42352941 0.64313725
v -10.59504853 -18.92733831 31.42268097 0.54117647 0.42352941 0.64313725
v -10.47673399 -17.29328999 32.12000995 0.54117647 0.42352941 0.64313725
v -10.68378417 -16.79346372 32.21644921 0.54117647 0.42352941 0.64313725
v -10.83167763 -15.40163896 32.66896877 0.54117647 0.42352941 0.64313725
v -16.74739271 -16.22058453 29.28618791 0.54117647 0.42352941 0.64313725
v -16.18540113 -16.27056817 29.69419912 0.54117647 0.42352941 0.64313725
v -22.27119302 -19.29644125 23.52952712 0.54117647 0.42352941 0.64313725
v -21.79054150 -19.52712961 23.79658847 0.54117647 0.42352941 0.64313725
v -14.93570561 -19.45792288 29.03396492 0.54117647 0.42352941 0.64313725
v -15.11317574 -18.95425154 29.16749447 0.54117647 0.42352941 0.64313725
v -16.19279445 -16.94725633 29.36037299 0.54117647 0.42352941 0.64313725
v -7.62979599 -15.97836097 33.70012388 0.54117647 0.42352941 0.64313725
v -7.40056134 -16.48203343 33.61110268 0.54117647 0.42352941 0.64313725
v -6.89772647 -16.73963501 33.70012388 0.54117647 0.42352941 0.64313725
v -6.37270601 -16.22058453 34.04878838 0.54117647 0.42352941 0.64313725
v -5.61845259 -16.97416956 34.01911389 0.54117647 0.42352941 0.64313725
v -4.84201470 -16.94341126 34.26392107 0.54117647 0.42352941 0.64313725
v -4.57580725 -16.67042828 34.42712510 0.54117647 0.42352941 0.64313725
v -3.35569120 -16.97416956 34.63483974 0.54117647 0.42352941 0.64313725
v -2.60143722 -16.97416956 34.80546183 0.54117647 0.42352941 0.64313725
v 10.22087714 -18.55054523 34.30101136 0.54117647 0.42352941 0.64313725
v 10.22087714 -19.23876860 34.04878838 0.54117647 0.42352941 0.64313725
v 10.91597385 -18.41982191 34.24908270 0.54117647 0.42352941 0.64313725
v 11.13041848 -18.00073645 34.36036033 0.54117647 0.42352941 0.64313725
v 5.68795977 -18.48518357 34.70902257 0.54117647 0.42352941 0.64313725
v 11.50754547 -17.49706511 34.45679734 0.54117647 0.42352941 0.64313725
v 14.74639992 -14.70957165 34.76836929 0.54117647 0.42352941 0.64313725
v 13.99214593 -14.70957165 34.90190109 0.54117647 0.42352941 0.64313725
v -1.84718323 -16.46280809 35.12445184 0.54117647 0.42352941 0.64313725
v -1.84718323 -16.97416956 34.96124781 0.54117647 0.42352941 0.64313725
v -1.84718323 -17.72775459 34.69418645 0.54117647 0.42352941 0.64313725
v -1.84718323 -18.31216674 34.48647182 0.54117647 0.42352941 0.64313725
v -1.84718323 -18.68895870 34.33810390 0.54117647 0.42352941 0.64313725
v -1.84718323 -19.23876860 34.10071703 0.54117647 0.42352941 0.64313725
v -0.33867583 -21.50336764 33.24018401 0.54117647 0.42352941 0.64313725
v 0.41557788 -22.13776230 33.02505132 0.54117647 0.42352941 0.64313725
v 1.16983158 -22.17236567 33.04730550 0.54117647 0.42352941 0.64313725
v 4.17945222 -20.60367901 33.78172478 0.54117647 0.42352941 0.64313725
v 4.93370607 -22.17621074 33.03246938 0.54117647 0.42352941 0.64313725
v 5.68795977 -22.14929751 33.02505132 0.54117647 0.42352941 0.64313725
v 6.44221361 -23.66800053 32.29805010 0.54117647 0.42352941 0.64313725
v 6.44221361 -23.00669151 32.60220399 0.54117647 0.42352941 0.64313725
v 15.54502172 -14.76339810 34.56065465 0.54117647 0.42352941 0.64313725
v 16.25490789 -14.50579540 34.46421764 0.54117647 0.42352941 0.64313725
v 16.64682378 -14.34815772 34.41228899 0.54117647 0.42352941 0.64313725
v 16.94260959 -14.64420998 34.23424659 0.54117647 0.42352941 0.64313725
v 17.70425802 -15.42855219 33.73721642 0.54117647 0.42352941 0.64313725
v 18.19230511 -15.15172526 33.67786746 0.54117647 0.42352941 0.64313725
v 18.35498635 -14.70957165 33.74463448 0.54117647 0.42352941 0.64313725
v 18.88000681 -14.30970928 33.64077717 0.54117647 0.42352941 0.64313725
v 19.27192270 -14.01750433 33.53691985 0.54117647 0.42352941 0.64313725
v 19.85609987 -14.70957165 33.01021520 0.54117647 0.42352941 0.64313725
v 20.23322686 -14.70957165 32.80991863 0.54117647 0.42352941 0.64313725
v 20.37372476 -14.27126085 32.87668340 0.54117647 0.42352941 0.64313725
v 21.94878389 -13.64840083 32.16452055 0.54117647 0.42352941 0.64313725
v 20.49943375 -13.76759007 32.95086849 0.54117647 0.42352941 0.64313725
v 21.00966419 -13.20240158 32.80991863 0.54117647 0.42352941 0.64313725
v 21.19452990 -12.19121384 32.92119400 0.54117647 0.42352941 0.64313725
v 22.02273062 -13.20240158 32.21644921 0.54117647 0.42352941 0.64313725
v 21.48292126 -12.44497261 32.69864325 0.54117647 0.42352941 0.64313725
v 22.14104517 -12.44881767 32.29063204 0.54117647 0.42352941 0.64313725
v 22.51817216 -12.44881767 32.03840681 0.54117647 0.42352941 0.64313725
v 24.17457135 -13.57150452 30.62891497 0.54117647 0.42352941 0.64313725
v 22.39985761 -13.20240158 31.95680592 0.54117647 0.42352941 0.64313725
v 22.93966584 -13.20240158 31.57846694 0.54117647 0.42352941 0.64313725
v 24.52212054 -13.27160831 30.42861839 0.54117647 0.42352941 0.64313725
v 25.18763890 -12.44881767 30.08737421 0.54117647 0.42352941 0.64313725
v 25.07671880 -13.20240158 29.99835301 0.54117647 0.42352941 0.64313725
v 25.45384579 -13.20240158 29.68678106 0.54117647 0.42352941 0.64313725
v 25.77921052 -13.82910723 29.21200507 0.54117647 0.42352941 0.64313725
v 28.62614852 -15.69768898 26.02952078 0.54117647 0.42352941 0.64313725
v 25.68307931 -14.33277857 29.12298387 0.54117647 0.42352941 0.64313725
v 25.02495653 -15.46700062 29.20458701 0.54117647 0.42352941 0.64313725
v 24.92882533 -15.84379258 29.12298387 0.54117647 0.42352941 0.64313725
v 30.80756816 -13.95598661 24.41231431 0.54117647 0.42352941 0.64313725
v 28.72227972 -19.65400899 23.86335549 0.54117647 0.42352941 0.64313725
v 30.31952332 -19.05037263 22.45386365 0.54117647 0.42352941 0.64313725
v 30.84454153 -18.48518357 22.20163842 0.54117647 0.42352941 0.64313725
v 31.04419726 -19.00039011 21.66751347 0.54117647 0.42352941 0.64313725
v 31.17730183 -18.48518357 21.82329944 0.54117647 0.42352941 0.64313725
v 31.79845124 -17.51244426 21.66751347 0.54117647 0.42352941 0.64313725
v 31.70971561 -16.57046325 22.32033185 0.54117647 0.42352941 0.64313725
v 31.81324014 -16.07063699 22.43160723 0.54117647 0.42352941 0.64313725
v 32.28649834 -15.46700062 22.09778110 0.54117647 0.42352941 0.64313725
v 32.54530966 -13.77143514 22.41677111 0.54117647 0.42352941 0.64313725
v 32.59707417 -15.46700062 21.71944212 0.54117647 0.42352941 0.64313725
v 33.01117228 -13.20240158 22.05327050 0.54117647 0.42352941 0.64313725
v 33.24780138 -13.62533211 21.60074869 0.54117647 0.42352941 0.64313725
v 33.29956364 -15.27091451 20.91825807 0.54117647 0.42352941 0.64313725
v 34.79328271 -12.21043806 20.14674625 0.54117647 0.42352941 0.64313725
v 35.25914533 -11.64140506 19.62745967 0.54117647 0.42352941 0.64313725
v 29.97936969 -15.52851722 -25.56529814 0.54117647 0.42352941 0.64313725
v 26.54825340 -16.06679304 -28.30268093 0.54117647 0.42352941 0.64313725
v 23.00621925 -19.21569932 -29.44511142 0.54117647 0.42352941 0.64313725
v 22.72522121 -18.95040760 -29.75668337 0.54117647 0.42352941 0.64313725
v 22.65127448 -17.32404829 -30.46142816 0.54117647 0.42352941 0.64313725
v 26.32641320 -18.67742462 -27.37538313 0.54117647 0.42352941 0.64313725
v 25.66089709 -19.58095719 -27.44214791 0.54117647 0.42352941 0.64313725
v 22.54035550 -19.45407781 -29.65282605 0.54117647 0.42352941 0.64313725
v 21.85265381 -20.28840365 -29.68249828 0.54117647 0.42352941 0.64313725
v 21.10579427 -19.55788791 -30.44659204 0.54117647 0.42352941 0.64313725
v 21.34981782 -20.57292071 -29.82344814 0.54117647 0.42352941 0.64313725
v 21.09100537 -21.07659205 -29.68991634 0.54117647 0.42352941 0.64313725
v 18.79866563 -23.31427674 -29.67508023 0.54117647 0.42352941 0.64313725
v 20.72866728 -23.71413910 -28.34719153 0.54117647 0.42352941 0.64313725
v 20.44767149 -24.17551806 -28.23591390 0.54117647 0.42352941 0.64313725
v 20.36633031 -26.37475319 -26.67805640 0.54117647 0.42352941 0.64313725
v 20.96529638 -27.00145884 -25.83977755 0.54117647 0.42352941 0.64313725
v 17.54157565 -26.52470185 -28.31751704 0.54117647 0.42352941 0.64313725
v 17.00916187 -26.25172000 -28.85163975 0.54117647 0.42352941 0.64313725
v 13.99214593 -27.35518263 -29.13353946 0.54117647 0.42352941 0.64313725
v 14.05869822 -26.77846062 -29.54896873 0.54117647 0.42352941 0.64313725
v 16.97218850 -26.77846062 -28.44362854 0.54117647 0.42352941 0.64313725
v 16.69858604 -27.19370101 -28.25075227 0.54117647 0.42352941 0.64313725
v 13.47452105 -27.85885509 -28.91098646 0.54117647 0.42352941 0.64313725
v 13.23049750 -27.57818310 -29.20772230 0.54117647 0.42352941 0.64313725
v 12.74984598 -33.15317003 -23.65877614 0.54117647 0.42352941 0.64313725
v 12.17306326 -33.97211785 -22.96144716 0.54117647 0.42352941 0.64313725
v 7.95072130 -34.15282257 -23.93325555 0.54117647 0.42352941 0.64313725
v 7.19646732 -34.60651364 -23.56233688 0.54117647 0.42352941 0.64313725
v 7.19646732 -34.22971944 -23.98518421 0.54117647 0.42352941 0.64313725
v 2.67833927 -28.60090379 -29.65282605 0.54117647 0.42352941 0.64313725
v 2.67833927 -28.22411184 -29.98665218 0.54117647 0.42352941 0.64313725
v 2.84841615 -33.96442772 -24.45996020 0.54117647 0.42352941 0.64313725
v 6.44221361 -34.65649503 -23.62910166 0.54117647 0.42352941 0.64313725
v 4.17945222 -34.66034010 -23.60684748 0.54117647 0.42352941 0.64313725
v 1.92408556 -28.56245536 -29.61573351 0.54117647 0.42352941 0.64313725
v 0.41557788 -27.68199095 -30.26113159 0.54117647 0.42352941 0.64313725
v -1.62534416 -27.94343985 -29.74926306 0.54117647 0.42352941 0.64313725
v -1.84718323 -27.09757880 -30.43175368 0.54117647 0.42352941 0.64313725
v -2.60143722 -27.02068418 -30.35757084 0.54117647 0.42352941 0.64313725
v -3.35569120 -26.52085679 -30.57270354 0.54117647 0.42352941 0.64313725
v -4.08776072 -26.06332290 -30.69881728 0.54117647 0.42352941 0.64313725
v -4.10994462 -25.45584259 -31.10682624 0.54117647 0.42352941 0.64313725
v -4.86419861 -25.23284212 -31.00296892 0.54117647 0.42352941 0.64313725
v -5.12301105 -24.82913694 -31.18842938 0.54117647 0.42352941 0.64313725
v -4.86419861 -23.86793059 -31.83382746 0.54117647 0.42352941 0.64313725
v -8.29531434 -24.15629272 -30.48368234 0.54117647 0.42352941 0.64313725
v -8.58370458 -23.75643260 -30.61721414 0.54117647 0.42352941 0.64313725
v -6.15086694 -22.75677894 -32.06379852 0.54117647 0.42352941 0.64313725
v -9.68550664 -20.31531801 -31.95994120 0.54117647 0.42352941 0.64313725
v -11.31972360 -21.94167619 -30.50593876 0.54117647 0.42352941 0.64313725
v -14.41068515 -21.26114408 -29.02968215 0.54117647 0.42352941 0.64313725
v -14.91352114 -20.89204114 -28.87389617 0.54117647 0.42352941 0.64313725
v -16.62907928 -19.71168164 -28.27300644 0.54117647 0.42352941 0.64313725
v -16.78436607 -19.23876860 -28.37686376 0.54117647 0.42352941 0.64313725
v -17.29459764 -18.83121723 -28.19140555 0.54117647 0.42352941 0.64313725
v -17.96750931 -17.90846156 -28.11722047 0.54117647 0.42352941 0.64313725
v -19.98624660 -14.68650236 -27.71662732 0.54117647 0.42352941 0.64313725
v -19.73483085 -15.46700062 -27.60535194 0.54117647 0.42352941 0.64313725
v -22.51521544 -18.66589053 -23.61426554 0.54117647 0.42352941 0.64313725
v -23.38778510 -18.17375328 -22.96886521 0.54117647 0.42352941 0.64313725
v -22.75184454 -19.23876860 -23.10239701 0.54117647 0.42352941 0.64313725
v -22.63353111 -19.69245742 -22.97628552 0.54117647 0.42352941 0.64313725
v -24.97023755 -17.56627185 -21.54453726 0.54117647 0.42352941 0.64313725
v -24.83713523 -18.06609811 -21.39616934 0.54117647 0.42352941 0.64313725
v -22.55958438 -24.85605017 -18.34721685 0.54117647 0.42352941 0.64313725
v -20.36337359 -24.92141183 -21.45551831 0.54117647 0.42352941 0.64313725
v -24.19380134 -24.25625775 -16.26265245 0.54117647 0.42352941 0.64313725
v -24.63008392 -24.50617144 -15.04603801 0.54117647 0.42352941 0.64313725
v -23.99414561 -24.75993021 -15.91398908 0.54117647 0.42352941 0.64313725
v -23.29165389 -25.57118564 -16.00300916 0.54117647 0.42352941 0.64313725
v -21.96801276 -20.74593754 -23.06530447 0.54117647 0.42352941 0.64313725
v -21.84969933 -21.13810977 -22.93919298 0.54117647 0.42352941 0.64313725
v -21.17678541 -21.99550377 -23.02821418 0.54117647 0.42352941 0.64313725
v -20.36337359 -24.17167299 -22.20477370 0.54117647 0.42352941 0.64313725
v -21.07326088 -24.11015415 -21.38875128 0.54117647 0.42352941 0.64313725
v -22.45605985 -26.23633972 -16.51487769 0.54117647 0.42352941 0.64313725
v -19.59433071 -30.18881354 -14.66028322 0.54117647 0.42352941 0.64313725
v -18.19674284 -33.29158575 -9.72706178 0.54117647 0.42352941 0.64313725
v -20.33379579 -30.17343552 -13.11726071 0.54117647 0.42352941 0.64313725
v -20.45211147 -30.26955548 -12.61281024 0.54117647 0.42352941 0.64313725
v -20.70352721 -29.95428012 -12.82052487 0.54117647 0.42352941 0.64313725
v -20.44471589 -28.02418178 -17.03416427 0.54117647 0.42352941 0.64313725
v -18.09321831 -29.44676484 -18.43623693 0.54117647 0.42352941 0.64313725
v -17.48685779 -30.34260728 -17.87985893 0.54117647 0.42352941 0.64313725
v -17.19107086 -30.84627974 -17.44217436 0.54117647 0.42352941 0.64313725
v -23.20291826 -28.53554213 -10.48373636 0.54117647 0.42352941 0.64313725
v -23.37299620 -28.69318093 -9.43032651 0.54117647 0.42352941 0.64313725
v -23.43954736 -28.75469753 -8.97038720 0.54117647 0.42352941 0.64313725
v -23.95717225 -27.72812952 -10.48373636 0.54117647 0.42352941 0.64313725
v -24.06809235 -28.62781927 -6.95258814 0.54117647 0.42352941 0.64313725
v -24.13464351 -28.69318093 -6.44813824 0.54117647 0.42352941 0.64313725
v -24.54874387 -28.33561207 -5.95110695 0.54117647 0.42352941 0.64313725
v -24.89629306 -27.95497505 -5.95110695 0.54117647 0.42352941 0.64313725
v -25.36954901 -27.62431942 -4.44517641 0.54117647 0.42352941 0.64313725
v -24.65226839 -29.21991931 0.82929047 0.54117647 0.42352941 0.64313725
v -25.02200206 -28.84312735 0.82929047 0.54117647 0.42352941 0.64313725
v -20.23766459 -33.10318640 -2.93182726 0.54117647 0.42352941 0.64313725
v -24.97763312 -28.81236906 1.58596505 0.54117647 0.42352941 0.64313725
v -25.55441585 -27.80887145 3.09189573 0.54117647 0.42352941 0.64313725
v -26.50092999 -25.85185763 5.35450112 0.54117647 0.42352941 0.64313725
v -29.06687220 -21.50336764 5.35450112 0.54117647 0.42352941 0.64313725
v -28.60100958 -21.83402215 7.02363625 0.54117647 0.42352941 0.64313725
v -28.66756074 -21.17655820 8.93757800 0.54117647 0.42352941 0.64313725
v -28.62319405 -21.10350640 9.44202791 0.54117647 0.42352941 0.64313725
v -28.82284753 -20.81129920 9.16754737 0.54117647 0.42352941 0.64313725
v -30.10212197 -18.76201050 6.86785028 0.54117647 0.42352941 0.64313725
v -28.55664064 -20.98047209 9.88713053 0.54117647 0.42352941 0.64313725
v 33.97247757 -15.03637996 20.05030699 0.54117647 0.42352941 0.64313725
v 33.89853083 -15.46700062 19.93903162 0.54117647 0.42352941 0.64313725
v 34.03902873 -15.97836097 19.40490891 0.54117647 0.42352941 0.64313725
v 33.93550420 -16.48203343 19.24170488 0.54117647 0.42352941 0.64313725
v 33.83197967 -16.97416956 19.07850085 0.54117647 0.42352941 0.64313725
v 33.60274390 -17.70853038 18.92271487 0.54117647 0.42352941 0.64313725
v 33.35132590 -18.48518357 18.74467247 0.54117647 0.42352941 0.64313725
v 32.46396960 -19.58864733 19.29363354 0.54117647 0.42352941 0.64313725
v 32.42699623 -18.74278740 19.99837833 0.54117647 0.42352941 0.64313725
v 32.33826060 -19.29644125 19.72389892 0.54117647 0.42352941 0.64313725
v 32.96680559 -19.96543928 18.15120305 0.54117647 0.42352941 0.64313725
v 32.63404529 -21.45722907 17.39452847 0.54117647 0.42352941 0.64313725
v 32.52312743 -21.94936633 17.12004906 0.54117647 0.42352941 0.64313725
v 33.13688128 -23.17586327 14.59038204 0.54117647 0.42352941 0.64313725
v 33.25519695 -23.42193190 14.08593157 0.54117647 0.42352941 0.64313725
v 33.06293679 -26.04025474 11.41531581 0.54117647 0.42352941 0.64313725
v 35.45140549 -20.30378392 13.19572631 0.54117647 0.42352941 0.64313725
v 36.87117783 -21.63409097 6.86785028 0.54117647 0.42352941 0.64313725
v 36.94512456 -21.77634950 6.25954306 0.54117647 0.42352941 0.64313725
v 37.24830482 -22.25695155 3.09189573 0.54117647 0.42352941 0.64313725
v 36.77504663 -22.18774482 6.05182842 0.54117647 0.42352941 0.64313725
v 36.22044837 -23.33734602 5.59188911 0.54117647 0.42352941 0.64313725
v 36.83420446 -22.33000335 5.35450112 0.54117647 0.42352941 0.64313725
v 36.95991346 -22.55300269 3.98951960 0.54117647 0.42352941 0.64313725
v 36.31657958 -23.49882877 4.60524516 0.54117647 0.42352941 0.64313725
v 35.02991181 -26.02487446 3.84857031 0.54117647 0.42352941 0.64313725
v 37.03386019 -22.68757221 3.09189573 0.54117647 0.42352941 0.64313725
v 37.07822688 -22.77215809 2.34263949 0.54117647 0.42352941 0.64313725
v 36.25002841 -21.88400466 8.75953672 0.54117647 0.42352941 0.64313725
v 32.63404529 -26.75539021 11.31887655 0.54117647 0.42352941 0.64313725
v 32.47875849 -27.15909764 11.02214184 0.54117647 0.42352941 0.64313725
v 32.55270523 -27.27059563 10.63638593 0.54117647 0.42352941 0.64313725
v 32.66362533 -27.42823443 9.88713053 0.54117647 0.42352941 0.64313725
v 33.04075232 -26.85535524 9.88713053 0.54117647 0.42352941 0.64313725
v 34.74152045 -26.40935655 4.24174427 0.54117647 0.42352941 0.64313725
v 34.02423983 -25.70575628 8.89306740 0.54117647 0.42352941 0.64313725
v 33.95768867 -25.60194394 9.39751731 0.54117647 0.42352941 0.64313725
v 34.48270688 -25.20208382 8.31443410 0.54117647 0.42352941 0.64313725
v 34.74152045 -24.90218874 8.01769882 0.54117647 0.42352941 0.64313725
v 35.07427850 -24.51770665 7.61710624 0.54117647 0.42352941 0.64313725
v 35.39964323 -23.97943082 7.61710624 0.54117647 0.42352941 0.64313725
v 35.62148343 -23.60263887 7.61710624 0.54117647 0.42352941 0.64313725
v 35.73240353 -23.07589825 8.43312809 0.54117647 0.42352941 0.64313725
v 36.19087058 -22.52993453 7.75063747 0.54117647 0.42352941 0.64313725
v 36.89336230 -23.19124355 0.07261593 0.54117647 0.42352941 0.64313725
v 36.90075562 -23.21046664 0.82929047 0.54117647 0.42352941 0.64313725
v 36.90075562 -23.19893256 1.58596505 0.54117647 0.42352941 0.64313725
v 34.97075397 -26.09023613 -2.92440892 0.54117647 0.42352941 0.64313725
v 34.71933598 -26.38244332 -3.16921525 0.54117647 0.42352941 0.64313725
v 35.34788096 -25.46353048 -3.68850184 0.54117647 0.42352941 0.64313725
v 32.58228302 -28.78545583 -5.20185099 0.54117647 0.42352941 0.64313725
v 33.26998585 -27.21292410 -8.04308941 0.54117647 0.42352941 0.64313725
v 33.21822358 -27.13987230 -8.54753932 0.54117647 0.42352941 0.64313725
v 36.87117783 -23.14895004 2.34263949 0.54117647 0.42352941 0.64313725
v 34.88941391 -26.63620209 2.34263949 0.54117647 0.42352941 0.64313725
v 34.62320477 -27.01299404 2.34263949 0.54117647 0.42352941 0.64313725
v 32.58228302 -28.78930089 6.11117570 0.54117647 0.42352941 0.64313725
v 33.24040805 -28.67395559 2.01623100 0.54117647 0.42352941 0.64313725
v 33.24040805 -28.67395559 1.83077152 0.54117647 0.42352941 0.64313725
v 32.63404529 -28.85850763 -4.44517641 0.54117647 0.42352941 0.64313725
v 34.11297546 -27.31673420 -2.18257102 0.54117647 0.42352941 0.64313725
v 34.49010245 -26.82459694 -2.18257102 0.54117647 0.42352941 0.64313725
v 31.78366235 -28.73931726 -8.97038720 0.54117647 0.42352941 0.64313725
v 31.72450451 -28.67011052 -9.36356117 0.54117647 0.42352941 0.64313725
v 32.36044507 -27.76657795 -9.72706178 0.54117647 0.42352941 0.64313725
v 32.66362533 -27.38978600 -9.72706178 0.54117647 0.42352941 0.64313725
v 31.76147788 -27.95112998 -10.93625705 0.54117647 0.42352941 0.64313725
v 31.85021351 -28.06263022 -10.48373636 0.54117647 0.42352941 0.64313725
v 31.35477309 -27.54357748 -12.76117815 0.54117647 0.42352941 0.64313725
v 30.94067273 -27.88576832 -13.07275011 0.54117647 0.42352941 0.64313725
v 30.48220568 -28.18181834 -13.49559743 0.54117647 0.42352941 0.64313725
v 30.08289422 -28.55861254 -13.49559743 0.54117647 0.42352941 0.64313725
v 24.95840537 -33.96827279 -11.66325827 0.54117647 0.42352941 0.64313725
v 24.81790748 -33.86446269 -12.16770761 0.54117647 0.42352941 0.64313725
v 29.89063406 -28.32792194 -14.32645597 0.54117647 0.42352941 0.64313725
v 25.12108774 -33.36079248 -12.60539218 0.54117647 0.42352941 0.64313725
v 27.02151159 -28.54707733 -18.16175752 0.54117647 0.42352941 0.64313725
v 23.39073957 -28.65088743 -22.14542698 0.54117647 0.42352941 0.64313725
v 26.13415304 -26.09408119 -22.64245715 0.54117647 0.42352941 0.64313725
v 23.47208187 -27.96266294 -22.97628552 0.54117647 0.42352941 0.64313725
v 25.93449731 -25.85185763 -23.16916179 0.54117647 0.42352941 0.64313725
v 25.66829042 -25.59425605 -23.67361226 0.54117647 0.42352941 0.64313725
v 26.42993997 -21.11504048 -25.94363487 0.54117647 0.42352941 0.64313725
v 25.80139499 -20.51909313 -26.81158595 0.54117647 0.42352941 0.64313725
v 26.84404033 -20.81514427 -25.77301278 0.54117647 0.42352941 0.64313725
v -26.44916772 -22.74908881 12.69869503 0.54117647 0.42352941 0.64313725
v -26.41219436 -21.20731650 14.89453480 0.54117647 0.42352941 0.64313725
v -26.30127426 -20.98047209 15.39898527 0.54117647 0.42352941 0.64313725
v -26.17556526 -20.73440346 15.91085268 0.54117647 0.42352941 0.64313725
v -22.59655775 -22.62989956 20.82181881 0.54117647 0.42352941 0.64313725
v -22.70008227 -21.29190238 21.70460601 0.54117647 0.42352941 0.64313725
v -20.23766459 -23.98712096 22.24614902 0.54117647 0.42352941 0.64313725
v -19.73483085 -24.31008645 22.48353589 0.54117647 0.42352941 0.64313725
v -21.01410304 -24.02172432 21.48205526 0.54117647 0.42352941 0.64313725
v -22.73705564 -22.82982962 20.31737059 0.54117647 0.42352941 0.64313725
v -25.78364937 -21.48029836 15.89601656 0.54117647 0.42352941 0.64313725
v -25.65794037 -21.94936633 15.62895521 0.54117647 0.42352941 0.64313725
v -23.38778510 -27.21676917 13.35151229 0.54117647 0.42352941 0.64313725
v -9.58937656 -16.40129149 32.82475475 0.54117647 0.42352941 0.64313725
v -10.09960699 -16.17829215 32.69864325 0.54117647 0.42352941 0.64313725
v -9.08654057 -16.67042828 32.92119400 0.54117647 0.42352941 0.64313725
v -8.61328350 -16.94341126 33.00279715 0.54117647 0.42352941 0.64313725
v -7.88121398 -16.97416956 33.26244044 0.54117647 0.42352941 0.64313725
v -8.63546797 -16.22058453 33.24760207 0.54117647 0.42352941 0.64313725
v -14.67689204 -19.21954439 29.32328045 0.54117647 0.42352941 0.64313725
v -14.42547517 -19.76166416 29.21200507 0.54117647 0.42352941 0.64313725
v -13.93003363 -19.26568296 29.72387360 0.54117647 0.42352941 0.64313725
v -13.93003363 -20.00388771 29.35295493 0.54117647 0.42352941 0.64313725
v -11.96305748 -22.56069283 29.08589358 0.54117647 0.42352941 0.64313725
v -12.96872946 -19.77704330 29.96126047 0.54117647 0.42352941 0.64313725
v -11.40106478 -19.73859487 30.70310005 0.54117647 0.42352941 0.64313725
v -9.03477830 -20.38452474 31.39300873 0.54117647 0.42352941 0.64313725
v -9.33056411 -19.93852605 31.47460962 0.54117647 0.42352941 0.64313725
v -8.95343712 -18.80430400 32.12000995 0.54117647 0.42352941 0.64313725
v -9.44887866 -18.52363200 32.04582487 0.54117647 0.42352941 0.64313725
v -9.72987557 -18.06994318 32.12742801 0.54117647 0.42352941 0.64313725
v -9.97389800 -17.56627185 32.22386727 0.54117647 0.42352941 0.64313725
v -19.45383281 -23.91791423 22.98798635 0.54117647 0.42352941 0.64313725
v -18.95099682 -24.26010281 23.18086262 0.54117647 0.42352941 0.64313725
v -19.76440864 -20.59983507 24.73872238 0.54117647 0.42352941 0.64313725
v -7.14174889 -16.98570364 33.52950179 0.54117647 0.42352941 0.64313725
v -6.63151846 -17.24330747 33.61110268 0.54117647 0.42352941 0.64313725
v -6.38010046 -16.98570364 33.78172478 0.54117647 0.42352941 0.64313725
v -6.12868247 -17.45477274 33.69270582 0.54117647 0.42352941 0.64313725
v -4.86419861 -17.72775459 33.97460329 0.54117647 0.42352941 0.64313725
v -4.25044308 -17.17410074 34.34552196 0.54117647 0.42352941 0.64313725
v -3.74760709 -17.35865165 34.40486868 0.54117647 0.42352941 0.64313725
v -3.35569120 -17.48553103 34.45679734 0.54117647 0.42352941 0.64313725
v -2.60143722 -17.75466782 34.53840048 0.54117647 0.42352941 0.64313725
v 10.22087714 -19.87700833 33.77430672 0.54117647 0.42352941 0.64313725
v 10.81244876 -19.75781909 33.72237806 0.54117647 0.42352941 0.64313725
v 15.54502172 -15.47853583 34.31584973 0.54117647 0.42352941 0.64313725
v 11.02689339 -19.30028632 33.86332792 0.54117647 0.42352941 0.64313725
v 16.04046326 -16.70887672 33.70012388 0.54117647 0.42352941 0.64313725
v 15.32318264 -15.23246720 34.45679734 0.54117647 0.42352941 0.64313725
v -2.35001922 -18.18913243 34.43454316 0.54117647 0.42352941 0.64313725
v -2.60143722 -18.45827034 34.27875719 0.54117647 0.42352941 0.64313725
v -2.60143722 -19.23876860 33.95976718 0.54117647 0.42352941 0.64313725
v -2.60143722 -19.76550922 33.72237806 0.54117647 0.42352941 0.64313725
v -1.84718323 -19.91545677 33.78914508 0.54117647 0.42352941 0.64313725
v -1.09292981 -21.50336764 33.15116281 0.54117647 0.42352941 0.64313725
v -0.33867583 -22.05317642 32.98054072 0.54117647 0.42352941 0.64313725
v -0.33867583 -22.43381345 32.79508251 0.54117647 0.42352941 0.64313725
v 0.41557788 -22.51455426 32.83959086 0.54117647 0.42352941 0.64313725
v 4.93370607 -22.55300269 32.85442923 0.54117647 0.42352941 0.64313725
v 1.16983158 -23.00669151 32.63187623 0.54117647 0.42352941 0.64313725
v 6.44221361 -25.59041098 31.36333425 0.54117647 0.42352941 0.64313725
v 5.68795977 -23.68722587 32.29805010 0.54117647 0.42352941 0.64313725
v 9.45922871 -25.37125558 31.27431305 0.54117647 0.42352941 0.64313725
v 7.19646732 -23.62570703 32.26095756 0.54117647 0.42352941 0.64313725
v 15.82601863 -15.05176023 34.39003256 0.54117647 0.42352941 0.64313725
v 16.25490789 -14.88258847 34.33810390 0.54117647 0.42352941 0.64313725
v 17.00916187 -15.46700062 33.93009269 0.54117647 0.42352941 0.64313725
v 17.41586666 -15.86686186 33.66303134 0.54117647 0.42352941 0.64313725
v 17.91870265 -15.65539660 33.57401239 0.54117647 0.42352941 0.64313725
v 19.26452825 -15.43624232 33.03988744 0.54117647 0.42352941 0.64313725
v 19.27192270 -14.70957165 33.30694879 0.54117647 0.42352941 0.64313725
v 18.73211334 -14.70957165 33.57401239 0.54117647 0.42352941 0.64313725
v 18.31061853 -16.76270542 32.97312266 0.54117647 0.42352941 0.64313725
v 18.53985318 -16.23596480 33.08439804 0.54117647 0.42352941 0.64313725
v 18.81345452 -16.49741145 32.85442923 0.54117647 0.42352941 0.64313725
v 19.26452825 -16.23596480 32.73573355 0.54117647 0.42352941 0.64313725
v 19.70081195 -15.16326047 32.92119400 0.54117647 0.42352941 0.64313725
v 19.98180887 -15.43624232 32.67638683 0.54117647 0.42352941 0.64313725
v 21.00966419 -15.61694929 32.06066323 0.54117647 0.42352941 0.64313725
v 21.17234656 -15.11712190 32.14968219 0.54117647 0.42352941 0.64313725
v 20.78043067 -14.70957165 32.50576474 0.54117647 0.42352941 0.64313725
v 21.80828599 -14.15207273 32.07549935 0.54117647 0.42352941 0.64313725
v 22.01533617 -15.46700062 31.45977351 0.54117647 0.42352941 0.64313725
v 22.29633308 -14.65189899 31.56363082 0.54117647 0.42352941 0.64313725
v 22.23717525 -13.92138325 31.86778472 0.54117647 0.42352941 0.64313725
v 23.70131540 -13.95598661 30.82921155 0.54117647 0.42352941 0.64313725
v 24.07844239 -13.95598661 30.56215019 0.54117647 0.42352941 0.64313725
v 24.59606728 -13.95983056 30.15413898 0.54117647 0.42352941 0.64313725
v 24.98798317 -13.70991799 29.92417017 0.54117647 0.42352941 0.64313725
v 25.78660609 -19.01192419 26.94198021 0.54117647 0.42352941 0.64313725
v 27.96063016 -19.64631998 24.61261089 0.54117647 0.42352941 0.64313725
v 24.87706307 -14.21358932 29.83514897 0.54117647 0.42352941 0.64313725
v 25.21721669 -14.70957165 29.36037299 0.54117647 0.42352941 0.64313725
v 24.13020466 -15.74767262 29.84256703 0.54117647 0.42352941 0.64313725
v 24.79572301 -16.34746504 29.00429044 0.54117647 0.42352941 0.64313725
v 28.58178183 -20.15768033 23.71498757 0.54117647 0.42352941 0.64313725
v 29.83886955 -20.75747275 21.96424930 0.54117647 0.42352941 0.64313725
v 30.26775881 -20.48448977 21.65267735 0.54117647 0.42352941 0.64313725
v 28.27120599 -19.90007762 24.17492519 0.54117647 0.42352941 0.64313725
v 31.63576888 -19.38102713 20.70312538 0.54117647 0.42352941 0.64313725
v 31.67274225 -18.01611560 21.51172749 0.54117647 0.42352941 0.64313725
v 32.48615407 -17.37787587 20.84407524 0.54117647 0.42352941 0.64313725
v 32.51573186 -15.91299931 21.62300511 0.54117647 0.42352941 0.64313725
v 33.01117228 -15.50160399 21.18531942 0.54117647 0.42352941 0.64313725
v 33.20343468 -15.77458584 20.78472852 0.54117647 0.42352941 0.64313725
v 33.50661494 -15.50160399 20.50282880 0.54117647 0.42352941 0.64313725
v 23.42771293 -19.61940562 -28.97033318 0.54117647 0.42352941 0.64313725
v 25.50560805 -19.99235363 -27.33829059 0.54117647 0.42352941 0.64313725
v 23.01361258 -19.91930183 -29.10386498 0.54117647 0.42352941 0.64313725
v 22.28893751 -20.01926686 -29.53413037 0.54117647 0.42352941 0.64313725
v 22.74001236 -20.43835232 -29.01484378 0.54117647 0.42352941 0.64313725
v 22.26675416 -20.71517924 -29.17062976 0.54117647 0.42352941 0.64313725
v 21.57165689 -20.79592006 -29.57864097 0.54117647 0.42352941 0.64313725
v 21.78610152 -21.75328021 -28.88873229 0.54117647 0.42352941 0.64313725
v 21.19452990 -23.42962204 -28.23591390 0.54117647 0.42352941 0.64313725
v 21.53468465 -21.49952257 -29.18546812 0.54117647 0.42352941 0.64313725
v 20.95050748 -23.93329225 -28.07270987 0.54117647 0.42352941 0.64313725
v 21.34981782 -27.28982097 -25.34274739 0.54117647 0.42352941 0.64313725
v 20.46246039 -27.18985594 -25.98072741 0.54117647 0.42352941 0.64313725
v 17.20142203 -27.02837207 -28.09496629 0.54117647 0.42352941 0.64313725
v 18.14793617 -27.91652662 -26.70772863 0.54117647 0.42352941 0.64313725
v 13.80728022 -33.29158575 -23.05788641 0.54117647 0.42352941 0.64313725
v 13.23789195 -33.41077387 -23.19141821 0.54117647 0.42352941 0.64313725
v 7.19646732 -34.88334057 -23.18400016 0.54117647 0.42352941 0.64313725
v 12.67589925 -33.88753085 -22.83533566 0.54117647 0.42352941 0.64313725
v 16.02567324 -34.76799526 -20.00151587 0.54117647 0.42352941 0.64313725
v 10.97513112 -36.89802591 -19.03712553 0.54117647 0.42352941 0.64313725
v 6.44221361 -34.93716702 -23.25076493 0.54117647 0.42352941 0.64313725
v 3.43259311 -34.62958180 -23.57717300 0.54117647 0.42352941 0.64313725
v 2.67833927 -34.86796029 -23.15432567 0.54117647 0.42352941 0.64313725
v 1.16983158 -34.53730691 -23.44364345 0.54117647 0.42352941 0.64313725
v 0.41557788 -34.51423650 -23.38429448 0.54117647 0.42352941 0.64313725
v 2.34558023 -33.94135731 -24.43028571 0.54117647 0.42352941 0.64313725
v 2.13113560 -35.48313074 -22.21219176 0.54117647 0.42352941 0.64313725
v 5.68795977 -37.04028444 -20.01635198 0.54117647 0.42352941 0.64313725
v 0.41557788 -28.08185331 -29.88279486 0.54117647 0.42352941 0.64313725
v -2.12818015 -27.89345621 -29.69733440 0.54117647 0.42352941 0.64313725
v -1.86936714 -27.59740619 -30.00148829 0.54117647 0.42352941 0.64313725
v -0.33867583 -33.33003193 -24.57865363 0.54117647 0.42352941 0.64313725
v -2.60143722 -27.44361470 -29.97923412 0.54117647 0.42352941 0.64313725
v -3.35569120 -26.89764874 -30.23887741 0.54117647 0.42352941 0.64313725
v -4.31699480 -26.34014982 -30.41691756 0.54117647 0.42352941 0.64313725
v -5.84768668 -25.57887578 -30.42433562 0.54117647 0.42352941 0.64313725
v -10.14397481 -25.08673852 -29.11870110 0.54117647 0.42352941 0.64313725
v -8.79815033 -24.00634405 -30.38724533 0.54117647 0.42352941 0.64313725
v -9.15309285 -23.50267384 -30.54303130 0.54117647 0.42352941 0.64313725
v -10.52849625 -22.63374463 -30.47626428 0.54117647 0.42352941 0.64313725
v -10.82428206 -22.21850424 -30.57270354 0.54117647 0.42352941 0.64313725
v -11.03133224 -22.44534753 -30.37982502 0.54117647 0.42352941 0.64313725
v -11.50458931 -22.83751975 -29.87537680 0.54117647 0.42352941 0.64313725
v -14.17405717 -21.76097035 -28.89615035 0.54117647 0.42352941 0.64313725
v -14.72865543 -21.56103917 -28.63650705 0.54117647 0.42352941 0.64313725
v -15.25367588 -21.36110911 -28.36944570 0.54117647 0.42352941 0.64313725
v -15.75651187 -21.05736783 -28.16173107 0.54117647 0.42352941 0.64313725
v -19.57954181 -23.39117360 -23.68844838 0.54117647 0.42352941 0.64313725
v -20.44471589 -22.03779728 -23.77746958 0.54117647 0.42352941 0.64313725
v -21.09544535 -21.13426470 -23.68844838 0.54117647 0.42352941 0.64313725
v -21.74617256 -20.18074961 -23.59942942 0.54117647 0.42352941 0.64313725
v -22.36732422 -19.23876860 -23.48073374 0.54117647 0.42352941 0.64313725
v -22.18985296 -19.93852605 -23.28785747 0.54117647 0.42352941 0.64313725
v -21.92364382 -26.47856328 -16.98965367 0.54117647 0.42352941 0.64313725
v -22.76663343 -25.85954777 -16.51487769 0.54117647 0.42352941 0.64313725
v -18.89184123 -26.47471822 -21.50744697 0.54117647 0.42352941 0.64313725
v -20.51126705 -24.46003287 -21.74483383 0.54117647 0.42352941 0.64313725
v -20.14892896 -24.67534320 -21.95996653 0.54117647 0.42352941 0.64313725
v -18.20413841 -26.55546015 -22.33830325 0.54117647 0.42352941 0.64313725
v -18.42597861 -26.76692541 -21.77450832 0.54117647 0.42352941 0.64313725
v -21.58349019 -20.74593754 -23.44364345 0.54117647 0.42352941 0.64313725
v -20.94755188 -21.63409097 -23.53266240 0.54117647 0.42352941 0.64313725
v -20.25984906 -22.54146861 -23.60684748 0.54117647 0.42352941 0.64313725
v -19.75701307 -23.69106869 -23.27301911 0.54117647 0.42352941 0.64313725
v -19.63130407 -24.21780931 -22.99853970 0.54117647 0.42352941 0.64313725
v -19.42425502 -24.71763670 -22.76115283 0.54117647 0.42352941 0.64313725
v -18.09321831 -33.21084381 -10.14249105 0.54117647 0.42352941 0.64313725
v -18.57386983 -32.97246307 -9.72706178 0.54117647 0.42352941 0.64313725
v -13.60466890 -36.25209492 -10.20925583 0.54117647 0.42352941 0.64313725
v -18.32984741 -33.38770346 -8.97038720 0.54117647 0.42352941 0.64313725
v -18.70697440 -33.09549851 -8.97038720 0.54117647 0.42352941 0.64313725
v -18.99536576 -32.59567336 -9.72706178 0.54117647 0.42352941 0.64313725
v -19.59433071 -32.44956977 -8.62172327 0.54117647 0.42352941 0.64313725
v -22.41908648 -29.25452492 -10.48373636 0.54117647 0.42352941 0.64313725
v -17.30199096 -30.16190032 -18.38430827 0.54117647 0.42352941 0.64313725
v -17.96011599 -27.05913036 -22.03415161 0.54117647 0.42352941 0.64313725
v -16.99141738 -30.60405393 -18.09499162 0.54117647 0.42352941 0.64313725
v -16.48118582 -30.86934790 -18.30270625 0.54117647 0.42352941 0.64313725
v -16.68823712 -31.00391630 -17.79825691 0.54117647 0.42352941 0.64313725
v -15.80087857 -31.68060558 -17.63505287 0.54117647 0.42352941 0.64313725
v -19.66827744 -32.51493143 -8.21371263 0.54117647 0.42352941 0.64313725
v -20.04540443 -32.16889777 -8.21371263 0.54117647 0.42352941 0.64313725
v -22.55218881 -29.37371304 -9.72706178 0.54117647 0.42352941 0.64313725
v -20.94755188 -31.55757015 -7.46445611 0.54117647 0.42352941 0.64313725
v -21.10283867 -31.69982868 -6.38879152 0.54117647 0.42352941 0.64313725
v -24.27514140 -29.55442001 0.82929047 0.54117647 0.42352941 0.64313725
v -24.26774808 -29.56210789 1.58596505 0.54117647 0.42352941 0.64313725
v -24.64487507 -29.18916101 1.58596505 0.54117647 0.42352941 0.64313725
v -20.25245574 -33.11472160 -2.18257102 0.54117647 0.42352941 0.64313725
v -20.31900690 -32.43034442 -6.27751558 0.54117647 0.42352941 0.64313725
v -19.57214849 -33.19161847 -5.55793298 0.54117647 0.42352941 0.64313725
v -19.86053985 -33.40692880 -2.93182726 0.54117647 0.42352941 0.64313725
v -19.87532874 -33.42615414 -2.18257102 0.54117647 0.42352941 0.64313725
v -24.92587086 -28.74700739 2.34263949 0.54117647 0.42352941 0.64313725
v -25.13291991 -28.33945714 3.07705905 0.54117647 0.42352941 0.64313725
v -25.62096701 -27.16678553 5.76251177 0.54117647 0.42352941 0.64313725
v -27.95767569 -22.01088405 9.74618067 0.54117647 0.42352941 0.64313725
v -28.16472475 -21.57257437 9.95389531 0.54117647 0.42352941 0.64313725
v -24.09767014 -27.14371737 11.74914306 0.54117647 0.42352941 0.64313725
v 33.76542626 -16.22827467 19.67197027 0.54117647 0.42352941 0.64313725
v 33.32174811 -17.55473777 19.45683757 0.54117647 0.42352941 0.64313725
v 31.80584682 -19.73859487 20.20609297 0.54117647 0.42352941 0.64313725
v 29.57266266 -24.29086111 19.47909400 0.54117647 0.42352941 0.64313725
v 30.22339212 -24.15629272 18.58146844 0.54117647 0.42352941 0.64313725
v 29.70576723 -26.03256460 17.43162101 0.54117647 0.42352941 0.64313725
v 30.20120765 -25.63270448 17.03102786 0.54117647 0.42352941 0.64313725
v 31.83542461 -24.30239632 15.71797528 0.54117647 0.42352941 0.64313725
v 32.37523397 -23.96020773 15.16901534 0.54117647 0.42352941 0.64313725
v 32.59707417 -23.58341353 15.16901534 0.54117647 0.42352941 0.64313725
v 29.39519140 -24.04094742 19.98354222 0.54117647 0.42352941 0.64313725
v 32.47136517 -24.13706962 14.79067749 0.54117647 0.42352941 0.64313725
v 32.54530966 -26.48625342 11.86783762 0.54117647 0.42352941 0.64313725
v 36.54581310 -22.25695155 6.86785028 0.54117647 0.42352941 0.64313725
v 36.16868611 -23.24122606 6.11117570 0.54117647 0.42352941 0.64313725
v 36.02079264 -22.93363971 7.55034090 0.54117647 0.42352941 0.64313725
v 36.08734605 -23.09127739 6.86785028 0.54117647 0.42352941 0.64313725
v 35.87290142 -23.76027542 6.11117570 0.54117647 0.42352941 0.64313725
v 34.77849381 -26.46318526 3.84857031 0.54117647 0.42352941 0.64313725
v 35.14083191 -26.02487446 3.09189573 0.54117647 0.42352941 0.64313725
v 30.28994328 -27.26290774 14.93162735 0.54117647 0.42352941 0.64313725
v 31.78366235 -27.98188828 11.11858110 0.54117647 0.42352941 0.64313725
v 31.90197577 -28.13183695 10.63638593 0.54117647 0.42352941 0.64313725
v 32.27910276 -27.64738983 10.63638593 0.54117647 0.42352941 0.64313725
v 32.39741844 -27.80887145 9.88713053 0.54117647 0.42352941 0.64313725
v 33.15167242 -27.80118131 6.86785028 0.54117647 0.42352941 0.64313725
v 35.68063902 -23.80256892 6.85301360 0.54117647 0.42352941 0.64313725
v 35.51795890 -24.17936088 6.59337031 0.54117647 0.42352941 0.64313725
v 35.45880106 -24.08324092 7.09782021 0.54117647 0.42352941 0.64313725
v 34.79328271 -24.97908336 7.61710624 0.54117647 0.42352941 0.64313725
v 32.53791633 -28.73931726 6.65271702 0.54117647 0.42352941 0.64313725
v 32.28649834 -29.23529958 -4.44517641 0.54117647 0.42352941 0.64313725
v 26.45951777 -34.71801163 -5.63211694 0.54117647 0.42352941 0.64313725
v 31.51005988 -29.20069621 -8.21371263 0.54117647 0.42352941 0.64313725
v 34.83765165 -26.55161508 3.09189573 0.54117647 0.42352941 0.64313725
v 34.55665361 -26.92840704 3.09189573 0.54117647 0.42352941 0.64313725
v 27.08806275 -34.57575309 3.09189573 0.54117647 0.42352941 0.64313725
v 27.13982502 -34.64495983 2.34263949 0.54117647 0.42352941 0.64313725
v 27.10285165 -34.61420153 -0.66922186 0.54117647 0.42352941 0.64313725
v 27.08806275 -34.59497844 -1.42589644 0.54117647 0.42352941 0.64313725
v 31.05159283 -29.48905834 -8.79234593 0.54117647 0.42352941 0.64313725
v 31.62837556 -28.57399056 -9.86801052 0.54117647 0.42352941 0.64313725
v 31.93155581 -28.30869660 -9.66029588 0.54117647 0.42352941 0.64313725
v 24.21154471 -34.72954683 -10.91400175 0.54117647 0.42352941 0.64313725
v 24.55909391 -34.12206652 -11.94515686 0.54117647 0.42352941 0.64313725
v 24.31507149 -34.04901472 -12.55346352 0.54117647 0.42352941 0.64313725
v 25.66089709 -33.92597928 -10.04605179 0.54117647 0.42352941 0.64313725
v 25.86794615 -34.12975441 -8.97038720 0.54117647 0.42352941 0.64313725
v 25.43166132 -34.50654636 -8.97038720 0.54117647 0.42352941 0.64313725
v 24.95100980 -34.71801163 -9.39323453 0.54117647 0.42352941 0.64313725
v 22.69564342 -33.21853395 -16.18105044 0.54117647 0.42352941 0.64313725
v 21.99315170 -33.25313506 -16.98223561 0.54117647 0.42352941 0.64313725
v 23.39073957 -33.16086017 -15.33535578 0.54117647 0.42352941 0.64313725
v 21.25368774 -33.26467027 -17.73891019 0.54117647 0.42352941 0.64313725
v 18.09617391 -33.91444633 -19.86798407 0.54117647 0.42352941 0.64313725
v 21.80089154 -27.85116495 -24.35610288 0.54117647 0.42352941 0.64313725
v 22.67345895 -27.16294271 -24.44512408 0.54117647 0.42352941 0.64313725
v 17.59333792 -34.06823781 -20.07569870 0.54117647 0.42352941 0.64313725
v 24.04146902 -21.71867685 -27.37538313 0.54117647 0.42352941 0.64313725
v -25.68751817 -23.48729356 13.43311431 0.54117647 0.42352941 0.64313725
v -25.62096701 -22.64143364 14.79809667 0.54117647 0.42352941 0.64313725
v -26.15338079 -21.47645329 15.15417810 0.54117647 0.42352941 0.64313725
v -21.19157431 -24.26010281 20.97760479 0.54117647 0.42352941 0.64313725
v -21.12502314 -25.69037601 19.37523668 0.54117647 0.42352941 0.64313725
v -20.51126705 -24.33699968 21.74169855 0.54117647 0.42352941 0.64313725
v -19.21720371 -24.53692974 22.72834306 0.54117647 0.42352941 0.64313725
v -15.77869410 -29.40062627 21.55623809 0.54117647 0.42352941 0.64313725
v -16.03011209 -28.90080113 21.76395272 0.54117647 0.42352941 0.64313725
v -20.74050058 -24.54846494 21.24466614 0.54117647 0.42352941 0.64313725
v -20.26724463 -24.83682483 21.51172749 0.54117647 0.42352941 0.64313725
v -25.73928043 -22.22234818 15.09483138 0.54117647 0.42352941 0.64313725
v -23.49130962 -27.35902770 12.89899160 0.54117647 0.42352941 0.64313725
v -23.21770716 -27.73581965 12.89899160 0.54117647 0.42352941 0.64313725
v -22.70747785 -28.03186967 13.41086013 0.54117647 0.42352941 0.64313725
v -9.36014303 -16.94341126 32.71347937 0.54117647 0.42352941 0.64313725
v -8.33968216 -17.43170345 32.92861206 0.54117647 0.42352941 0.64313725
v -14.18884607 -20.26533549 29.05621910 0.54117647 0.42352941 0.64313725
v -11.29014468 -24.15244765 28.38114654 0.54117647 0.42352941 0.64313725
v -10.89822879 -23.74489740 28.88559700 0.54117647 0.42352941 0.64313725
v -11.14964679 -23.28351844 29.05621910 0.54117647 0.42352941 0.64313725
v -11.46022149 -22.77984710 29.21200507 0.54117647 0.42352941 0.64313725
v -17.33896433 -24.91756676 23.86335549 0.54117647 0.42352941 0.64313725
v -16.56992145 -25.65577264 23.84851713 0.54117647 0.42352941 0.64313725
v -8.63546797 -20.54216242 31.47460962 0.54117647 0.42352941 0.64313725
v -8.16220977 -19.53097468 32.10517159 0.54117647 0.42352941 0.64313725
v -8.45060113 -19.02730334 32.21644921 0.54117647 0.42352941 0.64313725
v -9.86297902 -22.71064037 29.91674987 0.54117647 0.42352941 0.64313725
v -9.04217275 -21.90322888 30.64375109 0.54117647 0.42352941 0.64313725
v -8.06607969 -17.93537479 32.82475475 0.54117647 0.42352941 0.64313725
v -8.61328350 -17.70084136 32.71347937 0.54117647 0.42352941 0.64313725
v -18.18934951 -25.00215377 23.17344456 0.54117647 0.42352941 0.64313725
v -7.84424061 -17.70084136 33.00279715 0.54117647 0.42352941 0.64313725
v -7.12696000 -17.72775459 33.24760207 0.54117647 0.42352941 0.64313725
v -6.38010046 -17.71621939 33.50724537 0.54117647 0.42352941 0.64313725
v -5.30787732 -18.15452906 33.67044940 0.54117647 0.42352941 0.64313725
v -5.58147922 -17.71621939 33.75947060 0.54117647 0.42352941 0.64313725
v -4.16910190 -18.54670129 33.84107374 0.54117647 0.42352941 0.64313725
v -4.04339290 -17.65854786 34.22682853 0.54117647 0.42352941 0.64313725
v -4.86419861 -18.31601181 33.73721642 0.54117647 0.42352941 0.64313725
v 10.19869323 -25.21746410 31.23722276 0.54117647 0.42352941 0.64313725
v 15.74467745 -18.78892485 32.86184729 0.54117647 0.42352941 0.64313725
v 16.25490789 -17.72775459 33.20309147 0.54117647 0.42352941 0.64313725
v 14.74639992 -20.62290323 32.26837787 0.54117647 0.42352941 0.64313725
v 14.74639992 -19.99235363 32.56511145 0.54117647 0.42352941 0.64313725
v 15.49325945 -19.20416524 32.73573355 0.54117647 0.42352941 0.64313725
v 16.27709123 -16.26287803 33.81881732 0.54117647 0.42352941 0.64313725
v 16.27709123 -16.96648055 33.52208373 0.54117647 0.42352941 0.64313725
v -3.35569120 -18.48518357 34.07846061 0.54117647 0.42352941 0.64313725
v -3.31871783 -19.24261367 33.77430672 0.54117647 0.42352941 0.64313725
v -3.03772148 -19.65400899 33.67044940 0.54117647 0.42352941 0.64313725
v -3.60710920 -21.06121290 32.86926535 0.54117647 0.42352941 0.64313725
v -2.60143722 -20.14230118 33.54433791 0.54117647 0.42352941 0.64313725
v -1.84718323 -20.29224872 33.61110268 0.54117647 0.42352941 0.64313725
v -1.52181907 -21.89938381 32.90635789 0.54117647 0.42352941 0.64313725
v -1.09292981 -21.95705646 32.93603012 0.54117647 0.42352941 0.64313725
v -0.33867583 -23.00669151 32.49092862 0.54117647 0.42352941 0.64313725
v 0.41557788 -23.00669151 32.57994757 0.54117647 0.42352941 0.64313725
v 1.16983158 -23.65262026 32.29805010 0.54117647 0.42352941 0.64313725
v 3.43259311 -27.05913036 30.57698631 0.54117647 0.42352941 0.64313725
v 1.92408556 -23.67569067 32.29805010 0.54117647 0.42352941 0.64313725
v 5.68795977 -25.59041098 31.35591619 0.54117647 0.42352941 0.64313725
v 6.44221361 -26.02487446 31.11852707 0.54117647 0.42352941 0.64313725
v 8.70497472 -26.02487446 30.97016140 0.54117647 0.42352941 0.64313725
v 9.52578043 -26.09792626 30.86630409 0.54117647 0.42352941 0.64313725
v 10.22087714 -25.95182266 30.83662960 0.54117647 0.42352941 0.64313725
v 17.70425802 -16.15906793 33.44048059 0.54117647 0.42352941 0.64313725
v 17.00916187 -16.97416956 33.30694879 0.54117647 0.42352941 0.64313725
v 17.51939231 -17.45092767 32.94344818 0.54117647 0.42352941 0.64313725
v 17.77081030 -16.99723885 33.06214386 0.54117647 0.42352941 0.64313725
v 19.51594624 -15.66693068 32.82475475 0.54117647 0.42352941 0.64313725
v 18.02222717 -17.26637564 32.85442923 0.54117647 0.42352941 0.64313725
v 18.85042789 -18.06994318 32.12742801 0.54117647 0.42352941 0.64313725
v 19.11663478 -17.56627185 32.24612144 0.54117647 0.42352941 0.64313725
v 19.61947077 -17.31635927 32.12742801 0.54117647 0.42352941 0.64313725
v 19.33107941 -17.02799714 32.38707130 0.54117647 0.42352941 0.64313725
v 19.81173205 -16.81268681 32.23128533 0.54117647 0.42352941 0.64313725
v 20.50682820 -15.98220604 32.19419279 0.54117647 0.42352941 0.64313725
v 20.76564065 -16.22827467 31.94938561 0.54117647 0.42352941 0.64313725
v 21.24629329 -16.72810206 31.44493739 0.54117647 0.42352941 0.64313725
v 21.51250018 -16.14753385 31.52653828 0.54117647 0.42352941 0.64313725
v 21.91181052 -15.84763764 31.38559067 0.54117647 0.42352941 0.64313725
v 21.46813237 -15.40548403 31.84552829 0.54117647 0.42352941 0.64313725
v 22.39246316 -15.46700062 31.20013021 0.54117647 0.42352941 0.64313725
v 22.93966584 -15.46700062 30.82179349 0.54117647 0.42352941 0.64313725
v 23.05058594 -14.72110573 31.01466976 0.54117647 0.42352941 0.64313725
v 22.68085452 -14.36353799 31.40042679 0.54117647 0.42352941 0.64313725
v 23.54602861 -14.57115818 30.71793617 0.54117647 0.42352941 0.64313725
v 23.31679283 -15.46700062 30.55473214 0.54117647 0.42352941 0.64313725
v 24.25591365 -15.24400128 29.93900629 0.54117647 0.42352941 0.64313725
v 24.38162265 -14.70957165 30.04286361 0.54117647 0.42352941 0.64313725
v 24.82530080 -19.43485472 27.52803382 0.54117647 0.42352941 0.64313725
v 25.61652815 -19.51559553 26.80103260 0.54117647 0.42352941 0.64313725
v 27.16200949 -21.07274811 24.56810029 0.54117647 0.42352941 0.64313725
v 27.82013227 -20.14999019 24.47907909 0.54117647 0.42352941 0.64313725
v 24.29288702 -16.80499780 29.21942313 0.54117647 0.42352941 0.64313725
v 24.03407345 -17.72775459 29.00429044 0.54117647 0.42352941 0.64313725
v 24.16717802 -18.84659750 28.36631042 0.54117647 0.42352941 0.64313725
v 24.75874964 -14.70957165 29.73870972 0.54117647 0.42352941 0.64313725
v 23.61997309 -16.22058453 30.03544555 0.54117647 0.42352941 0.64313725
v 23.48687077 -16.70887672 29.93158823 0.54117647 0.42352941 0.64313725
v 27.19158728 -23.37963952 23.08442561 0.54117647 0.42352941 0.64313725
v 29.40258697 -21.02660954 22.26840319 0.54117647 0.42352941 0.64313725
v 28.07894584 -20.55754156 23.97463087 0.54117647 0.42352941 0.64313725
v 28.00499910 -24.22934452 21.64525929 0.54117647 0.42352941 0.64313725
v 30.13465648 -20.98816110 21.46721914 0.54117647 0.42352941 0.64313725
v 23.24284610 -20.12307696 -28.83680363 0.54117647 0.42352941 0.64313725
v 17.20881648 -33.86446269 -20.58014917 0.54117647 0.42352941 0.64313725
v 16.70598049 -33.97596292 -20.70626066 0.54117647 0.42352941 0.64313725
v 6.44221361 -35.31395898 -22.65729551 0.54117647 0.42352941 0.64313725
v 6.44221361 -37.01336896 -19.97925944 0.54117647 0.42352941 0.64313725
v 17.00916187 -34.56806296 -19.67510555 0.54117647 0.42352941 0.64313725
v 16.26969678 -34.93716702 -19.56383017 0.54117647 0.42352941 0.64313725
v 15.72249298 -35.41776907 -19.07421807 0.54117647 0.42352941 0.64313725
v 16.97958295 -34.16051271 -20.31308782 0.54117647 0.42352941 0.64313725
v 11.75156901 -36.80959384 -18.77748224 0.54117647 0.42352941 0.64313725
v 11.51493992 -37.02490417 -18.52525813 0.54117647 0.42352941 0.64313725
v 10.97513112 -37.09026583 -18.65878880 0.54117647 0.42352941 0.64313725
v 10.22087714 -37.14793736 -18.74780888 0.54117647 0.42352941 0.64313725
v 1.16983158 -35.42545921 -22.12317056 0.54117647 0.42352941 0.64313725
v -0.03549529 -34.71801163 -22.96144716 0.54117647 0.42352941 0.64313725
v -0.30909719 -34.47963313 -23.25076493 0.54117647 0.42352941 0.64313725
v -0.33867583 -34.07208288 -23.81456212 0.54117647 0.42352941 0.64313725
v 0.41557788 -34.13744455 -23.87390883 0.54117647 0.42352941 0.64313725
v 1.92408556 -37.16331763 -19.46739092 0.54117647 0.42352941 0.64313725
v 6.44221361 -37.24021450 -19.53415794 0.54117647 0.42352941 0.64313725
v 6.44221361 -39.73934696 -14.25227201 0.54117647 0.42352941 0.64313725
v 5.68795977 -39.95081222 -13.79233214 0.54117647 0.42352941 0.64313725
v 2.05718915 -37.74004189 -18.44365611 0.54117647 0.42352941 0.64313725
v 1.85013911 -37.57471295 -18.73297276 0.54117647 0.42352941 0.64313725
v -2.60143722 -27.82040666 -29.61573351 0.54117647 0.42352941 0.64313725
v -1.09292981 -33.24929000 -24.49705274 0.54117647 0.42352941 0.64313725
v -2.60143722 -33.06089514 -24.31901034 0.54117647 0.42352941 0.64313725
v -3.35569120 -32.98015321 -24.20031690 0.54117647 0.42352941 0.64313725
v -5.61845259 -31.90360380 -24.66767483 0.54117647 0.42352941 0.64313725
v -3.35569120 -27.30520124 -29.86054068 0.54117647 0.42352941 0.64313725
v -6.24699702 -31.78441343 -24.54898140 0.54117647 0.42352941 0.64313725
v -7.12696000 -26.93994224 -28.75520049 0.54117647 0.42352941 0.64313725
v -7.12696000 -26.56315029 -29.10386498 0.54117647 0.42352941 0.64313725
v -9.16788175 -25.71728924 -29.02226184 0.54117647 0.42352941 0.64313725
v -9.67071774 -25.59809887 -28.91840452 0.54117647 0.42352941 0.64313725
v -10.61723300 -24.95217013 -29.02226184 0.54117647 0.42352941 0.64313725
v -11.12006787 -24.74839500 -28.88873229 0.54117647 0.42352941 0.64313725
v -11.90390077 -24.03325953 -28.90356841 0.54117647 0.42352941 0.64313725
v -12.68033810 -23.26813929 -28.90356841 0.54117647 0.42352941 0.64313725
v -13.92263918 -22.25695155 -28.75520049 0.54117647 0.42352941 0.64313725
v -14.33673841 -22.67988207 -28.24333421 0.54117647 0.42352941 0.64313725
v -14.50681522 -22.25695155 -28.37686376 0.54117647 0.42352941 0.64313725
v -19.15804813 -23.69106869 -23.82939823 0.54117647 0.42352941 0.64313725
v -18.87705009 -24.19089608 -23.72554092 0.54117647 0.42352941 0.64313725
v -19.37988608 -23.89484606 -23.49557211 0.54117647 0.42352941 0.64313725
v -17.96750931 -26.30554646 -22.84275372 0.54117647 0.42352941 0.64313725
v -19.15065255 -24.45618780 -23.25818299 0.54117647 0.42352941 0.64313725
v -12.03700422 -36.96723264 -10.10539851 0.54117647 0.42352941 0.64313725
v -10.73554643 -38.55129732 -6.55199555 0.54117647 0.42352941 0.64313725
v -11.23838242 -38.45902018 -6.09205625 0.54117647 0.42352941 0.64313725
v -13.68601008 -36.29438842 -9.72706178 0.54117647 0.42352941 0.64313725
v -14.16666160 -36.13675187 -8.97038720 0.54117647 0.42352941 0.64313725
v -14.06313707 -36.05216486 -9.72706178 0.54117647 0.42352941 0.64313725
v -13.55290663 -34.70647642 -13.88877140 0.54117647 0.42352941 0.64313725
v -12.06658314 -35.47928567 -13.91102670 0.54117647 0.42352941 0.64313725
v -11.17922571 -36.93262703 -11.48521699 0.54117647 0.42352941 0.64313725
v -18.78831446 -33.16470524 -8.42884532 0.54117647 0.42352941 0.64313725
v -14.67689204 -35.80609623 -8.97038720 0.54117647 0.42352941 0.64313725
v -16.59949924 -34.73339190 -7.95406933 0.54117647 0.42352941 0.64313725
v -19.52038397 -33.15317003 -5.95110695 0.54117647 0.42352941 0.64313725
v -19.78659311 -32.60720632 -7.46445611 0.54117647 0.42352941 0.64313725
v -15.86742973 -30.22726423 -19.99409781 0.54117647 0.42352941 0.64313725
v -17.70869800 -26.78999357 -22.56827431 0.54117647 0.42352941 0.64313725
v -17.45728000 -27.24752746 -22.29379490 0.54117647 0.42352941 0.64313725
v -14.45505296 -29.53903973 -22.32346714 0.54117647 0.42352941 0.64313725
v -15.97834983 -31.04236473 -18.59202290 0.54117647 0.42352941 0.64313725
v -15.62340730 -31.57679324 -18.02822684 0.54117647 0.42352941 0.64313725
v -13.61945780 -31.72674191 -19.99409781 0.54117647 0.42352941 0.64313725
v -20.16372011 -32.28424083 -7.46445611 0.54117647 0.42352941 0.64313725
v -20.57042489 -31.90744887 -7.46445611 0.54117647 0.42352941 0.64313725
v -20.75529173 -31.94974237 -6.66327149 0.54117647 0.42352941 0.64313725
v -20.26724463 -32.38036303 -6.70778153 0.54117647 0.42352941 0.64313725
v -20.13414006 -33.03013685 3.09189573 0.54117647 0.42352941 0.64313725
v -20.10456227 -33.00706868 3.84857031 0.54117647 0.42352941 0.64313725
v -20.51866263 -32.63027448 3.84857031 0.54117647 0.42352941 0.64313725
v -22.35992865 -29.96966039 9.88713053 0.54117647 0.42352941 0.64313725
v -22.75924011 -29.59286844 9.88713053 0.54117647 0.42352941 0.64313725
v -24.88889749 -28.69702600 2.81741576 0.54117647 0.42352941 0.64313725
v -19.89011764 -32.69179108 -6.70778153 0.54117647 0.42352941 0.64313725
v -14.98007342 -36.93262703 -1.42589644 0.54117647 0.42352941 0.64313725
v -15.04662458 -36.95954250 -0.99563049 0.54117647 0.42352941 0.64313725
v -15.07620238 -36.98261067 -0.49859917 0.54117647 0.42352941 0.64313725
v -14.67689204 -37.29788602 0.07261593 0.54117647 0.42352941 0.64313725
v -15.09099352 -36.99798869 0.07261593 0.54117647 0.42352941 0.64313725
v -14.67689204 -37.32479925 0.82929047 0.54117647 0.42352941 0.64313725
v -15.10578242 -37.00952389 0.82929047 0.54117647 0.42352941 0.64313725
v -23.13636710 -29.16609285 9.88713053 0.54117647 0.42352941 0.64313725
v -23.39517842 -28.72393923 10.40641712 0.54117647 0.42352941 0.64313725
v -23.59483415 -28.33561207 10.65122317 0.54117647 0.42352941 0.64313725
v -24.00153894 -27.73581965 10.63638593 0.54117647 0.42352941 0.64313725
v -23.93498778 -27.51666425 11.45240835 0.54117647 0.42352941 0.64313725
v -23.52088742 -28.13183695 11.39306051 0.54117647 0.42352941 0.64313725
v -23.41736289 -27.99726855 11.94202045 0.54117647 0.42352941 0.64313725
v -23.62441419 -27.58202816 12.17199038 0.54117647 0.42352941 0.64313725
v 28.70749082 -26.40935655 18.56663232 0.54117647 0.42352941 0.64313725
v 29.38779807 -26.28632336 17.68384512 0.54117647 0.42352941 0.64313725
v 29.53568929 -26.52085679 17.17939578 0.54117647 0.42352941 0.64313725
v 29.36561360 -27.02452925 16.90491525 0.54117647 0.42352941 0.64313725
v 28.16768147 -24.49463624 21.18531942 0.54117647 0.42352941 0.64313725
v 27.82013227 -24.73301473 21.42270854 0.54117647 0.42352941 0.64313725
v 29.51350707 -27.22445930 16.40046590 0.54117647 0.42352941 0.64313725
v 29.38779807 -28.58552352 14.65714681 0.54117647 0.42352941 0.64313725
v 31.56921772 -28.50862890 10.63638593 0.54117647 0.42352941 0.64313725
v 31.69492672 -28.63935223 10.15419188 0.54117647 0.42352941 0.64313725
v 31.06638173 -29.51212650 9.13045539 0.54117647 0.42352941 0.64313725
v 31.77626677 -29.45830005 6.61562561 0.54117647 0.42352941 0.64313725
v 26.71093576 -34.92947689 3.09189573 0.54117647 0.42352941 0.64313725
v 27.01411602 -34.53730691 -2.93182726 0.54117647 0.42352941 0.64313725
v 26.97714265 -34.49116609 -3.68850184 0.54117647 0.42352941 0.64313725
v 26.60001566 -34.83335693 -3.68850184 0.54117647 0.42352941 0.64313725
v 26.48909556 -34.74492710 -5.20185099 0.54117647 0.42352941 0.64313725
v 26.11936414 -35.21014888 -3.68850184 0.54117647 0.42352941 0.64313725
v 25.74223715 -35.49466594 -3.68850184 0.54117647 0.42352941 0.64313725
v 25.64610595 -35.43314935 -4.62321741 0.54117647 0.42352941 0.64313725
v 24.61825175 -35.70997627 -6.75229213 0.54117647 0.42352941 0.64313725
v 24.91403643 -35.44468455 -7.03419016 0.54117647 0.42352941 0.64313725
v 25.57955479 -34.62189166 -8.21371263 0.54117647 0.42352941 0.64313725
v 26.36338656 -34.64111476 -6.13656628 0.54117647 0.42352941 0.64313725
v 26.46691334 -33.97211785 -7.90214068 0.54117647 0.42352941 0.64313725
v 26.76269803 -34.93716702 2.34263949 0.54117647 0.42352941 0.64313725
v 25.89752394 -35.62923434 -0.66922186 0.54117647 0.42352941 0.64313725
v 26.27465093 -35.32164911 -0.66922186 0.54117647 0.42352941 0.64313725
v 26.72572466 -34.94485716 -0.66922186 0.54117647 0.42352941 0.64313725
v 26.71093576 -34.93332196 -1.42589644 0.54117647 0.42352941 0.64313725
v 23.80483993 -34.87949550 -11.19590034 0.54117647 0.42352941 0.64313725
v 23.93794450 -35.29858095 -9.72706178 0.54117647 0.42352941 0.64313725
v 23.44989740 -35.47544060 -10.15732717 0.54117647 0.42352941 0.64313725
v 22.89529915 -34.85642509 -12.74634091 0.54117647 0.42352941 0.64313725
v 22.74001236 -34.74492710 -13.20628078 0.54117647 0.42352941 0.64313725
v 22.05230954 -34.79490849 -14.04455738 0.54117647 0.42352941 0.64313725
v 20.45506594 -34.73723697 -16.21072379 0.54117647 0.42352941 0.64313725
v 22.27414861 -33.72604923 -15.77303923 0.54117647 0.42352941 0.64313725
v 25.05453433 -34.77952822 -8.97038720 0.54117647 0.42352941 0.64313725
v 24.29288702 -35.54464733 -8.21371263 0.54117647 0.42352941 0.64313725
v 22.25935972 -33.36463530 -16.46294903 0.54117647 0.42352941 0.64313725
v 21.12797874 -33.92213422 -16.84870494 0.54117647 0.42352941 0.64313725
v 20.62514275 -34.10284118 -17.12318435 0.54117647 0.42352941 0.64313725
v 20.20364794 -34.60651364 -16.71517314 0.54117647 0.42352941 0.64313725
v 17.74862583 -34.32199658 -19.51931957 0.54117647 0.42352941 0.64313725
v 17.40107776 -34.71032149 -19.17065733 0.54117647 0.42352941 0.64313725
v -20.94755188 -25.48275582 19.87226684 0.54117647 0.42352941 0.64313725
v -20.33379579 -27.15909764 18.55921426 0.54117647 0.42352941 0.64313725
v -20.66655609 -25.97873814 19.62745967 0.54117647 0.42352941 0.64313725
v -20.44471589 -25.76342781 20.19867491 0.54117647 0.42352941 0.64313725
v -15.97834983 -29.60440140 21.05178987 0.54117647 0.42352941 0.64313725
v -15.71953851 -30.10807386 20.71796150 0.54117647 0.42352941 0.64313725
v -15.21670252 -30.28878082 20.96276867 0.54117647 0.42352941 0.64313725
v -14.36631733 -30.97315800 20.87374747 0.54117647 0.42352941 0.64313725
v -14.41068515 -30.24648732 21.66751347 0.54117647 0.42352941 0.64313725
v -14.66210314 -29.79664357 21.94941318 0.54117647 0.42352941 0.64313725
v -14.41068515 -29.51212650 22.40935305 0.54117647 0.42352941 0.64313725
v -15.49030273 -29.09688612 22.00134184 0.54117647 0.42352941 0.64313725
v -15.69735404 -28.55861254 22.26840319 0.54117647 0.42352941 0.64313725
v -23.31383836 -27.86654298 12.43905174 0.54117647 0.42352941 0.64313725
v -22.84058017 -28.18950847 12.89899160 0.54117647 0.42352941 0.64313725
v -22.50782212 -28.56630043 12.89899160 0.54117647 0.42352941 0.64313725
v -21.97540833 -28.78930089 13.41827819 0.54117647 0.42352941 0.64313725
v -7.56324370 -18.15837413 32.92119400 0.54117647 0.42352941 0.64313725
v -10.46933954 -24.85220510 28.33663594 0.54117647 0.42352941 0.64313725
v -10.89822879 -24.30624138 28.49242191 0.54117647 0.42352941 0.64313725
v -14.31455507 -28.68164573 23.09926173 0.54117647 0.42352941 0.64313725
v -13.92263918 -28.83928228 23.22537322 0.54117647 0.42352941 0.64313725
v -10.15137038 -24.51770665 28.75948326 0.54117647 0.42352941 0.64313725
v -10.32884164 -23.98712096 29.02654461 0.54117647 0.42352941 0.64313725
v -10.64681080 -23.48344850 29.18233059 0.54117647 0.42352941 0.64313725
v -10.89822879 -23.02207066 29.32328045 0.54117647 0.42352941 0.64313725
v -10.12918591 -22.97977828 29.67194494 0.54117647 0.42352941 0.64313725
v -14.81739106 -28.45095513 22.93605770 0.54117647 0.42352941 0.64313725
v -8.20657871 -21.08812725 31.37075231 0.54117647 0.42352941 0.64313725
v -7.10477553 -20.71133418 31.94938561 0.54117647 0.42352941 0.64313725
v -7.34140463 -20.24226621 32.08291741 0.54117647 0.42352941 0.64313725
v -7.89600288 -19.99235363 31.99389621 0.54117647 0.42352941 0.64313725
v -7.65937490 -19.73859487 32.19419279 0.54117647 0.42352941 0.64313725
v -7.06040771 -19.16571680 32.66155071 0.54117647 0.42352941 0.64313725
v -9.55240319 -23.21046664 29.79063837 0.54117647 0.42352941 0.64313725
v -9.04956720 -23.41039670 29.89449569 0.54117647 0.42352941 0.64313725
v -6.37270601 -19.02345827 32.96570460 0.54117647 0.42352941 0.64313725
v -5.94381676 -19.57711325 32.87668340 0.54117647 0.42352941 0.64313725
v -4.86419861 -18.69280376 33.58143045 0.54117647 0.42352941 0.64313725
v -4.45749326 -18.83890736 33.64077717 0.54117647 0.42352941 0.64313725
v 10.97513112 -25.79034104 30.73277229 0.54117647 0.42352941 0.64313725
v 15.29360372 -20.46911062 32.19419279 0.54117647 0.42352941 0.64313725
v 16.25490789 -18.25449522 32.96570460 0.54117647 0.42352941 0.64313725
v 15.52283725 -20.03849108 32.33514264 0.54117647 0.42352941 0.64313725
v 16.25490789 -19.80780160 32.23870339 0.54117647 0.42352941 0.64313725
v 16.25490789 -19.23876860 32.50576474 0.54117647 0.42352941 0.64313725
v 16.65421822 -18.12377076 32.90635789 0.54117647 0.42352941 0.64313725
v 16.95000403 -17.71237545 33.00279715 0.54117647 0.42352941 0.64313725
v -4.54622889 -20.40759402 32.91377595 0.54117647 0.42352941 0.64313725
v -4.10994462 -20.91895437 32.80250057 0.54117647 0.42352941 0.64313725
v -2.02465506 -21.79557372 32.85442923 0.54117647 0.42352941 0.64313725
v -2.60143722 -21.29190238 32.98054072 0.54117647 0.42352941 0.64313725
v -2.60143722 -20.74593754 33.25502013 0.54117647 0.42352941 0.64313725
v -4.10994462 -21.50336764 32.51318279 0.54117647 0.42352941 0.64313725
v -3.35569120 -21.46107414 32.72089743 0.54117647 0.42352941 0.64313725
v -2.60143722 -21.66869433 32.78766220 0.54117647 0.42352941 0.64313725
v -1.84718323 -20.74593754 33.39596999 0.54117647 0.42352941 0.64313725
v -1.80281542 -21.52643580 33.03246938 0.54117647 0.42352941 0.64313725
v -1.80281542 -22.19158989 32.69122519 0.54117647 0.42352941 0.64313725
v -1.38871562 -23.36041531 32.12742801 0.54117647 0.42352941 0.64313725
v -1.11511372 -23.06820923 32.33514264 0.54117647 0.42352941 0.64313725
v -0.88587963 -23.43346711 32.17193861 0.54117647 0.42352941 0.64313725
v -0.33867583 -23.88715593 32.00131427 0.54117647 0.42352941 0.64313725
v 0.41557788 -23.59494873 32.26095756 0.54117647 0.42352941 0.64313725
v 5.68795977 -26.63235702 30.77728289 0.54117647 0.42352941 0.64313725
v 2.67833927 -26.99761377 30.53989377 0.54117647 0.42352941 0.64313725
v 1.16983158 -28.70471389 29.15265836 0.54117647 0.42352941 0.64313725
v 3.43259311 -27.60509633 30.13930287 0.54117647 0.42352941 0.64313725
v 6.44221361 -28.83159440 29.26393373 0.54117647 0.42352941 0.64313725
v 7.19646732 -28.35483517 29.64968852 0.54117647 0.42352941 0.64313725
v 7.19646732 -27.97804321 29.92417017 0.54117647 0.42352941 0.64313725
v 6.44221361 -26.60928886 30.76986483 0.54117647 0.42352941 0.64313725
v 7.95072130 -27.96266294 29.90933181 0.54117647 0.42352941 0.64313725
v 9.81417179 -26.39782360 30.62891497 0.54117647 0.42352941 0.64313725
v 8.37961056 -27.92806182 29.88707763 0.54117647 0.42352941 0.64313725
v 10.22087714 -26.32861686 30.57698631 0.54117647 0.42352941 0.64313725
v 16.95000403 -18.41982191 32.67638683 0.54117647 0.42352941 0.64313725
v 17.54897010 -18.98116589 32.20161084 0.54117647 0.42352941 0.64313725
v 18.05180609 -18.79276879 32.10517159 0.54117647 0.42352941 0.64313725
v 18.34759190 -18.28909858 32.23128533 0.54117647 0.42352941 0.64313725
v 18.35498635 -19.79626752 31.48202768 0.54117647 0.42352941 0.64313725
v 18.85782234 -19.58095719 31.37075231 0.54117647 0.42352941 0.64313725
v 19.13142480 -19.08113092 31.49686605 0.54117647 0.42352941 0.64313725
v 19.33847498 -18.55054523 31.66748814 0.54117647 0.42352941 0.64313725
v 20.80261401 -16.97801463 31.60072337 0.54117647 0.42352941 0.64313725
v 20.31456804 -16.48203343 32.09775353 0.54117647 0.42352941 0.64313725
v 19.63426079 -18.84659750 31.37817037 0.54117647 0.42352941 0.64313725
v 19.85609987 -18.34677011 31.50428411 0.54117647 0.42352941 0.64313725
v 20.35893586 -18.05456403 31.36333425 0.54117647 0.42352941 0.64313725
v 20.56598604 -17.55089270 31.48202768 0.54117647 0.42352941 0.64313725
v 21.06882203 -17.23177227 31.33366201 0.54117647 0.42352941 0.64313725
v 21.97096835 -17.43939246 30.67342557 0.54117647 0.42352941 0.64313725
v 22.27414861 -16.19367130 30.99983364 0.54117647 0.42352941 0.64313725
v 22.78437905 -16.03987869 30.71051811 0.54117647 0.42352941 0.64313725
v 23.03579705 -16.26287803 30.44345676 0.54117647 0.42352941 0.64313725
v 24.04146902 -19.23876860 28.26245310 0.54117647 0.42352941 0.64313725
v 24.32246481 -19.81164667 27.72833040 0.54117647 0.42352941 0.64313725
v 24.56648948 -20.03464601 27.39450202 0.54117647 0.42352941 0.64313725
v 25.07671880 -19.99235363 26.98649081 0.54117647 0.42352941 0.64313725
v 26.63698903 -21.50336764 24.76097880 0.54117647 0.42352941 0.64313725
v 27.01411602 -21.50336764 24.43456849 0.54117647 0.42352941 0.64313725
v 27.25813844 -21.97243561 23.90786384 0.54117647 0.42352941 0.64313725
v 23.65694646 -17.72775459 29.31586239 0.54117647 0.42352941 0.64313725
v 23.50905524 -18.23911494 29.18975090 0.54117647 0.42352941 0.64313725
v 23.66434203 -19.23876860 28.55918669 0.54117647 0.42352941 0.64313725
v 23.06537484 -16.96648055 30.11704644 0.54117647 0.42352941 0.64313725
v 23.33158398 -17.21254918 29.81289255 0.54117647 0.42352941 0.64313725
v 26.51867560 -24.23703465 23.15860845 0.54117647 0.42352941 0.64313725
v 27.05848496 -23.76027542 22.95831187 0.54117647 0.42352941 0.64313725
v 27.26553402 -24.23703465 22.40935305 0.54117647 0.42352941 0.64313725
v 26.57783119 -25.07136050 22.47611783 0.54117647 0.42352941 0.64313725
v 16.30667015 -35.34087221 -18.80715672 0.54117647 0.42352941 0.64313725
v 16.09222552 -35.53695720 -18.57718679 0.54117647 0.42352941 0.64313725
v 15.49325945 -36.03678459 -18.00597154 0.54117647 0.42352941 0.64313725
v 14.74639992 -36.15212989 -18.28045095 0.54117647 0.42352941 0.64313725
v 14.36927293 -36.20980367 -18.39914551 0.54117647 0.42352941 0.64313725
v 12.85337107 -37.71697148 -16.13653984 0.54117647 0.42352941 0.64313725
v 14.74639992 -37.66699009 -15.23149846 0.54117647 0.42352941 0.64313725
v 8.24650711 -39.96619250 -13.08016816 0.54117647 0.42352941 0.64313725
v 7.74367112 -40.01617389 -13.19144354 0.54117647 0.42352941 0.64313725
v 7.19646732 -39.65475996 -14.25227201 0.54117647 0.42352941 0.64313725
v 7.19646732 -39.18953818 -15.29084518 0.54117647 0.42352941 0.64313725
v 0.41557788 -35.04097712 -22.55343819 0.54117647 0.42352941 0.64313725
v 1.16983158 -36.87111043 -19.74929063 0.54117647 0.42352941 0.64313725
v -1.09292981 -34.84104482 -22.40507028 0.54117647 0.42352941 0.64313725
v -1.09292981 -34.61035871 -22.78340700 0.54117647 0.42352941 0.64313725
v -2.60143722 -33.80294385 -23.48073374 0.54117647 0.42352941 0.64313725
v -1.84718323 -33.89137592 -23.59942942 0.54117647 0.42352941 0.64313725
v -2.60143722 -33.42615414 -23.94067361 0.54117647 0.42352941 0.64313725
v 1.55435330 -37.72081655 -18.39914551 0.54117647 0.42352941 0.64313725
v 1.16983158 -37.09411090 -19.37095391 0.54117647 0.42352941 0.64313725
v 6.44221361 -39.95081222 -13.79233214 0.54117647 0.42352941 0.64313725
v 6.44221361 -40.10076089 -13.41399542 0.54117647 0.42352941 0.64313725
v 5.68795977 -40.36220754 -12.74634091 0.54117647 0.42352941 0.64313725
v 0.55607605 -40.03924205 -12.46444344 0.54117647 0.42352941 0.64313725
v 0.41557788 -39.20491620 -14.54158866 0.54117647 0.42352941 0.64313725
v -5.61845259 -32.28039576 -24.24482750 0.54117647 0.42352941 0.64313725
v -6.46144164 -32.09969104 -24.09645959 0.54117647 0.42352941 0.64313725
v -6.74983301 -31.68445065 -24.43770602 0.54117647 0.42352941 0.64313725
v -8.84251814 -30.87703804 -24.38577736 0.54117647 0.42352941 0.64313725
v -9.38972195 -30.75400260 -24.27450199 0.54117647 0.42352941 0.64313725
v -9.38972195 -30.37721065 -24.62316423 0.54117647 0.42352941 0.64313725
v -11.20140905 -25.61732421 -28.17656719 0.54117647 0.42352941 0.64313725
v -11.65248278 -25.06367036 -28.33977122 0.54117647 0.42352941 0.64313725
v -11.65248278 -24.50617144 -28.73294631 0.54117647 0.42352941 0.64313725
v -12.34018448 -24.45234498 -28.33977122 0.54117647 0.42352941 0.64313725
v -12.42152566 -23.77181063 -28.74778243 0.54117647 0.42352941 0.64313725
v -13.87087579 -22.96055407 -28.36202764 0.54117647 0.42352941 0.64313725
v -13.58248555 -23.41808683 -28.23591390 0.54117647 0.42352941 0.64313725
v -15.28325368 -26.63620209 -24.60832811 0.54117647 0.42352941 0.64313725
v -16.54773698 -25.63270448 -24.43028571 0.54117647 0.42352941 0.64313725
v -18.19674284 -25.80187624 -23.04305030 0.54117647 0.42352941 0.64313725
v -15.01704679 -27.13602723 -24.42286765 0.54117647 0.42352941 0.64313725
v -15.83785193 -27.18216580 -23.71070480 0.54117647 0.42352941 0.64313725
v -7.88121398 -38.85503748 -9.72706178 0.54117647 0.42352941 0.64313725
v -9.38972195 -39.00114108 -6.70778153 0.54117647 0.42352941 0.64313725
v -10.14397481 -38.87810564 -5.95110695 0.54117647 0.42352941 0.64313725
v -7.57063815 -39.25489984 -8.71074391 0.54117647 0.42352941 0.64313725
v -12.66554920 -38.42441907 -0.66922186 0.54117647 0.42352941 0.64313725
v -13.16838519 -38.15528228 -0.66922186 0.54117647 0.42352941 0.64313725
v -14.10750489 -37.60931632 -0.66922186 0.54117647 0.42352941 0.64313725
v -10.95738663 -38.58974576 -5.88434161 0.54117647 0.42352941 0.64313725
v -10.03305583 -39.35101980 -2.18257102 0.54117647 0.42352941 0.64313725
v -10.56546962 -39.24720971 -1.17367156 0.54117647 0.42352941 0.64313725
v -12.74689039 -38.45517512 -0.06091487 0.54117647 0.42352941 0.64313725
v -11.34190807 -34.73339190 -16.19588768 0.54117647 0.42352941 0.64313725
v -5.27829897 -38.48978073 -13.90360864 0.54117647 0.42352941 0.64313725
v -5.78113439 -38.38212556 -13.63654729 0.54117647 0.42352941 0.64313725
v -5.56668977 -38.55129732 -13.42883266 0.54117647 0.42352941 0.64313725
v -6.16565583 -38.55129732 -12.74634091 0.54117647 0.42352941 0.64313725
v -6.43186385 -38.68202065 -12.04159499 0.54117647 0.42352941 0.64313725
v -15.00225677 -30.90010620 -19.86798407 0.54117647 0.42352941 0.64313725
v -15.46812051 -30.76553780 -19.58608660 0.54117647 0.42352941 0.64313725
v -13.61945780 -30.22726423 -22.24928430 0.54117647 0.42352941 0.64313725
v -15.01704679 -28.63935223 -22.89468238 0.54117647 0.42352941 0.64313725
v -13.90045471 -29.78126329 -22.53859983 0.54117647 0.42352941 0.64313725
v -15.24628031 -31.06159007 -19.36353360 0.54117647 0.42352941 0.64313725
v -9.01998941 -34.70263135 -18.40656357 0.54117647 0.42352941 0.64313725
v -13.16838519 -30.34645235 -22.41248834 0.54117647 0.42352941 0.64313725
v -9.61156103 -32.36498276 -22.04156967 0.54117647 0.42352941 0.64313725
v -8.91646375 -33.15701510 -21.35166099 0.54117647 0.42352941 0.64313725
v -15.08359795 -36.99798869 1.58596505 0.54117647 0.42352941 0.64313725
v -19.72743528 -33.29158575 3.84857031 0.54117647 0.42352941 0.64313725
v -19.63869965 -33.23391197 4.60524516 0.54117647 0.42352941 0.64313725
v -20.01582664 -32.93017182 4.60524516 0.54117647 0.42352941 0.64313725
v -21.98280166 -30.28878082 9.88713053 0.54117647 0.42352941 0.64313725
v -21.89406603 -30.21572902 10.36932458 0.54117647 0.42352941 0.64313725
v -22.67789780 -29.50059130 10.48059995 0.54117647 0.42352941 0.64313725
v -14.74344432 -37.19023086 -0.71373215 0.54117647 0.42352941 0.64313725
v -14.18145162 -37.64007461 0.07261593 0.54117647 0.42352941 0.64313725
v -14.19624052 -37.65545489 0.82929047 0.54117647 0.42352941 0.64313725
v -14.18145162 -37.64776475 1.58596505 0.54117647 0.42352941 0.64313725
v -14.67689204 -37.30173109 1.58596505 0.54117647 0.42352941 0.64313725
v -22.99586921 -29.06612782 10.69573377 0.54117647 0.42352941 0.64313725
v -23.31383836 -28.62012913 10.91086646 0.54117647 0.42352941 0.64313725
v -23.21770716 -28.50862890 11.39306051 0.54117647 0.42352941 0.64313725
v -23.01065810 -28.33176700 12.23133710 0.54117647 0.42352941 0.64313725
v 28.69269968 -27.14756244 17.79512162 0.54117647 0.42352941 0.64313725
v 28.84059314 -26.59006352 18.18087641 0.54117647 0.42352941 0.64313725
v 27.13982502 -27.07451064 19.99837833 0.54117647 0.42352941 0.64313725
v 28.11591920 -28.84312735 16.51916046 0.54117647 0.42352941 0.64313725
v 28.61875294 -28.55092240 16.10373119 0.54117647 0.42352941 0.64313725
v 28.86277761 -27.33595954 17.29067116 0.54117647 0.42352941 0.64313725
v 25.69786821 -27.92806182 20.84407524 0.54117647 0.42352941 0.64313725
v 26.37078214 -25.57503071 22.26098513 0.54117647 0.42352941 0.64313725
v 28.32296826 -29.02383432 15.88859850 0.54117647 0.42352941 0.64313725
v 28.01978800 -29.48136821 15.66604662 0.54117647 0.42352941 0.64313725
v 28.14549700 -29.58902337 15.16901534 0.54117647 0.42352941 0.64313725
v 24.15238912 -35.43699442 9.45686402 0.54117647 0.42352941 0.64313725
v 24.27070255 -35.52157917 8.95241468 0.54117647 0.42352941 0.64313725
v 25.02495653 -35.52926931 6.86785028 0.54117647 0.42352941 0.64313725
v 25.52039695 -35.31780405 6.11117570 0.54117647 0.42352941 0.64313725
v 26.46691334 -34.73339190 5.09485783 0.54117647 0.42352941 0.64313725
v 26.14154861 -35.23706436 3.84857031 0.54117647 0.42352941 0.64313725
v 26.22288867 -35.30627109 3.09189573 0.54117647 0.42352941 0.64313725
v 26.63698903 -34.86796029 -2.93182726 0.54117647 0.42352941 0.64313725
v 26.25986204 -35.31011391 -1.42589644 0.54117647 0.42352941 0.64313725
v 25.88273505 -35.61385406 -1.42589644 0.54117647 0.42352941 0.64313725
v 24.94361648 -36.21749155 -1.88583589 0.54117647 0.42352941 0.64313725
v 24.89924754 -36.19057832 -2.38286717 0.54117647 0.42352941 0.64313725
v 24.83269638 -36.15597496 -2.93182726 0.54117647 0.42352941 0.64313725
v 21.91181052 -37.71697148 -4.05942079 0.54117647 0.42352941 0.64313725
v 23.98231119 -36.11368146 -6.70778153 0.54117647 0.42352941 0.64313725
v 24.44817381 -35.65999263 -7.46445611 0.54117647 0.42352941 0.64313725
v 25.89752394 -35.61769913 0.07261593 0.54117647 0.42352941 0.64313725
v 25.32813679 -36.00602629 -0.66922186 0.54117647 0.42352941 0.64313725
v 25.32813679 -35.99064827 -1.42589644 0.54117647 0.42352941 0.64313725
v 22.51077771 -35.37932064 -11.98966633 0.54117647 0.42352941 0.64313725
v 23.10234821 -34.99483855 -12.04159499 0.54117647 0.42352941 0.64313725
v 23.55342193 -35.54849240 -9.72706178 0.54117647 0.42352941 0.64313725
v 22.65127448 -36.20211353 -9.31163251 0.54117647 0.42352941 0.64313725
v 19.73778532 -37.02105910 -11.71518692 0.54117647 0.42352941 0.64313725
v 22.25935972 -35.24090718 -12.72408674 0.54117647 0.42352941 0.64313725
v 21.30545000 -35.55233747 -13.32497534 0.54117647 0.42352941 0.64313725
v 21.54947355 -35.31395898 -13.54752609 0.54117647 0.42352941 0.64313725
v 22.29633308 -34.89871859 -13.47334213 0.54117647 0.42352941 0.64313725
v 21.12058429 -35.43699442 -13.82942468 0.54117647 0.42352941 0.64313725
v 19.51594624 -35.37932064 -15.93624438 0.54117647 0.42352941 0.64313725
v 19.01311026 -35.52157917 -16.22556104 0.54117647 0.42352941 0.64313725
v 21.55686800 -33.78756582 -16.56680634 0.54117647 0.42352941 0.64313725
v 23.02840147 -36.05985500 -9.02973392 0.54117647 0.42352941 0.64313725
v 23.76786656 -36.05600993 -7.47929279 0.54117647 0.42352941 0.64313725
v 17.91870265 -36.13675187 -15.95108050 0.54117647 0.42352941 0.64313725
v -17.28720206 -30.15421243 18.52212172 0.54117647 0.42352941 0.64313725
v -17.52383116 -29.62747181 18.93755099 0.54117647 0.42352941 0.64313725
v -15.07620238 -30.94239970 20.09481759 0.54117647 0.42352941 0.64313725
v -14.86915332 -30.78860597 20.59926806 0.54117647 0.42352941 0.64313725
v -10.43236617 -33.14163708 20.74021792 0.54117647 0.42352941 0.64313725
v -9.92953018 -33.26851534 20.93309419 0.54117647 0.42352941 0.64313725
v -9.07175167 -33.22237677 21.61558481 0.54117647 0.42352941 0.64313725
v -8.63546797 -33.04935994 22.14970976 0.54117647 0.42352941 0.64313725
v -8.57631013 -32.63411955 22.69866858 0.54117647 0.42352941 0.64313725
v -8.78336031 -32.31115630 22.94347575 0.54117647 0.42352941 0.64313725
v -13.33846201 -33.07243035 18.32182627 0.54117647 0.42352941 0.64313725
v -12.83562602 -33.21468888 18.59630455 0.54117647 0.42352941 0.64313725
v -12.35497450 -33.31849673 18.88562233 0.54117647 0.42352941 0.64313725
v -12.05918869 -33.20699874 19.33814414 0.54117647 0.42352941 0.64313725
v -13.92263918 -30.04655501 22.20163842 0.54117647 0.42352941 0.64313725
v -15.19451805 -28.78930089 22.43160723 0.54117647 0.42352941 0.64313725
v -13.92263918 -29.66976531 22.55772097 0.54117647 0.42352941 0.64313725
v -13.48635435 -29.38140318 23.05475113 0.54117647 0.42352941 0.64313725
v -13.92263918 -29.21607424 22.93605770 0.54117647 0.42352941 0.64313725
v -22.59655775 -28.66626546 12.52065488 0.54117647 0.42352941 0.64313725
v -22.13069512 -28.92771436 12.89899160 0.54117647 0.42352941 0.64313725
v -7.26006344 -18.66204547 32.80991863 0.54117647 0.42352941 0.64313725
v -6.75722745 -18.86582059 32.89893983 0.54117647 0.42352941 0.64313725
v -9.96650355 -25.01368672 28.48500385 0.54117647 0.42352941 0.64313725
v -13.19056854 -29.05843768 23.48501652 0.54117647 0.42352941 0.64313725
v -9.38972195 -24.70994657 28.99687238 0.54117647 0.42352941 0.64313725
v -9.82600565 -24.18320595 29.15265836 0.54117647 0.42352941 0.64313725
v -10.10700144 -23.74489740 29.27135179 0.54117647 0.42352941 0.64313725
v -9.33795856 -23.70260390 29.62001628 0.54117647 0.42352941 0.64313725
v -8.20657871 -22.59529619 30.61407885 0.54117647 0.42352941 0.64313725
v -7.92558180 -21.51490172 31.25947693 0.54117647 0.42352941 0.64313725
v -7.11217110 -21.51490172 31.54879471 0.54117647 0.42352941 0.64313725
v -6.37270601 -21.50336764 31.81585606 0.54117647 0.42352941 0.64313725
v -5.98818457 -21.11888555 32.13484607 0.54117647 0.42352941 0.64313725
v -6.37270601 -20.59983507 32.25353950 0.54117647 0.42352941 0.64313725
v -6.83856864 -20.43450725 32.17193861 0.54117647 0.42352941 0.64313725
v -6.37270601 -19.40025135 32.80250057 0.54117647 0.42352941 0.64313725
v -8.63546797 -23.92944943 29.76838420 0.54117647 0.42352941 0.64313725
v -8.63546797 -23.55265523 29.96867853 0.54117647 0.42352941 0.64313725
v -5.44098077 -19.74628501 32.95828655 0.54117647 0.42352941 0.64313725
v -5.66281984 -19.99619870 32.77282609 0.54117647 0.42352941 0.64313725
v 13.77770131 -24.23318958 30.69567975 0.54117647 0.42352941 0.64313725
v 15.79643971 -20.32300702 32.12000995 0.54117647 0.42352941 0.64313725
v 13.99214593 -28.85466256 27.73574846 0.54117647 0.42352941 0.64313725
v 16.55069370 -27.87423311 27.58738054 0.54117647 0.42352941 0.64313725
v 16.25490789 -20.18459356 32.04582487 0.54117647 0.42352941 0.64313725
v 16.70598049 -19.66554307 32.16452055 0.54117647 0.42352941 0.64313725
v -4.82722524 -20.69595503 32.69864325 0.54117647 0.42352941 0.64313725
v -3.31871783 -22.28002084 32.29805010 0.54117647 0.42352941 0.64313725
v -2.60143722 -22.25695155 32.47609025 0.54117647 0.42352941 0.64313725
v -4.10994462 -22.03779728 32.23128533 0.54117647 0.42352941 0.64313725
v -5.48534858 -21.27267816 32.21644921 0.54117647 0.42352941 0.64313725
v -5.07124879 -21.77634950 32.09033547 0.54117647 0.42352941 0.64313725
v -4.56841280 -21.92245310 32.16452055 0.54117647 0.42352941 0.64313725
v -2.60143722 -22.74908881 32.20902890 0.54117647 0.42352941 0.64313725
v -1.84718323 -23.27967337 32.08291741 0.54117647 0.42352941 0.64313725
v -1.11511372 -23.71798417 31.97164203 0.54117647 0.42352941 0.64313725
v -1.92112997 -25.34434235 30.86630409 0.54117647 0.42352941 0.64313725
v -1.09292981 -24.80991160 31.34108007 0.54117647 0.42352941 0.64313725
v 0.41557788 -23.97174068 32.04582487 0.54117647 0.42352941 0.64313725
v -0.64185637 -24.87911833 31.37817037 0.54117647 0.42352941 0.64313725
v 1.92408556 -26.91687408 30.48796511 0.54117647 0.42352941 0.64313725
v -1.09292981 -28.50862890 29.01170850 0.54117647 0.42352941 0.64313725
v 0.73354759 -26.41320162 30.64375109 0.54117647 0.42352941 0.64313725
v 1.16983158 -29.08150584 28.81141192 0.54117647 0.42352941 0.64313725
v 5.68795977 -29.18916101 28.91526924 0.54117647 0.42352941 0.64313725
v 6.44221361 -29.20838635 28.92268730 0.54117647 0.42352941 0.64313725
v 7.19646732 -28.82774933 29.27135179 0.54117647 0.42352941 0.64313725
v 7.95072130 -28.33945714 29.62001628 0.54117647 0.42352941 0.64313725
v 8.55708182 -28.73162712 29.18975090 0.54117647 0.42352941 0.64313725
v 10.97513112 -29.24298972 28.23277862 0.54117647 0.42352941 0.64313725
v 13.23789195 -29.37755811 27.57996248 0.54117647 0.42352941 0.64313725
v 17.20881648 -19.48483723 32.07549935 0.54117647 0.42352941 0.64313725
v 17.77820475 -20.02695700 31.59330531 0.54117647 0.42352941 0.64313725
v 17.78559920 -19.23492353 31.98647815 0.54117647 0.42352941 0.64313725
v 18.04441164 -20.29993886 31.34849813 0.54117647 0.42352941 0.64313725
v 18.30322409 -21.26114408 30.71051811 0.54117647 0.42352941 0.64313725
v 18.53985318 -20.77669584 30.86630409 0.54117647 0.42352941 0.64313725
v 19.33847498 -19.29259618 31.28915141 0.54117647 0.42352941 0.64313725
v 20.50682820 -24.97523829 27.66898143 0.54117647 0.42352941 0.64313725
v 20.07793895 -18.55054523 31.27431305 0.54117647 0.42352941 0.64313725
v 21.00966419 -24.72148177 27.52803382 0.54117647 0.42352941 0.64313725
v 21.29066110 -18.25449522 30.71051811 0.54117647 0.42352941 0.64313725
v 20.80261401 -17.77389204 31.23722276 0.54117647 0.42352941 0.64313725
v 21.79349709 -17.94306492 30.55473214 0.54117647 0.42352941 0.64313725
v 22.62909114 -16.53970496 30.60666079 0.54117647 0.42352941 0.64313725
v 22.66606563 -18.10070148 29.87224152 0.54117647 0.42352941 0.64313725
v 23.06537484 -17.80080639 29.73129166 0.54117647 0.42352941 0.64313725
v 23.49426410 -19.71552671 28.42565714 0.54117647 0.42352941 0.64313725
v 21.34242337 -25.13672216 27.02358335 0.54117647 0.42352941 0.64313725
v 26.48170224 -21.93014211 24.63486506 0.54117647 0.42352941 0.64313725
v 23.33897730 -18.74278740 29.06363716 0.54117647 0.42352941 0.64313725
v 23.07277041 -18.48902864 29.39004522 0.54117647 0.42352941 0.64313725
v 22.66606563 -19.61556056 29.12298387 0.54117647 0.42352941 0.64313725
v 25.72744825 -24.19474115 23.87819161 0.54117647 0.42352941 0.64313725
v 26.03062851 -24.46772301 23.43308786 0.54117647 0.42352941 0.64313725
v 25.82357721 -25.06367036 23.21053711 0.54117647 0.42352941 0.64313725
v 26.32641320 -24.74070486 22.98056830 0.54117647 0.42352941 0.64313725
v 25.60913258 -25.56349775 23.01765859 0.54117647 0.42352941 0.64313725
v 16.30667015 -35.69844107 -18.08757356 0.54117647 0.42352941 0.64313725
v 14.74639992 -36.34052699 -17.90211423 0.54117647 0.42352941 0.64313725
v 15.45628609 -37.51319636 -14.97927323 0.54117647 0.42352941 0.64313725
v 15.18268362 -37.74004189 -14.70479270 0.54117647 0.42352941 0.64313725
v 14.39885184 -38.48209059 -13.13951488 0.54117647 0.42352941 0.64313725
v 7.95072130 -40.43141427 -11.98966633 0.54117647 0.42352941 0.64313725
v 7.98029966 -40.13151694 -12.79826957 0.54117647 0.42352941 0.64313725
v 7.19646732 -40.05846514 -13.30272004 0.54117647 0.42352941 0.64313725
v 7.19646732 -39.90082859 -13.68105677 0.54117647 0.42352941 0.64313725
v -3.11166766 -33.98749588 -22.99853970 0.54117647 0.42352941 0.64313725
v -2.20952133 -36.96338757 -18.39914551 0.54117647 0.42352941 0.64313725
v -5.61845259 -32.58413816 -23.86649078 0.54117647 0.42352941 0.64313725
v -3.35569120 -33.30311870 -23.82198018 0.54117647 0.42352941 0.64313725
v -5.41879686 -33.26082520 -23.02821418 0.54117647 0.42352941 0.64313725
v -1.84718323 -37.79002328 -17.01932703 0.54117647 0.42352941 0.64313725
v -1.84718323 -37.59393829 -17.39766488 0.54117647 0.42352941 0.64313725
v -1.91373552 -37.19407593 -18.09499162 0.54117647 0.42352941 0.64313725
v -0.33867583 -39.16646777 -14.43031329 0.54117647 0.42352941 0.64313725
v -0.33867583 -38.92424421 -15.00894659 0.54117647 0.42352941 0.64313725
v -2.85285521 -38.46286525 -15.33535578 0.54117647 0.42352941 0.64313725
v 6.44221361 -40.36220754 -12.74634091 0.54117647 0.42352941 0.64313725
v 5.68795977 -40.61211899 -11.98966633 0.54117647 0.42352941 0.64313725
v -0.33867583 -40.41218893 -11.23299176 0.54117647 0.42352941 0.64313725
v -0.33867583 -40.14689721 -11.92290156 0.54117647 0.42352941 0.64313725
v -6.66849182 -32.41111908 -23.65135808 0.54117647 0.42352941 0.64313725
v -9.38972195 -31.11157146 -23.89616301 0.54117647 0.42352941 0.64313725
v -9.88516237 -31.00007123 -23.77005152 0.54117647 0.42352941 0.64313725
v -9.87776792 -30.24648732 -24.50447080 0.54117647 0.42352941 0.64313725
v -12.76167928 -29.40447134 -23.67361226 0.54117647 0.42352941 0.64313725
v -13.16838519 -29.68129826 -23.17657985 0.54117647 0.42352941 0.64313725
v -13.67861563 -29.51981664 -23.02079387 0.54117647 0.42352941 0.64313725
v -12.03700422 -24.89834367 -28.21365973 0.54117647 0.42352941 0.64313725
v -5.61845259 -38.75891752 -12.74634091 0.54117647 0.42352941 0.64313725
v -8.99041049 -39.22029423 -6.27751558 0.54117647 0.42352941 0.64313725
v -5.26350951 -40.74668963 -4.86060540 0.54117647 0.42352941 0.64313725
v -5.86247558 -40.69286093 -3.68850184 0.54117647 0.42352941 0.64313725
v -10.14397481 -38.97422785 -5.20185099 0.54117647 0.42352941 0.64313725
v -3.35569120 -40.45063962 -8.97038720 0.54117647 0.42352941 0.64313725
v -4.10994462 -40.39296584 -8.21371263 0.54117647 0.42352941 0.64313725
v -4.10994462 -40.55444746 -7.46445611 0.54117647 0.42352941 0.64313725
v -4.84940915 -40.81973918 -5.14250371 0.54117647 0.42352941 0.64313725
v -13.08704401 -38.28600560 0.13938134 0.54117647 0.42352941 0.64313725
v -13.80432463 -37.87461028 0.07261593 0.54117647 0.42352941 0.64313725
v -10.19573820 -39.36639783 -1.42589644 0.54117647 0.42352941 0.64313725
v -10.14397481 -39.44713976 -0.66922186 0.54117647 0.42352941 0.64313725
v -10.61723300 -39.26643505 -0.66922186 0.54117647 0.42352941 0.64313725
v -12.46589347 -38.58974576 0.13938134 0.54117647 0.42352941 0.64313725
v -12.79125820 -38.47440046 0.43611643 0.54117647 0.42352941 0.64313725
v -5.26350951 -37.72850669 -15.40212056 0.54117647 0.42352941 0.64313725
v -4.86419861 -37.80540355 -15.50597787 0.54117647 0.42352941 0.64313725
v -4.09515573 -38.30907377 -14.97927323 0.54117647 0.42352941 0.64313725
v -3.35569120 -38.40519373 -15.21666122 0.54117647 0.42352941 0.64313725
v -4.86419861 -38.55129732 -14.01488402 0.54117647 0.42352941 0.64313725
v -4.86419861 -38.73969218 -13.49559743 0.54117647 0.42352941 0.64313725
v -8.63546797 -34.78721836 -18.54751343 0.54117647 0.42352941 0.64313725
v -13.16838519 -30.05809022 -22.79082506 0.54117647 0.42352941 0.64313725
v -12.77646930 -30.16959045 -22.92435686 0.54117647 0.42352941 0.64313725
v -14.18145162 -29.32757447 -22.82791760 0.54117647 0.42352941 0.64313725
v -9.75945337 -31.67676052 -22.92435686 0.54117647 0.42352941 0.64313725
v -9.10872504 -32.48032581 -22.23444594 0.54117647 0.42352941 0.64313725
v -7.12696000 -32.59567336 -23.14690761 0.54117647 0.42352941 0.64313725
v -8.41362776 -33.24544493 -21.48519054 0.54117647 0.42352941 0.64313725
v -6.37270601 -34.81413383 -20.07569870 0.54117647 0.42352941 0.64313725
v -6.79420082 -34.72570176 -19.95700527 0.54117647 0.42352941 0.64313725
v -15.05401903 -36.97107771 1.98655750 0.54117647 0.42352941 0.64313725
v -16.79176165 -34.88334057 7.61710624 0.54117647 0.42352941 0.64313725
v -16.71041934 -34.81413383 8.37378081 0.54117647 0.42352941 0.64313725
v -17.08754633 -34.51423650 8.37378081 0.54117647 0.42352941 0.64313725
v -18.78831446 -32.40343120 10.89602922 0.54117647 0.42352941 0.64313725
v -21.76835703 -30.12345188 10.87377392 0.54117647 0.42352941 0.64313725
v -22.24161522 -29.81202159 10.68089653 0.54117647 0.42352941 0.64313725
v -17.33157100 -33.96058265 9.55330328 0.54117647 0.42352941 0.64313725
v -16.96183734 -34.14897750 9.83520187 0.54117647 0.42352941 0.64313725
v -22.58176885 -29.40831641 10.98505042 0.54117647 0.42352941 0.64313725
v -13.81911353 -37.87845535 0.82929047 0.54117647 0.42352941 0.64313725
v -13.80432463 -37.87076522 1.58596505 0.54117647 0.42352941 0.64313725
v -13.70079898 -37.81309144 2.34263949 0.54117647 0.42352941 0.64313725
v -14.07792597 -37.57855802 2.34263949 0.54117647 0.42352941 0.64313725
v -16.25195229 -35.26013027 7.61710624 0.54117647 0.42352941 0.64313725
v -22.84058017 -28.93540224 11.39306051 0.54117647 0.42352941 0.64313725
v -22.70747785 -28.78930089 12.01620441 0.54117647 0.42352941 0.64313725
v 27.32469185 -27.30520124 19.49393011 0.54117647 0.42352941 0.64313725
v 27.79794780 -27.73581965 18.35149963 0.54117647 0.42352941 0.64313725
v 27.08806275 -28.53554213 18.39601023 0.54117647 0.42352941 0.64313725
v 26.40775550 -27.87807818 20.02805282 0.54117647 0.42352941 0.64313725
v 26.38557103 -28.61243900 19.25654100 0.54117647 0.42352941 0.64313725
v 27.85710564 -29.34679981 16.17049597 0.54117647 0.42352941 0.64313725
v 26.58522677 -28.81621412 18.75951084 0.54117647 0.42352941 0.64313725
v 24.96579870 -27.94728491 21.61558481 0.54117647 0.42352941 0.64313725
v 24.92143201 -28.66242039 20.81440075 0.54117647 0.42352941 0.64313725
v 22.73261679 -35.50235608 11.86783762 0.54117647 0.42352941 0.64313725
v 23.25024167 -35.32549193 11.39306051 0.54117647 0.42352941 0.64313725
v 23.79744660 -34.90640873 11.33371379 0.54117647 0.42352941 0.64313725
v 24.18936249 -34.71416656 11.03697908 0.54117647 0.42352941 0.64313725
v 23.38334624 -35.42545921 10.93312176 0.54117647 0.42352941 0.64313725
v 22.64388116 -36.19826846 10.21353860 0.54117647 0.42352941 0.64313725
v 23.24284610 -36.10599132 9.13045539 0.54117647 0.42352941 0.64313725
v 23.90836445 -36.06754513 7.61710624 0.54117647 0.42352941 0.64313725
v 24.55169834 -35.84454467 6.86785028 0.54117647 0.42352941 0.64313725
v 25.14326996 -35.61000900 6.11117570 0.54117647 0.42352941 0.64313725
v 25.76442162 -35.51004622 3.84857031 0.54117647 0.42352941 0.64313725
v 25.84576168 -35.55618254 3.09189573 0.54117647 0.42352941 0.64313725
v 24.95100980 -36.22133662 -1.42589644 0.54117647 0.42352941 0.64313725
v 21.17974100 -38.48593566 -1.12916131 0.54117647 0.42352941 0.64313725
v 21.96357391 -37.75157485 -3.55497088 0.54117647 0.42352941 0.64313725
v 21.60863026 -37.90921140 -3.76268551 0.54117647 0.42352941 0.64313725
v 20.46246039 -37.75157485 -7.93923265 0.54117647 0.42352941 0.64313725
v 22.65867005 -36.95954250 -6.24784222 0.54117647 0.42352941 0.64313725
v 21.94138944 -36.98261067 -7.89472205 0.54117647 0.42352941 0.64313725
v 21.17974100 -38.48593566 -0.93628350 0.54117647 0.42352941 0.64313725
v 24.88445864 -36.18673326 2.34263949 0.54117647 0.42352941 0.64313725
v 24.95100980 -36.22133662 -0.17219054 0.54117647 0.42352941 0.64313725
v 21.28326666 -37.03259430 -8.97038720 0.54117647 0.42352941 0.64313725
v 21.17234656 -36.97492278 -9.37097923 0.54117647 0.42352941 0.64313725
v 19.87088877 -37.09795597 -11.23299176 0.54117647 0.42352941 0.64313725
v 19.27192270 -37.40169612 -11.23299176 0.54117647 0.42352941 0.64313725
v 17.43065668 -37.74388471 -12.41993284 0.54117647 0.42352941 0.64313725
v 18.18490954 -36.23286958 -15.44663116 0.54117647 0.42352941 0.64313725
v 18.91698018 -36.22133662 -14.65286404 0.54117647 0.42352941 0.64313725
v 20.83219293 -35.71766641 -13.54752609 0.54117647 0.42352941 0.64313725
v 18.47330090 -35.99449333 -15.72111057 0.54117647 0.42352941 0.64313725
v 17.76341473 -36.58659337 -15.00894659 0.54117647 0.42352941 0.64313725
v -16.42202798 -33.10318640 13.65566618 0.54117647 0.42352941 0.64313725
v -16.60689481 -30.96546786 17.88414170 0.54117647 0.42352941 0.64313725
v -16.43681912 -30.84243467 18.38859104 0.54117647 0.42352941 0.64313725
v -13.54551219 -33.19546354 17.81737580 0.54117647 0.42352941 0.64313725
v -11.63769388 -33.69529093 18.91529681 0.54117647 0.42352941 0.64313725
v -11.37888144 -33.99518602 18.64823321 0.54117647 0.42352941 0.64313725
v -8.36925995 -33.99903108 20.91084001 0.54117647 0.42352941 0.64313725
v -8.62807239 -33.71066895 21.17790136 0.54117647 0.42352941 0.64313725
v -8.63546797 -33.33003193 21.77137078 0.54117647 0.42352941 0.64313725
v -8.19178869 -33.16855031 22.29807768 0.54117647 0.42352941 0.64313725
v -8.28052432 -32.44956977 23.09926173 0.54117647 0.42352941 0.64313725
v -11.88171630 -33.86830551 18.37375493 0.54117647 0.42352941 0.64313725
v -13.51593327 -30.16574538 22.32033185 0.54117647 0.42352941 0.64313725
v -8.63546797 -31.57295042 23.74465981 0.54117647 0.42352941 0.64313725
v -9.17527620 -31.04236473 23.93753833 0.54117647 0.42352941 0.64313725
v -12.98351836 -29.53903973 23.20311905 0.54117647 0.42352941 0.64313725
v -22.47824207 -29.31219645 11.39306051 0.54117647 0.42352941 0.64313725
v -21.95322386 -29.50443637 11.95685769 0.54117647 0.42352941 0.64313725
v -8.05129079 -25.52504932 29.02654461 0.54117647 0.42352941 0.64313725
v -8.45060113 -25.02137686 29.20458701 0.54117647 0.42352941 0.64313725
v -9.38972195 -24.33315461 29.24167956 0.54117647 0.42352941 0.64313725
v -8.67983578 -24.56768804 29.39004522 0.54117647 0.42352941 0.64313725
v -7.11217110 -22.22234818 31.19271216 0.54117647 0.42352941 0.64313725
v -7.35619352 -21.77250443 31.33366201 0.54117647 0.42352941 0.64313725
v -6.85335866 -21.94936633 31.42268097 0.54117647 0.42352941 0.64313725
v -6.37270601 -22.48379596 31.31140559 0.54117647 0.42352941 0.64313725
v -5.96600123 -22.61452041 31.37817037 0.54117647 0.42352941 0.64313725
v -5.67760987 -22.31846927 31.62297754 0.54117647 0.42352941 0.64313725
v -5.68500431 -21.51490172 32.03098875 0.54117647 0.42352941 0.64313725
v -8.17699979 -24.08708599 29.84998509 0.54117647 0.42352941 0.64313725
v -7.91079290 -24.50617144 29.71645554 0.54117647 0.42352941 0.64313725
v 16.59506151 -22.61067534 30.62149691 0.54117647 0.42352941 0.64313725
v 16.30667015 -22.31846927 30.88855826 0.54117647 0.42352941 0.64313725
v 16.67640269 -21.15348892 31.40042679 0.54117647 0.42352941 0.64313725
v 13.99214593 -29.23145451 27.44643068 0.54117647 0.42352941 0.64313725
v 16.25490789 -28.75469753 26.94198021 0.54117647 0.42352941 0.64313725
v 16.92782069 -29.00845404 26.44495005 0.54117647 0.42352941 0.64313725
v 17.21621093 -29.34679981 26.02952078 0.54117647 0.42352941 0.64313725
v 17.13487087 -28.53169706 26.75652200 0.54117647 0.42352941 0.64313725
v 18.76169226 -29.35448770 25.28768345 0.54117647 0.42352941 0.64313725
v 19.27192270 -28.82005919 25.47314166 0.54117647 0.42352941 0.64313725
v 19.54552516 -27.85116495 26.06661333 0.54117647 0.42352941 0.64313725
v 20.64732722 -25.81725427 26.98649081 0.54117647 0.42352941 0.64313725
v 19.40502614 -24.72148177 28.26987116 0.54117647 0.42352941 0.64313725
v 18.24406737 -22.71448544 29.92417017 0.54117647 0.42352941 0.64313725
v 17.00916187 -22.09931387 30.76244677 0.54117647 0.42352941 0.64313725
v 16.97958295 -19.94621506 31.92713143 0.54117647 0.42352941 0.64313725
v -3.54055691 -22.54915875 32.09775353 0.54117647 0.42352941 0.64313725
v -3.03772148 -22.66065786 32.15710024 0.54117647 0.42352941 0.64313725
v -4.99730205 -23.25660521 31.31882365 0.54117647 0.42352941 0.64313725
v -4.49446663 -23.38732854 31.38559067 0.54117647 0.42352941 0.64313725
v -4.10994462 -23.47960568 31.43751933 0.54117647 0.42352941 0.64313725
v -4.83462025 -22.20696904 31.93454949 0.54117647 0.42352941 0.64313725
v -2.60143722 -23.12588076 32.00131427 0.54117647 0.42352941 0.64313725
v -3.35569120 -24.02556939 31.32624171 0.54117647 0.42352941 0.64313725
v -2.63841058 -23.82179427 31.60072337 0.54117647 0.42352941 0.64313725
v -2.60143722 -25.57887578 30.59182243 0.54117647 0.42352941 0.64313725
v -2.22431023 -25.64808251 30.62891497 0.54117647 0.42352941 0.64313725
v -1.72147424 -25.72113431 30.68084363 0.54117647 0.42352941 0.64313725
v -1.09292981 -25.80956413 30.73277229 0.54117647 0.42352941 0.64313725
v -0.33867583 -25.90953141 30.79211900 0.54117647 0.42352941 0.64313725
v 0.23071188 -26.35553009 30.60666079 0.54117647 0.42352941 0.64313725
v -1.84718323 -26.67849559 30.05769973 0.54117647 0.42352941 0.64313725
v -1.84718323 -28.02418178 29.18975090 0.54117647 0.42352941 0.64313725
v -2.32044087 -27.94728491 29.14524030 0.54117647 0.42352941 0.64313725
v -1.84718323 -28.40097374 28.92268730 0.54117647 0.42352941 0.64313725
v -2.60143722 -28.74316232 28.44791131 0.54117647 0.42352941 0.64313725
v -1.84718323 -28.83928228 28.54435057 0.54117647 0.42352941 0.64313725
v -1.09292981 -28.92002422 28.63337177 0.54117647 0.42352941 0.64313725
v 0.68917978 -29.44291977 28.39598265 0.54117647 0.42352941 0.64313725
v 1.16983158 -29.47367807 28.43307519 0.54117647 0.42352941 0.64313725
v 3.43259311 -35.19476861 22.83220038 0.54117647 0.42352941 0.64313725
v 7.19646732 -29.20454128 28.90785118 0.54117647 0.42352941 0.64313725
v 5.68795977 -35.60232111 22.49837200 0.54117647 0.42352941 0.64313725
v 7.19646732 -34.85642509 23.25504771 0.54117647 0.42352941 0.64313725
v 7.95072130 -29.56979803 28.51467834 0.54117647 0.42352941 0.64313725
v 7.95072130 -29.16993792 28.89301506 0.54117647 0.42352941 0.64313725
v 7.95072130 -28.79314596 29.24167956 0.54117647 0.42352941 0.64313725
v 8.70497472 -29.50443637 28.44791131 0.54117647 0.42352941 0.64313725
v 10.97513112 -29.65053997 27.85444189 0.54117647 0.42352941 0.64313725
v 7.95072130 -34.80644370 23.20311905 0.54117647 0.42352941 0.64313725
v 9.45922871 -35.36009755 22.22389259 0.54117647 0.42352941 0.64313725
v 10.97513112 -35.52542424 21.65267735 0.54117647 0.42352941 0.64313725
v 15.16789473 -30.18881354 26.11854198 0.54117647 0.42352941 0.64313725
v 17.54157565 -20.48448977 31.44493739 0.54117647 0.42352941 0.64313725
v 17.77820475 -20.73824853 31.21496633 0.54117647 0.42352941 0.64313725
v 17.74123138 -21.50721159 30.80695737 0.54117647 0.42352941 0.64313725
v 17.97785936 -21.76481542 30.56956825 0.54117647 0.42352941 0.64313725
v 21.15016209 -25.64039237 26.85296126 0.54117647 0.42352941 0.64313725
v 20.80261401 -18.49671877 30.87372215 0.54117647 0.42352941 0.64313725
v 21.96357391 -20.43450725 29.16007641 0.54117647 0.42352941 0.64313725
v 21.98575725 -18.95040760 29.92417017 0.54117647 0.42352941 0.64313725
v 21.53468465 -18.49671877 30.43603645 0.54117647 0.42352941 0.64313725
v 22.14843962 -18.48518357 30.04286361 0.54117647 0.42352941 0.64313725
v 22.52556661 -18.48518357 29.78322032 0.54117647 0.42352941 0.64313725
v 25.52779252 -24.69456854 23.71498757 0.54117647 0.42352941 0.64313725
v 22.00794172 -26.51316665 25.44346942 0.54117647 0.42352941 0.64313725
v 24.19675582 -27.92806182 22.35000633 0.54117647 0.42352941 0.64313725
v 24.75135407 -27.53588959 22.16454588 0.54117647 0.42352941 0.64313725
v 17.00916187 -38.03224684 -11.98966633 0.54117647 0.42352941 0.64313725
v 15.50065390 -38.26293519 -12.74634091 0.54117647 0.42352941 0.64313725
v 16.94260959 -38.31291883 -11.16622698 0.54117647 0.42352941 0.64313725
v 14.74639992 -39.66245009 -8.97038720 0.54117647 0.42352941 0.64313725
v 13.99214593 -39.63937968 -9.72706178 0.54117647 0.42352941 0.64313725
v 13.21570860 -39.85469001 -9.70480648 0.54117647 0.42352941 0.64313725
v 12.62413698 -39.93543195 -9.93477642 0.54117647 0.42352941 0.64313725
v 8.70497472 -40.47755060 -11.23299176 0.54117647 0.42352941 0.64313725
v 7.94332657 -40.65056967 -11.21815564 0.54117647 0.42352941 0.64313725
v 7.19646732 -40.53137930 -11.98966633 0.54117647 0.42352941 0.64313725
v 7.19646732 -40.27377547 -12.74634091 0.54117647 0.42352941 0.64313725
v -4.10994462 -34.08361584 -22.39023191 0.54117647 0.42352941 0.64313725
v -4.65714843 -34.00671897 -22.27153848 0.54117647 0.42352941 0.64313725
v -2.60143722 -37.12871426 -17.90953228 0.54117647 0.42352941 0.64313725
v -4.61278061 -36.25209492 -18.47332947 0.54117647 0.42352941 0.64313725
v -5.67021542 -35.33318207 -19.54157600 0.54117647 0.42352941 0.64313725
v -6.40228493 -32.69948121 -23.36204031 0.54117647 0.42352941 0.64313725
v -3.83634272 -38.50516100 -14.71221188 0.54117647 0.42352941 0.64313725
v 6.44221361 -40.58905308 -11.98966633 0.54117647 0.42352941 0.64313725
v 5.68795977 -40.82358425 -11.18106310 0.54117647 0.42352941 0.64313725
v -0.33867583 -40.83127439 -9.61578528 0.54117647 0.42352941 0.64313725
v -0.93024745 -40.78513807 -9.45999987 0.54117647 0.42352941 0.64313725
v -1.84718323 -40.55444746 -9.72706178 0.54117647 0.42352941 0.64313725
v -2.60143722 -40.41603400 -9.72706178 0.54117647 0.42352941 0.64313725
v -9.25661738 -31.79979371 -23.07272253 0.54117647 0.42352941 0.64313725
v -4.10994462 -41.12348159 -4.44517641 0.54117647 0.42352941 0.64313725
v -4.86419861 -40.91586139 -4.44517641 0.54117647 0.42352941 0.64313725
v -5.48534858 -40.80051834 -3.68850184 0.54117647 0.42352941 0.64313725
v -5.55190087 -40.82742932 -2.93182726 0.54117647 0.42352941 0.64313725
v -5.92902786 -40.71208627 -2.93182726 0.54117647 0.42352941 0.64313725
v -2.53488549 -40.64287954 -8.90362130 0.54117647 0.42352941 0.64313725
v -4.10994462 -41.00429347 -5.20185099 0.54117647 0.42352941 0.64313725
v -9.38972195 -39.68552050 -0.66922186 0.54117647 0.42352941 0.64313725
v -10.14397481 -39.43175949 0.07261593 0.54117647 0.42352941 0.64313725
v -10.63202190 -39.27028012 0.07261593 0.54117647 0.42352941 0.64313725
v -12.79125820 -38.47440046 0.45837159 0.54117647 0.42352941 0.64313725
v -15.46072494 -35.63692447 8.31443410 0.54117647 0.42352941 0.64313725
v -15.23149141 -35.58309802 9.13045539 0.54117647 0.42352941 0.64313725
v -16.34068792 -34.56421789 9.88713053 0.54117647 0.42352941 0.64313725
v -17.22804423 -33.87215058 10.05033457 0.54117647 0.42352941 0.64313725
v -16.69563044 -34.04901472 10.63638593 0.54117647 0.42352941 0.64313725
v -22.10111508 -29.63131463 11.39306051 0.54117647 0.42352941 0.64313725
v -13.16838519 -38.16297017 1.58596505 0.54117647 0.42352941 0.64313725
v -12.27363332 -37.85153988 6.11117570 0.54117647 0.42352941 0.64313725
v -12.51765574 -37.59009322 6.86785028 0.54117647 0.42352941 0.64313725
v -14.50681522 -36.34052699 7.61710624 0.54117647 0.42352941 0.64313725
v 26.50388446 -29.46983300 17.89155976 0.54117647 0.42352941 0.64313725
v 22.06709843 -35.57156281 12.72095033 0.54117647 0.42352941 0.64313725
v 22.56993442 -35.36778768 12.37228696 0.54117647 0.42352941 0.64313725
v 24.63304064 -29.10457625 20.52508523 0.54117647 0.42352941 0.64313725
v 26.28204651 -29.31604152 18.39601023 0.54117647 0.42352941 0.64313725
v 24.17457135 -28.66242039 21.57849451 0.54117647 0.42352941 0.64313725
v 24.62564507 -28.53169706 21.27434062 0.54117647 0.42352941 0.64313725
v 24.48514718 -28.09338851 21.90490258 0.54117647 0.42352941 0.64313725
v 24.41859602 -28.85850763 21.07404405 0.54117647 0.42352941 0.64313725
v 22.30372753 -35.68306080 12.12747978 0.54117647 0.42352941 0.64313725
v 21.68997144 -36.08292316 12.14973508 0.54117647 0.42352941 0.64313725
v 22.87311468 -35.59463097 11.39306051 0.54117647 0.42352941 0.64313725
v 21.85265381 -36.17519805 11.61561238 0.54117647 0.42352941 0.64313725
v 20.37372476 -36.95185237 11.72688776 0.54117647 0.42352941 0.64313725
v 20.50682820 -37.02490417 11.22243841 0.54117647 0.42352941 0.64313725
v 20.50682820 -37.79002328 8.16606618 0.54117647 0.42352941 0.64313725
v 20.63253720 -37.85538494 7.61710624 0.54117647 0.42352941 0.64313725
v 21.22410882 -37.75926273 6.63788034 0.54117647 0.42352941 0.64313725
v 22.74740568 -36.25593999 9.70908926 0.54117647 0.42352941 0.64313725
v 23.35376620 -36.17519805 8.53698541 0.54117647 0.42352941 0.64313725
v 22.86571911 -36.31745658 9.13045539 0.54117647 0.42352941 0.64313725
v 24.04886235 -36.15212989 6.86785028 0.54117647 0.42352941 0.64313725
v 24.50733165 -36.01756150 6.11859432 0.54117647 0.42352941 0.64313725
v 24.27070255 -36.27516533 5.35450112 0.54117647 0.42352941 0.64313725
v 25.30595232 -35.88299085 3.09189573 0.54117647 0.42352941 0.64313725
v 19.62686522 -39.22029423 -0.66922186 0.54117647 0.42352941 0.64313725
v 20.02617668 -38.98576305 -1.42589644 0.54117647 0.42352941 0.64313725
v 20.82479848 -38.62050406 -1.40364128 0.54117647 0.42352941 0.64313725
v 18.89479571 -39.23182943 -3.32500123 0.54117647 0.42352941 0.64313725
v 18.70253555 -39.14724468 -4.44517641 0.54117647 0.42352941 0.64313725
v 16.67640269 -39.25489984 -7.92439541 0.54117647 0.42352941 0.64313725
v 19.27192270 -37.99379841 -8.97038720 0.54117647 0.42352941 0.64313725
v 19.03529360 -37.77464301 -10.29085784 0.54117647 0.42352941 0.64313725
v 19.53812959 -37.67083516 -9.85317440 0.54117647 0.42352941 0.64313725
v 20.78043067 -37.29404096 -8.97038720 0.54117647 0.42352941 0.64313725
v 21.54947355 -37.11333624 -8.17662065 0.54117647 0.42352941 0.64313725
v 18.22188290 -39.26258998 -4.98671774 0.54117647 0.42352941 0.64313725
v 24.84008970 -36.15981778 3.09189573 0.54117647 0.42352941 0.64313725
v 24.46296271 -36.36744022 3.09189573 0.54117647 0.42352941 0.64313725
v 22.00794172 -37.77464301 2.34263949 0.54117647 0.42352941 0.64313725
v 19.61207632 -39.21260634 0.07261593 0.54117647 0.42352941 0.64313725
v 19.27931715 -37.60162843 -10.51340972 0.54117647 0.42352941 0.64313725
v 18.85042789 -37.70159121 -10.79530831 0.54117647 0.42352941 0.64313725
v 17.83736146 -37.94766208 -11.30717571 0.54117647 0.42352941 0.64313725
v 17.60073349 -37.82078158 -11.98966633 0.54117647 0.42352941 0.64313725
v -15.85264083 -34.72954683 10.33965122 0.54117647 0.42352941 0.64313725
v -15.10578242 -35.49851101 9.57555858 0.54117647 0.42352941 0.64313725
v -15.89700977 -33.24544493 14.13044217 0.54117647 0.42352941 0.64313725
v -16.18540113 -31.14232976 18.15120305 0.54117647 0.42352941 0.64313725
v -12.40673676 -35.27551054 14.42717800 0.54117647 0.42352941 0.64313725
v -10.90562324 -36.40204359 13.65566618 0.54117647 0.42352941 0.64313725
v -9.77424339 -35.46006258 17.06070122 0.54117647 0.42352941 0.64313725
v -6.03255239 -36.99030080 17.09037570 0.54117647 0.42352941 0.64313725
v -5.98079012 -35.45237244 20.05772730 0.54117647 0.42352941 0.64313725
v -7.88121398 -34.09899611 21.08146211 0.54117647 0.42352941 0.64313725
v -7.88121398 -33.87215058 21.45979883 0.54117647 0.42352941 0.64313725
v -6.01776349 -33.95673758 22.34258603 0.54117647 0.42352941 0.64313725
v -7.50408699 -33.94520238 21.57849451 0.54117647 0.42352941 0.64313725
v -5.86247558 -34.66418517 21.51172749 0.54117647 0.42352941 0.64313725
v -8.57631013 -32.05739754 23.31439442 0.54117647 0.42352941 0.64313725
v -5.61845259 -34.02978938 22.43160723 0.54117647 0.42352941 0.64313725
v -4.86419861 -33.80294385 22.94347575 0.54117647 0.42352941 0.64313725
v -6.55017727 -32.37651797 23.77433429 0.54117647 0.42352941 0.64313725
v -8.24355095 -31.67676052 23.83368101 0.54117647 0.42352941 0.64313725
v -11.37148586 -36.27132026 13.39602289 0.54117647 0.42352941 0.64313725
v -8.63546797 -31.19615847 24.07106788 0.54117647 0.42352941 0.64313725
v -7.54845480 -25.67499574 29.14524030 0.54117647 0.42352941 0.64313725
v -7.83684617 -25.27129055 29.28618791 0.54117647 0.42352941 0.64313725
v -7.09738108 -23.01438165 30.78470095 0.54117647 0.42352941 0.64313725
v -7.67416380 -24.24856761 29.93900629 0.54117647 0.42352941 0.64313725
v -6.82377974 -23.42962204 30.65858945 0.54117647 0.42352941 0.64313725
v -7.25266899 -24.74839500 29.80547449 0.54117647 0.42352941 0.64313725
v -6.37270601 -23.56034536 30.73277229 0.54117647 0.42352941 0.64313725
v -5.67760987 -23.00669151 31.25205887 0.54117647 0.42352941 0.64313725
v 17.17923868 -20.98816110 31.31140559 0.54117647 0.42352941 0.64313725
v 15.67073072 -30.08885076 26.01468467 0.54117647 0.42352941 0.64313725
v 16.67640269 -30.20419382 25.38412271 0.54117647 0.42352941 0.64313725
v 11.36704701 -35.46390765 21.58591257 0.54117647 0.42352941 0.64313725
v 12.12869544 -36.22518169 20.09481759 0.54117647 0.42352941 0.64313725
v 17.00916187 -35.57925295 17.95090760 0.54117647 0.42352941 0.64313725
v 19.13142480 -29.55442001 24.78323298 0.54117647 0.42352941 0.64313725
v 19.33847498 -29.23529958 25.01320404 0.54117647 0.42352941 0.64313725
v 19.67123304 -28.68549080 25.36928434 0.54117647 0.42352941 0.64313725
v 20.02617668 -27.68583601 25.93308153 0.54117647 0.42352941 0.64313725
v 17.74123138 -22.21850424 30.40636422 0.54117647 0.42352941 0.64313725
v -4.10994462 -23.85639763 31.22980470 0.54117647 0.42352941 0.64313725
v -5.62584760 -23.79872386 30.82921155 0.54117647 0.42352941 0.64313725
v -5.37442905 -24.20627636 30.67342557 0.54117647 0.42352941 0.64313725
v -4.86419861 -24.33699968 30.74760840 0.54117647 0.42352941 0.64313725
v -4.11733963 -24.55999790 30.82921155 0.54117647 0.42352941 0.64313725
v -3.35569120 -24.51770665 31.04434424 0.54117647 0.42352941 0.64313725
v -3.35569120 -25.43277218 30.50280348 0.54117647 0.42352941 0.64313725
v -2.60143722 -26.02487446 30.32476108 0.54117647 0.42352941 0.64313725
v -1.92112997 -25.99411616 30.47312899 0.54117647 0.42352941 0.64313725
v -1.09292981 -26.18635833 30.49538542 0.54117647 0.42352941 0.64313725
v -2.60143722 -26.56699536 29.98351689 0.54117647 0.42352941 0.64313725
v -3.35569120 -27.76273288 29.01912656 0.54117647 0.42352941 0.64313725
v -2.60143722 -26.94378731 29.73870972 0.54117647 0.42352941 0.64313725
v -2.58664776 -27.57433803 29.33069851 0.54117647 0.42352941 0.64313725
v -4.10994462 -27.25521760 29.18975090 0.54117647 0.42352941 0.64313725
v -3.31871783 -28.33176700 28.59627923 0.54117647 0.42352941 0.64313725
v -3.04511593 -28.68549080 28.38856459 0.54117647 0.42352941 0.64313725
v -2.60143722 -33.38001332 24.00430310 0.54117647 0.42352941 0.64313725
v -1.84718323 -33.82985932 23.71498757 0.54117647 0.42352941 0.64313725
v -1.09292981 -33.87599565 23.77433429 0.54117647 0.42352941 0.64313725
v 0.00887253 -33.95289251 23.84851713 0.54117647 0.42352941 0.64313725
v 0.41557788 -33.97211785 23.87077355 0.54117647 0.42352941 0.64313725
v 1.16983158 -33.99903108 23.89302773 0.54117647 0.42352941 0.64313725
v 2.67833927 -35.17554552 22.80994395 0.54117647 0.42352941 0.64313725
v 3.43259311 -35.55233747 22.46128171 0.54117647 0.42352941 0.64313725
v 4.93370607 -35.96757786 22.00134184 0.54117647 0.42352941 0.64313725
v 5.68795977 -35.97911306 22.00134184 0.54117647 0.42352941 0.64313725
v 6.44221361 -35.58309802 22.48353589 0.54117647 0.42352941 0.64313725
v 7.19646732 -35.23321929 22.80252590 0.54117647 0.42352941 0.64313725
v 8.70497472 -35.43314935 22.30549573 0.54117647 0.42352941 0.64313725
v 10.22087714 -35.60232111 21.74911661 0.54117647 0.42352941 0.64313725
v 10.97513112 -35.83685453 21.20015779 0.54117647 0.42352941 0.64313725
v 19.96701885 -28.26256027 25.52507032 0.54117647 0.42352941 0.64313725
v 20.47725041 -27.99342348 25.42121300 0.54117647 0.42352941 0.64313725
v 21.22410882 -26.45934019 26.15563228 0.54117647 0.42352941 0.64313725
v 21.75652373 -27.01683911 25.21349836 0.54117647 0.42352941 0.64313725
v 20.18146460 -28.49709370 25.13931553 0.54117647 0.42352941 0.64313725
v 17.76341473 -38.21295380 -10.48373636 0.54117647 0.42352941 0.64313725
v 17.18663313 -38.42057400 -10.48373636 0.54117647 0.42352941 0.64313725
v 15.53762727 -39.38177810 -9.00006056 0.54117647 0.42352941 0.64313725
v 16.00348989 -39.28181307 -8.76267257 0.54117647 0.42352941 0.64313725
v 16.25490789 -39.33564178 -8.19145733 0.54117647 0.42352941 0.64313725
v 14.23616948 -39.95850236 -8.45110062 0.54117647 0.42352941 0.64313725
v 13.98475149 -39.88160549 -8.94071328 0.54117647 0.42352941 0.64313725
v 12.94950115 -40.00463868 -9.43774457 0.54117647 0.42352941 0.64313725
v 7.68451385 -40.75822259 -10.95851235 0.54117647 0.42352941 0.64313725
v 12.93471169 -40.75437752 -6.42588350 0.54117647 0.42352941 0.64313725
v 8.70497472 -41.33879192 -7.46445611 0.54117647 0.42352941 0.64313725
v 7.19646732 -40.68901586 -11.40361497 0.54117647 0.42352941 0.64313725
v 6.44221361 -40.80436116 -11.09946108 0.54117647 0.42352941 0.64313725
v 6.88589233 -41.50027354 -7.87246675 0.54117647 0.42352941 0.64313725
v 4.17945222 -41.90013590 -5.95110695 0.54117647 0.42352941 0.64313725
v 2.67833927 -41.70405092 -6.70778153 0.54117647 0.42352941 0.64313725
v 2.67833927 -41.55794732 -7.32350681 0.54117647 0.42352941 0.64313725
v 1.92408556 -41.63868925 -6.70778153 0.54117647 0.42352941 0.64313725
v 2.97412508 -42.25385970 -4.10393082 0.54117647 0.42352941 0.64313725
v 0.65960114 -41.52334170 -6.44813824 0.54117647 0.42352941 0.64313725
v -2.23909968 -40.73899950 -8.60688659 0.54117647 0.42352941 0.64313725
v -3.35569120 -41.24266971 -4.44517641 0.54117647 0.42352941 0.64313725
v -3.35569120 -41.33494685 -3.68850184 0.54117647 0.42352941 0.64313725
v -4.10994462 -41.16961791 -3.68850184 0.54117647 0.42352941 0.64313725
v -1.84718323 -41.84630945 0.82929047 0.54117647 0.42352941 0.64313725
v -2.56446385 -41.65021996 0.82929047 0.54117647 0.42352941 0.64313725
v -4.86419861 -41.00429347 3.09189573 0.54117647 0.42352941 0.64313725
v -8.32489213 -40.00079361 -0.20928243 0.54117647 0.42352941 0.64313725
v -5.42619187 -40.80436116 3.84857031 0.54117647 0.42352941 0.64313725
v -5.37442905 -40.78129300 4.60524516 0.54117647 0.42352941 0.64313725
v -10.58025964 -39.25489984 0.63641266 0.54117647 0.42352941 0.64313725
v -12.70252257 -38.43979709 0.96282129 0.54117647 0.42352941 0.64313725
v -5.75155548 -40.65056967 4.60524516 0.54117647 0.42352941 0.64313725
v -14.41068515 -36.27901040 8.17348480 0.54117647 0.42352941 0.64313725
v -12.76907373 -36.95954250 8.72244474 0.54117647 0.42352941 0.64313725
v -11.65248278 -38.21295380 5.35450112 0.54117647 0.42352941 0.64313725
v -5.30787732 -40.76206766 5.04292917 0.54117647 0.42352941 0.64313725
v -6.37270601 -39.79701849 8.37378081 0.54117647 0.42352941 0.64313725
v -12.14052987 -37.77079794 6.86785028 0.54117647 0.42352941 0.64313725
v -12.05179311 -37.72850669 7.27586093 0.54117647 0.42352941 0.64313725
v 20.24801576 -35.33702714 15.36931191 0.54117647 0.42352941 0.64313725
v 20.45506594 -35.49082087 14.86486145 0.54117647 0.42352941 0.64313725
v 21.17234656 -36.21749155 12.53549099 0.54117647 0.42352941 0.64313725
v 24.09323129 -29.35833277 20.74021792 0.54117647 0.42352941 0.64313725
v 24.84008970 -29.35064263 19.94644968 0.54117647 0.42352941 0.64313725
v 24.33725371 -29.52366171 20.23576745 0.54117647 0.42352941 0.64313725
v 23.29461061 -29.33910968 21.47463720 0.54117647 0.42352941 0.64313725
v 23.59039530 -29.52366171 20.97760479 0.54117647 0.42352941 0.64313725
v 19.63426079 -29.40831641 24.58293640 0.54117647 0.42352941 0.64313725
v 21.31284445 -36.29438842 12.14973508 0.54117647 0.42352941 0.64313725
v 20.78043067 -36.57890323 12.14973508 0.54117647 0.42352941 0.64313725
v 20.19625350 -36.87111043 12.14973508 0.54117647 0.42352941 0.64313725
v 19.27192270 -37.31711137 12.14973508 0.54117647 0.42352941 0.64313725
v 18.82084897 -37.69774614 11.60819432 0.54117647 0.42352941 0.64313725
v 20.08533339 -37.17100777 11.44498916 0.54117647 0.42352941 0.64313725
v 20.02617668 -38.15143721 7.61710624 0.54117647 0.42352941 0.64313725
v 21.28326666 -37.79771342 6.11117570 0.54117647 0.42352941 0.64313725
v 24.21894029 -36.23671465 5.86636909 0.54117647 0.42352941 0.64313725
v 19.58249741 -38.45133230 6.86785028 0.54117647 0.42352941 0.64313725
v 19.04268917 -39.30488123 2.34263949 0.54117647 0.42352941 0.64313725
v 19.24973935 -39.37024290 -0.66922186 0.54117647 0.42352941 0.64313725
v 19.17579262 -39.34717473 -1.42589644 0.54117647 0.42352941 0.64313725
v 19.23494933 -39.37793303 0.07261593 0.54117647 0.42352941 0.64313725
v 18.53985318 -39.33948685 -3.62173622 0.54117647 0.42352941 0.64313725
v 18.51766871 -39.43944963 -2.93182726 0.54117647 0.42352941 0.64313725
v 18.32540856 -39.30488123 -4.44517641 0.54117647 0.42352941 0.64313725
v 15.76686079 -39.95465729 -6.10689293 0.54117647 0.42352941 0.64313725
v 16.66161267 -39.99694855 -4.11134916 0.54117647 0.42352941 0.64313725
v 19.10184589 -39.33179671 1.58596505 0.54117647 0.42352941 0.64313725
v -12.68773255 -35.39854373 13.65566618 0.54117647 0.42352941 0.64313725
v -10.89822879 -36.65580010 12.89899160 0.54117647 0.42352941 0.64313725
v -10.50631290 -36.95954250 12.49839958 0.54117647 0.42352941 0.64313725
v -7.00125100 -38.58590069 12.14973508 0.54117647 0.42352941 0.64313725
v -6.83856864 -38.50900382 12.58741965 0.54117647 0.42352941 0.64313725
v -10.14397481 -36.71731670 13.65566618 0.54117647 0.42352941 0.64313725
v -6.32094375 -37.08257569 16.61559859 0.54117647 0.42352941 0.64313725
v -6.37270601 -37.34786741 15.91827186 0.54117647 0.42352941 0.64313725
v -6.37270601 -38.85503748 12.14973508 0.54117647 0.42352941 0.64313725
v -5.60366313 -37.61316138 15.88117932 0.54117647 0.42352941 0.64313725
v -5.61845259 -37.28635082 16.67494644 0.54117647 0.42352941 0.64313725
v -2.16515295 -36.95569744 19.29363354 0.54117647 0.42352941 0.64313725
v -5.35963959 -34.72954683 21.62300511 0.54117647 0.42352941 0.64313725
v -5.61105758 -34.44118470 21.90490258 0.54117647 0.42352941 0.64313725
v -4.86419861 -34.52192664 22.09036304 0.54117647 0.42352941 0.64313725
v -4.86419861 -34.14128961 22.56513903 0.54117647 0.42352941 0.64313725
v -4.30960035 -33.89137592 23.03249695 0.54117647 0.42352941 0.64313725
v -3.54795192 -28.60859393 28.31438176 0.54117647 0.42352941 0.64313725
v -4.69412179 -28.00111362 28.44791131 0.54117647 0.42352941 0.64313725
v -5.19695778 -27.88961339 28.35147205 0.54117647 0.42352941 0.64313725
v -7.12696000 -26.15944286 28.93752566 0.54117647 0.42352941 0.64313725
v -5.03427542 -27.05913036 29.05621910 0.54117647 0.42352941 0.64313725
v -7.12696000 -25.78265090 29.21200507 0.54117647 0.42352941 0.64313725
v -7.05301326 -25.19439369 29.60517792 0.54117647 0.42352941 0.64313725
v -6.74983301 -24.89449860 29.87965957 0.54117647 0.42352941 0.64313725
v -6.37270601 -23.93713732 30.52505765 0.54117647 0.42352941 0.64313725
v 16.25490789 -30.28493575 25.49539808 0.54117647 0.42352941 0.64313725
v 11.72938454 -36.28669828 20.19867491 0.54117647 0.42352941 0.64313725
v 11.72938454 -36.03293952 20.57701389 0.54117647 0.42352941 0.64313725
v 13.23789195 -36.83650932 18.32924433 0.54117647 0.42352941 0.64313725
v 13.63720341 -36.97876560 17.83221304 0.54117647 0.42352941 0.64313725
v 16.75034830 -36.26363012 17.13488518 0.54117647 0.42352941 0.64313725
v 17.00176630 -35.97142293 17.40194766 0.54117647 0.42352941 0.64313725
v 17.40847221 -35.47544060 17.82479498 0.54117647 0.42352941 0.64313725
v 18.22927735 -35.51389128 17.12004906 0.54117647 0.42352941 0.64313725
v -4.86419861 -24.71763670 30.53247571 0.54117647 0.42352941 0.64313725
v -5.87726447 -24.07555078 30.59924274 0.54117647 0.42352941 0.64313725
v -5.62584760 -24.48310328 30.44345676 0.54117647 0.42352941 0.64313725
v -4.36875763 -24.84066989 30.59924274 0.54117647 0.42352941 0.64313725
v -3.86592164 -24.95217013 30.66600751 0.54117647 0.42352941 0.64313725
v -4.53143943 -27.17832073 29.13782224 0.54117647 0.42352941 0.64313725
v -4.10994462 -27.63200955 28.92268730 0.54117647 0.42352941 0.64313725
v -4.10994462 -28.12414681 28.54435057 0.54117647 0.42352941 0.64313725
v -3.20040329 -33.29158575 23.93012027 0.54117647 0.42352941 0.64313725
v -3.80676436 -33.96442772 23.10667979 0.54117647 0.42352941 0.64313725
v -2.60143722 -33.75680752 23.63338443 0.54117647 0.42352941 0.64313725
v -1.84718323 -34.15282257 23.34406891 0.54117647 0.42352941 0.64313725
v -1.09292981 -34.22202930 23.39599756 0.54117647 0.42352941 0.64313725
v 2.67833927 -35.52926931 22.43160723 0.54117647 0.42352941 0.64313725
v 4.12768971 -36.46740525 21.27434062 0.54117647 0.42352941 0.64313725
v 4.34952907 -36.23286958 21.60816675 0.54117647 0.42352941 0.64313725
v 4.93370607 -36.24440478 21.63042317 0.54117647 0.42352941 0.64313725
v 4.93370607 -36.54814719 21.20015779 0.54117647 0.42352941 0.64313725
v 5.68795977 -36.24055971 21.62300511 0.54117647 0.42352941 0.64313725
v 6.17600644 -36.22902676 21.60816675 0.54117647 0.42352941 0.64313725
v 9.45922871 -35.65614757 21.84555587 0.54117647 0.42352941 0.64313725
v 10.22827215 -36.01371643 21.14822913 0.54117647 0.42352941 0.64313725
v 10.47968958 -36.19442339 20.79956464 0.54117647 0.42352941 0.64313725
v 10.97513112 -36.14443975 20.72537955 0.54117647 0.42352941 0.64313725
v 13.46712660 -40.70055106 -5.95110695 0.54117647 0.42352941 0.64313725
v 7.98769439 -41.44260201 -7.46445611 0.54117647 0.42352941 0.64313725
v 7.76585503 -41.52334170 -7.21964949 0.54117647 0.42352941 0.64313725
v 12.04735482 -41.47720538 -2.39028551 0.54117647 0.42352941 0.64313725
v 11.54451883 -41.53872198 -2.69443898 0.54117647 0.42352941 0.64313725
v 7.19646732 -41.63484418 -6.70778153 0.54117647 0.42352941 0.64313725
v 3.12201798 -42.25385970 -4.10393082 0.54117647 0.42352941 0.64313725
v 0.41557788 -42.19618817 -0.66922186 0.54117647 0.42352941 0.64313725
v 0.41557788 -42.16542763 -1.42589644 0.54117647 0.42352941 0.64313725
v 1.92408556 -42.34997741 2.34263949 0.54117647 0.42352941 0.64313725
v 1.16983158 -42.31537629 1.58596505 0.54117647 0.42352941 0.64313725
v -0.33867583 -42.10391103 -0.66922186 0.54117647 0.42352941 0.64313725
v -1.09292981 -41.96549757 -0.66922186 0.54117647 0.42352941 0.64313725
v -1.84718323 -41.82708411 0.07261593 0.54117647 0.42352941 0.64313725
v 0.65960114 -42.27308054 1.58596505 0.54117647 0.42352941 0.64313725
v 0.69657451 -42.26923997 2.34263949 0.54117647 0.42352941 0.64313725
v -1.84718323 -41.80401370 1.58596505 0.54117647 0.42352941 0.64313725
v -4.86419861 -40.97737799 3.84857031 0.54117647 0.42352941 0.64313725
v -12.34757892 -37.49781608 7.56517758 0.54117647 0.42352941 0.64313725
v 0.75573150 -42.25385970 2.80257908 0.54117647 0.42352941 0.64313725
v 0.46734042 -42.15389242 3.06964071 0.54117647 0.42352941 0.64313725
v -4.10994462 -40.21994901 9.13045539 0.54117647 0.42352941 0.64313725
v -4.84940915 -40.06615528 9.07852673 0.54117647 0.42352941 0.64313725
v -6.98646210 -39.37793303 9.13045539 0.54117647 0.42352941 0.64313725
v -7.19351228 -39.46252004 8.40345473 0.54117647 0.42352941 0.64313725
v 19.74517977 -35.51389128 15.64379132 0.54117647 0.42352941 0.64313725
v 17.50460229 -37.03643937 14.93162735 0.54117647 0.42352941 0.64313725
v 16.95739848 -37.52088649 14.37524934 0.54117647 0.42352941 0.64313725
v 16.95739848 -37.80155849 13.58148222 0.54117647 0.42352941 0.64313725
v 17.00916187 -37.99379841 12.89899160 0.54117647 0.42352941 0.64313725
v 16.20314450 -38.30522870 12.84706295 0.54117647 0.42352941 0.64313725
v 15.91475426 -38.48593566 12.55774629 0.54117647 0.42352941 0.64313725
v 17.77081030 -39.15108750 6.89752364 0.54117647 0.42352941 0.64313725
v 18.51766871 -38.89348591 6.86785028 0.54117647 0.42352941 0.64313725
v 19.27192270 -38.26678026 8.37378081 0.54117647 0.42352941 0.64313725
v 19.07966142 -38.54360719 7.47615750 0.54117647 0.42352941 0.64313725
v 16.63203488 -39.98157052 4.96874521 0.54117647 0.42352941 0.64313725
v 18.51766871 -39.50096622 2.34263949 0.54117647 0.42352941 0.64313725
v 17.40847221 -39.99310348 -0.39474187 0.54117647 0.42352941 0.64313725
v 17.76341473 -39.77010526 -2.18257102 0.54117647 0.42352941 0.64313725
v 17.76341473 -39.72396669 -2.93182726 0.54117647 0.42352941 0.64313725
v 17.40847221 -39.99310348 -0.25379270 0.54117647 0.42352941 0.64313725
v 15.50065390 -40.40834387 4.60524516 0.54117647 0.42352941 0.64313725
v 14.48758748 -40.77744793 3.84857031 0.54117647 0.42352941 0.64313725
v 17.24578984 -39.93927702 -2.18257102 0.54117647 0.42352941 0.64313725
v 16.86866285 -40.05846514 -2.18257102 0.54117647 0.42352941 0.64313725
v 12.42448125 -41.40030851 -2.15289752 0.54117647 0.42352941 0.64313725
v -5.61845259 -39.03189938 12.14973508 0.54117647 0.42352941 0.64313725
v -4.58320226 -40.00848375 9.57555858 0.54117647 0.42352941 0.64313725
v -0.59748855 -39.20491620 14.69423935 0.54117647 0.42352941 0.64313725
v -0.08725783 -39.25105477 14.83518809 0.54117647 0.42352941 0.64313725
v -1.66231752 -36.99798869 19.38265474 0.54117647 0.42352941 0.64313725
v -1.09292981 -36.86342030 19.86484878 0.54117647 0.42352941 0.64313725
v -1.14469208 -36.47125032 20.51024686 0.54117647 0.42352941 0.64313725
v -0.93024745 -36.27901040 20.91825807 0.54117647 0.42352941 0.64313725
v -4.86419861 -34.79106342 21.71202407 0.54117647 0.42352941 0.64313725
v -4.10994462 -34.60266857 22.20163842 0.54117647 0.42352941 0.64313725
v -4.86419861 -27.53204453 28.75206520 0.54117647 0.42352941 0.64313725
v -5.61845259 -26.90918394 28.94494372 0.54117647 0.42352941 0.64313725
v -6.32094375 -26.04025474 29.30102627 0.54117647 0.42352941 0.64313725
v -6.37270601 -25.36356545 29.70903523 0.54117647 0.42352941 0.64313725
v -5.61845259 -25.54811748 29.82031286 0.54117647 0.42352941 0.64313725
v -4.93814534 -25.34434235 30.13930287 0.54117647 0.42352941 0.64313725
v 10.97513112 -36.37128304 20.34704283 0.54117647 0.42352941 0.64313725
v 9.45922871 -39.62784673 14.41234076 0.54117647 0.42352941 0.64313725
v 9.45922871 -39.90851872 13.84112552 0.54117647 0.42352941 0.64313725
v 12.66111035 -36.92493689 18.47761224 0.54117647 0.42352941 0.64313725
v 13.23789195 -37.03643937 17.95090760 0.54117647 0.42352941 0.64313725
v 16.25490789 -37.42091921 15.16901534 0.54117647 0.42352941 0.64313725
v 16.76513832 -37.02874924 15.65862857 0.54117647 0.42352941 0.64313725
v 16.25490789 -36.68271558 16.67494644 0.54117647 0.42352941 0.64313725
v 9.93988079 -40.01232882 13.35151229 0.54117647 0.42352941 0.64313725
v 17.00176630 -36.39435345 16.68236449 0.54117647 0.42352941 0.64313725
v 17.25318429 -36.14828482 16.94200779 0.54117647 0.42352941 0.64313725
v 17.69686357 -35.61385406 17.39452847 0.54117647 0.42352941 0.64313725
v 17.77820475 -36.02524938 16.68236449 0.54117647 0.42352941 0.64313725
v 18.49548537 -35.64461461 16.65269114 0.54117647 0.42352941 0.64313725
v -5.23393115 -25.64423744 29.87224152 0.54117647 0.42352941 0.64313725
v -3.35569120 -34.01825418 23.16602651 0.54117647 0.42352941 0.64313725
v -0.33867583 -36.04447472 21.37819794 0.54117647 0.42352941 0.64313725
v -0.33867583 -36.32899179 20.99986121 0.54117647 0.42352941 0.64313725
v 4.17945222 -36.89033577 20.69570732 0.54117647 0.42352941 0.64313725
v 4.93370607 -36.89033577 20.70312538 0.54117647 0.42352941 0.64313725
v 5.68795977 -36.86342030 20.65861478 0.54117647 0.42352941 0.64313725
v 6.44221361 -36.83650932 20.59926806 0.54117647 0.42352941 0.64313725
v 9.45922871 -36.03293952 21.29659480 0.54117647 0.42352941 0.64313725
v 9.97685415 -36.22902676 20.85891135 0.54117647 0.42352941 0.64313725
v 6.44221361 -37.05181740 20.22093133 0.54117647 0.42352941 0.64313725
v 7.98769439 -41.55794732 -6.68552623 0.54117647 0.42352941 0.64313725
v 7.95072130 -41.90398097 -3.68850184 0.54117647 0.42352941 0.64313725
v 7.19646732 -41.98856798 -3.68850184 0.54117647 0.42352941 0.64313725
v 10.97513112 -41.69636078 -2.18257102 0.54117647 0.42352941 0.64313725
v 12.12869544 -41.50027354 -1.88583589 0.54117647 0.42352941 0.64313725
v 11.76635791 -41.56179238 -2.15289752 0.54117647 0.42352941 0.64313725
v 6.44221361 -42.05008457 -3.68850184 0.54117647 0.42352941 0.64313725
v 5.36259546 -42.25001463 -2.58316333 0.54117647 0.42352941 0.64313725
v 5.64359195 -42.26539490 -2.15289752 0.54117647 0.42352941 0.64313725
v 7.26301932 -42.27692561 0.13196296 0.54117647 0.42352941 0.64313725
v 6.44221361 -42.00778882 6.11117570 0.54117647 0.42352941 0.64313725
v 5.68795977 -42.02316909 6.11117570 0.54117647 0.42352941 0.64313725
v 1.92408556 -42.28846082 2.96578339 0.54117647 0.42352941 0.64313725
v 1.16983158 -42.27308054 2.92127307 0.54117647 0.42352941 0.64313725
v 1.16983158 -42.32306643 2.34263949 0.54117647 0.42352941 0.64313725
v 7.19646732 -42.27308054 -0.45408891 0.54117647 0.42352941 0.64313725
v 1.16983158 -42.22694422 3.29961036 0.54117647 0.42352941 0.64313725
v -2.24649413 -40.74284457 8.01769882 0.54117647 0.42352941 0.64313725
v -0.07246865 -40.76206766 9.63490530 0.54117647 0.42352941 0.64313725
v -0.33128110 -40.65825981 9.88713053 0.54117647 0.42352941 0.64313725
v -0.33867583 -40.45448244 10.63638593 0.54117647 0.42352941 0.64313725
v -1.84718323 -40.03539923 11.22243841 0.54117647 0.42352941 0.64313725
v 18.03701719 -36.15981778 16.17791515 0.54117647 0.42352941 0.64313725
v 17.26797431 -36.90955887 15.43607669 0.54117647 0.42352941 0.64313725
v 17.01655632 -37.15947256 15.17643340 0.54117647 0.42352941 0.64313725
v 16.67640269 -37.74004189 14.09335075 0.54117647 0.42352941 0.64313725
v 16.25490789 -38.03993473 13.65566618 0.54117647 0.42352941 0.64313725
v 10.73850259 -40.03155416 12.64676637 0.54117647 0.42352941 0.64313725
v 10.98252557 -40.10844878 12.14973508 0.54117647 0.42352941 0.64313725
v 11.72938454 -40.30069095 10.63638593 0.54117647 0.42352941 0.64313725
v 11.72938454 -40.48908580 9.88713053 0.54117647 0.42352941 0.64313725
v 14.36927293 -40.73899950 4.98358245 0.54117647 0.42352941 0.64313725
v 12.12869544 -41.50027354 -1.74488673 0.54117647 0.42352941 0.64313725
v 14.79816218 -40.63903447 4.60524516 0.54117647 0.42352941 0.64313725
v 14.42103519 -40.75437752 4.60524516 0.54117647 0.42352941 0.64313725
v 13.99214593 -40.90817126 3.84857031 0.54117647 0.42352941 0.64313725
v -1.84718323 -39.92005168 11.60077514 0.54117647 0.42352941 0.64313725
v 0.13458152 -39.97388038 12.49098039 0.54117647 0.42352941 0.64313725
v 1.16983158 -40.21994901 12.14973508 0.54117647 0.42352941 0.64313725
v 1.92408556 -40.32375911 12.14973508 0.54117647 0.42352941 0.64313725
v 1.92408556 -39.83546692 13.65566618 0.54117647 0.42352941 0.64313725
v 1.92408556 -39.54710704 14.41234076 0.54117647 0.42352941 0.64313725
v 2.67833927 -39.19338325 15.44349475 0.54117647 0.42352941 0.64313725
v 1.99803202 -37.57855802 18.86336815 0.54117647 0.42352941 0.64313725
v -0.33867583 -36.90187098 19.93161356 0.54117647 0.42352941 0.64313725
v -1.09292981 -37.03643937 19.48651206 0.54117647 0.42352941 0.64313725
v -0.33867583 -36.64426715 20.44348209 0.54117647 0.42352941 0.64313725
v 7.95072130 -38.28985067 17.43162101 0.54117647 0.42352941 0.64313725
v 8.70497472 -39.68552050 14.41234076 0.54117647 0.42352941 0.64313725
v 8.70497472 -39.92774181 13.83370746 0.54117647 0.42352941 0.64313725
v 9.45922871 -40.03924205 13.47020685 0.54117647 0.42352941 0.64313725
v 5.68795977 -37.39400599 19.69422669 0.54117647 0.42352941 0.64313725
v 16.25490789 -37.65929995 14.62005539 0.54117647 0.42352941 0.64313725
v 17.01655632 -36.78652343 15.91085268 0.54117647 0.42352941 0.64313725
v 10.22087714 -40.30838109 12.14973508 0.54117647 0.42352941 0.64313725
v 10.19869323 -40.08922569 12.89899160 0.54117647 0.42352941 0.64313725
v 16.25490789 -37.81693651 14.24171754 0.54117647 0.42352941 0.64313725
v 17.53418121 -36.28285322 16.43755844 0.54117647 0.42352941 0.64313725
v 4.17945222 -37.07873063 20.31737059 0.54117647 0.42352941 0.64313725
v 4.93370607 -37.09411090 20.32478865 0.54117647 0.42352941 0.64313725
v 5.68795977 -37.09026583 20.28027805 0.54117647 0.42352941 0.64313725
v 9.45922871 -36.26363012 20.91825807 0.54117647 0.42352941 0.64313725
v 7.63275158 -42.25770477 -0.35764998 0.54117647 0.42352941 0.64313725
v 5.86543131 -42.23078929 -2.39028551 0.54117647 0.42352941 0.64313725
v 10.97513112 -41.70789598 -1.42589644 0.54117647 0.42352941 0.64313725
v 6.10945458 -42.25385970 -1.88583589 0.54117647 0.42352941 0.64313725
v 7.63275158 -42.25770477 -0.07575164 0.54117647 0.42352941 0.64313725
v 7.55880513 -42.24616956 0.42869809 0.54117647 0.42352941 0.64313725
v 7.19646732 -41.87322043 6.11117570 0.54117647 0.42352941 0.64313725
v 7.19646732 -41.76941258 6.86785028 0.54117647 0.42352941 0.64313725
v 7.19646732 -41.65791010 7.61710624 0.54117647 0.42352941 0.64313725
v 6.44221361 -41.86937536 6.86785028 0.54117647 0.42352941 0.64313725
v 7.95072130 -42.19234310 0.82929047 0.54117647 0.42352941 0.64313725
v 8.70497472 -42.06161528 1.58596505 0.54117647 0.42352941 0.64313725
v 13.99214593 -40.85049973 4.60524516 0.54117647 0.42352941 0.64313725
v 5.68795977 -41.28112039 9.13045539 0.54117647 0.42352941 0.64313725
v 2.67833927 -40.93508673 9.88713053 0.54117647 0.42352941 0.64313725
v 3.43259311 -42.04239444 5.35450112 0.54117647 0.42352941 0.64313725
v 4.17945222 -42.07315048 5.35450112 0.54117647 0.42352941 0.64313725
v 0.41557788 -40.70824120 10.10968128 0.54117647 0.42352941 0.64313725
v 10.92336830 -40.65441474 9.83520187 0.54117647 0.42352941 0.64313725
v 11.14520794 -40.70824120 9.31591529 0.54117647 0.42352941 0.64313725
v 11.67762228 -40.63903447 9.09336341 0.54117647 0.42352941 0.64313725
v 11.38923092 -40.74668963 8.81146538 0.54117647 0.42352941 0.64313725
v 8.70497472 -42.10006596 0.82929047 0.54117647 0.42352941 0.64313725
v 1.92408556 -40.51215621 11.39306051 0.54117647 0.42352941 0.64313725
v 3.43259311 -39.21260634 15.50284259 0.54117647 0.42352941 0.64313725
v 5.68795977 -37.64391968 19.13784756 0.54117647 0.42352941 0.64313725
v 9.45922871 -40.18534565 12.89899160 0.54117647 0.42352941 0.64313725
v 6.44221361 -41.44260201 8.55924071 0.54117647 0.42352941 0.64313725
v 6.44221361 -41.54641211 8.18090342 0.54117647 0.42352941 0.64313725
v 7.19646732 -41.54256704 8.12155614 0.54117647 0.42352941 0.64313725
v 4.93370607 -37.37862796 19.69422669 0.54117647 0.42352941 0.64313725
v 10.22087714 -40.90432619 9.13045539 0.54117647 0.42352941 0.64313725
v 8.70497472 -42.09237583 0.07261593 0.54117647 0.42352941 0.64313725
v 10.92336830 -40.78513807 9.09336341 0.54117647 0.42352941 0.64313725
f 3782 3783 3784
f 3782 3784 3785
f 3782 3785 3786
f 3782 3786 3787
f 3782 3787 3788
f 3782 3788 3789
f 3782 3789 3790
f 3782 3790 3791
f 3782 3791 3792
f 3782 3792 3793
f 3782 3793 3794
f 3782 3794 3783
f 3783 3795 3796
f 3783 3796 3785
f 3783 3785 3784
f 3783 3794 3795
f 3785 3797 3798
f 3785 3798 3799
f 3785 3799 3800
f 3785 3800 3801
f 3785 3801 3786
f 3785 3796 3802
f 3785 3802 3797
f 3786 3801 3803
f 3786 3803 3804
f 3786 3804 3805
f 3786 3805 3787
f 3787 3805 3788
f 3788 3806 3789
f 3788 3805 3806
f 3789 3807 3808
f 3789 3808 3809
f 3789 3809 3810
f 3789 3810 3790
f 3789 3806 3811
f 3789 3811 3807
f 3790 3810 3791
f 3791 3810 3812
f 3791 3812 3814
f 3791 3814 3813
f 3791 3813 3792
f 3792 3813 3793
f 3793 3813 3814
f 3793 3814 3815
f 3793 3815 3794
f 3794 3815 3816
f 3794 3816 3817
f 3794 3817 3818
f 3794 3818 3795
f 3795 3802 3796
f 3795 3818 3819
f 3795 3819 3802
f 3797 3819 3798
f 3797 3802 3819
f 3798 3819 3799
f 3799 3820 3800
f 3799 3819 3820
f 3800 3820 3821
f 3800 3821 3801
f 3801 3822 3803
f 3801 3821 3823
f 3801 3823 3824
f 3801 3824 3825
f 3801 3825 3826
f 3801 3826 3827
f 3801 3827 3828
f 3801 3828 3822
f 3803 3829 3830
f 3803 3830 3804
f 3803 3822 3831
f 3803 3831 3832
f 3803 3832 3833
f 3803 3833 3834
f 3803 3834 3829
f 3804 3830 3835
f 3804 3835 3805
f 3805 3835 3836
f 3805 3836 3811
f 3805 3811 3806
f 3807 3837 3838
f 3807 3838 3808
f 3807 3811 3837
f 3808 3839 3840
f 3808 3840 3841
f 3808 3841 3842
f 3808 3842 3843
f 3808 3843 3844
f 3808 3844 3845
f 3808 3845 3810
f 3808 3810 3809
f 3808 3838 3846
f 3808 3846 3839
f 3810 3845 3851
f 3810 3851 3812
f 3811 3847 3837
f 3811 3836 3848
f 3811 3848 3849
f 3811 3849 3850
f 3811 3850 3847
f 3812 3851 3814
f 3814 3851 3852
f 3814 3852 3815
f 3815 3852 3853
f 3815 3853 3854
f 3815 3854 3816
f 3816 3854 3855
f 3816 3855 3817
f 3817 3855 3856
f 3817 3856 3857
f 3817 3857 3819
f 3817 3819 3818
f 3819 3858 3859
f 3819 3859 3860
f 3819 3860 3861
f 3819 3861 3862
f 3819 3862 3863
f 3819 3863 3864
f 3819 3864 3865
f 3819 3865 3866
f 3819 3866 3867
f 3819 3867 3868
f 3819 3868 3869
f 3819 3869 3870
f 3819 3870 3871
f 3819 3871 3872
f 3819 3872 3873
f 3819 3873 3874
f 3819 3874 3875
f 3819 3875 3876
f 3819 3876 3877
f 3819 3877 3878
f 3819 3878 3879
f 3819 3879 3880
f 3819 3880 3881
f 3819 3881 3882
f 3819 3882 3883
f 3819 3883 3884
f 3819 3884 3885
f 3819 3885 3886
f 3819 3886 3887
f 3819 3887 3888
f 3819 3888 3889
f 3819 3889 3890
f 3819 3890 3891
f 3819 3891 3892
f 3819 3892 3893
f 3819 3893 3894
f 3819 3894 3895
f 3819 3895 3896
f 3819 3896 3897
f 3819 3897 3898
f 3819 3898 3899
f 3819 3899 3900
f 3819 3900 3901
f 3819 3901 3902
f 3819 3902 3903
f 3819 3903 3904
f 3819 3904 3905
f 3819 3905 3906
f 3819 3906 3907
f 3819 3907 3908
f 3819 3908 3909
f 3819 3909 3910
f 3819 3910 3911
f 3819 3911 3912
f 3819 3912 3913
f 3819 3913 3914
f 3819 3914 3915
f 3819 3915 3916
f 3819 3916 3917
f 3819 3917 3918
f 3819 3918 3919
f 3819 3919 3920
f 3819 3920 3921
f 3819 3921 3922
f 3819 3922 3923
f 3819 3923 3924
f 3819 3924 3925
f 3819 3925 3926
f 3819 3926 3927
f 3819 3927 3928
f 3819 3928 3929
f 3819 3929 3930
f 3819 3930 3931
f 3819 3931 3932
f 3819 3932 3933
f 3819 3933 3934
f 3819 3934 3935
f 3819 3935 3936
f 3819 3936 3937
f 3819 3937 3938
f 3819 3938 3939
f 3819 3939 3940
f 3819 3940 3941
f 3819 3941 3942
f 3819 3942 3943
f 3819 3943 3944
f 3819 3944 3945
f 3819 3945 3821
f 3819 3821 3820
f 3819 3857 3946
f 3819 3946 3947
f 3819 3947 3948
f 3819 3948 3949
f 3819 3949 3950
f 3819 3950 3951
f 3819 3951 3952
f 3819 3952 3953
f 3819 3953 3954
f 3819 3954 3955
f 3819 3955 3956
f 3819 3956 3957
f 3819 3957 3958
f 3819 3958 3959
f 3819 3959 3960
f 3819 3960 3961
f 3819 3961 3962
f 3819 3962 3963
f 3819 3963 3964
f 3819 3964 3965
f 3819 3965 3966
f 3819 3966 3967
f 3819 3967 3968
f 3819 3968 3969
f 3819 3969 3970
f 3819 3970 3971
f 3819 3971 3972
f 3819 3972 3973
f 3819 3973 3974
f 3819 3974 3975
f 3819 3975 3976
f 3819 3976 3977
f 3819 3977 3978
f 3819 3978 3979
f 3819 3979 3980
f 3819 3980 3981
f 3819 3981 3982
f 3819 3982 3983
f 3819 3983 3984
f 3819 3984 3985
f 3819 3985 3986
f 3819 3986 3987
f 3819 3987 3988
f 3819 3988 3989
f 3819 3989 3990
f 3819 3990 3991
f 3819 3991 3992
f 3819 3992 3993
f 3819 3993 3994
f 3819 3994 3995
f 3819 3995 3996
f 3819 3996 3997
f 3819 3997 3998
f 3819 3998 3999
f 3819 3999 4000
f 3819 4000 4001
f 3819 4001 4002
f 3819 4002 4003
f 3819 4003 4004
f 3819 4004 4005
f 3819 4005 4006
f 3819 4006 4007
f 3819 4007 4008
f 3819 4008 4009
f 3819 4009 4010
f 3819 4010 4011
f 3819 4011 4012
f 3819 4012 4013
f 3819 4013 4014
f 3819 4014 4015
f 3819 4015 4016
f 3819 4016 4017
f 3819 4017 4018
f 3819 4018 4019
f 3819 4019 4020
f 3819 4020 4021
f 3819 4021 4022
f 3819 4022 4023
f 3819 4023 4024
f 3819 4024 4025
f 3819 4025 4026
f 3819 4026 4027
f 3819 4027 4028
f 3819 4028 4029
f 3819 4029 4030
f 3819 4030 4031
f 3819 4031 4032
f 3819 4032 4033
f 3819 4033 4034
f 3819 4034 4035
f 3819 4035 4036
f 3819 4036 4037
f 3819 4037 4038
f 3819 4038 4039
f 3819 4039 4040
f 3819 4040 4041
f 3819 4041 4042
f 3819 4042 4043
f 3819 4043 3858
f 3821 3945 4045
f 3821 4045 3823
f 3822 3828 4044
f 3822 4044 3831
f 3823 4045 4046
f 3823 4046 4047
f 3823 4047 3824
f 3824 4047 3825
f 3825 4047 4048
f 3825 4048 3826
f 3826 4048 4049
f 3826 4049 3827
f 3827 4049 3828
f 3828 4049 4048
f 3828 4048 4050
f 3828 4050 4044
f 3829 3834 4051
f 3829 4051 4052
f 3829 4052 3830
f 3830 4052 4053
f 3830 4053 4054
f 3830 4054 4055
f 3830 4055 4056
f 3830 4056 3836
f 3830 3836 3835
f 3831 4044 4057
f 3831 4057 3833
f 3831 3833 3832
f 3833 4058 3834
f 3833 4057 4050
f 3833 4050 4048
f 3833 4048 4059
f 3833 4059 4058
f 3834 4058 4051
f 3836 4056 3848
f 3837 4060 3838
f 3837 3847 3850
f 3837 3850 4060
f 3838 4060 3846
f 3839 4061 4062
f 3839 4062 4063
f 3839 4063 4064
f 3839 4064 4065
f 3839 4065 4066
f 3839 4066 3841
f 3839 3841 3840
f 3839 3846 4067
f 3839 4067 4060
f 3839 4060 4068
f 3839 4068 4061
f 3841 4066 3842
f 3842 4065 4069
f 3842 4069 4285
f 3842 4285 4070
f 3842 4070 4071
f 3842 4071 3844
f 3842 3844 4072
f 3842 4072 3843
f 3842 4066 4065
f 3843 4072 3844
f 3844 3852 3851
f 3844 3851 3845
f 3844 4071 4073
f 3844 4073 4074
f 3844 4074 3852
f 3846 4060 4067
f 3848 4056 4055
f 3848 4055 3849
f 3849 4055 3850
f 3850 4055 4054
f 3850 4054 4053
f 3850 4053 4068
f 3850 4068 4060
f 3852 4074 3853
f 3853 4074 4075
f 3853 4075 3854
f 3854 4075 4076
f 3854 4076 3855
f 3855 4076 4077
f 3855 4077 4078
f 3855 4078 3946
f 3855 3946 3856
f 3856 3946 3857
f 3858 4079 4080
f 3858 4080 3859
f 3858 4043 4079
f 3859 4080 4081
f 3859 4081 4082
f 3859 4082 3860
f 3860 4082 4083
f 3860 4083 3861
f 3861 4083 3862
f 3862 4083 3863
f 3863 4084 3864
f 3863 4083 4084
f 3864 4084 3865
f 3865 4084 4085
f 3865 4085 3866
f 3866 4085 4086
f 3866 4086 3867
f 3867 4086 3868
f 3868 4087 3869
f 3868 4086 4087
f 3869 4087 4088
f 3869 4088 3870
f 3870 4088 4089
f 3870 4089 3871
f 3871 4089 4090
f 3871 4090 4091
f 3871 4091 3872
f 3872 4091 3873
f 3873 4091 3874
f 3874 4091 4092
f 3874 4092 4093
f 3874 4093 4094
f 3874 4094 4095
f 3874 4095 3875
f 3875 4095 3876
f 3876 4095 4096
f 3876 4096 3877
f 3877 4096 4097
f 3877 4097 3878
f 3878 4098 3879
f 3878 4097 4094
f 3878 4094 4098
f 3879 4098 3880
f 3880 4098 4099
f 3880 4099 3881
f 3881 4100 4101
f 3881 4101 3882
f 3881 4099 4100
f 3882 4101 3883
f 3883 4101 4102
f 3883 4102 3884
f 3884 4102 4103
f 3884 4103 3885
f 3885 4103 4104
f 3885 4104 3886
f 3886 4104 3887
f 3887 4105 3888
f 3887 4104 4105
f 3888 4106 4107
f 3888 4107 3889
f 3888 4105 4108
f 3888 4108 4109
f 3888 4109 4110
f 3888 4110 4111
f 3888 4111 4106
f 3889 4107 3890
f 3890 4107 4112
f 3890 4112 4113
f 3890 4113 3891
f 3891 4113 3892
f 3892 4114 4115
f 3892 4115 3893
f 3892 4113 4114
f 3893 4115 3894
f 3894 4115 4116
f 3894 4116 3895
f 3895 4116 3896
f 3896 4116 4117
f 3896 4117 4118
f 3896 4118 3897
f 3897 4118 4119
f 3897 4119 3898
f 3898 4119 3899
f 3899 4119 3900
f 3900 4120 4121
f 3900 4121 3901
f 3900 4119 4120
f 3901 4121 4122
f 3901 4122 4123
f 3901 4123 3902
f 3902 4123 4124
f 3902 4124 3903
f 3903 4124 3904
f 3904 4124 3905
f 3905 4125 4126
f 3905 4126 3906
f 3905 4124 4127
f 3905 4127 4125
f 3906 4128 4129
f 3906 4129 4130
f 3906 4130 4131
f 3906 4131 3907
f 3906 4126 4128
f 3907 4131 4132
f 3907 4132 4133
f 3907 4133 4134
f 3907 4134 3908
f 3908 4134 3909
f 3909 4134 3910
f 3910 4134 4135
f 3910 4135 4136
f 3910 4136 4137
f 3910 4137 3911
f 3911 4137 3912
f 3912 4137 4138
f 3912 4138 3913
f 3913 4138 4139
f 3913 4139 4140
f 3913 4140 4141
f 3913 4141 3914
f 3914 4141 3915
f 3915 4141 4142
f 3915 4142 3916
f 3916 4142 4143
f 3916 4143 3917
f 3917 4143 3918
f 3918 4143 4144
f 3918 4144 3919
f 3919 4144 4145
f 3919 4145 3920
f 3920 4145 3921
f 3921 4145 3922
f 3922 4146 4147
f 3922 4147 4148
f 3922 4148 3923
f 3922 4145 4149
f 3922 4149 4146
f 3923 4148 3924
f 3924 4148 3925
f 3925 4148 3926
f 3926 4148 3927
f 3927 4148 3928
f 3928 4148 4150
f 3928 4150 3929
f 3929 4150 3930
f 3930 4150 4151
f 3930 4151 4152
f 3930 4152 3931
f 3931 4152 3932
f 3932 4152 4153
f 3932 4153 4154
f 3932 4154 3933
f 3933 4154 3934
f 3934 4155 3935
f 3934 4154 4155
f 3935 4155 4156
f 3935 4156 3936
f 3936 4156 3937
f 3937 4156 4157
f 3937 4157 4158
f 3937 4158 3938
f 3938 4158 4159
f 3938 4159 3939
f 3939 4159 3940
f 3940 4159 4160
f 3940 4160 3941
f 3941 4161 4162
f 3941 4162 3942
f 3941 4160 4161
f 3942 4162 4163
f 3942 4163 3943
f 3943 4163 3944
f 3944 4046 4045
f 3944 4045 3945
f 3944 4163 4046
f 3946 4078 3947
f 3947 4078 3948
f 3948 4078 3949
f 3949 4164 3950
f 3949 4078 4164
f 3950 4164 3951
f 3951 4165 3952
f 3951 4164 4165
f 3952 4165 3953
f 3953 4165 3954
f 3954 4165 4166
f 3954 4166 4167
f 3954 4167 4168
f 3954 4168 3955
f 3955 4169 4170
f 3955 4170 3956
f 3955 4168 4167
f 3955 4167 4169
f 3956 4170 4171
f 3956 4171 3957
f 3957 4171 4172
f 3957 4172 3958
f 3958 4172 4173
f 3958 4173 3959
f 3959 4173 4174
f 3959 4174 3960
f 3960 4174 4175
f 3960 4175 3961
f 3961 4175 4176
f 3961 4176 3962
f 3962 4176 4177
f 3962 4177 3963
f 3963 4177 4178
f 3963 4178 4179
f 3963 4179 3964
f 3964 4179 3965
f 3965 4180 3966
f 3965 4179 4180
f 3966 4180 4181
f 3966 4181 4182
f 3966 4182 4183
f 3966 4183 3967
f 3967 4183 3968
f 3968 4183 3969
f 3969 4184 3970
f 3969 4183 4184
f 3970 4184 4185
f 3970 4185 3971
f 3971 4185 4186
f 3971 4186 3972
f 3972 4187 4188
f 3972 4188 3973
f 3972 4186 4187
f 3973 4189 3974
f 3973 4188 4190
f 3973 4190 4191
f 3973 4191 4189
f 3974 4189 3975
f 3975 4192 3976
f 3975 4189 4193
f 3975 4193 4194
f 3975 4194 4192
f 3976 4192 3977
f 3977 4192 3978
f 3978 4192 4195
f 3978 4195 3979
f 3979 4195 3980
f 3980 4195 4196
f 3980 4196 4197
f 3980 4197 3981
f 3981 4197 3982
f 3982 4198 3983
f 3982 4197 4198
f 3983 4198 3984
f 3984 4198 3985
f 3985 4198 4199
f 3985 4199 4200
f 3985 4200 3986
f 3986 4200 4201
f 3986 4201 3987
f 3987 4201 4202
f 3987 4202 4203
f 3987 4203 3988
f 3988 4203 4204
f 3988 4204 3989
f 3989 4205 3990
f 3989 4204 4205
f 3990 4205 4206
f 3990 4206 3991
f 3991 4207 3992
f 3991 4206 4208
f 3991 4208 4207
f 3992 4207 3993
f 3993 4209 3994
f 3993 4207 4209
f 3994 4209 4210
f 3994 4210 3995
f 3995 4210 4211
f 3995 4211 3996
f 3996 4211 4212
f 3996 4212 4213
f 3996 4213 3997
f 3997 4213 3998
f 3998 4213 4212
f 3998 4212 4211
f 3998 4211 3999
f 3999 4211 4214
f 3999 4214 4215
f 3999 4215 4000
f 4000 4215 4001
f 4001 4215 4002
f 4002 4215 4216
f 4002 4216 4217
f 4002 4217 4218
f 4002 4218 4003
f 4003 4218 4004
f 4004 4219 4220
f 4004 4220 4005
f 4004 4218 4221
f 4004 4221 4222
f 4004 4222 4223
f 4004 4223 4219
f 4005 4220 4224
f 4005 4224 4006
f 4006 4225 4226
f 4006 4226 4007
f 4006 4224 4220
f 4006 4220 4227
f 4006 4227 4225
f 4007 4226 4228
f 4007 4228 4008
f 4008 4228 4229
f 4008 4229 4009
f 4009 4229 4228
f 4009 4228 4010
f 4010 4228 4011
f 4011 4228 4230
f 4011 4230 4231
f 4011 4231 4012
f 4012 4231 4013
f 4013 4231 4232
f 4013 4232 4233
f 4013 4233 4234
f 4013 4234 4014
f 4014 4234 4015
f 4015 4234 4016
f 4016 4234 4235
f 4016 4235 4017
f 4017 4235 4236
f 4017 4236 4018
f 4018 4236 4237
f 4018 4237 4238
f 4018 4238 4019
f 4019 4238 4239
f 4019 4239 4020
f 4020 4239 4240
f 4020 4240 4021
f 4021 4240 4241
f 4021 4241 4022
f 4022 4242 4243
f 4022 4243 4023
f 4022 4241 4242
f 4023 4243 4024
f 4024 4243 4244
f 4024 4244 4025
f 4025 4244 4026
f 4026 4244 4027
f 4027 4244 4245
f 4027 4245 4028
f 4028 4245 4029
f 4029 4245 4246
f 4029 4246 4247
f 4029 4247 4030
f 4030 4247 4031
f 4031 4247 4248
f 4031 4248 4032
f 4032 4248 4249
f 4032 4249 4033
f 4033 4249 4034
f 4034 4249 4035
f 4035 4249 4250
f 4035 4250 4036
f 4036 4250 4037
f 4037 4250 4038
f 4038 4250 4039
f 4039 4251 4040
f 4039 4250 4251
f 4040 4251 4041
f 4041 4252 4042
f 4041 4251 4252
f 4042 4252 4043
f 4043 4252 4253
f 4043 4253 4079
f 4044 4050 4057
f 4046 4254 4047
f 4046 4163 4255
f 4046 4255 4254
f 4047 4254 4256
f 4047 4256 4048
f 4048 4256 4257
f 4048 4257 4258
f 4048 4258 4059
f 4051 4058 4259
f 4051 4259 4260
f 4051 4260 4261
f 4051 4261 4052
f 4052 4261 4262
f 4052 4262 4053
f 4053 4263 4068
f 4053 4262 4264
f 4053 4264 4265
f 4053 4265 4266
f 4053 4266 4267
f 4053 4267 4268
f 4053 4268 4263
f 4058 4059 4259
f 4059 4258 4269
f 4059 4269 4259
f 4061 4268 4062
f 4061 4068 4263
f 4061 4263 4268
f 4062 4270 4063
f 4062 4268 4271
f 4062 4271 4270
f 4063 4270 4272
f 4063 4272 4273
f 4063 4273 4274
f 4063 4274 4275
f 4063 4275 4064
f 4064 4276 4277
f 4064 4277 4278
f 4064 4278 4065
f 4064 4275 4274
f 4064 4274 4279
f 4064 4279 4280
f 4064 4280 4281
f 4064 4281 4282
f 4064 4282 4283
f 4064 4283 4276
f 4065 4278 4277
f 4065 4277 4284
f 4065 4284 4069
f 4069 4284 4286
f 4069 4286 4287
f 4069 4287 4285
f 4070 4285 4288
f 4070 4288 4071
f 4071 4289 4073
f 4071 4288 4290
f 4071 4290 4291
f 4071 4291 4289
f 4073 4289 4076
f 4073 4076 4074
f 4074 4076 4075
f 4076 4289 4292
f 4076 4292 4077
f 4077 4292 4390
f 4077 4390 4293
f 4077 4293 4294
f 4077 4294 4164
f 4077 4164 4078
f 4079 4295 4296
f 4079 4296 4080
f 4079 4253 4295
f 4080 4296 4297
f 4080 4297 4083
f 4080 4083 4081
f 4081 4083 4082
f 4083 4297 4085
f 4083 4085 4084
f 4085 4298 4537
f 4085 4537 4299
f 4085 4299 4086
f 4085 4297 4298
f 4086 4299 4300
f 4086 4300 4301
f 4086 4301 4087
f 4087 4302 4088
f 4087 4301 4302
f 4088 4302 4089
f 4089 4302 4303
f 4089 4303 4304
f 4089 4304 4305
f 4089 4305 4090
f 4090 4305 4304
f 4090 4304 4303
f 4090 4303 4306
f 4090 4306 4094
f 4090 4094 4307
f 4090 4307 4091
f 4091 4307 4094
f 4091 4094 4092
f 4092 4094 4093
f 4094 4308 4309
f 4094 4309 4098
f 4094 4097 4095
f 4094 4306 4310
f 4094 4310 4308
f 4095 4097 4096
f 4098 4309 4311
f 4098 4311 4099
f 4099 4311 4312
f 4099 4312 4313
f 4099 4313 4314
f 4099 4314 4100
f 4100 4314 4101
f 4101 4314 4315
f 4101 4315 4316
f 4101 4316 4102
f 4102 4317 4318
f 4102 4318 4103
f 4102 4316 4317
f 4103 4318 4104
f 4104 4318 4319
f 4104 4319 4105
f 4105 4319 4320
f 4105 4320 4108
f 4106 4111 4107
f 4107 4111 4112
f 4108 4321 4322
f 4108 4322 4109
f 4108 4320 4323
f 4108 4323 4324
f 4108 4324 4325
f 4108 4325 4321
f 4109 4322 4110
f 4110 4322 4111
f 4111 4322 4326
f 4111 4326 4327
f 4111 4327 4112
f 4112 4114 4113
f 4112 4327 4328
f 4112 4328 4329
f 4112 4329 4330
f 4112 4330 4114
f 4114 4330 4115
f 4115 4331 4332
f 4115 4332 4116
f 4115 4330 4329
f 4115 4329 4331
f 4116 4332 4333
f 4116 4333 4117
f 4117 4333 4334
f 4117 4334 4118
f 4118 4334 4335
f 4118 4335 4119
f 4119 4335 4120
f 4120 4335 4336
f 4120 4336 4337
f 4120 4337 4338
f 4120 4338 4121
f 4121 4338 4339
f 4121 4339 4340
f 4121 4340 4122
f 4122 4340 4123
f 4123 4340 4341
f 4123 4341 4342
f 4123 4342 4343
f 4123 4343 4127
f 4123 4127 4124
f 4125 4127 4344
f 4125 4344 4126
f 4126 4344 4345
f 4126 4345 4346
f 4126 4346 4347
f 4126 4347 4128
f 4127 4343 4344
f 4128 4347 4129
f 4129 4347 4130
f 4130 4347 4348
f 4130 4348 4349
f 4130 4349 4350
f 4130 4350 4351
f 4130 4351 4132
f 4130 4132 4131
f 4132 4351 4352
f 4132 4352 4353
f 4132 4353 4134
f 4132 4134 4133
f 4134 4353 4135
f 4135 4353 4352
f 4135 4352 4354
f 4135 4354 4136
f 4136 4354 4137
f 4137 4354 4355
f 4137 4355 4138
f 4138 4355 4356
f 4138 4356 4357
f 4138 4357 4358
f 4138 4358 4359
f 4138 4359 4140
f 4138 4140 4139
f 4140 4359 4360
f 4140 4360 4361
f 4140 4361 4362
f 4140 4362 4363
f 4140 4363 4364
f 4140 4364 4365
f 4140 4365 4366
f 4140 4366 4141
f 4141 4366 4142
f 4142 4366 4143
f 4143 4367 4368
f 4143 4368 4144
f 4143 4366 4367
f 4144 4368 4369
f 4144 4369 4370
f 4144 4370 4145
f 4145 4370 4149
f 4146 4371 4147
f 4146 4149 4372
f 4146 4372 4371
f 4147 4371 4373
f 4147 4373 4374
f 4147 4374 4148
f 4148 4374 4375
f 4148 4375 4150
f 4149 4370 4372
f 4150 4375 4376
f 4150 4376 4377
f 4150 4377 4152
f 4150 4152 4151
f 4152 4377 4378
f 4152 4378 4153
f 4153 4378 4379
f 4153 4379 4380
f 4153 4380 4154
f 4154 4380 4155
f 4155 4381 4382
f 4155 4382 4383
f 4155 4383 4156
f 4155 4380 4384
f 4155 4384 4381
f 4156 4385 4157
f 4156 4383 4385
f 4157 4385 4158
f 4158 4386 4387
f 4158 4387 4160
f 4158 4160 4159
f 4158 4385 4386
f 4160 4387 4162
f 4160 4162 4161
f 4162 4255 4163
f 4162 4387 4255
f 4164 4294 4293
f 4164 4293 4165
f 4165 4388 4389
f 4165 4389 4166
f 4165 4293 4390
f 4165 4390 4388
f 4166 4389 4167
f 4167 4389 4391
f 4167 4391 4169
f 4169 4391 4170
f 4170 4391 4392
f 4170 4392 4171
f 4171 4392 4172
f 4172 4392 4173
f 4173 4393 4395
f 4173 4395 4174
f 4173 4392 4394
f 4173 4394 4393
f 4174 4395 4175
f 4175 4396 4176
f 4175 4395 4396
f 4176 4396 4397
f 4176 4397 4398
f 4176 4398 4399
f 4176 4399 4400
f 4176 4400 4401
f 4176 4401 4177
f 4177 4401 4179
f 4177 4179 4178
f 4179 4402 4180
f 4179 4401 4402
f 4180 4402 4181
f 4181 4402 4403
f 4181 4403 4182
f 4182 4403 4183
f 4183 4403 4404
f 4183 4404 4405
f 4183 4405 4406
f 4183 4406 4407
f 4183 4407 4408
f 4183 4408 4409
f 4183 4409 4191
f 4183 4191 4184
f 4184 4191 4410
f 4184 4410 4185
f 4185 4410 4186
f 4186 4410 4187
f 4187 4410 4411
f 4187 4411 4191
f 4187 4191 4188
f 4188 4191 4190
f 4189 4412 4413
f 4189 4413 4194
f 4189 4194 4193
f 4189 4191 4414
f 4189 4414 4415
f 4189 4415 4412
f 4191 4411 4410
f 4191 4409 4408
f 4191 4408 4416
f 4191 4416 4414
f 4192 4194 4195
f 4194 4417 4196
f 4194 4196 4418
f 4194 4418 4195
f 4194 4413 4415
f 4194 4415 4419
f 4194 4419 4417
f 4195 4418 4196
f 4196 4417 4420
f 4196 4420 4421
f 4196 4421 4422
f 4196 4422 4197
f 4197 4422 4198
f 4198 4422 4423
f 4198 4423 4199
f 4199 4201 4200
f 4199 4423 4201
f 4201 4424 4425
f 4201 4425 4426
f 4201 4426 4203
f 4201 4203 4202
f 4201 4423 4424
f 4203 4426 4427
f 4203 4427 4428
f 4203 4428 4204
f 4204 4429 4205
f 4204 4428 4429
f 4205 4429 4430
f 4205 4430 4206
f 4206 4430 4208
f 4207 4431 4432
f 4207 4432 4433
f 4207 4433 4434
f 4207 4434 4209
f 4207 4208 4435
f 4207 4435 4431
f 4208 4436 4437
f 4208 4437 4435
f 4208 4430 4438
f 4208 4438 4439
f 4208 4439 4440
f 4208 4440 4436
f 4209 4434 4210
f 4210 4434 4441
f 4210 4441 4442
f 4210 4442 4443
f 4210 4443 4211
f 4211 4443 4444
f 4211 4444 4215
f 4211 4215 4214
f 4215 4444 4445
f 4215 4445 4216
f 4216 4446 4447
f 4216 4447 4218
f 4216 4218 4217
f 4216 4445 4446
f 4218 4447 4221
f 4219 4223 4448
f 4219 4448 4449
f 4219 4449 4220
f 4220 4449 4227
f 4221 4447 4222
f 4222 4447 4446
f 4222 4446 4450
f 4222 4450 4448
f 4222 4448 4223
f 4225 4227 4451
f 4225 4451 4452
f 4225 4452 4453
f 4225 4453 4454
f 4225 4454 4226
f 4226 4454 4455
f 4226 4455 4231
f 4226 4231 4230
f 4226 4230 4228
f 4227 4449 4456
f 4227 4456 4452
f 4227 4452 4451
f 4231 4457 4233
f 4231 4233 4232
f 4231 4455 4458
f 4231 4458 4457
f 4233 4457 4234
f 4234 4459 4460
f 4234 4460 4235
f 4234 4457 4458
f 4234 4458 4461
f 4234 4461 4459
f 4235 4462 4237
f 4235 4237 4236
f 4235 4460 4462
f 4237 4463 4238
f 4237 4462 4463
f 4238 4463 4239
f 4239 4463 4464
f 4239 4464 4240
f 4240 4464 4465
f 4240 4465 4241
f 4241 4465 4466
f 4241 4466 4242
f 4242 4466 4467
f 4242 4467 4243
f 4243 4468 4244
f 4243 4467 4468
f 4244 4469 4471
f 4244 4471 4245
f 4244 4468 4470
f 4244 4470 4469
f 4245 4471 4246
f 4246 4471 4472
f 4246 4472 4247
f 4247 4472 4473
f 4247 4473 4474
f 4247 4474 4248
f 4248 4474 4249
f 4249 4474 4475
f 4249 4475 4476
f 4249 4476 4477
f 4249 4477 4478
f 4249 4478 4479
f 4249 4479 4480
f 4249 4480 4250
f 4250 4480 4479
f 4250 4479 4251
f 4251 4481 4482
f 4251 4482 4483
f 4251 4483 4252
f 4251 4479 4481
f 4252 4484 4253
f 4252 4483 4482
f 4252 4482 4485
f 4252 4485 4484
f 4253 4484 4485
f 4253 4485 4486
f 4253 4486 4487
f 4253 4487 4488
f 4253 4488 4489
f 4253 4489 4295
f 4254 4255 4490
f 4254 4490 4256
f 4255 4387 4490
f 4256 4490 4257
f 4257 4490 4491
f 4257 4491 4258
f 4258 4491 4492
f 4258 4492 4493
f 4258 4493 4269
f 4259 4269 4494
f 4259 4494 4260
f 4260 4494 4495
f 4260 4495 4496
f 4260 4496 4261
f 4261 4496 4262
f 4262 4497 4498
f 4262 4498 4499
f 4262 4499 4264
f 4262 4496 4500
f 4262 4500 4501
f 4262 4501 4502
f 4262 4502 4497
f 4264 4499 4503
f 4264 4503 4265
f 4265 4504 4505
f 4265 4505 4266
f 4265 4503 4504
f 4266 4505 4267
f 4267 4505 4506
f 4267 4506 4512
f 4267 4512 4271
f 4267 4271 4268
f 4269 4507 4508
f 4269 4508 4495
f 4269 4495 4494
f 4269 4493 4507
f 4270 4271 4509
f 4270 4509 4510
f 4270 4510 4272
f 4271 4511 4509
f 4271 4512 4511
f 4272 4510 4513
f 4272 4513 4273
f 4273 4513 4274
f 4274 4514 4515
f 4274 4515 4516
f 4274 4516 4279
f 4274 4513 4514
f 4276 4284 4277
f 4276 4283 4517
f 4276 4517 4284
f 4279 4516 4280
f 4280 4516 4518
f 4280 4518 4519
f 4280 4519 4520
f 4280 4520 4281
f 4281 4520 4521
f 4281 4521 4282
f 4282 4521 4520
f 4282 4520 4522
f 4282 4522 4523
f 4282 4523 4524
f 4282 4524 4525
f 4282 4525 4526
f 4282 4526 4527
f 4282 4527 4528
f 4282 4528 4283
f 4283 4528 4529
f 4283 4529 4530
f 4283 4530 4517
f 4284 4517 4531
f 4284 4531 4532
f 4284 4532 4533
f 4284 4533 4534
f 4284 4534 4535
f 4284 4535 4286
f 4285 4287 4288
f 4286 4290 4287
f 4286 4535 4291
f 4286 4291 4290
f 4287 4290 4288
f 4289 4291 4390
f 4289 4390 4292
f 4291 4535 4390
f 4295 4489 4296
f 4296 4536 4297
f 4296 4489 4536
f 4297 4536 4298
f 4298 4536 4489
f 4298 4489 4537
f 4299 4537 4300
f 4300 4538 4301
f 4300 4537 4539
f 4300 4539 4540
f 4300 4540 4538
f 4301 4538 4302
f 4302 4538 4303
f 4303 4541 4310
f 4303 4310 4306
f 4303 4538 4541
f 4308 4542 4543
f 4308 4543 4309
f 4308 4310 4544
f 4308 4544 4542
f 4309 4543 4311
f 4310 4541 4544
f 4311 4543 4312
f 4312 4543 4545
f 4312 4545 4546
f 4312 4546 4313
f 4313 4546 4314
f 4314 4546 4315
f 4315 4546 4547
f 4315 4547 4548
f 4315 4548 4549
f 4315 4549 4550
f 4315 4550 4316
f 4316 4550 4317
f 4317 4551 4324
f 4317 4324 4320
f 4317 4320 4318
f 4317 4550 4551
f 4318 4320 4319
f 4320 4324 4323
f 4321 4552 4553
f 4321 4553 4322
f 4321 4325 4324
f 4321 4324 4554
f 4321 4554 4555
f 4321 4555 4830
f 4321 4830 4552
f 4322 4553 4556
f 4322 4556 4557
f 4322 4557 4326
f 4324 4551 4558
f 4324 4558 4559
f 4324 4559 4560
f 4324 4560 4561
f 4324 4561 4562
f 4324 4562 4563
f 4324 4563 4564
f 4324 4564 4554
f 4326 4557 4565
f 4326 4565 4566
f 4326 4566 4567
f 4326 4567 4568
f 4326 4568 4328
f 4326 4328 4327
f 4328 4569 4329
f 4328 4568 4570
f 4328 4570 4569
f 4329 4571 4332
f 4329 4332 4331
f 4329 4569 4572
f 4329 4572 4573
f 4329 4573 4574
f 4329 4574 4571
f 4332 4575 4576
f 4332 4576 4577
f 4332 4577 4578
f 4332 4578 4579
f 4332 4579 4333
f 4332 4571 4575
f 4333 4579 4580
f 4333 4580 4581
f 4333 4581 4334
f 4334 4581 4582
f 4334 4582 4335
f 4335 4582 4583
f 4335 4583 4584
f 4335 4584 4585
f 4335 4585 4586
f 4335 4586 4336
f 4336 4586 4587
f 4336 4587 4337
f 4337 4587 4588
f 4337 4588 4589
f 4337 4589 4338
f 4338 4590 4591
f 4338 4591 4339
f 4338 4589 4590
f 4339 4592 4340
f 4339 4591 4592
f 4340 4592 4341
f 4341 4592 4342
f 4342 4593 4594
f 4342 4594 4344
f 4342 4344 4343
f 4342 4592 4593
f 4344 4594 4345
f 4345 4595 4596
f 4345 4596 4346
f 4345 4594 4595
f 4346 4596 4597
f 4346 4597 4347
f 4347 4597 4348
f 4348 4598 4599
f 4348 4599 4349
f 4348 4597 4598
f 4349 4599 4350
f 4350 4600 4601
f 4350 4601 4351
f 4350 4599 4600
f 4351 4601 4602
f 4351 4602 4354
f 4351 4354 4352
f 4354 4356 4355
f 4354 4602 4356
f 4356 4603 4357
f 4356 4602 4601
f 4356 4601 4603
f 4357 4603 4604
f 4357 4604 4358
f 4358 4605 4606
f 4358 4606 4359
f 4358 4604 4605
f 4359 4606 4607
f 4359 4607 4360
f 4360 4607 4361
f 4361 4608 4609
f 4361 4609 4362
f 4361 4607 4605
f 4361 4605 4610
f 4361 4610 4608
f 4362 4609 4611
f 4362 4611 4363
f 4363 4611 4612
f 4363 4612 4613
f 4363 4613 4364
f 4364 4613 4365
f 4365 4613 4614
f 4365 4614 4615
f 4365 4615 4366
f 4366 4615 4367
f 4367 4615 4614
f 4367 4614 4616
f 4367 4616 4617
f 4367 4617 4368
f 4368 4617 4369
f 4369 4617 4370
f 4370 4617 4618
f 4370 4618 4372
f 4371 4372 4373
f 4372 4618 4619
f 4372 4619 4373
f 4373 4619 4620
f 4373 4620 4621
f 4373 4621 4374
f 4374 4622 4623
f 4374 4623 4624
f 4374 4624 4625
f 4374 4625 4375
f 4374 4621 4622
f 4375 4625 4626
f 4375 4626 4376
f 4376 4627 4628
f 4376 4628 4379
f 4376 4379 4378
f 4376 4378 4377
f 4376 4626 4627
f 4379 4628 4380
f 4380 4628 4384
f 4381 4629 4382
f 4381 4384 4630
f 4381 4630 4631
f 4381 4631 4632
f 4381 4632 4629
f 4382 4629 4383
f 4383 4629 4633
f 4383 4633 4385
f 4384 4628 4630
f 4385 4633 4386
f 4386 4633 4634
f 4386 4634 4387
f 4387 4635 4636
f 4387 4636 4490
f 4387 4634 4637
f 4387 4637 4638
f 4387 4638 4635
f 4388 4390 4535
f 4388 4535 4389
f 4389 4535 4639
f 4389 4639 4640
f 4389 4640 4391
f 4391 4640 4641
f 4391 4641 4642
f 4391 4642 4643
f 4391 4643 4644
f 4391 4644 4645
f 4391 4645 4392
f 4392 4645 4394
f 4393 4394 4395
f 4394 4646 4395
f 4394 4645 4647
f 4394 4647 4646
f 4395 4646 4647
f 4395 4647 4397
f 4395 4397 4396
f 4397 4647 4398
f 4398 4647 4648
f 4398 4648 4399
f 4399 4648 4400
f 4400 4648 4649
f 4400 4649 4401
f 4401 4649 4650
f 4401 4650 4651
f 4401 4651 4402
f 4402 4651 4652
f 4402 4652 4653
f 4402 4653 4654
f 4402 4654 4403
f 4403 4654 4655
f 4403 4655 4404
f 4404 4655 4405
f 4405 4656 4657
f 4405 4657 4658
f 4405 4658 4406
f 4405 4655 4654
f 4405 4654 4653
f 4405 4653 4659
f 4405 4659 4660
f 4405 4660 4661
f 4405 4661 4656
f 4406 4662 4663
f 4406 4663 4407
f 4406 4658 4657
f 4406 4657 4662
f 4407 4663 4664
f 4407 4664 4408
f 4408 4664 4665
f 4408 4665 4416
f 4412 4415 4413
f 4414 4416 4665
f 4414 4665 4666
f 4414 4666 4415
f 4415 4666 4667
f 4415 4667 4420
f 4415 4420 4419
f 4417 4419 4420
f 4420 4667 4668
f 4420 4668 4669
f 4420 4669 4670
f 4420 4670 4671
f 4420 4671 4421
f 4421 4671 4672
f 4421 4672 4422
f 4422 4672 4423
f 4423 4672 4671
f 4423 4671 4673
f 4423 4673 4674
f 4423 4674 4424
f 4424 4674 4425
f 4425 4674 4426
f 4426 4428 4427
f 4426 4674 4675
f 4426 4675 4676
f 4426 4676 4677
f 4426 4677 4439
f 4426 4439 4438
f 4426 4438 4430
f 4426 4430 4428
f 4428 4430 4429
f 4431 4678 4432
f 4431 4435 4678
f 4432 4678 4679
f 4432 4679 4433
f 4433 4679 4434
f 4434 4679 4441
f 4435 4680 4681
f 4435 4681 4682
f 4435 4682 4683
f 4435 4683 4684
f 4435 4684 4678
f 4435 4437 4685
f 4435 4685 4686
f 4435 4686 4687
f 4435 4687 4688
f 4435 4688 4680
f 4436 4440 4689
f 4436 4689 4690
f 4436 4690 4691
f 4436 4691 4692
f 4436 4692 4693
f 4436 4693 4437
f 4437 4693 4694
f 4437 4694 4695
f 4437 4695 4685
f 4439 4677 4696
f 4439 4696 4440
f 4440 4696 4690
f 4440 4690 4689
f 4441 4679 4678
f 4441 4678 4442
f 4442 4678 4684
f 4442 4684 4697
f 4442 4697 4443
f 4443 4697 4445
f 4443 4445 4444
f 4445 4697 4698
f 4445 4698 4699
f 4445 4699 4700
f 4445 4700 4446
f 4446 4700 4701
f 4446 4701 4702
f 4446 4702 4703
f 4446 4703 4450
f 4448 4702 4704
f 4448 4704 4449
f 4448 4450 4702
f 4449 4704 4456
f 4450 4703 4702
f 4452 4456 4705
f 4452 4705 4706
f 4452 4706 4707
f 4452 4707 4708
f 4452 4708 4453
f 4453 4708 4707
f 4453 4707 4454
f 4454 4707 4706
f 4454 4706 4455
f 4455 4706 4709
f 4455 4709 4458
f 4456 4704 4705
f 4458 4710 4461
f 4458 4709 4711
f 4458 4711 4710
f 4459 4461 4712
f 4459 4712 4713
f 4459 4713 4460
f 4460 4713 4714
f 4460 4714 4463
f 4460 4463 4462
f 4461 4710 4712
f 4463 4714 4715
f 4463 4715 4464
f 4464 4716 4465
f 4464 4715 4716
f 4465 4716 4717
f 4465 4717 4466
f 4466 4717 4468
f 4466 4468 4467
f 4468 4718 4719
f 4468 4719 4720
f 4468 4720 4471
f 4468 4471 4469
f 4468 4469 4470
f 4468 4717 4718
f 4471 4720 4719
f 4471 4719 4721
f 4471 4721 4722
f 4471 4722 4472
f 4472 4722 4473
f 4473 4722 4723
f 4473 4723 4474
f 4474 4723 4724
f 4474 4724 4475
f 4475 4725 4726
f 4475 4726 4727
f 4475 4727 4728
f 4475 4728 4729
f 4475 4729 4730
f 4475 4730 4731
f 4475 4731 4732
f 4475 4732 4733
f 4475 4733 4476
f 4475 4724 4734
f 4475 4734 4725
f 4476 4735 4736
f 4476 4736 4737
f 4476 4737 4738
f 4476 4738 4477
f 4476 4733 4735
f 4477 4738 4478
f 4478 4738 4739
f 4478 4739 4740
f 4478 4740 4479
f 4479 4740 4739
f 4479 4739 4482
f 4479 4482 4481
f 4482 4739 4485
f 4485 4739 4738
f 4485 4738 4486
f 4486 4738 4741
f 4486 4741 4742
f 4486 4742 4487
f 4487 4743 4744
f 4487 4744 4488
f 4487 4742 4743
f 4488 4744 4489
f 4489 4744 4743
f 4489 4743 4745
f 4489 4745 4537
f 4490 4636 4746
f 4490 4746 4491
f 4491 4746 4636
f 4491 4636 4635
f 4491 4635 4747
f 4491 4747 4492
f 4492 4747 4748
f 4492 4748 4749
f 4492 4749 4493
f 4493 4749 4750
f 4493 4750 4751
f 4493 4751 4752
f 4493 4752 4753
f 4493 4753 4507
f 4495 4508 4754
f 4495 4754 4755
f 4495 4755 4756
f 4495 4756 4496
f 4496 4756 4501
f 4496 4501 4500
f 4497 4757 4498
f 4497 4502 4757
f 4498 4503 4499
f 4498 4757 4758
f 4498 4758 4759
f 4498 4759 4760
f 4498 4760 4504
f 4498 4504 4503
f 4501 4756 4502
f 4502 4756 4761
f 4502 4761 4762
f 4502 4762 4757
f 4504 4760 4763
f 4504 4763 4764
f 4504 4764 4505
f 4505 4764 4506
f 4506 4764 4512
f 4507 4753 4508
f 4508 4753 4765
f 4508 4765 4766
f 4508 4766 4767
f 4508 4767 4754
f 4509 4511 4510
f 4510 4768 4769
f 4510 4769 4513
f 4510 4511 4770
f 4510 4770 4771
f 4510 4771 4772
f 4510 4772 4773
f 4510 4773 4768
f 4511 4512 4770
f 4512 4764 4774
f 4512 4774 4770
f 4513 4769 4775
f 4513 4775 4776
f 4513 4776 4514
f 4514 4776 4777
f 4514 4777 4778
f 4514 4778 4515
f 4515 4778 4779
f 4515 4779 4780
f 4515 4780 4516
f 4516 4780 4518
f 4517 4530 4781
f 4517 4781 4782
f 4517 4782 4783
f 4517 4783 4784
f 4517 4784 4531
f 4518 4780 4785
f 4518 4785 4786
f 4518 4786 4519
f 4519 4787 4520
f 4519 4786 4788
f 4519 4788 4789
f 4519 4789 4787
f 4520 4787 4790
f 4520 4790 4791
f 4520 4791 4522
f 4522 4792 4793
f 4522 4793 4794
f 4522 4794 4523
f 4522 4791 4792
f 4523 4794 4524
f 4524 4795 4527
f 4524 4527 4525
f 4524 4794 4795
f 4525 4527 4526
f 4527 4795 4796
f 4527 4796 4797
f 4527 4797 4798
f 4527 4798 4799
f 4527 4799 4800
f 4527 4800 4528
f 4528 4800 4529
f 4529 4801 4530
f 4529 4800 4802
f 4529 4802 4801
f 4530 4803 4781
f 4530 4801 4804
f 4530 4804 4803
f 4531 4784 4532
f 4532 4784 4533
f 4533 4784 4783
f 4533 4783 4805
f 4533 4805 4806
f 4533 4806 4807
f 4533 4807 4535
f 4533 4535 4534
f 4535 4807 4808
f 4535 4808 4809
f 4535 4809 4639
f 4537 4810 4539
f 4537 4745 4810
f 4538 4540 4811
f 4538 4811 4541
f 4539 4810 4745
f 4539 4745 4812
f 4539 4812 4813
f 4539 4813 4814
f 4539 4814 4815
f 4539 4815 4540
f 4540 4815 4816
f 4540 4816 4811
f 4541 4817 4544
f 4541 4811 4817
f 4542 4544 4818
f 4542 4818 4819
f 4542 4819 4543
f 4543 4820 4821
f 4543 4821 4545
f 4543 4819 4822
f 4543 4822 4820
f 4544 4817 4818
f 4545 4821 4823
f 4545 4823 4824
f 4545 4824 4546
f 4546 4824 4547
f 4547 4824 4825
f 4547 4825 4548
f 4548 4825 4826
f 4548 4826 4549
f 4549 4826 4827
f 4549 4827 4550
f 4550 4827 4551
f 4551 4828 4558
f 4551 4827 4829
f 4551 4829 4828
f 4552 4830 4564
f 4552 4564 4831
f 4552 4831 4553
f 4553 4831 4562
f 4553 4562 4556
f 4554 4564 4830
f 4554 4830 4555
f 4556 4832 4557
f 4556 4562 4833
f 4556 4833 4832
f 4557 4832 4834
f 4557 4834 4565
f 4558 4828 4559
f 4559 4828 4829
f 4559 4829 4835
f 4559 4835 4836
f 4559 4836 4837
f 4559 4837 4560
f 4560 4837 4561
f 4561 4837 4836
f 4561 4836 4838
f 4561 4838 4562
f 4562 4839 4833
f 4562 4831 4563
f 4562 4838 4836
f 4562 4836 4840
f 4562 4840 4841
f 4562 4841 4842
f 4562 4842 4839
f 4563 4831 4564
f 4565 4843 4566
f 4565 4834 4844
f 4565 4844 4843
f 4566 4843 4567
f 4567 4570 4568
f 4567 4843 4845
f 4567 4845 4846
f 4567 4846 4847
f 4567 4847 4574
f 4567 4574 4572
f 4567 4572 4570
f 4569 4570 4572
f 4571 4574 4848
f 4571 4848 4849
f 4571 4849 4575
f 4572 4574 4573
f 4574 4847 4848
f 4575 4850 4851
f 4575 4851 4852
f 4575 4852 4577
f 4575 4577 4576
f 4575 4849 4853
f 4575 4853 4854
f 4575 4854 4855
f 4575 4855 4856
f 4575 4856 4850
f 4577 4579 4578
f 4577 4852 4579
f 4579 4852 4580
f 4580 4852 4857
f 4580 4857 4858
f 4580 4858 4581
f 4581 4858 4859
f 4581 4859 4582
f 4582 4859 4583
f 4583 4859 4860
f 4583 4860 4861
f 4583 4861 4862
f 4583 4862 4584
f 4584 4862 4585
f 4585 4862 4587
f 4585 4587 4586
f 4587 4862 4863
f 4587 4863 4588
f 4588 4863 4864
f 4588 4864 4589
f 4589 4865 4590
f 4589 4864 4865
f 4590 4865 4866
f 4590 4866 4867
f 4590 4867 4591
f 4591 4868 4869
f 4591 4869 4870
f 4591 4870 4871
f 4591 4871 4593
f 4591 4593 4592
f 4591 4867 4868
f 4593 4871 4872
f 4593 4872 4594
f 4594 4872 4595
f 4595 4872 4596
f 4596 4873 4874
f 4596 4874 4597
f 4596 4872 4875
f 4596 4875 4873
f 4597 4874 4598
f 4598 4874 4599
f 4599 4876 4877
f 4599 4877 4600
f 4599 4874 4878
f 4599 4878 4876
f 4600 4877 4879
f 4600 4879 4601
f 4601 4879 4880
f 4601 4880 4603
f 4603 4880 4605
f 4603 4605 4604
f 4605 4607 4606
f 4605 4880 4881
f 4605 4881 4882
f 4605 4882 4610
f 4608 4610 4883
f 4608 4883 4609
f 4609 4884 4611
f 4609 4883 4884
f 4610 4882 4885
f 4610 4885 4883
f 4611 4886 4887
f 4611 4887 4612
f 4611 4884 4886
f 4612 4887 4888
f 4612 4888 4889
f 4612 4889 4890
f 4612 4890 4613
f 4613 4890 4891
f 4613 4891 4892
f 4613 4892 4893
f 4613 4893 4894
f 4613 4894 4614
f 4614 4893 4895
f 4614 4895 4896
f 4614 4896 4616
f 4614 4894 4893
f 4616 4896 4617
f 4617 4896 4618
f 4618 4896 4620
f 4618 4620 4619
f 4620 4897 4621
f 4620 4896 4895
f 4620 4895 4897
f 4621 4897 4898
f 4621 4898 4899
f 4621 4899 4622
f 4622 4900 4623
f 4622 4899 4901
f 4622 4901 4902
f 4622 4902 4900
f 4623 4900 4903
f 4623 4903 4904
f 4623 4904 4905
f 4623 4905 4625
f 4623 4625 4624
f 4625 4905 4906
f 4625 4906 4626
f 4626 4906 4907
f 4626 4907 4627
f 4627 4908 4909
f 4627 4909 4630
f 4627 4630 4628
f 4627 4907 4908
f 4629 4637 4634
f 4629 4634 4633
f 4629 4632 4910
f 4629 4910 4637
f 4630 4909 4632
f 4630 4632 4631
f 4632 4909 4910
f 4635 4911 4912
f 4635 4912 4747
f 4635 4638 4911
f 4637 4910 4913
f 4637 4913 4638
f 4638 4913 4914
f 4638 4914 4915
f 4638 4915 4916
f 4638 4916 4911
f 4639 4809 4640
f 4640 4917 4641
f 4640 4809 4917
f 4641 4917 4918
f 4641 4918 4919
f 4641 4919 4642
f 4642 4919 4920
f 4642 4920 4921
f 4642 4921 4643
f 4643 4921 4644
f 4644 4921 4645
f 4645 4921 4647
f 4647 4922 4648
f 4647 4921 4922
f 4648 4922 4923
f 4648 4923 4649
f 4649 4924 4659
f 4649 4659 4653
f 4649 4653 4652
f 4649 4652 4650
f 4649 4923 4925
f 4649 4925 4924
f 4650 4652 4651
f 4656 4926 4927
f 4656 4927 4928
f 4656 4928 4929
f 4656 4929 4662
f 4656 4662 4657
f 4656 4661 4930
f 4656 4930 4931
f 4656 4931 4926
f 4659 4924 4660
f 4660 4924 4932
f 4660 4932 4933
f 4660 4933 4931
f 4660 4931 4930
f 4660 4930 4661
f 4662 4929 4934
f 4662 4934 4663
f 4663 4934 4664
f 4664 4934 4666
f 4664 4666 4665
f 4666 4934 4669
f 4666 4669 4668
f 4666 4668 4935
f 4666 4935 4667
f 4667 4935 4668
f 4669 4936 4937
f 4669 4937 4938
f 4669 4938 4671
f 4669 4671 4670
f 4669 4934 4939
f 4669 4939 4940
f 4669 4940 4941
f 4669 4941 4942
f 4669 4942 4936
f 4671 4943 4673
f 4671 4938 4937
f 4671 4937 4944
f 4671 4944 4945
f 4671 4945 4943
f 4673 4943 4946
f 4673 4946 4947
f 4673 4947 4948
f 4673 4948 4949
f 4673 4949 4674
f 4674 4949 4950
f 4674 4950 4951
f 4674 4951 4952
f 4674 4952 4953
f 4674 4953 4675
f 4675 4953 4952
f 4675 4952 4676
f 4676 4952 4677
f 4677 4952 4954
f 4677 4954 4955
f 4677 4955 4696
f 4680 4701 4681
f 4680 4688 4701
f 4681 4701 4682
f 4682 4701 4956
f 4682 4956 4957
f 4682 4957 4684
f 4682 4684 4683
f 4684 4957 4698
f 4684 4698 4697
f 4685 4695 4958
f 4685 4958 4959
f 4685 4959 4960
f 4685 4960 4961
f 4685 4961 4962
f 4685 4962 4963
f 4685 4963 4964
f 4685 4964 4965
f 4685 4965 4966
f 4685 4966 4967
f 4685 4967 4968
f 4685 4968 4969
f 4685 4969 4686
f 4686 4970 4687
f 4686 4969 4971
f 4686 4971 4970
f 4687 4972 4688
f 4687 4970 4973
f 4687 4973 4974
f 4687 4974 4975
f 4687 4975 4976
f 4687 4976 4986
f 4687 4986 4972
f 4688 4972 4977
f 4688 4977 4978
f 4688 4978 4701
f 4690 4696 4979
f 4690 4979 4955
f 4690 4955 4691
f 4691 4955 4980
f 4691 4980 4981
f 4691 4981 4692
f 4692 4981 4693
f 4693 4981 4982
f 4693 4982 4694
f 4694 4958 4983
f 4694 4983 4695
f 4694 4982 4984
f 4694 4984 4958
f 4695 4983 4985
f 4695 4985 4958
f 4696 4955 4979
f 4698 4957 4956
f 4698 4956 4699
f 4699 4956 4700
f 4700 4956 4701
f 4701 4978 4977
f 4701 4977 4986
f 4701 4986 4987
f 4701 4987 4702
f 4702 4987 4988
f 4702 4988 4989
f 4702 4989 4990
f 4702 4990 4704
f 4704 4990 4991
f 4704 4991 4705
f 4705 4991 4992
f 4705 4992 4993
f 4705 4993 4994
f 4705 4994 4995
f 4705 4995 4996
f 4705 4996 4997
f 4705 4997 4998
f 4705 4998 4706
f 4706 4998 4709
f 4709 4998 4999
f 4709 4999 4711
f 4710 4711 5000
f 4710 5000 4712
f 4711 4999 5000
f 4712 5000 5001
f 4712 5001 4713
f 4713 5001 5002
f 4713 5002 5003
f 4713 5003 5004
f 4713 5004 4714
f 4714 5004 4715
f 4715 5004 5005
f 4715 5005 4716
f 4716 5005 5006
f 4716 5006 5007
f 4716 5007 4717
f 4717 5007 5008
f 4717 5008 4718
f 4718 5009 4721
f 4718 4721 4719
f 4718 5008 5010
f 4718 5010 5011
f 4718 5011 5009
f 4721 5009 5012
f 4721 5012 4722
f 4722 5012 4723
f 4723 5012 5013
f 4723 5013 5014
f 4723 5014 4724
f 4724 5014 4734
f 4725 4734 4726
f 4726 4734 5015
f 4726 5015 5016
f 4726 5016 5017
f 4726 5017 5018
f 4726 5018 5019
f 4726 5019 5020
f 4726 5020 5021
f 4726 5021 4727
f 4727 5021 5022
f 4727 5022 5023
f 4727 5023 4728
f 4728 5023 5024
f 4728 5024 5025
f 4728 5025 5026
f 4728 5026 4729
f 4729 5026 4730
f 4730 5027 5028
f 4730 5028 4731
f 4730 5026 5029
f 4730 5029 5027
f 4731 5028 5030
f 4731 5030 5031
f 4731 5031 4732
f 4732 5031 5030
f 4732 5030 5032
f 4732 5032 4735
f 4732 4735 4733
f 4734 5014 5013
f 4734 5013 5033
f 4734 5033 5034
f 4734 5034 5035
f 4734 5035 5036
f 4734 5036 5015
f 4735 5032 4736
f 4736 5032 5037
f 4736 5037 5038
f 4736 5038 5039
f 4736 5039 5040
f 4736 5040 4737
f 4737 5040 5041
f 4737 5041 5042
f 4737 5042 4742
f 4737 4742 4741
f 4737 4741 4738
f 4742 5042 5043
f 4742 5043 5044
f 4742 5044 5045
f 4742 5045 4743
f 4743 5045 4745
f 4745 5045 5046
f 4745 5046 5047
f 4745 5047 5048
f 4745 5048 4812
f 4747 4912 4748
f 4748 4912 5049
f 4748 5049 5050
f 4748 5050 5051
f 4748 5051 4749
f 4749 4751 4750
f 4749 5051 4751
f 4751 5052 5053
f 4751 5053 4752
f 4751 5051 5054
f 4751 5054 4915
f 4751 4915 5055
f 4751 5055 5056
f 4751 5056 5052
f 4752 5057 4753
f 4752 5053 5058
f 4752 5058 5057
f 4753 5057 4765
f 4754 4767 5059
f 4754 5059 5060
f 4754 5060 4762
f 4754 4762 4761
f 4754 4761 4756
f 4754 4756 4755
f 4757 4762 5061
f 4757 5061 4758
f 4758 5062 4759
f 4758 5061 5063
f 4758 5063 5062
f 4759 5062 5064
f 4759 5064 5065
f 4759 5065 5066
f 4759 5066 4760
f 4760 5066 4763
f 4762 5060 5067
f 4762 5067 5061
f 4763 5068 5069
f 4763 5069 4764
f 4763 5066 5068
f 4764 5069 4774
f 4765 5057 5070
f 4765 5070 4766
f 4766 5071 5059
f 4766 5059 4767
f 4766 5070 5058
f 4766 5058 5072
f 4766 5072 5071
f 4768 4773 5073
f 4768 5073 5074
f 4768 5074 4769
f 4769 5074 5075
f 4769 5075 4775
f 4770 4774 4771
f 4771 4774 5069
f 4771 5069 4772
f 4772 5069 4773
f 4773 5076 5073
f 4773 5069 5077
f 4773 5077 5076
f 4775 5078 5079
f 4775 5079 4779
f 4775 4779 4778
f 4775 4778 4777
f 4775 4777 4776
f 4775 5075 5080
f 4775 5080 5078
f 4779 5079 5081
f 4779 5081 5082
f 4779 5082 4785
f 4779 4785 4780
f 4781 4803 4918
f 4781 4918 4917
f 4781 4917 4782
f 4782 5083 4806
f 4782 4806 4783
f 4782 4917 5083
f 4783 4806 4805
f 4785 5082 5084
f 4785 5084 4786
f 4786 5084 4789
f 4786 4789 4788
f 4787 5085 4790
f 4787 4789 5085
f 4789 5084 5085
f 4790 5085 4792
f 4790 4792 4791
f 4792 5086 5087
f 4792 5087 5088
f 4792 5088 5089
f 4792 5089 5090
f 4792 5090 4793
f 4792 5085 5091
f 4792 5091 5092
f 4792 5092 5086
f 4793 5090 4795
f 4793 4795 4794
f 4795 5090 5089
f 4795 5089 5093
f 4795 5093 4796
f 4796 5093 5094
f 4796 5094 4797
f 4797 5094 4798
f 4798 5095 4799
f 4798 5094 5096
f 4798 5096 5097
f 4798 5097 5098
f 4798 5098 5099
f 4798 5099 5100
f 4798 5100 5101
f 4798 5101 5102
f 4798 5102 5103
f 4798 5103 5095
f 4799 5095 4800
f 4800 5095 4802
f 4801 4802 4804
f 4802 5104 4919
f 4802 4919 4804
f 4802 5095 5105
f 4802 5105 5104
f 4803 4804 4918
f 4804 4919 4918
f 4806 5083 4917
f 4806 4917 4807
f 4807 4917 4808
f 4808 4917 4809
f 4811 4816 4817
f 4812 5106 4813
f 4812 5048 5106
f 4813 5106 4814
f 4814 5106 5107
f 4814 5107 5108
f 4814 5108 5109
f 4814 5109 5110
f 4814 5110 4815
f 4815 5110 5111
f 4815 5111 5112
f 4815 5112 4816
f 4816 5112 5113
f 4816 5113 4817
f 4817 5113 4819
f 4817 4819 4818
f 4819 5113 5112
f 4819 5112 5111
f 4819 5111 5114
f 4819 5114 5115
f 4819 5115 5116
f 4819 5116 5117
f 4819 5117 5118
f 4819 5118 4820
f 4819 4820 4822
f 4820 5118 5117
f 4820 5117 5119
f 4820 5119 4823
f 4820 4823 4821
f 4823 5120 5121
f 4823 5121 5122
f 4823 5122 4824
f 4823 5119 5120
f 4824 5122 5123
f 4824 5123 4825
f 4825 5124 5125
f 4825 5125 4829
f 4825 4829 4827
f 4825 4827 4826
f 4825 5123 5121
f 4825 5121 5124
f 4829 5125 5126
f 4829 5126 4835
f 4832 5127 4844
f 4832 4844 4834
f 4832 4833 5127
f 4833 4839 5127
f 4835 5126 4836
f 4836 4841 4840
f 4836 5126 4841
f 4839 4842 5128
f 4839 5128 5129
f 4839 5129 5127
f 4841 5130 4842
f 4841 5126 5125
f 4841 5125 5131
f 4841 5131 5130
f 4842 5130 5132
f 4842 5132 5128
f 4843 4844 5133
f 4843 5133 4845
f 4844 5127 5133
f 4845 5133 5134
f 4845 5134 5135
f 4845 5135 5127
f 4845 5127 5136
f 4845 5136 5137
f 4845 5137 5138
f 4845 5138 5139
f 4845 5139 4847
f 4845 4847 4846
f 4847 5139 5140
f 4847 5140 4848
f 4848 5140 4849
f 4849 5140 5141
f 4849 5141 4853
f 4850 4856 4851
f 4851 4860 4852
f 4851 4856 5142
f 4851 5142 5143
f 4851 5143 5144
f 4851 5144 4860
f 4852 4859 4857
f 4852 4860 4859
f 4853 5141 5145
f 4853 5145 4854
f 4854 5145 5146
f 4854 5146 5147
f 4854 5147 5148
f 4854 5148 5149
f 4854 5149 4855
f 4855 5149 5150
f 4855 5150 5151
f 4855 5151 5152
f 4855 5152 4856
f 4856 5152 5142
f 4857 4859 4858
f 4860 5144 5153
f 4860 5153 5154
f 4860 5154 5155
f 4860 5155 5156
f 4860 5156 4861
f 4861 5156 5157
f 4861 5157 4863
f 4861 4863 4862
f 4863 5157 4864
f 4864 5157 5158
f 4864 5158 4865
f 4865 5159 5160
f 4865 5160 4866
f 4865 5158 5159
f 4866 5160 5161
f 4866 5161 5162
f 4866 5162 4867
f 4867 5162 5163
f 4867 5163 4868
f 4868 5163 4869
f 4869 5164 5165
f 4869 5165 4870
f 4869 5163 5162
f 4869 5162 5166
f 4869 5166 5164
f 4870 5165 4871
f 4871 5165 5167
f 4871 5167 5168
f 4871 5168 5169
f 4871 5169 4875
f 4871 4875 4872
f 4873 5170 5171
f 4873 5171 4874
f 4873 4875 5169
f 4873 5169 5170
f 4874 5171 4878
f 4876 4878 5171
f 4876 5171 5172
f 4876 5172 5173
f 4876 5173 4877
f 4877 5174 5175
f 4877 5175 4879
f 4877 5173 5174
f 4879 5175 4880
f 4880 5176 4882
f 4880 4882 4881
f 4880 5175 5176
f 4882 5177 4885
f 4882 5176 5178
f 4882 5178 5177
f 4883 4885 5177
f 4883 5177 5179
f 4883 5179 5180
f 4883 5180 5181
f 4883 5181 4884
f 4884 5182 4886
f 4884 5181 5182
f 4886 5182 5183
f 4886 5183 4887
f 4887 5183 5184
f 4887 5184 5185
f 4887 5185 5186
f 4887 5186 4889
f 4887 4889 4888
f 4889 5187 4891
f 4889 4891 4890
f 4889 5186 5185
f 4889 5185 5187
f 4891 5187 5188
f 4891 5188 5189
f 4891 5189 5190
f 4891 5190 5191
f 4891 5191 5192
f 4891 5192 4892
f 4892 5192 5193
f 4892 5193 4893
f 4893 5193 4895
f 4895 5193 5194
f 4895 5194 4897
f 4897 5194 4898
f 4898 5194 5195
f 4898 5195 4901
f 4898 4901 4899
f 4900 5196 5197
f 4900 5197 4903
f 4900 4902 5196
f 4901 5195 4902
f 4902 5195 5194
f 4902 5194 5198
f 4902 5198 5199
f 4902 5199 5483
f 4902 5483 5200
f 4902 5200 5196
f 4903 5197 4904
f 4904 5197 5201
f 4904 5201 4905
f 4905 4907 4906
f 4905 5201 5202
f 4905 5202 4908
f 4905 4908 4907
f 4908 5202 4909
f 4909 5202 5203
f 4909 5203 5204
f 4909 5204 4910
f 4910 5204 4913
f 4911 4916 5049
f 4911 5049 4912
f 4913 5204 5205
f 4913 5205 5206
f 4913 5206 4914
f 4914 5206 5055
f 4914 5055 5207
f 4914 5207 5208
f 4914 5208 4915
f 4915 5208 5055
f 4915 5054 5050
f 4915 5050 5049
f 4915 5049 4916
f 4919 5104 4920
f 4920 5104 5209
f 4920 5209 5210
f 4920 5210 4923
f 4920 4923 4921
f 4921 4923 4922
f 4923 5210 4925
f 4924 4925 4932
f 4925 5210 4932
f 4926 4931 4927
f 4927 5211 5212
f 4927 5212 5213
f 4927 5213 4928
f 4927 4931 5211
f 4928 5213 4940
f 4928 4940 5214
f 4928 5214 5215
f 4928 5215 4929
f 4929 5215 4939
f 4929 4939 4934
f 4931 4933 5216
f 4931 5216 5217
f 4931 5217 5212
f 4931 5212 5211
f 4932 5210 5218
f 4932 5218 5219
f 4932 5219 4933
f 4933 5219 5220
f 4933 5220 5216
f 4936 5221 4937
f 4936 4942 5224
f 4936 5224 5221
f 4937 5221 5222
f 4937 5222 4944
f 4939 5215 4940
f 4940 5215 5214
f 4940 5213 5223
f 4940 5223 4941
f 4941 5223 4942
f 4942 5223 5224
f 4943 4945 4946
f 4944 5222 4945
f 4945 5222 5225
f 4945 5225 4946
f 4946 5225 4947
f 4947 5226 5227
f 4947 5227 4948
f 4947 5225 5228
f 4947 5228 5229
f 4947 5229 5226
f 4948 5227 4949
f 4949 5230 4950
f 4949 5227 5231
f 4949 5231 5232
f 4949 5232 5230
f 4950 4952 4951
f 4950 5230 5233
f 4950 5233 5232
f 4950 5232 4952
f 4952 4981 4954
f 4952 5232 4981
f 4954 4981 4955
f 4955 4981 4980
f 4958 4985 4983
f 4958 4984 4960
f 4958 4960 4959
f 4960 4984 4961
f 4961 4984 5234
f 4961 5234 5235
f 4961 5235 5236
f 4961 5236 5237
f 4961 5237 5238
f 4961 5238 5239
f 4961 5239 4962
f 4962 5239 5240
f 4962 5240 4963
f 4963 5240 5241
f 4963 5241 5242
f 4963 5242 5243
f 4963 5243 5244
f 4963 5244 4965
f 4963 4965 4964
f 4965 5244 5243
f 4965 5243 5245
f 4965 5245 5246
f 4965 5246 5247
f 4965 5247 4966
f 4966 5247 4967
f 4967 5247 5248
f 4967 5248 5249
f 4967 5249 5250
f 4967 5250 5251
f 4967 5251 4969
f 4967 4969 4968
f 4969 5251 4971
f 4970 4971 4973
f 4971 5251 5252
f 4971 5252 5253
f 4971 5253 5254
f 4971 5254 5255
f 4971 5255 5256
f 4971 5256 5257
f 4971 5257 4974
f 4971 4974 4973
f 4972 4986 4977
f 4974 5257 4975
f 4975 5257 5258
f 4975 5258 5259
f 4975 5259 4976
f 4976 5259 4986
f 4981 5232 5260
f 4981 5260 5261
f 4981 5261 5262
f 4981 5262 4982
f 4982 5262 4984
f 4984 5262 5263
f 4984 5263 5234
f 4986 5259 4987
f 4987 5259 4988
f 4988 5259 5264
f 4988 5264 4989
f 4989 5264 4991
f 4989 4991 4990
f 4991 5265 5266
f 4991 5266 4992
f 4991 5264 5265
f 4992 5266 4993
f 4993 5266 5267
f 4993 5267 4994
f 4994 5267 4995
f 4995 5267 5268
f 4995 5268 5269
f 4995 5269 5270
f 4995 5270 4996
f 4996 5270 5271
f 4996 5271 5272
f 4996 5272 5273
f 4996 5273 5274
f 4996 5274 4997
f 4997 5274 5273
f 4997 5273 4998
f 4998 5273 4999
f 4999 5273 5000
f 5000 5275 5276
f 5000 5276 5001
f 5000 5273 5277
f 5000 5277 5278
f 5000 5278 5275
f 5001 5276 5279
f 5001 5279 5002
f 5002 5280 5281
f 5002 5281 5282
f 5002 5282 5003
f 5002 5279 5280
f 5003 5282 5004
f 5004 5282 5006
f 5004 5006 5005
f 5006 5281 5007
f 5006 5282 5281
f 5007 5281 5008
f 5008 5281 5010
f 5009 5283 5012
f 5009 5011 5283
f 5010 5281 5280
f 5010 5280 5284
f 5010 5284 5285
f 5010 5285 5011
f 5011 5285 5286
f 5011 5286 5033
f 5011 5033 5283
f 5012 5283 5287
f 5012 5287 5013
f 5013 5287 5283
f 5013 5283 5033
f 5015 5036 5288
f 5015 5288 5289
f 5015 5289 5290
f 5015 5290 5291
f 5015 5291 5292
f 5015 5292 5293
f 5015 5293 5294
f 5015 5294 5017
f 5015 5017 5016
f 5017 5295 5018
f 5017 5294 5295
f 5018 5295 5296
f 5018 5296 5019
f 5019 5296 5297
f 5019 5297 5020
f 5020 5297 5296
f 5020 5296 5298
f 5020 5298 5299
f 5020 5299 5300
f 5020 5300 5021
f 5021 5300 5301
f 5021 5301 5302
f 5021 5302 5022
f 5022 5302 5301
f 5022 5301 5303
f 5022 5303 5304
f 5022 5304 5023
f 5023 5304 5024
f 5024 5304 5305
f 5024 5305 5026
f 5024 5026 5025
f 5026 5305 5029
f 5027 5306 5307
f 5027 5307 5308
f 5027 5308 5309
f 5027 5309 5028
f 5027 5029 5310
f 5027 5310 5306
f 5028 5309 5311
f 5028 5311 5312
f 5028 5312 5313
f 5028 5313 5030
f 5029 5305 5314
f 5029 5314 5315
f 5029 5315 5310
f 5030 5313 5316
f 5030 5316 5032
f 5032 5316 5037
f 5033 5286 5317
f 5033 5317 5034
f 5034 5288 5035
f 5034 5317 5318
f 5034 5318 5288
f 5035 5288 5036
f 5037 5316 5319
f 5037 5319 5320
f 5037 5320 5038
f 5038 5320 5040
f 5038 5040 5039
f 5040 5320 5321
f 5040 5321 5322
f 5040 5322 5323
f 5040 5323 5324
f 5040 5324 5041
f 5041 5324 5325
f 5041 5325 5042
f 5042 5325 5043
f 5043 5325 5324
f 5043 5324 5046
f 5043 5046 5044
f 5044 5046 5045
f 5046 5324 5047
f 5047 5323 5322
f 5047 5322 5048
f 5047 5324 5323
f 5048 5322 5326
f 5048 5326 5107
f 5048 5107 5106
f 5050 5054 5051
f 5052 5327 5053
f 5052 5056 5328
f 5052 5328 5329
f 5052 5329 5327
f 5053 5327 5058
f 5055 5206 5205
f 5055 5205 5330
f 5055 5330 5331
f 5055 5331 5056
f 5055 5208 5207
f 5056 5331 5332
f 5056 5332 5328
f 5057 5058 5070
f 5058 5333 5072
f 5058 5327 5329
f 5058 5329 5333
f 5059 5334 5335
f 5059 5335 5067
f 5059 5067 5060
f 5059 5071 5334
f 5061 5067 5336
f 5061 5336 5063
f 5062 5063 5337
f 5062 5337 5064
f 5063 5336 5338
f 5063 5338 5339
f 5063 5339 5337
f 5064 5340 5341
f 5064 5341 5342
f 5064 5342 5065
f 5064 5337 5339
f 5064 5339 5338
f 5064 5338 5343
f 5064 5343 5340
f 5065 5342 5344
f 5065 5344 5066
f 5066 5344 5629
f 5066 5629 5345
f 5066 5345 5068
f 5067 5335 5336
f 5068 5346 5069
f 5068 5345 5347
f 5068 5347 5346
f 5069 5346 5077
f 5071 5072 5348
f 5071 5348 5349
f 5071 5349 5350
f 5071 5350 5351
f 5071 5351 5334
f 5072 5352 5348
f 5072 5333 5353
f 5072 5353 5352
f 5073 5354 5074
f 5073 5076 5355
f 5073 5355 5354
f 5074 5354 5356
f 5074 5356 5357
f 5074 5357 5075
f 5075 5357 5356
f 5075 5356 5358
f 5075 5358 5359
f 5075 5359 5080
f 5076 5077 5360
f 5076 5360 5355
f 5077 5346 5361
f 5077 5361 5360
f 5078 5362 5079
f 5078 5080 5359
f 5078 5359 5363
f 5078 5363 5362
f 5079 5362 5082
f 5079 5082 5081
f 5082 5362 5092
f 5082 5092 5091
f 5082 5091 5084
f 5084 5091 5364
f 5084 5364 5085
f 5085 5364 5091
f 5086 5363 5087
f 5086 5092 5363
f 5087 5363 5365
f 5087 5365 5366
f 5087 5366 5367
f 5087 5367 5368
f 5087 5368 5369
f 5087 5369 5088
f 5088 5369 5089
f 5089 5369 5093
f 5092 5362 5363
f 5093 5369 5096
f 5093 5096 5094
f 5095 5103 5370
f 5095 5370 5371
f 5095 5371 5372
f 5095 5372 5105
f 5096 5369 5373
f 5096 5373 5374
f 5096 5374 5098
f 5096 5098 5097
f 5098 5374 5375
f 5098 5375 5376
f 5098 5376 5377
f 5098 5377 5378
f 5098 5378 5100
f 5098 5100 5099
f 5100 5378 5379
f 5100 5379 5377
f 5100 5377 5380
f 5100 5380 5381
f 5100 5381 5382
f 5100 5382 5383
f 5100 5383 5103
f 5100 5103 5101
f 5101 5103 5102
f 5103 5383 5384
f 5103 5384 5370
f 5104 5105 5219
f 5104 5219 5218
f 5104 5218 5209
f 5105 5372 5385
f 5105 5385 5219
f 5107 5386 5108
f 5107 5326 5387
f 5107 5387 5386
f 5108 5388 5109
f 5108 5386 5388
f 5109 5388 5389
f 5109 5389 5390
f 5109 5390 5111
f 5109 5111 5110
f 5111 5390 5391
f 5111 5391 5392
f 5111 5392 5393
f 5111 5393 5114
f 5114 5393 5115
f 5115 5393 5394
f 5115 5394 5116
f 5116 5394 5117
f 5117 5120 5119
f 5117 5394 5395
f 5117 5395 5396
f 5117 5396 5120
f 5120 5397 5398
f 5120 5398 5121
f 5120 5396 5399
f 5120 5399 5397
f 5121 5123 5122
f 5121 5398 5400
f 5121 5400 5124
f 5124 5400 5125
f 5125 5400 5131
f 5127 5401 5402
f 5127 5402 5136
f 5127 5135 5133
f 5127 5129 5401
f 5128 5132 5129
f 5129 5132 5403
f 5129 5403 5404
f 5129 5404 5405
f 5129 5405 5406
f 5129 5406 5401
f 5130 5407 5408
f 5130 5408 5132
f 5130 5131 5409
f 5130 5409 5410
f 5130 5410 5407
f 5131 5400 5398
f 5131 5398 5409
f 5132 5408 5411
f 5132 5411 5403
f 5133 5135 5134
f 5136 5412 5137
f 5136 5402 5412
f 5137 5412 5413
f 5137 5413 5414
f 5137 5414 5138
f 5138 5414 5415
f 5138 5415 5416
f 5138 5416 5140
f 5138 5140 5139
f 5140 5416 5141
f 5141 5416 5145
f 5142 5152 5417
f 5142 5417 5143
f 5143 5418 5419
f 5143 5419 5420
f 5143 5420 5144
f 5143 5417 5421
f 5143 5421 5422
f 5143 5422 5418
f 5144 5420 5419
f 5144 5419 5423
f 5144 5423 5424
f 5144 5424 5425
f 5144 5425 5426
f 5144 5426 5427
f 5144 5427 5428
f 5144 5428 5153
f 5145 5416 5146
f 5146 5416 5429
f 5146 5429 5430
f 5146 5430 5147
f 5147 5430 5431
f 5147 5431 5150
f 5147 5150 5148
f 5148 5150 5149
f 5150 5431 5432
f 5150 5432 5433
f 5150 5433 5434
f 5150 5434 5435
f 5150 5435 5436
f 5150 5436 5151
f 5151 5417 5152
f 5151 5436 5421
f 5151 5421 5417
f 5153 5428 5154
f 5154 5428 5437
f 5154 5437 5438
f 5154 5438 5155
f 5155 5438 5439
f 5155 5439 5156
f 5156 5439 5157
f 5157 5439 5158
f 5158 5439 5159
f 5159 5439 5440
f 5159 5440 5441
f 5159 5441 5442
f 5159 5442 5443
f 5159 5443 5161
f 5159 5161 5160
f 5161 5444 5445
f 5161 5445 5164
f 5161 5164 5166
f 5161 5166 5162
f 5161 5443 5444
f 5164 5446 5447
f 5164 5447 5448
f 5164 5448 5167
f 5164 5167 5165
f 5164 5445 5446
f 5167 5448 5447
f 5167 5447 5449
f 5167 5449 5450
f 5167 5450 5451
f 5167 5451 5452
f 5167 5452 5453
f 5167 5453 5454
f 5167 5454 5455
f 5167 5455 5170
f 5167 5170 5168
f 5168 5170 5169
f 5170 5455 5454
f 5170 5454 5456
f 5170 5456 5171
f 5171 5456 5457
f 5171 5457 5172
f 5172 5457 5173
f 5173 5458 5174
f 5173 5457 5458
f 5174 5459 5175
f 5174 5458 5460
f 5174 5460 5459
f 5175 5459 5176
f 5176 5459 5178
f 5177 5178 5460
f 5177 5460 5461
f 5177 5461 5179
f 5178 5459 5460
f 5179 5462 5463
f 5179 5463 5180
f 5179 5461 5460
f 5179 5460 5462
f 5180 5463 5464
f 5180 5464 5465
f 5180 5465 5181
f 5181 5465 5182
f 5182 5466 5467
f 5182 5467 5183
f 5182 5465 5466
f 5183 5467 5184
f 5184 5468 5188
f 5184 5188 5187
f 5184 5187 5185
f 5184 5467 5468
f 5188 5468 5189
f 5189 5469 5190
f 5189 5468 5470
f 5189 5470 5469
f 5190 5469 5471
f 5190 5471 5191
f 5191 5471 5472
f 5191 5472 5473
f 5191 5473 5474
f 5191 5474 5475
f 5191 5475 5476
f 5191 5476 5477
f 5191 5477 5478
f 5191 5478 5192
f 5192 5478 5193
f 5193 5478 5198
f 5193 5198 5194
f 5196 5200 5479
f 5196 5479 5480
f 5196 5480 5476
f 5196 5476 5475
f 5196 5475 5481
f 5196 5481 5197
f 5197 5481 5201
f 5198 5478 5482
f 5198 5482 5199
f 5199 5482 5478
f 5199 5478 5483
f 5200 5483 5479
f 5201 5481 5484
f 5201 5484 5485
f 5201 5485 5203
f 5201 5203 5202
f 5203 5486 5204
f 5203 5485 5484
f 5203 5484 5486
f 5204 5486 5205
f 5205 5486 5484
f 5205 5484 5330
f 5209 5218 5210
f 5212 5487 5213
f 5212 5217 5370
f 5212 5370 5488
f 5212 5488 5487
f 5213 5487 5489
f 5213 5489 5223
f 5216 5220 5385
f 5216 5385 5372
f 5216 5372 5371
f 5216 5371 5217
f 5217 5371 5370
f 5219 5385 5220
f 5221 5225 5222
f 5221 5224 5225
f 5223 5490 5491
f 5223 5491 5492
f 5223 5492 5224
f 5223 5489 5493
f 5223 5493 5490
f 5224 5492 5494
f 5224 5494 5225
f 5225 5494 5495
f 5225 5495 5228
f 5226 5229 5227
f 5227 5229 5231
f 5228 5495 5496
f 5228 5496 5229
f 5229 5496 5497
f 5229 5497 5498
f 5229 5498 5231
f 5230 5232 5233
f 5231 5498 5499
f 5231 5499 5500
f 5231 5500 5232
f 5232 5500 5260
f 5234 5261 5235
f 5234 5263 5262
f 5234 5262 5261
f 5235 5501 5502
f 5235 5502 5503
f 5235 5503 5504
f 5235 5504 5505
f 5235 5505 5506
f 5235 5506 5507
f 5235 5507 5236
f 5235 5261 5260
f 5235 5260 5508
f 5235 5508 5501
f 5236 5507 5237
f 5237 5507 5509
f 5237 5509 5238
f 5238 5509 5510
f 5238 5510 5511
f 5238 5511 5512
f 5238 5512 5239
f 5239 5512 5513
f 5239 5513 5240
f 5240 5513 5241
f 5241 5513 5242
f 5242 5513 5514
f 5242 5514 5243
f 5243 5514 5515
f 5243 5515 5516
f 5243 5516 5245
f 5245 5516 5515
f 5245 5515 5517
f 5245 5517 5246
f 5246 5518 5519
f 5246 5519 5249
f 5246 5249 5247
f 5246 5517 5520
f 5246 5520 5521
f 5246 5521 5522
f 5246 5522 5523
f 5246 5523 5518
f 5247 5249 5248
f 5249 5519 5524
f 5249 5524 5525
f 5249 5525 5252
f 5249 5252 5526
f 5249 5526 5251
f 5249 5251 5250
f 5251 5526 5252
f 5252 5525 5527
f 5252 5527 5528
f 5252 5528 5529
f 5252 5529 5253
f 5253 5529 5254
f 5254 5530 5255
f 5254 5529 5531
f 5254 5531 5530
f 5255 5530 5532
f 5255 5532 5533
f 5255 5533 5534
f 5255 5534 5535
f 5255 5535 5536
f 5255 5536 5537
f 5255 5537 5256
f 5256 5537 5257
f 5257 5537 5258
f 5258 5537 5538
f 5258 5538 5259
f 5259 5265 5264
f 5259 5538 5539
f 5259 5539 5540
f 5259 5540 5541
f 5259 5541 5265
f 5260 5500 5508
f 5265 5541 5542
f 5265 5542 5266
f 5266 5542 5267
f 5267 5542 5543
f 5267 5543 5544
f 5267 5544 5545
f 5267 5545 5268
f 5268 5545 5546
f 5268 5546 5547
f 5268 5547 5548
f 5268 5548 5549
f 5268 5549 5269
f 5269 5278 5271
f 5269 5271 5270
f 5269 5549 5550
f 5269 5550 5551
f 5269 5551 5552
f 5269 5552 5553
f 5269 5553 5554
f 5269 5554 5278
f 5271 5278 5555
f 5271 5555 5272
f 5272 5555 5273
f 5273 5555 5278
f 5273 5278 5277
f 5275 5556 5557
f 5275 5557 5558
f 5275 5558 5559
f 5275 5559 5279
f 5275 5279 5276
f 5275 5278 5556
f 5278 5554 5560
f 5278 5560 5561
f 5278 5561 5562
f 5278 5562 5556
f 5279 5559 5280
f 5280 5563 5564
f 5280 5564 5565
f 5280 5565 5286
f 5280 5286 5284
f 5280 5559 5558
f 5280 5558 5563
f 5284 5286 5285
f 5286 5565 5317
f 5288 5318 5290
f 5288 5290 5289
f 5290 5292 5291
f 5290 5318 5566
f 5290 5566 5292
f 5292 5567 5568
f 5292 5568 5569
f 5292 5569 5294
f 5292 5294 5293
f 5292 5566 5570
f 5292 5570 5571
f 5292 5571 5572
f 5292 5572 5567
f 5294 5569 5573
f 5294 5573 5296
f 5294 5296 5295
f 5296 5573 5569
f 5296 5569 5574
f 5296 5574 5299
f 5296 5299 5298
f 5299 5575 5576
f 5299 5576 5577
f 5299 5577 5578
f 5299 5578 5579
f 5299 5579 5580
f 5299 5580 5300
f 5299 5574 5575
f 5300 5581 5582
f 5300 5582 5301
f 5300 5580 5581
f 5301 5582 5583
f 5301 5583 5303
f 5303 5583 5304
f 5304 5314 5305
f 5304 5583 5314
f 5306 5310 5315
f 5306 5315 5582
f 5306 5582 5584
f 5306 5584 5307
f 5307 5585 5586
f 5307 5586 5587
f 5307 5587 5308
f 5307 5584 5585
f 5308 5587 5588
f 5308 5588 5311
f 5308 5311 5309
f 5311 5588 5589
f 5311 5589 5312
f 5312 5589 5590
f 5312 5590 5591
f 5312 5591 5313
f 5313 5591 5316
f 5314 5583 5582
f 5314 5582 5315
f 5316 5591 5592
f 5316 5592 5321
f 5316 5321 5319
f 5317 5565 5318
f 5318 5565 5593
f 5318 5593 5566
f 5319 5321 5320
f 5321 5592 5326
f 5321 5326 5594
f 5321 5594 5322
f 5322 5594 5326
f 5326 5592 5595
f 5326 5595 5596
f 5326 5596 5597
f 5326 5597 5598
f 5326 5598 5387
f 5328 5332 5599
f 5328 5599 5600
f 5328 5600 5601
f 5328 5601 5602
f 5328 5602 5329
f 5329 5602 5601
f 5329 5601 5603
f 5329 5603 5604
f 5329 5604 5605
f 5329 5605 5606
f 5329 5606 5607
f 5329 5607 5608
f 5329 5608 5609
f 5329 5609 5610
f 5329 5610 5611
f 5329 5611 5612
f 5329 5612 5613
f 5329 5613 5333
f 5330 5484 5331
f 5331 5484 5332
f 5332 5484 5614
f 5332 5614 5600
f 5332 5600 5599
f 5333 5612 5615
f 5333 5615 5616
f 5333 5616 5353
f 5333 5613 5612
f 5334 5351 5617
f 5334 5617 5335
f 5335 5617 5618
f 5335 5618 5619
f 5335 5619 5336
f 5336 5619 5620
f 5336 5620 5338
f 5338 5620 5621
f 5338 5621 5343
f 5340 5343 5341
f 5341 5622 5623
f 5341 5623 5342
f 5341 5343 5624
f 5341 5624 5625
f 5341 5625 5622
f 5342 5623 5344
f 5343 5621 5626
f 5343 5626 5627
f 5343 5627 5628
f 5343 5628 5624
f 5344 5623 5629
f 5345 5629 5347
f 5346 5347 5630
f 5346 5630 5361
f 5347 5629 5631
f 5347 5631 5632
f 5347 5632 5630
f 5348 5352 5633
f 5348 5633 5634
f 5348 5634 5349
f 5349 5634 5350
f 5350 5635 5351
f 5350 5634 5636
f 5350 5636 5633
f 5350 5633 5637
f 5350 5637 5638
f 5350 5638 5639
f 5350 5639 5640
f 5350 5640 5641
f 5350 5641 5642
f 5350 5642 5643
f 5350 5643 5644
f 5350 5644 5645
f 5350 5645 5635
f 5351 5646 5647
f 5351 5647 5617
f 5351 5635 5646
f 5352 5353 5648
f 5352 5648 5633
f 5353 5616 5648
f 5354 5355 5649
f 5354 5649 5356
f 5355 5360 5650
f 5355 5650 5651
f 5355 5651 5649
f 5356 5652 5653
f 5356 5653 5358
f 5356 5649 5654
f 5356 5654 5655
f 5356 5655 5656
f 5356 5656 5652
f 5358 5653 5657
f 5358 5657 5359
f 5359 5657 5658
f 5359 5658 5659
f 5359 5659 5363
f 5360 5361 5650
f 5361 5630 5660
f 5361 5660 5650
f 5363 5659 5658
f 5363 5658 5661
f 5363 5661 5365
f 5365 5662 5663
f 5365 5663 5366
f 5365 5661 5662
f 5366 5663 5664
f 5366 5664 5665
f 5366 5665 5666
f 5366 5666 5367
f 5367 5667 5668
f 5367 5668 5369
f 5367 5369 5669
f 5367 5669 5368
f 5367 5666 5664
f 5367 5664 5670
f 5367 5670 5671
f 5367 5671 5672
f 5367 5672 5673
f 5367 5673 5667
f 5368 5669 5369
f 5369 5668 5373
f 5370 5384 5488
f 5373 5674 5374
f 5373 5668 5674
f 5374 5674 5673
f 5374 5673 5375
f 5375 5673 5675
f 5375 5675 5376
f 5376 5675 5377
f 5377 5675 5673
f 5377 5673 5676
f 5377 5676 5380
f 5377 5379 5378
f 5380 5676 5381
f 5381 5676 5677
f 5381 5677 5678
f 5381 5678 5679
f 5381 5679 5680
f 5381 5680 5681
f 5381 5681 5682
f 5381 5682 5490
f 5381 5490 5493
f 5381 5493 5382
f 5382 5493 5683
f 5382 5683 5384
f 5382 5384 5383
f 5384 5683 5488
f 5386 5387 5598
f 5386 5598 5388
f 5388 5598 5684
f 5388 5684 5389
f 5389 5685 5686
f 5389 5686 5687
f 5389 5687 5390
f 5389 5684 5685
f 5390 5687 5688
f 5390 5688 5689
f 5390 5689 5391
f 5391 5689 5690
f 5391 5690 5392
f 5392 5690 5395
f 5392 5395 5691
f 5392 5691 5393
f 5393 5691 5394
f 5394 5691 5395
f 5395 5690 5396
f 5396 5690 5688
f 5396 5688 5686
f 5396 5686 5692
f 5396 5692 5399
f 5397 5399 5398
f 5398 5399 5693
f 5398 5693 5694
f 5398 5694 5695
f 5398 5695 5696
f 5398 5696 5697
f 5398 5697 5410
f 5398 5410 5409
f 5399 5692 5698
f 5399 5698 5694
f 5399 5694 5693
f 5401 5699 5402
f 5401 5406 5405
f 5401 5405 5700
f 5401 5700 5699
f 5402 5699 5701
f 5402 5701 5702
f 5402 5702 5412
f 5403 5411 5404
f 5404 5411 5703
f 5404 5703 5704
f 5404 5704 5705
f 5404 5705 5706
f 5404 5706 5707
f 5404 5707 5708
f 5404 5708 5709
f 5404 5709 5710
f 5404 5710 5405
f 5405 5710 5711
f 5405 5711 5700
f 5407 5712 5713
f 5407 5713 5408
f 5407 5410 5712
f 5408 5713 5411
f 5410 5697 5714
f 5410 5714 5715
f 5410 5715 5716
f 5410 5716 5717
f 5410 5717 5718
f 5410 5718 5411
f 5410 5411 5713
f 5410 5713 5712
f 5411 5704 5703
f 5411 5718 5717
f 5411 5717 5704
f 5412 5702 5719
f 5412 5719 5720
f 5412 5720 5721
f 5412 5721 5413
f 5413 5721 5722
f 5413 5722 5723
f 5413 5723 5724
f 5413 5724 5414
f 5414 5724 5725
f 5414 5725 5415
f 5415 5429 5416
f 5415 5725 5726
f 5415 5726 5727
f 5415 5727 5429
f 5418 5422 5419
f 5419 5422 5728
f 5419 5728 5729
f 5419 5729 5730
f 5419 5730 5731
f 5419 5731 5423
f 5421 5436 5422
f 5422 5436 5732
f 5422 5732 5729
f 5422 5729 5728
f 5423 5731 5733
f 5423 5733 5734
f 5423 5734 5735
f 5423 5735 5427
f 5423 5427 5424
f 5424 5427 5426
f 5424 5426 5425
f 5427 5735 5428
f 5428 5735 5734
f 5428 5734 5437
f 5429 5727 5736
f 5429 5736 5430
f 5430 5736 5737
f 5430 5737 5738
f 5430 5738 5739
f 5430 5739 5432
f 5430 5432 5431
f 5432 5739 5433
f 5433 5739 5740
f 5433 5740 5741
f 5433 5741 5742
f 5433 5742 5434
f 5434 5742 5743
f 5434 5743 5744
f 5434 5744 5435
f 5435 5744 5745
f 5435 5745 5436
f 5436 5745 5746
f 5436 5746 5747
f 5436 5747 5748
f 5436 5748 5749
f 5436 5749 5732
f 5437 5734 5441
f 5437 5441 5438
f 5438 5441 5439
f 5439 5441 5440
f 5441 5734 5750
f 5441 5750 5751
f 5441 5751 5752
f 5441 5752 5442
f 5442 5752 5443
f 5443 5752 5444
f 5444 5752 5753
f 5444 5753 5754
f 5444 5754 5755
f 5444 5755 5756
f 5444 5756 5445
f 5445 5756 5446
f 5446 5756 5757
f 5446 5757 5447
f 5447 5757 5758
f 5447 5758 5449
f 5449 5758 5450
f 5450 5759 5760
f 5450 5760 5761
f 5450 5761 5762
f 5450 5762 5763
f 5450 5763 5452
f 5450 5452 5451
f 5450 5758 5759
f 5452 5763 5762
f 5452 5762 5764
f 5452 5764 5453
f 5453 5765 5454
f 5453 5764 5762
f 5453 5762 5766
f 5453 5766 5767
f 5453 5767 5765
f 5454 5765 5456
f 5456 5765 5457
f 5457 5765 5458
f 5458 5765 5460
f 5460 5765 5767
f 5460 5767 5768
f 5460 5768 5766
f 5460 5766 5769
f 5460 5769 5462
f 5462 5770 5463
f 5462 5769 5771
f 5462 5771 5772
f 5462 5772 5770
f 5463 5770 5773
f 5463 5773 5464
f 5464 5773 5465
f 5465 5773 5774
f 5465 5774 5466
f 5466 5774 5775
f 5466 5775 5776
f 5466 5776 5467
f 5467 5776 5777
f 5467 5777 5468
f 5468 5778 5470
f 5468 5777 5779
f 5468 5779 5780
f 5468 5780 5781
f 5468 5781 5778
f 5469 5782 5471
f 5469 5470 5782
f 5470 5783 5784
f 5470 5784 5785
f 5470 5785 5786
f 5470 5786 5787
f 5470 5787 5788
f 5470 5788 5789
f 5470 5789 5790
f 5470 5790 5782
f 5470 5778 5783
f 5471 5782 5472
f 5472 5790 5791
f 5472 5791 5792
f 5472 5792 5473
f 5472 5782 5790
f 5473 5792 5793
f 5473 5793 5794
f 5473 5794 5475
f 5473 5475 5474
f 5475 5794 5795
f 5475 5795 5796
f 5475 5796 5481
f 5476 5480 5479
f 5476 5479 5483
f 5476 5483 5478
f 5476 5478 5477
f 5481 5797 5600
f 5481 5600 5798
f 5481 5798 5484
f 5481 5796 5797
f 5484 5600 5614
f 5484 5798 5600
f 5487 5493 5489
f 5487 5488 5799
f 5487 5799 5493
f 5488 5683 5799
f 5490 5682 5800
f 5490 5800 5494
f 5490 5494 5492
f 5490 5492 5491
f 5493 5799 5683
f 5494 5800 5495
f 5495 5801 5802
f 5495 5802 5803
f 5495 5803 5496
f 5495 5800 5681
f 5495 5681 5680
f 5495 5680 5804
f 5495 5804 5805
f 5495 5805 5801
f 5496 5803 5802
f 5496 5802 5497
f 5497 5802 5498
f 5498 5802 5806
f 5498 5806 5499
f 5499 5806 5807
f 5499 5807 5808
f 5499 5808 5500
f 5500 5808 5809
f 5500 5809 5508
f 5501 5809 5502
f 5501 5508 5809
f 5502 5809 5810
f 5502 5810 5503
f 5503 5811 5504
f 5503 5810 5812
f 5503 5812 5813
f 5503 5813 5811
f 5504 5510 5505
f 5504 5811 5813
f 5504 5813 5814
f 5504 5814 5815
f 5504 5815 5816
f 5504 5816 5817
f 5504 5817 5510
f 5505 5510 5507
f 5505 5507 5506
f 5507 5510 5509
f 5510 5818 5819
f 5510 5819 5511
f 5510 5817 5816
f 5510 5816 5820
f 5510 5820 5821
f 5510 5821 5822
f 5510 5822 5818
f 5511 5513 5512
f 5511 5819 5513
f 5513 5819 5823
f 5513 5823 5514
f 5514 5823 5515
f 5515 5823 5822
f 5515 5822 5824
f 5515 5824 5517
f 5517 5824 5825
f 5517 5825 5826
f 5517 5826 5827
f 5517 5827 5828
f 5517 5828 5520
f 5518 5829 5830
f 5518 5830 5519
f 5518 5523 5831
f 5518 5831 5829
f 5519 5830 5524
f 5520 5828 5832
f 5520 5832 5521
f 5521 5832 5522
f 5522 5832 5523
f 5523 5832 5833
f 5523 5833 5831
f 5524 5830 5527
f 5524 5527 5525
f 5527 5830 5528
f 5528 5830 5829
f 5528 5829 5834
f 5528 5834 5835
f 5528 5835 5836
f 5528 5836 5837
f 5528 5837 5529
f 5529 5837 5838
f 5529 5838 5839
f 5529 5839 5531
f 5530 5533 5532
f 5530 5531 5840
f 5530 5840 5841
f 5530 5841 5533
f 5531 5839 5840
f 5533 5841 5842
f 5533 5842 5843
f 5533 5843 5535
f 5533 5535 5844
f 5533 5844 5534
f 5534 5844 5535
f 5535 5843 5845
f 5535 5845 5846
f 5535 5846 5847
f 5535 5847 5540
f 5535 5540 5536
f 5536 5539 5537
f 5536 5540 5539
f 5537 5539 5538
f 5540 5847 5541
f 5541 5847 5848
f 5541 5848 5849
f 5541 5849 5543
f 5541 5543 5542
f 5543 5849 5544
f 5544 5849 5545
f 5545 5849 5850
f 5545 5850 5547
f 5545 5547 5546
f 5547 5549 5548
f 5547 5850 5851
f 5547 5851 5550
f 5547 5550 5549
f 5550 5851 5852
f 5550 5852 5551
f 5551 5852 5853
f 5551 5853 5553
f 5551 5553 5552
f 5553 5853 5852
f 5553 5852 5854
f 5553 5854 5855
f 5553 5855 5554
f 5554 5855 5560
f 5556 5562 5557
f 5557 5562 5856
f 5557 5856 5558
f 5558 5856 5857
f 5558 5857 5858
f 5558 5858 5563
f 5560 5855 5857
f 5560 5857 5856
f 5560 5856 5561
f 5561 5856 5562
f 5563 5858 5564
f 5564 5566 5593
f 5564 5593 5565
f 5564 5858 5859
f 5564 5859 5860
f 5564 5860 5566
f 5566 5860 5861
f 5566 5861 5862
f 5566 5862 5863
f 5566 5863 5570
f 5567 5864 5568
f 5567 5572 5865
f 5567 5865 5864
f 5568 5864 5866
f 5568 5866 5569
f 5569 5867 5574
f 5569 5866 5868
f 5569 5868 5869
f 5569 5869 5867
f 5570 5863 5862
f 5570 5862 5861
f 5570 5861 5870
f 5570 5870 5871
f 5570 5871 5571
f 5571 5871 5872
f 5571 5872 5873
f 5571 5873 5572
f 5572 5873 5874
f 5572 5874 5865
f 5574 5867 5575
f 5575 5867 5869
f 5575 5869 5576
f 5576 5869 5875
f 5576 5875 5577
f 5577 5876 5877
f 5577 5877 5878
f 5577 5878 5879
f 5577 5879 5880
f 5577 5880 5578
f 5577 5875 5881
f 5577 5881 5882
f 5577 5882 5883
f 5577 5883 5884
f 5577 5884 5876
f 5578 5880 5879
f 5578 5879 5885
f 5578 5885 5579
f 5579 5885 5886
f 5579 5886 5887
f 5579 5887 5581
f 5579 5581 5888
f 5579 5888 5580
f 5580 5888 5581
f 5581 5887 5889
f 5581 5889 5890
f 5581 5890 5891
f 5581 5891 5892
f 5581 5892 5584
f 5581 5584 5582
f 5584 5892 5893
f 5584 5893 5586
f 5584 5586 5585
f 5586 5894 5895
f 5586 5895 5587
f 5586 5893 5892
f 5586 5892 5891
f 5586 5891 5890
f 5586 5890 5896
f 5586 5896 5894
f 5587 5895 5897
f 5587 5897 5588
f 5588 5897 5898
f 5588 5898 5899
f 5588 5899 5589
f 5589 5899 5900
f 5589 5900 5590
f 5590 5900 5901
f 5590 5901 5902
f 5590 5902 5903
f 5590 5903 5591
f 5591 5903 5904
f 5591 5904 5905
f 5591 5905 5596
f 5591 5596 5595
f 5591 5595 5592
f 5596 5905 5597
f 5597 5905 5904
f 5597 5904 5598
f 5598 5904 5903
f 5598 5903 5906
f 5598 5906 5684
f 5600 5797 5907
f 5600 5907 5908
f 5600 5908 5601
f 5601 5908 5909
f 5601 5909 5603
f 5603 5909 5910
f 5603 5910 5911
f 5603 5911 5604
f 5604 5911 5912
f 5604 5912 5605
f 5605 5912 5913
f 5605 5913 5606
f 5606 5914 5607
f 5606 5913 5915
f 5606 5915 5916
f 5606 5916 5914
f 5607 5914 5917
f 5607 5917 5608
f 5608 5917 5914
f 5608 5914 5918
f 5608 5918 5609
f 5609 5918 5610
f 5610 5918 5919
f 5610 5919 5611
f 5611 5919 5612
f 5612 5920 5921
f 5612 5921 5922
f 5612 5922 5923
f 5612 5923 5615
f 5612 5919 5920
f 5615 5923 5638
f 5615 5638 5616
f 5616 5638 5637
f 5616 5637 5633
f 5616 5633 5648
f 5617 5647 5618
f 5618 5647 5645
f 5618 5645 5644
f 5618 5644 5619
f 5619 5924 5925
f 5619 5925 5621
f 5619 5621 5620
f 5619 5644 5924
f 5621 5925 5626
f 5622 5628 5926
f 5622 5926 5631
f 5622 5631 5623
f 5622 5625 5628
f 5623 5631 5629
f 5624 5628 5625
f 5626 5925 5927
f 5626 5927 5928
f 5626 5928 5929
f 5626 5929 5627
f 5627 5929 5930
f 5627 5930 5628
f 5628 5930 5931
f 5628 5931 5932
f 5628 5932 5933
f 5628 5933 5926
f 5630 5632 5934
f 5630 5934 5660
f 5631 5926 5632
f 5632 5926 5933
f 5632 5933 5934
f 5633 5636 5634
f 5635 5645 5935
f 5635 5935 5647
f 5635 5647 5646
f 5638 5923 5639
f 5639 5923 5640
f 5640 5923 5922
f 5640 5922 5641
f 5641 5922 5936
f 5641 5936 5937
f 5641 5937 5938
f 5641 5938 5939
f 5641 5939 5940
f 5641 5940 5941
f 5641 5941 5942
f 5641 5942 5943
f 5641 5943 5642
f 5642 5943 5944
f 5642 5944 5945
f 5642 5945 5946
f 5642 5946 5947
f 5642 5947 5948
f 5642 5948 5949
f 5642 5949 5643
f 5643 5949 5644
f 5644 5949 5950
f 5644 5950 5925
f 5644 5925 5924
f 5645 5647 5935
f 5649 5651 5650
f 5649 5650 5951
f 5649 5951 5654
f 5650 5952 5951
f 5650 5660 5953
f 5650 5953 5655
f 5650 5655 5952
f 5652 5954 5955
f 5652 5955 5956
f 5652 5956 5957
f 5652 5957 5653
f 5652 5656 5954
f 5653 5957 5958
f 5653 5958 5959
f 5653 5959 5657
f 5654 5951 5655
f 5655 5951 5952
f 5655 5953 5960
f 5655 5960 5961
f 5655 5961 5656
f 5656 5961 5962
f 5656 5962 5963
f 5656 5963 5964
f 5656 5964 5965
f 5656 5965 5966
f 5656 5966 5967
f 5656 5967 5968
f 5656 5968 5954
f 5657 5959 5658
f 5658 5959 5969
f 5658 5969 5970
f 5658 5970 5971
f 5658 5971 5972
f 5658 5972 5661
f 5660 5934 5960
f 5660 5960 5953
f 5661 5972 5662
f 5662 5973 5663
f 5662 5972 5971
f 5662 5971 5974
f 5662 5974 5973
f 5663 5975 5664
f 5663 5973 5975
f 5664 5975 5976
f 5664 5976 5670
f 5664 5666 5665
f 5667 5674 5668
f 5667 5673 5674
f 5670 5976 5977
f 5670 5977 5978
f 5670 5978 5979
f 5670 5979 5980
f 5670 5980 5981
f 5670 5981 5671
f 5671 5981 5980
f 5671 5980 5982
f 5671 5982 5983
f 5671 5983 5672
f 5672 5983 5984
f 5672 5984 5985
f 5672 5985 5673
f 5673 5985 5984
f 5673 5984 5986
f 5673 5986 5987
f 5673 5987 5988
f 5673 5988 5676
f 5676 5989 5990
f 5676 5990 5991
f 5676 5991 5677
f 5676 5988 5989
f 5677 5991 5990
f 5677 5990 5678
f 5678 5990 5805
f 5678 5805 5804
f 5678 5804 5679
f 5679 5804 5680
f 5681 5800 5682
f 5684 5992 5993
f 5684 5993 5686
f 5684 5686 5685
f 5684 5906 5992
f 5686 5993 5994
f 5686 5994 5692
f 5686 5688 5687
f 5688 5690 5689
f 5692 5994 5995
f 5692 5995 5698
f 5694 5698 5996
f 5694 5996 5695
f 5695 5996 5997
f 5695 5997 5696
f 5696 5997 5697
f 5697 5998 5999
f 5697 5999 5714
f 5697 5997 6000
f 5697 6000 5998
f 5698 6001 5996
f 5698 5995 5994
f 5698 5994 6002
f 5698 6002 6003
f 5698 6003 6004
f 5698 6004 6001
f 5699 6005 5702
f 5699 5702 5701
f 5699 5700 5711
f 5699 5711 5710
f 5699 5710 5709
f 5699 5709 6006
f 5699 6006 6005
f 5702 6005 6007
f 5702 6007 6008
f 5702 6008 6009
f 5702 6009 6010
f 5702 6010 5719
f 5704 5717 6011
f 5704 6011 6012
f 5704 6012 5705
f 5705 6012 6013
f 5705 6013 5706
f 5706 6013 6012
f 5706 6012 6014
f 5706 6014 6015
f 5706 6015 6016
f 5706 6016 6017
f 5706 6017 5708
f 5706 5708 5707
f 5708 6017 6018
f 5708 6018 6019
f 5708 6019 6020
f 5708 6020 6021
f 5708 6021 6022
f 5708 6022 5709
f 5709 6022 6023
f 5709 6023 6005
f 5709 6005 6006
f 5714 5999 6024
f 5714 6024 5715
f 5715 6024 6025
f 5715 6025 6026
f 5715 6026 5716
f 5716 6012 6011
f 5716 6011 5717
f 5716 6026 6025
f 5716 6025 6012
f 5719 6010 5720
f 5720 6010 6009
f 5720 6009 6027
f 5720 6027 5721
f 5721 6027 6028
f 5721 6028 6029
f 5721 6029 5722
f 5722 6029 5723
f 5723 6029 6030
f 5723 6030 5724
f 5724 6030 6031
f 5724 6031 6032
f 5724 6032 5725
f 5725 6032 5726
f 5726 6032 6033
f 5726 6033 6034
f 5726 6034 6035
f 5726 6035 5727
f 5727 6035 5737
f 5727 5737 5736
f 5729 5732 6036
f 5729 6036 6037
f 5729 6037 5730
f 5730 6038 5731
f 5730 6037 6039
f 5730 6039 6040
f 5730 6040 6038
f 5731 6038 6041
f 5731 6041 5734
f 5731 5734 5733
f 5732 5749 6036
f 5734 6041 5750
f 5737 6035 6042
f 5737 6042 5738
f 5738 6042 5739
f 5739 6042 6043
f 5739 6043 5740
f 5740 6043 6044
f 5740 6044 5741
f 5741 6044 6045
f 5741 6045 6046
f 5741 6046 6047
f 5741 6047 5742
f 5742 6047 6048
f 5742 6048 5743
f 5743 6048 6049
f 5743 6049 6050
f 5743 6050 5744
f 5744 6051 5745
f 5744 6050 6052
f 5744 6052 6053
f 5744 6053 6054
f 5744 6054 6051
f 5745 6051 5746
f 5746 6051 5748
f 5746 5748 5747
f 5748 6054 6053
f 5748 6053 6055
f 5748 6055 6056
f 5748 6056 6036
f 5748 6036 5749
f 5748 6051 6054
f 5750 6041 6038
f 5750 6038 6057
f 5750 6057 6058
f 5750 6058 5751
f 5751 6058 5753
f 5751 5753 5752
f 5753 6059 5754
f 5753 6058 6059
f 5754 6060 6061
f 5754 6061 5755
f 5754 6059 6060
f 5755 6062 6063
f 5755 6063 6064
f 5755 6064 5757
f 5755 5757 5756
f 5755 6061 6065
f 5755 6065 6066
f 5755 6066 6067
f 5755 6067 6068
f 5755 6068 6062
f 5757 6064 6063
f 5757 6063 5759
f 5757 5759 5758
f 5759 6063 6069
f 5759 6069 6070
f 5759 6070 5760
f 5760 6070 6071
f 5760 6071 6072
f 5760 6072 6073
f 5760 6073 5761
f 5761 6073 5762
f 5762 6073 6072
f 5762 6072 6074
f 5762 6074 6075
f 5762 6075 6076
f 5762 6076 6077
f 5762 6077 6078
f 5762 6078 5770
f 5762 5770 5771
f 5762 5771 5766
f 5766 5771 5769
f 5766 5768 5767
f 5770 5772 5771
f 5770 6078 6079
f 5770 6079 6080
f 5770 6080 6081
f 5770 6081 5775
f 5770 5775 5773
f 5773 5775 5774
f 5775 6081 5776
f 5776 6081 5777
f 5777 6081 5779
f 5778 6082 6083
f 5778 6083 5783
f 5778 5781 6082
f 5779 6081 6084
f 5779 6084 6085
f 5779 6085 5780
f 5780 6085 6086
f 5780 6086 5781
f 5781 6086 6087
f 5781 6087 6082
f 5783 6088 6089
f 5783 6089 6090
f 5783 6090 5784
f 5783 6083 6091
f 5783 6091 6088
f 5784 6090 5785
f 5785 6090 5786
f 5786 6090 6092
f 5786 6092 6093
f 5786 6093 5787
f 5787 6093 5788
f 5788 6093 6092
f 5788 6092 6094
f 5788 6094 5789
f 5789 6094 6095
f 5789 6095 5790
f 5790 6095 5793
f 5790 5793 5791
f 5791 5793 5792
f 5793 6095 6096
f 5793 6096 5796
f 5793 5796 5795
f 5793 5795 5794
f 5796 6096 6097
f 5796 6097 6098
f 5796 6098 5907
f 5796 5907 5797
f 5801 5805 6099
f 5801 6099 5806
f 5801 5806 5802
f 5805 5990 6100
f 5805 6100 6101
f 5805 6101 6099
f 5806 6099 6101
f 5806 6101 6102
f 5806 6102 5807
f 5807 6102 6103
f 5807 6103 6104
f 5807 6104 6105
f 5807 6105 5809
f 5807 5809 5808
f 5809 6105 5810
f 5810 6105 5812
f 5812 6106 6107
f 5812 6107 5813
f 5812 6105 6108
f 5812 6108 6106
f 5813 6107 6109
f 5813 6109 5815
f 5813 5815 5814
f 5815 6109 5988
f 5815 5988 6110
f 5815 6110 6111
f 5815 6111 6112
f 5815 6112 5816
f 5816 6112 5820
f 5818 5823 5819
f 5818 5822 5823
f 5820 6112 5821
f 5821 6112 6111
f 5821 6111 6113
f 5821 6113 6114
f 5821 6114 6115
f 5821 6115 5822
f 5822 6115 5824
f 5824 6115 5825
f 5825 6116 5827
f 5825 5827 5826
f 5825 6115 6117
f 5825 6117 6118
f 5825 6118 6119
f 5825 6119 6116
f 5827 5832 5828
f 5827 6116 6120
f 5827 6120 5832
f 5829 5831 5834
f 5831 5833 6121
f 5831 6121 6122
f 5831 6122 6123
f 5831 6123 6124
f 5831 6124 6125
f 5831 6125 5834
f 5832 6120 5833
f 5833 6126 6121
f 5833 6120 6127
f 5833 6127 6126
f 5834 5836 6128
f 5834 6128 5835
f 5834 6125 5836
f 5835 6128 5836
f 5836 6129 6130
f 5836 6130 5837
f 5836 6125 6131
f 5836 6131 6129
f 5837 6130 5838
f 5838 6130 6129
f 5838 6129 6132
f 5838 6132 6133
f 5838 6133 5839
f 5839 6133 6134
f 5839 6134 5840
f 5840 5842 5841
f 5840 6134 6135
f 5840 6135 5842
f 5842 6135 5843
f 5843 6135 5845
f 5845 6135 6136
f 5845 6136 6137
f 5845 6137 5846
f 5846 6137 6138
f 5846 6138 5847
f 5847 6138 6139
f 5847 6139 5848
f 5848 6139 6140
f 5848 6140 6141
f 5848 6141 5849
f 5849 6141 6142
f 5849 6142 6143
f 5849 6143 5850
f 5850 6143 6144
f 5850 6144 5851
f 5851 6144 6145
f 5851 6145 5852
f 5852 6145 6146
f 5852 6146 6147
f 5852 6147 6148
f 5852 6148 5854
f 5854 6148 5855
f 5855 6148 6149
f 5855 6149 6150
f 5855 6150 6151
f 5855 6151 5858
f 5855 5858 5857
f 5858 6151 5860
f 5858 5860 5859
f 5860 6151 6150
f 5860 6150 6152
f 5860 6152 5861
f 5861 6152 5870
f 5864 5881 6153
f 5864 6153 5875
f 5864 5875 6154
f 5864 6154 5869
f 5864 5869 5868
f 5864 5868 5866
f 5864 5865 6155
f 5864 6155 5881
f 5865 5874 6156
f 5865 6156 6157
f 5865 6157 6158
f 5865 6158 6159
f 5865 6159 6155
f 5869 6154 5875
f 5870 6152 6150
f 5870 6150 6160
f 5870 6160 6161
f 5870 6161 5871
f 5871 6161 6148
f 5871 6148 6162
f 5871 6162 5872
f 5872 6162 6163
f 5872 6163 6164
f 5872 6164 5873
f 5873 6157 6156
f 5873 6156 5874
f 5873 6164 6165
f 5873 6165 6157
f 5875 6153 5881
f 5876 5884 6166
f 5876 6166 5877
f 5877 6167 5879
f 5877 5879 5878
f 5877 6166 6168
f 5877 6168 6169
f 5877 6169 6170
f 5877 6170 6167
f 5879 6167 6171
f 5879 6171 6172
f 5879 6172 6173
f 5879 6173 5885
f 5881 6155 6159
f 5881 6159 5882
f 5882 6174 5883
f 5882 6159 6175
f 5882 6175 6174
f 5883 6174 6176
f 5883 6176 5884
f 5884 6176 6177
f 5884 6177 6178
f 5884 6178 6179
f 5884 6179 6168
f 5884 6168 6166
f 5885 6173 6180
f 5885 6180 6181
f 5885 6181 6182
f 5885 6182 5886
f 5886 6182 6183
f 5886 6183 5887
f 5887 6183 6184
f 5887 6184 5890
f 5887 5890 5889
f 5890 6184 5896
f 5894 6185 6186
f 5894 6186 6187
f 5894 6187 5895
f 5894 5896 6188
f 5894 6188 6185
f 5895 6187 5897
f 5896 6184 6189
f 5896 6189 6190
f 5896 6190 6191
f 5896 6191 6192
f 5896 6192 6188
f 5897 6187 6193
f 5897 6193 5898
f 5898 6193 6194
f 5898 6194 6195
f 5898 6195 5899
f 5899 6195 5903
f 5899 5903 5902
f 5899 5902 5901
f 5899 5901 5900
f 5903 6196 5906
f 5903 6195 6196
f 5906 6196 6197
f 5906 6197 6198
f 5906 6198 5992
f 5907 6098 5908
f 5908 6098 6199
f 5908 6199 5909
f 5909 6199 5910
f 5910 6199 5911
f 5911 6199 6094
f 5911 6094 6200
f 5911 6200 5912
f 5912 6200 5915
f 5912 5915 5913
f 5914 5916 6201
f 5914 6201 5918
f 5915 6094 6092
f 5915 6092 6201
f 5915 6201 5916
f 5915 6200 6094
f 5918 6201 5919
f 5919 6202 6203
f 5919 6203 6204
f 5919 6204 6205
f 5919 6205 6206
f 5919 6206 6207
f 5919 6207 6208
f 5919 6208 5920
f 5919 6201 6209
f 5919 6209 6202
f 5920 6208 6210
f 5920 6210 5921
f 5921 6210 5922
f 5922 6211 5936
f 5922 6210 6211
f 5925 6212 5927
f 5925 5950 6212
f 5927 6213 5928
f 5927 6212 6214
f 5927 6214 6215
f 5927 6215 6213
f 5928 6213 6216
f 5928 6216 5941
f 5928 5941 5931
f 5928 5931 5929
f 5929 5931 5930
f 5931 5941 5932
f 5932 5941 6217
f 5932 6217 6218
f 5932 6218 5933
f 5933 6218 5960
f 5933 5960 5934
f 5936 6211 6219
f 5936 6219 5937
f 5937 6219 6220
f 5937 6220 6221
f 5937 6221 6222
f 5937 6222 5938
f 5938 6222 6223
f 5938 6223 5939
f 5939 6223 6224
f 5939 6224 5941
f 5939 5941 5940
f 5941 6216 6225
f 5941 6225 6226
f 5941 6226 6227
f 5941 6227 5947
f 5941 5947 5946
f 5941 5946 6228
f 5941 6228 5944
f 5941 5944 5942
f 5941 6224 6229
f 5941 6229 6217
f 5942 5944 5943
f 5944 6228 5945
f 5945 6228 5946
f 5947 6227 5948
f 5948 6227 6225
f 5948 6225 6215
f 5948 6215 6214
f 5948 6214 5949
f 5949 6214 5950
f 5950 6214 6212
f 5954 5968 5967
f 5954 5967 5955
f 5955 5966 5957
f 5955 5957 5956
f 5955 5967 5966
f 5957 5966 6230
f 5957 6230 6231
f 5957 6231 6232
f 5957 6232 5969
f 5957 5969 5958
f 5958 5969 5959
f 5960 6218 5961
f 5961 6218 6233
f 5961 6233 5962
f 5962 6233 6217
f 5962 6217 6234
f 5962 6234 6229
f 5962 6229 5963
f 5963 6229 6235
f 5963 6235 6236
f 5963 6236 5964
f 5964 6236 5965
f 5965 6236 6237
f 5965 6237 6238
f 5965 6238 6230
f 5965 6230 5966
f 5969 6232 6239
f 5969 6239 5970
f 5970 6239 6240
f 5970 6240 6241
f 5970 6241 5971
f 5971 6241 5974
f 5973 5976 5975
f 5973 5974 5976
f 5974 6241 6240
f 5974 6240 5976
f 5976 6240 5977
f 5977 6240 5978
f 5978 6240 5979
f 5979 6242 6243
f 5979 6243 6244
f 5979 6244 5980
f 5979 6240 6245
f 5979 6245 6246
f 5979 6246 6247
f 5979 6247 6248
f 5979 6248 6242
f 5980 6244 5982
f 5982 6244 5983
f 5983 6249 6250
f 5983 6250 5984
f 5983 6244 6251
f 5983 6251 6249
f 5984 6250 6252
f 5984 6252 6253
f 5984 6253 5986
f 5986 6254 6110
f 5986 6110 6255
f 5986 6255 5988
f 5986 5988 5987
f 5986 6253 6256
f 5986 6256 6254
f 5988 6255 6110
f 5988 6109 6107
f 5988 6107 6257
f 5988 6257 5990
f 5988 5990 5989
f 5990 6257 6100
f 5992 6198 6258
f 5992 6258 6259
f 5992 6259 6260
f 5992 6260 5993
f 5993 6260 5994
f 5994 6260 6002
f 5996 6261 6000
f 5996 6000 5997
f 5996 6001 6262
f 5996 6262 6261
f 5998 6000 6263
f 5998 6263 5999
f 5999 6264 6025
f 5999 6025 6024
f 5999 6263 6265
f 5999 6265 6266
f 5999 6266 6264
f 6000 6267 6268
f 6000 6268 6263
f 6000 6261 6267
f 6001 6004 6262
f 6002 6260 6003
f 6003 6260 6269
f 6003 6269 6259
f 6003 6259 6004
f 6004 6259 6258
f 6004 6258 6270
f 6004 6270 6271
f 6004 6271 6272
f 6004 6272 6262
f 6005 6023 6273
f 6005 6273 6007
f 6007 6273 6274
f 6007 6274 6008
f 6008 6274 6009
f 6009 6274 6027
f 6012 6275 6015
f 6012 6015 6014
f 6012 6025 6275
f 6015 6276 6277
f 6015 6277 6278
f 6015 6278 6279
f 6015 6279 6017
f 6015 6017 6016
f 6015 6275 6280
f 6015 6280 6281
f 6015 6281 6276
f 6017 6279 6018
f 6018 6282 6283
f 6018 6283 6284
f 6018 6284 6020
f 6018 6020 6019
f 6018 6279 6285
f 6018 6285 6286
f 6018 6286 6282
f 6020 6284 6521
f 6020 6521 6287
f 6020 6287 6288
f 6020 6288 6022
f 6020 6022 6021
f 6022 6288 6274
f 6022 6274 6273
f 6022 6273 6023
f 6025 6264 6266
f 6025 6266 6289
f 6025 6289 6280
f 6025 6280 6275
f 6027 6274 6290
f 6027 6290 6291
f 6027 6291 6028
f 6028 6291 6292
f 6028 6292 6030
f 6028 6030 6029
f 6030 6293 6294
f 6030 6294 6031
f 6030 6292 6293
f 6031 6295 6296
f 6031 6296 6032
f 6031 6294 6293
f 6031 6293 6297
f 6031 6297 6295
f 6032 6296 6033
f 6033 6296 6034
f 6034 6296 6043
f 6034 6043 6035
f 6035 6043 6042
f 6036 6056 6055
f 6036 6055 6298
f 6036 6298 6037
f 6037 6299 6300
f 6037 6300 6040
f 6037 6040 6039
f 6037 6298 6301
f 6037 6301 6302
f 6037 6302 6303
f 6037 6303 6299
f 6038 6059 6058
f 6038 6058 6057
f 6038 6040 6304
f 6038 6304 6059
f 6040 6060 6304
f 6040 6300 6305
f 6040 6305 6060
f 6043 6296 6306
f 6043 6306 6044
f 6044 6306 6307
f 6044 6307 6308
f 6044 6308 6045
f 6045 6308 6309
f 6045 6309 6310
f 6045 6310 6311
f 6045 6311 6046
f 6046 6311 6312
f 6046 6312 6047
f 6047 6312 6313
f 6047 6313 6048
f 6048 6313 6049
f 6049 6314 6315
f 6049 6315 6050
f 6049 6313 6312
f 6049 6312 6314
f 6050 6315 6316
f 6050 6316 6052
f 6052 6316 6317
f 6052 6317 6318
f 6052 6318 6053
f 6053 6319 6317
f 6053 6317 6320
f 6053 6320 6321
f 6053 6321 6055
f 6053 6318 6319
f 6055 6321 6322
f 6055 6322 6323
f 6055 6323 6298
f 6059 6304 6060
f 6060 6324 6061
f 6060 6305 6300
f 6060 6300 6325
f 6060 6325 6326
f 6060 6326 6327
f 6060 6327 6324
f 6061 6324 6065
f 6062 6328 6070
f 6062 6070 6069
f 6062 6069 6063
f 6062 6068 6328
f 6065 6329 6330
f 6065 6330 6331
f 6065 6331 6332
f 6065 6332 6333
f 6065 6333 6067
f 6065 6067 6066
f 6065 6324 6327
f 6065 6327 6329
f 6067 6333 6068
f 6068 6333 6332
f 6068 6332 6334
f 6068 6334 6070
f 6068 6070 6328
f 6070 6334 6335
f 6070 6335 6071
f 6071 6335 6336
f 6071 6336 6337
f 6071 6337 6338
f 6071 6338 6339
f 6071 6339 6072
f 6072 6339 6340
f 6072 6340 6075
f 6072 6075 6074
f 6075 6339 6341
f 6075 6341 6076
f 6075 6340 6339
f 6076 6341 6342
f 6076 6342 6343
f 6076 6343 6344
f 6076 6344 6077
f 6077 6344 6078
f 6078 6344 6343
f 6078 6343 6345
f 6078 6345 6079
f 6079 6346 6086
f 6079 6086 6347
f 6079 6347 6348
f 6079 6348 6080
f 6079 6345 6346
f 6080 6348 6084
f 6080 6084 6081
f 6082 6349 6350
f 6082 6350 6351
f 6082 6351 6352
f 6082 6352 6083
f 6082 6087 6353
f 6082 6353 6354
f 6082 6354 6355
f 6082 6355 6349
f 6083 6352 6091
f 6084 6348 6347
f 6084 6347 6356
f 6084 6356 6085
f 6085 6356 6086
f 6086 6356 6347
f 6086 6346 6357
f 6086 6357 6358
f 6086 6358 6353
f 6086 6353 6087
f 6088 6359 6360
f 6088 6360 6089
f 6088 6091 6352
f 6088 6352 6361
f 6088 6361 6359
f 6089 6360 6362
f 6089 6362 6363
f 6089 6363 6090
f 6090 6363 6092
f 6092 6363 6201
f 6094 6199 6097
f 6094 6097 6095
f 6095 6097 6096
f 6097 6199 6098
f 6100 6257 6103
f 6100 6103 6364
f 6100 6364 6101
f 6101 6364 6103
f 6101 6103 6102
f 6103 6257 6106
f 6103 6106 6104
f 6104 6106 6105
f 6105 6106 6108
f 6106 6257 6107
f 6110 6113 6111
f 6110 6254 6256
f 6110 6256 6365
f 6110 6365 6113
f 6113 6365 6114
f 6114 6365 6366
f 6114 6366 6115
f 6115 6366 6118
f 6115 6118 6117
f 6116 6367 6120
f 6116 6119 6368
f 6116 6368 6367
f 6118 6256 6369
f 6118 6369 6370
f 6118 6370 6371
f 6118 6371 6119
f 6118 6366 6372
f 6118 6372 6256
f 6119 6371 6373
f 6119 6373 6374
f 6119 6374 6375
f 6119 6375 6376
f 6119 6376 6368
f 6120 6367 6127
f 6121 6126 6122
f 6122 6126 6123
f 6123 6126 6124
f 6124 6126 6377
f 6124 6377 6378
f 6124 6378 6379
f 6124 6379 6380
f 6124 6380 6381
f 6124 6381 6125
f 6125 6381 6380
f 6125 6380 6131
f 6126 6127 6382
f 6126 6382 6377
f 6127 6368 6383
f 6127 6383 6384
f 6127 6384 6385
f 6127 6385 6386
f 6127 6386 6387
f 6127 6387 6382
f 6127 6367 6368
f 6129 6388 6132
f 6129 6131 6389
f 6129 6389 6390
f 6129 6390 6391
f 6129 6391 6392
f 6129 6392 6388
f 6131 6380 6389
f 6132 6388 6392
f 6132 6392 6393
f 6132 6393 6133
f 6133 6393 6134
f 6134 6393 6394
f 6134 6394 6395
f 6134 6395 6396
f 6134 6396 6397
f 6134 6397 6135
f 6135 6397 6398
f 6135 6398 6136
f 6136 6399 6137
f 6136 6398 6399
f 6137 6399 6138
f 6138 6399 6141
f 6138 6141 6139
f 6139 6141 6140
f 6141 6399 6400
f 6141 6400 6142
f 6142 6400 6401
f 6142 6401 6402
f 6142 6402 6403
f 6142 6403 6143
f 6143 6403 6404
f 6143 6404 6144
f 6144 6405 6145
f 6144 6404 6405
f 6145 6405 6404
f 6145 6404 6406
f 6145 6406 6147
f 6145 6147 6146
f 6147 6406 6407
f 6147 6407 6408
f 6147 6408 6164
f 6147 6164 6163
f 6147 6163 6162
f 6147 6162 6148
f 6148 6161 6149
f 6149 6161 6160
f 6149 6160 6150
f 6157 6165 6158
f 6158 6165 6409
f 6158 6409 6175
f 6158 6175 6159
f 6164 6408 6410
f 6164 6410 6409
f 6164 6409 6165
f 6167 6170 6180
f 6167 6180 6172
f 6167 6172 6171
f 6168 6411 6412
f 6168 6412 6413
f 6168 6413 6414
f 6168 6414 6415
f 6168 6415 6416
f 6168 6416 6169
f 6168 6179 6417
f 6168 6417 6418
f 6168 6418 6419
f 6168 6419 6411
f 6169 6420 6170
f 6169 6416 6421
f 6169 6421 6422
f 6169 6422 6423
f 6169 6423 6420
f 6170 6420 6424
f 6170 6424 6180
f 6172 6180 6173
f 6174 6425 6176
f 6174 6175 6425
f 6175 6409 6426
f 6175 6426 6427
f 6175 6427 6428
f 6175 6428 6425
f 6176 6425 6177
f 6177 6425 6429
f 6177 6429 6179
f 6177 6179 6178
f 6179 6429 6430
f 6179 6430 6431
f 6179 6431 6417
f 6180 6424 6432
f 6180 6432 6181
f 6181 6432 6433
f 6181 6433 6183
f 6181 6183 6182
f 6183 6433 6434
f 6183 6434 6184
f 6184 6434 6435
f 6184 6435 6189
f 6185 6188 6186
f 6186 6436 6437
f 6186 6437 6438
f 6186 6438 6439
f 6186 6439 6440
f 6186 6440 6187
f 6186 6188 6436
f 6187 6441 6193
f 6187 6440 6441
f 6188 6192 6436
f 6189 6435 6442
f 6189 6442 6423
f 6189 6423 6190
f 6190 6443 6444
f 6190 6444 6191
f 6190 6423 6422
f 6190 6422 6443
f 6191 6444 6445
f 6191 6445 6446
f 6191 6446 6447
f 6191 6447 6192
f 6192 6447 6448
f 6192 6448 6449
f 6192 6449 6436
f 6193 6441 6194
f 6194 6441 6195
f 6195 6441 6450
f 6195 6450 6451
f 6195 6451 6452
f 6195 6452 6453
f 6195 6453 6196
f 6196 6453 6454
f 6196 6454 6198
f 6196 6198 6197
f 6198 6454 6455
f 6198 6455 6456
f 6198 6456 6457
f 6198 6457 6270
f 6198 6270 6258
f 6201 6363 6209
f 6202 6458 6459
f 6202 6459 6203
f 6202 6209 6458
f 6203 6459 6204
f 6204 6459 6460
f 6204 6460 6205
f 6205 6460 6206
f 6206 6460 6461
f 6206 6461 6207
f 6207 6461 6210
f 6207 6210 6208
f 6209 6363 6362
f 6209 6362 6462
f 6209 6462 6463
f 6209 6463 6458
f 6210 6461 6211
f 6211 6461 6464
f 6211 6464 6219
f 6213 6215 6216
f 6215 6225 6216
f 6217 6233 6218
f 6217 6229 6234
f 6219 6464 6465
f 6219 6465 6220
f 6220 6465 6466
f 6220 6466 6221
f 6221 6466 6467
f 6221 6467 6222
f 6222 6467 6223
f 6223 6229 6224
f 6223 6467 6229
f 6225 6227 6226
f 6229 6468 6469
f 6229 6469 6470
f 6229 6470 6235
f 6229 6467 6468
f 6230 6238 6471
f 6230 6471 6472
f 6230 6472 6231
f 6231 6472 6473
f 6231 6473 6474
f 6231 6474 6475
f 6231 6475 6476
f 6231 6476 6477
f 6231 6477 6478
f 6231 6478 6479
f 6231 6479 6480
f 6231 6480 6481
f 6231 6481 6482
f 6231 6482 6239
f 6231 6239 6232
f 6235 6470 6236
f 6236 6470 6483
f 6236 6483 6484
f 6236 6484 6485
f 6236 6485 6486
f 6236 6486 6237
f 6237 6486 6487
f 6237 6487 6238
f 6238 6487 6471
f 6239 6482 6246
f 6239 6246 6240
f 6240 6246 6245
f 6242 6488 6244
f 6242 6244 6243
f 6242 6248 6489
f 6242 6489 6490
f 6242 6490 6488
f 6244 6488 6491
f 6244 6491 6492
f 6244 6492 6493
f 6244 6493 6494
f 6244 6494 6495
f 6244 6495 6249
f 6244 6249 6251
f 6246 6482 6247
f 6247 6482 6481
f 6247 6481 6480
f 6247 6480 6496
f 6247 6496 6248
f 6248 6496 6497
f 6248 6497 6489
f 6249 6495 6494
f 6249 6494 6498
f 6249 6498 6250
f 6250 6498 6499
f 6250 6499 6500
f 6250 6500 6252
f 6252 6500 6253
f 6253 6500 6501
f 6253 6501 6502
f 6253 6502 6256
f 6256 6502 6503
f 6256 6503 6369
f 6256 6372 6365
f 6259 6269 6260
f 6261 6262 6504
f 6261 6504 6267
f 6262 6272 6505
f 6262 6505 6506
f 6262 6506 6507
f 6262 6507 6504
f 6263 6268 6265
f 6265 6268 6507
f 6265 6507 6508
f 6265 6508 6509
f 6265 6509 6510
f 6265 6510 6511
f 6265 6511 6512
f 6265 6512 6513
f 6265 6513 6514
f 6265 6514 6515
f 6265 6515 6266
f 6266 6515 6516
f 6266 6516 6280
f 6266 6280 6289
f 6267 6504 6507
f 6267 6507 6268
f 6270 6457 6517
f 6270 6517 6271
f 6271 6518 6272
f 6271 6517 6518
f 6272 6518 6519
f 6272 6519 6520
f 6272 6520 6505
f 6274 6287 6521
f 6274 6521 6290
f 6274 6288 6287
f 6276 6522 6523
f 6276 6523 6277
f 6276 6281 6524
f 6276 6524 6525
f 6276 6525 6522
f 6277 6523 6526
f 6277 6526 6527
f 6277 6527 6278
f 6278 6527 6528
f 6278 6528 6279
f 6279 6528 6529
f 6279 6529 6530
f 6279 6530 6285
f 6280 6516 6281
f 6281 6516 6531
f 6281 6531 6524
f 6282 6286 6532
f 6282 6532 6533
f 6282 6533 6534
f 6282 6534 6535
f 6282 6535 6283
f 6283 6535 6534
f 6283 6534 6536
f 6283 6536 6537
f 6283 6537 6521
f 6283 6521 6284
f 6285 6530 6538
f 6285 6538 6539
f 6285 6539 6286
f 6286 6539 6532
f 6290 6521 6291
f 6291 6521 6292
f 6292 6521 6540
f 6292 6540 6541
f 6292 6541 6293
f 6293 6542 6297
f 6293 6541 6542
f 6295 6306 6296
f 6295 6297 6543
f 6295 6543 6307
f 6295 6307 6306
f 6297 6542 6543
f 6298 6323 6544
f 6298 6544 6545
f 6298 6545 6301
f 6299 6546 6300
f 6299 6303 6547
f 6299 6547 6548
f 6299 6548 6549
f 6299 6549 6546
f 6300 6546 6550
f 6300 6550 6551
f 6300 6551 6325
f 6301 6545 6302
f 6302 6545 6303
f 6303 6545 6547
f 6307 6543 6308
f 6308 6543 6552
f 6308 6552 6553
f 6308 6553 6309
f 6309 6554 6555
f 6309 6555 6556
f 6309 6556 6310
f 6309 6553 6557
f 6309 6557 6558
f 6309 6558 6559
f 6309 6559 6554
f 6310 6560 6311
f 6310 6556 6561
f 6310 6561 6560
f 6311 6560 6312
f 6312 6560 6561
f 6312 6561 6556
f 6312 6556 6554
f 6312 6554 6562
f 6312 6562 6563
f 6312 6563 6564
f 6312 6564 6314
f 6314 6564 6565
f 6314 6565 6566
f 6314 6566 6567
f 6314 6567 6315
f 6315 6567 6316
f 6316 6567 6317
f 6317 6568 6320
f 6317 6319 6318
f 6317 6567 6569
f 6317 6569 6570
f 6317 6570 6571
f 6317 6571 6572
f 6317 6572 6573
f 6317 6573 6574
f 6317 6574 6568
f 6320 6568 6575
f 6320 6575 6576
f 6320 6576 6321
f 6321 6576 6322
f 6322 6577 6323
f 6322 6576 6578
f 6322 6578 6577
f 6323 6577 6579
f 6323 6579 6544
f 6325 6551 6326
f 6326 6329 6327
f 6326 6551 6580
f 6326 6580 6581
f 6326 6581 6329
f 6329 6581 6582
f 6329 6582 6583
f 6329 6583 6330
f 6330 6583 6584
f 6330 6584 6585
f 6330 6585 6586
f 6330 6586 6587
f 6330 6587 6331
f 6331 6587 6332
f 6332 6588 6589
f 6332 6589 6334
f 6332 6587 6590
f 6332 6590 6591
f 6332 6591 6592
f 6332 6592 6593
f 6332 6593 6588
f 6334 6589 6335
f 6335 6589 6336
f 6336 6588 6594
f 6336 6594 6337
f 6336 6589 6588
f 6337 6594 6595
f 6337 6595 6338
f 6338 6595 6596
f 6338 6596 6339
f 6339 6596 6597
f 6339 6597 6341
f 6341 6597 6342
f 6342 6597 6346
f 6342 6346 6343
f 6343 6346 6345
f 6346 6598 6357
f 6346 6597 6598
f 6349 6599 6600
f 6349 6600 6601
f 6349 6601 6602
f 6349 6602 6351
f 6349 6351 6350
f 6349 6355 6599
f 6351 6361 6352
f 6351 6602 6603
f 6351 6603 6604
f 6351 6604 6359
f 6351 6359 6605
f 6351 6605 6361
f 6353 6358 6354
f 6354 6358 6606
f 6354 6606 6355
f 6355 6606 6607
f 6355 6607 6608
f 6355 6608 6599
f 6357 6598 6358
f 6358 6598 6609
f 6358 6609 6610
f 6358 6610 6607
f 6358 6607 6606
f 6359 6361 6605
f 6359 6604 6611
f 6359 6611 6612
f 6359 6612 6362
f 6359 6362 6360
f 6362 6463 6462
f 6362 6612 6613
f 6362 6613 6614
f 6362 6614 6463
f 6365 6372 6366
f 6368 6376 6383
f 6369 6503 6370
f 6370 6503 6615
f 6370 6615 6371
f 6371 6615 6616
f 6371 6616 6617
f 6371 6617 6618
f 6371 6618 6619
f 6371 6619 6374
f 6371 6374 6373
f 6374 6620 6375
f 6374 6619 6621
f 6374 6621 6620
f 6375 6620 6622
f 6375 6622 6623
f 6375 6623 6624
f 6375 6624 6625
f 6375 6625 6376
f 6376 6625 6383
f 6377 6626 6378
f 6377 6382 6627
f 6377 6627 6626
f 6378 6628 6629
f 6378 6629 6379
f 6378 6626 6627
f 6378 6627 6628
f 6379 6629 6630
f 6379 6630 6631
f 6379 6631 6380
f 6380 6631 6632
f 6380 6632 6389
f 6382 6387 6633
f 6382 6633 6634
f 6382 6634 6627
f 6383 6625 6384
f 6384 6625 6635
f 6384 6635 6385
f 6385 6635 6636
f 6385 6636 6637
f 6385 6637 6638
f 6385 6638 6639
f 6385 6639 6633
f 6385 6633 6386
f 6386 6633 6387
f 6389 6632 6390
f 6390 6632 6391
f 6391 6632 6640
f 6391 6640 6392
f 6392 6640 6394
f 6392 6394 6393
f 6394 6640 6641
f 6394 6641 6642
f 6394 6642 6643
f 6394 6643 6395
f 6395 6643 6644
f 6395 6644 6645
f 6395 6645 6396
f 6396 6645 6397
f 6397 6645 6398
f 6398 6645 6644
f 6398 6644 6646
f 6398 6646 6399
f 6399 6646 6400
f 6400 6646 6647
f 6400 6647 6648
f 6400 6648 6401
f 6401 6648 6649
f 6401 6649 6650
f 6401 6650 6651
f 6401 6651 6402
f 6402 6651 6403
f 6403 6651 6404
f 6404 6651 6652
f 6404 6652 6653
f 6404 6653 6654
f 6404 6654 6407
f 6404 6407 6406
f 6407 6409 6655
f 6407 6655 6410
f 6407 6410 6408
f 6407 6654 6409
f 6409 6656 6657
f 6409 6657 6426
f 6409 6410 6655
f 6409 6654 6653
f 6409 6653 6656
f 6411 6658 6412
f 6411 6419 6658
f 6412 6659 6660
f 6412 6660 6413
f 6412 6658 6661
f 6412 6661 6659
f 6413 6662 6663
f 6413 6663 6664
f 6413 6664 6415
f 6413 6415 6414
f 6413 6660 6665
f 6413 6665 6666
f 6413 6666 6667
f 6413 6667 6668
f 6413 6668 6662
f 6415 6421 6416
f 6415 6664 6443
f 6415 6443 6421
f 6417 6431 6418
f 6418 6431 6669
f 6418 6669 6670
f 6418 6670 6419
f 6419 6670 6671
f 6419 6671 6672
f 6419 6672 6673
f 6419 6673 6674
f 6419 6674 6658
f 6420 6423 6424
f 6421 6443 6422
f 6423 6442 6424
f 6424 6442 6435
f 6424 6435 6432
f 6425 6675 6676
f 6425 6676 6429
f 6425 6428 6677
f 6425 6677 6675
f 6426 6657 6678
f 6426 6678 6427
f 6427 6678 6428
f 6428 6678 6679
f 6428 6679 6677
f 6429 6676 6680
f 6429 6680 6431
f 6429 6431 6430
f 6431 6681 6669
f 6431 6680 6675
f 6431 6675 6677
f 6431 6677 6682
f 6431 6682 6683
f 6431 6683 6684
f 6431 6684 6681
f 6432 6435 6434
f 6432 6434 6433
f 6436 6449 6685
f 6436 6685 6437
f 6437 6685 6686
f 6437 6686 6687
f 6437 6687 6688
f 6437 6688 6689
f 6437 6689 6439
f 6437 6439 6438
f 6439 6689 6690
f 6439 6690 6691
f 6439 6691 6440
f 6440 6450 6441
f 6440 6691 6451
f 6440 6451 6450
f 6443 6664 6444
f 6444 6664 6692
f 6444 6692 6445
f 6445 6692 6693
f 6445 6693 6446
f 6446 6693 6448
f 6446 6448 6447
f 6448 6694 6695
f 6448 6695 6696
f 6448 6696 6449
f 6448 6693 6694
f 6449 6696 6685
f 6451 6691 6697
f 6451 6697 6698
f 6451 6698 6455
f 6451 6455 6454
f 6451 6454 6452
f 6452 6454 6453
f 6455 6699 6456
f 6455 6698 6699
f 6456 6699 6700
f 6456 6700 6517
f 6456 6517 6457
f 6458 6701 6702
f 6458 6702 6459
f 6458 6463 6703
f 6458 6703 6701
f 6459 6702 6701
f 6459 6701 6461
f 6459 6461 6460
f 6461 6704 6705
f 6461 6705 6464
f 6461 6701 6706
f 6461 6706 6704
f 6463 6707 6703
f 6463 6614 6708
f 6463 6708 6707
f 6464 6705 6465
f 6465 6705 6709
f 6465 6709 6710
f 6465 6710 6466
f 6466 6710 6467
f 6467 6710 6711
f 6467 6711 6712
f 6467 6712 6713
f 6467 6713 6714
f 6467 6714 6468
f 6468 6714 6715
f 6468 6715 6716
f 6468 6716 6469
f 6469 6716 6470
f 6470 6717 6718
f 6470 6718 6483
f 6470 6716 6715
f 6470 6715 6717
f 6471 6487 6719
f 6471 6719 6473
f 6471 6473 6472
f 6473 6475 6474
f 6473 6719 6720
f 6473 6720 6721
f 6473 6721 6475
f 6475 6721 6476
f 6476 6721 6722
f 6476 6722 6723
f 6476 6723 6477
f 6477 6723 6724
f 6477 6724 6725
f 6477 6725 6726
f 6477 6726 6478
f 6478 6726 6727
f 6478 6727 6479
f 6479 6727 6480
f 6480 6727 6496
f 6483 6718 6728
f 6483 6728 6484
f 6484 6729 6730
f 6484 6730 6721
f 6484 6721 6720
f 6484 6720 6485
f 6484 6728 6729
f 6485 6720 6487
f 6485 6487 6486
f 6487 6720 6719
f 6488 6731 6732
f 6488 6732 6491
f 6488 6490 6731
f 6489 6497 6733
f 6489 6733 6490
f 6490 6733 6734
f 6490 6734 6735
f 6490 6735 6731
f 6491 6732 6731
f 6491 6731 6736
f 6491 6736 6737
f 6491 6737 6738
f 6491 6738 6739
f 6491 6739 6493
f 6491 6493 6492
f 6493 6739 6738
f 6493 6738 6740
f 6493 6740 6494
f 6494 6741 6742
f 6494 6742 6501
f 6494 6501 6500
f 6494 6500 6499
f 6494 6499 6743
f 6494 6743 6498
f 6494 6740 6741
f 6496 6727 6497
f 6497 6744 6733
f 6497 6727 6745
f 6497 6745 6744
f 6498 6743 6499
f 6501 6742 6503
f 6501 6503 6502
f 6503 6742 6746
f 6503 6746 6615
f 6505 6520 6747
f 6505 6747 6748
f 6505 6748 6509
f 6505 6509 6508
f 6505 6508 6507
f 6505 6507 6506
f 6509 6749 6750
f 6509 6750 6511
f 6509 6511 6510
f 6509 6748 6747
f 6509 6747 6749
f 6511 6751 6752
f 6511 6752 6753
f 6511 6753 6754
f 6511 6754 6755
f 6511 6755 6756
f 6511 6756 6512
f 6511 6750 6749
f 6511 6749 6757
f 6511 6757 6758
f 6511 6758 6759
f 6511 6759 6760
f 6511 6760 6751
f 6512 6756 6761
f 6512 6761 6514
f 6512 6514 6513
f 6514 6762 6515
f 6514 6761 6763
f 6514 6763 6764
f 6514 6764 6765
f 6514 6765 6525
f 6514 6525 6524
f 6514 6524 6762
f 6515 6762 6516
f 6516 6762 6524
f 6516 6524 6531
f 6517 6700 6518
f 6518 6700 6766
f 6518 6766 6519
f 6519 6766 6767
f 6519 6767 6520
f 6520 6767 6747
f 6521 6537 6768
f 6521 6768 6769
f 6521 6769 6540
f 6522 6770 6526
f 6522 6526 6523
f 6522 6525 6765
f 6522 6765 6771
f 6522 6771 6770
f 6526 6770 6772
f 6526 6772 6773
f 6526 6773 6527
f 6527 6773 6528
f 6528 6774 6529
f 6528 6773 6774
f 6529 6774 6775
f 6529 6775 6530
f 6530 6775 6538
f 6532 6539 6776
f 6532 6776 6777
f 6532 6777 6533
f 6533 6778 6779
f 6533 6779 6780
f 6533 6780 6781
f 6533 6781 6782
f 6533 6782 6534
f 6533 6777 6778
f 6534 6782 6541
f 6534 6541 6536
f 6536 6783 6537
f 6536 6541 6783
f 6537 6783 6768
f 6538 6775 6539
f 6539 6775 6784
f 6539 6784 6785
f 6539 6785 6776
f 6540 6769 6541
f 6541 6786 6542
f 6541 6769 6783
f 6541 6782 6781
f 6541 6781 6787
f 6541 6787 6786
f 6542 6786 6543
f 6543 6786 6552
f 6544 6788 6789
f 6544 6789 6545
f 6544 6579 6790
f 6544 6790 6791
f 6544 6791 6788
f 6545 6789 6548
f 6545 6548 6547
f 6546 6549 6550
f 6548 6789 6792
f 6548 6792 6793
f 6548 6793 6580
f 6548 6580 6550
f 6548 6550 6549
f 6550 6580 6551
f 6552 6786 6794
f 6552 6794 6553
f 6553 6794 6557
f 6554 6556 6555
f 6554 6559 6795
f 6554 6795 6796
f 6554 6796 6562
f 6557 6797 6795
f 6557 6795 6558
f 6557 6794 6798
f 6557 6798 6799
f 6557 6799 6800
f 6557 6800 6797
f 6558 6795 6559
f 6562 6796 6801
f 6562 6801 6802
f 6562 6802 6563
f 6563 6803 6565
f 6563 6565 6564
f 6563 6802 6804
f 6563 6804 6805
f 6563 6805 6803
f 6565 6803 6566
f 6566 6806 6567
f 6566 6803 6807
f 6566 6807 6806
f 6567 6806 6569
f 6568 6574 6575
f 6569 6808 6809
f 6569 6809 6570
f 6569 6806 6810
f 6569 6810 6808
f 6570 6809 6811
f 6570 6811 6812
f 6570 6812 6572
f 6570 6572 6571
f 6572 6812 6813
f 6572 6813 6814
f 6572 6814 6573
f 6573 6814 6815
f 6573 6815 6576
f 6573 6576 6574
f 6574 6576 6575
f 6576 6815 6578
f 6577 6578 6579
f 6578 6815 6816
f 6578 6816 6817
f 6578 6817 6818
f 6578 6818 6579
f 6579 6818 6790
f 6580 6793 6581
f 6581 6793 6819
f 6581 6819 6820
f 6581 6820 6821
f 6581 6821 6582
f 6582 6821 6820
f 6582 6820 6584
f 6582 6584 6583
f 6584 6822 6823
f 6584 6823 6824
f 6584 6824 6585
f 6584 6820 6822
f 6585 6825 6590
f 6585 6590 6586
f 6585 6824 6826
f 6585 6826 6825
f 6586 6590 6587
f 6588 6593 6594
f 6590 6827 6591
f 6590 6825 6826
f 6590 6826 6828
f 6590 6828 6827
f 6591 6827 6592
f 6592 6827 6829
f 6592 6829 6830
f 6592 6830 6593
f 6593 6830 6594
f 6594 6830 6831
f 6594 6831 6595
f 6595 6832 6596
f 6595 6831 6833
f 6595 6833 6834
f 6595 6834 6609
f 6595 6609 6832
f 6596 6832 6598
f 6596 6598 6597
f 6598 6832 6609
f 6599 6608 6600
f 6600 6608 6835
f 6600 6835 6828
f 6600 6828 6836
f 6600 6836 6601
f 6601 6836 6837
f 6601 6837 6603
f 6601 6603 6602
f 6603 6837 6604
f 6604 6837 6611
f 6607 6838 6608
f 6607 6610 6834
f 6607 6834 6839
f 6607 6839 6838
f 6608 6838 6840
f 6608 6840 6835
f 6609 6834 6610
f 6611 6841 6842
f 6611 6842 6843
f 6611 6843 6844
f 6611 6844 6613
f 6611 6613 6612
f 6611 6837 6841
f 6613 6844 6614
f 6614 6844 6843
f 6614 6843 6845
f 6614 6845 6708
f 6615 6846 6616
f 6615 6746 6846
f 6616 6846 6617
f 6617 6847 6618
f 6617 6846 6621
f 6617 6621 6847
f 6618 6847 6619
f 6619 6847 6621
f 6620 6621 6622
f 6621 6848 6849
f 6621 6849 6850
f 6621 6850 6851
f 6621 6851 6852
f 6621 6852 6622
f 6621 6846 6746
f 6621 6746 6848
f 6622 6852 6623
f 6623 6853 6854
f 6623 6854 6624
f 6623 6852 6853
f 6624 6854 6635
f 6624 6635 6625
f 6627 6634 6628
f 6628 6855 6629
f 6628 6634 6856
f 6628 6856 6855
f 6629 6855 6630
f 6630 6857 6858
f 6630 6858 6632
f 6630 6632 6631
f 6630 6855 6859
f 6630 6859 6857
f 6632 6858 6640
f 6633 6860 6861
f 6633 6861 6862
f 6633 6862 6856
f 6633 6856 6634
f 6633 6639 6863
f 6633 6863 6864
f 6633 6864 6865
f 6633 6865 6860
f 6635 6854 6853
f 6635 6853 6636
f 6636 6853 6866
f 6636 6866 6637
f 6637 6866 6867
f 6637 6867 6868
f 6637 6868 6638
f 6638 6868 6869
f 6638 6869 6863
f 6638 6863 6639
f 6640 6858 6857
f 6640 6857 6870
f 6640 6870 6641
f 6641 6870 6642
f 6642 6870 6871
f 6642 6871 6643
f 6643 6871 6644
f 6644 6871 6872
f 6644 6872 6873
f 6644 6873 6646
f 6646 6873 6874
f 6646 6874 6875
f 6646 6875 6876
f 6646 6876 6656
f 6646 6656 6647
f 6647 6877 6649
f 6647 6649 6648
f 6647 6656 6877
f 6649 6652 6651
f 6649 6651 6650
f 6649 6877 6656
f 6649 6656 6652
f 6652 6656 6653
f 6656 6876 6678
f 6656 6678 6657
f 6658 6674 6878
f 6658 6878 6661
f 6659 6879 6660
f 6659 6661 6879
f 6660 6879 6880
f 6660 6880 6881
f 6660 6881 6882
f 6660 6882 6665
f 6661 6883 6884
f 6661 6884 6885
f 6661 6885 6886
f 6661 6886 6880
f 6661 6880 6879
f 6661 6878 6883
f 6662 6668 6663
f 6663 6668 6887
f 6663 6887 6888
f 6663 6888 6664
f 6664 6888 6693
f 6664 6693 6692
f 6665 6882 6666
f 6666 6882 6881
f 6666 6881 6889
f 6666 6889 6667
f 6667 6889 6890
f 6667 6890 6891
f 6667 6891 6892
f 6667 6892 6668
f 6668 6892 6893
f 6668 6893 6887
f 6669 6681 6670
f 6670 6894 6895
f 6670 6895 6896
f 6670 6896 6897
f 6670 6897 6898
f 6670 6898 6899
f 6670 6899 6878
f 6670 6878 6672
f 6670 6672 6671
f 6670 6681 6900
f 6670 6900 6894
f 6672 6878 6673
f 6673 6878 6674
f 6675 6680 6676
f 6677 6679 6876
f 6677 6876 6901
f 6677 6901 6902
f 6677 6902 6682
f 6678 6876 6903
f 6678 6903 6679
f 6679 6903 6876
f 6681 6684 6900
f 6682 6902 6872
f 6682 6872 6904
f 6682 6904 6905
f 6682 6905 6683
f 6683 6905 6684
f 6684 6905 6906
f 6684 6906 6907
f 6684 6907 6908
f 6684 6908 6909
f 6684 6909 6900
f 6685 6696 6686
f 6686 6696 6910
f 6686 6910 6911
f 6686 6911 6687
f 6687 6911 6912
f 6687 6912 6913
f 6687 6913 6689
f 6687 6689 6688
f 6689 6913 6912
f 6689 6912 6690
f 6690 6914 6915
f 6690 6915 6916
f 6690 6916 6691
f 6690 6912 6917
f 6690 6917 6918
f 6690 6918 6914
f 6691 6916 6919
f 6691 6919 6697
f 6693 6888 6694
f 6694 6920 6921
f 6694 6921 6695
f 6694 6888 6920
f 6695 6921 6922
f 6695 6922 6923
f 6695 6923 6924
f 6695 6924 6911
f 6695 6911 6696
f 6696 6911 6910
f 6697 6919 6698
f 6698 6919 6925
f 6698 6925 6699
f 6699 6925 6926
f 6699 6926 6700
f 6700 6926 6766
f 6701 6927 6928
f 6701 6928 6929
f 6701 6929 6704
f 6701 6704 6706
f 6701 6703 6927
f 6703 6707 6930
f 6703 6930 6931
f 6703 6931 6927
f 6704 6932 6709
f 6704 6709 6705
f 6704 6929 6933
f 6704 6933 6932
f 6707 6708 6934
f 6707 6934 6935
f 6707 6935 6931
f 6707 6931 6930
f 6708 6845 6934
f 6709 6932 6710
f 6710 6932 7115
f 6710 7115 6936
f 6710 6936 6937
f 6710 6937 6938
f 6710 6938 6939
f 6710 6939 6712
f 6710 6712 6711
f 6712 6939 6940
f 6712 6940 6941
f 6712 6941 6713
f 6713 6942 6943
f 6713 6943 6944
f 6713 6944 6714
f 6713 6941 6942
f 6714 6944 6945
f 6714 6945 6715
f 6715 6945 6717
f 6717 6945 6718
f 6718 6945 6946
f 6718 6946 6947
f 6718 6947 6728
f 6721 6730 6722
f 6722 6730 6729
f 6722 6729 6948
f 6722 6948 6949
f 6722 6949 6723
f 6723 6949 6950
f 6723 6950 6725
f 6723 6725 6724
f 6725 6950 6949
f 6725 6949 6951
f 6725 6951 6952
f 6725 6952 6953
f 6725 6953 6726
f 6726 6953 6954
f 6726 6954 6745
f 6726 6745 6727
f 6728 6947 6729
f 6729 6955 6949
f 6729 6949 6948
f 6729 6947 6956
f 6729 6956 6957
f 6729 6957 6955
f 6731 6735 6737
f 6731 6737 6736
f 6733 6744 6734
f 6734 6744 6745
f 6734 6745 6954
f 6734 6954 6958
f 6734 6958 6959
f 6734 6959 6735
f 6735 6960 6961
f 6735 6961 6962
f 6735 6962 6963
f 6735 6963 6964
f 6735 6964 6965
f 6735 6965 6737
f 6735 6959 6960
f 6737 6965 6740
f 6737 6740 6738
f 6740 6965 6741
f 6741 6965 6742
f 6742 6966 6746
f 6742 6965 6964
f 6742 6964 6966
f 6746 6966 6963
f 6746 6963 6967
f 6746 6967 6849
f 6746 6849 6848
f 6747 6767 6968
f 6747 6968 6969
f 6747 6969 6970
f 6747 6970 6749
f 6749 6970 6971
f 6749 6971 6757
f 6751 6760 6972
f 6751 6972 6973
f 6751 6973 6752
f 6752 6974 6975
f 6752 6975 6976
f 6752 6976 6753
f 6752 6973 6974
f 6753 6976 6977
f 6753 6977 6754
f 6754 6977 6755
f 6755 6977 6978
f 6755 6978 6756
f 6756 6978 6761
f 6757 6971 6979
f 6757 6979 6758
f 6758 6979 6973
f 6758 6973 6759
f 6759 6973 6972
f 6759 6972 6760
f 6761 6978 6980
f 6761 6980 6763
f 6763 6980 6981
f 6763 6981 6982
f 6763 6982 6983
f 6763 6983 6764
f 6764 6983 6771
f 6764 6771 6765
f 6766 6926 6919
f 6766 6919 6767
f 6767 6919 6984
f 6767 6984 6985
f 6767 6985 6968
f 6768 6783 6769
f 6770 6986 6772
f 6770 6771 6983
f 6770 6983 6982
f 6770 6982 6986
f 6772 6986 6987
f 6772 6987 6773
f 6773 6987 6988
f 6773 6988 6775
f 6773 6775 6774
f 6775 6988 6989
f 6775 6989 6784
f 6776 6990 6991
f 6776 6991 6777
f 6776 6785 6990
f 6777 6991 6778
f 6778 6991 6779
f 6779 6991 6992
f 6779 6992 6993
f 6779 6993 6994
f 6779 6994 6995
f 6779 6995 6996
f 6779 6996 6780
f 6780 6996 6798
f 6780 6798 6794
f 6780 6794 6787
f 6780 6787 6781
f 6784 6997 6785
f 6784 6989 6998
f 6784 6998 6997
f 6785 6997 6990
f 6786 6787 6794
f 6788 6999 7000
f 6788 7000 7001
f 6788 7001 6789
f 6788 6791 6999
f 6789 7001 6792
f 6790 6818 7002
f 6790 7002 6791
f 6791 7002 7003
f 6791 7003 7004
f 6791 7004 7005
f 6791 7005 7006
f 6791 7006 7007
f 6791 7007 7008
f 6791 7008 7009
f 6791 7009 7010
f 6791 7010 6826
f 6791 6826 7011
f 6791 7011 7012
f 6791 7012 7013
f 6791 7013 6999
f 6792 7014 6793
f 6792 7001 7014
f 6793 7014 6819
f 6795 6797 7015
f 6795 7015 7016
f 6795 7016 6796
f 6796 7016 6801
f 6797 6800 7017
f 6797 7017 7018
f 6797 7018 7019
f 6797 7019 7015
f 6798 6996 6799
f 6799 6996 6995
f 6799 6995 6800
f 6800 6995 7020
f 6800 7020 7017
f 6801 7016 7021
f 6801 7021 6802
f 6802 7021 7022
f 6802 7022 7023
f 6802 7023 7024
f 6802 7024 7025
f 6802 7025 6804
f 6803 6805 6807
f 6804 7025 6805
f 6805 7025 7026
f 6805 7026 6807
f 6806 6807 6810
f 6807 7026 7027
f 6807 7027 7028
f 6807 7028 7029
f 6807 7029 6810
f 6808 6810 6809
f 6809 7030 7031
f 6809 7031 7032
f 6809 7032 7033
f 6809 7033 7034
f 6809 7034 7035
f 6809 7035 7036
f 6809 7036 6811
f 6809 6810 7029
f 6809 7029 7030
f 6811 7036 7037
f 6811 7037 7038
f 6811 7038 6812
f 6812 7038 7039
f 6812 7039 6813
f 6813 7040 6814
f 6813 7039 7041
f 6813 7041 7042
f 6813 7042 7040
f 6814 7040 7043
f 6814 7043 7044
f 6814 7044 7045
f 6814 7045 6815
f 6815 7045 6816
f 6816 7045 7044
f 6816 7044 7046
f 6816 7046 6817
f 6817 7047 6818
f 6817 7046 7047
f 6818 7047 7048
f 6818 7048 7049
f 6818 7049 7050
f 6818 7050 7051
f 6818 7051 7002
f 6819 7014 6820
f 6820 7014 7052
f 6820 7052 6822
f 6822 7052 7053
f 6822 7053 7054
f 6822 7054 7055
f 6822 7055 6823
f 6823 7055 7012
f 6823 7012 6826
f 6823 6826 6824
f 6826 7010 7056
f 6826 7056 6828
f 6826 7012 7011
f 6827 7057 6829
f 6827 6828 7057
f 6828 7056 6836
f 6828 6835 6840
f 6828 6840 7058
f 6828 7058 7059
f 6828 7059 7060
f 6828 7060 6829
f 6828 6829 7057
f 6829 7060 6831
f 6829 6831 6830
f 6831 7060 7059
f 6831 7059 7061
f 6831 7061 7062
f 6831 7062 6833
f 6833 7062 6839
f 6833 6839 6834
f 6836 7056 6841
f 6836 6841 6837
f 6838 6839 6840
f 6839 7062 6840
f 6840 7062 7059
f 6840 7059 7058
f 6841 7063 6842
f 6841 7056 7063
f 6842 7063 6843
f 6843 7063 7056
f 6843 7056 7064
f 6843 7064 6845
f 6845 7065 7066
f 6845 7066 6934
f 6845 7064 7065
f 6849 6967 6962
f 6849 6962 7067
f 6849 7067 7068
f 6849 7068 6850
f 6850 7068 7067
f 6850 7067 7069
f 6850 7069 7070
f 6850 7070 7071
f 6850 7071 7072
f 6850 7072 7073
f 6850 7073 6851
f 6851 7074 7075
f 6851 7075 7076
f 6851 7076 7077
f 6851 7077 6852
f 6851 7073 7074
f 6852 7077 6853
f 6853 7077 6866
f 6855 7078 7079
f 6855 7079 6859
f 6855 6856 7078
f 6856 6862 6861
f 6856 6861 6897
f 6856 6897 7080
f 6856 7080 7081
f 6856 7081 7082
f 6856 7082 7079
f 6856 7079 7078
f 6857 6859 6870
f 6859 6906 7083
f 6859 7083 6870
f 6859 7079 6907
f 6859 6907 6906
f 6860 6865 6861
f 6861 6865 6897
f 6863 6865 6864
f 6863 6869 6865
f 6865 6869 6868
f 6865 6868 7084
f 6865 7084 6897
f 6866 7077 7076
f 6866 7076 7085
f 6866 7085 6867
f 6867 7085 7086
f 6867 7086 6868
f 6868 6899 7084
f 6868 7086 7087
f 6868 7087 7088
f 6868 7088 7089
f 6868 7089 7090
f 6868 7090 6899
f 6870 7083 6906
f 6870 6906 6905
f 6870 6905 7091
f 6870 7091 6871
f 6871 7091 6872
f 6872 7091 6904
f 6872 6902 6875
f 6872 6875 6873
f 6873 6875 6874
f 6875 6902 6876
f 6876 6902 6901
f 6878 6899 6883
f 6880 6886 7092
f 6880 7092 7093
f 6880 7093 6881
f 6881 7093 7094
f 6881 7094 7095
f 6881 7095 7096
f 6881 7096 6890
f 6881 6890 6889
f 6883 7090 7097
f 6883 7097 7098
f 6883 7098 6885
f 6883 6885 6884
f 6883 6899 7090
f 6885 7098 6886
f 6886 7098 7092
f 6887 6893 6888
f 6888 6893 6920
f 6890 7096 7099
f 6890 7099 7100
f 6890 7100 7101
f 6890 7101 6893
f 6890 6893 6892
f 6890 6892 6891
f 6893 7101 7102
f 6893 7102 6920
f 6894 6900 6909
f 6894 6909 6908
f 6894 6908 6895
f 6895 6908 7082
f 6895 7082 7081
f 6895 7081 6897
f 6895 6897 6896
f 6897 7084 6898
f 6897 7081 7080
f 6898 7084 6899
f 6904 7091 6905
f 6907 7079 6908
f 6908 7079 7082
f 6911 6924 6912
f 6912 6924 7103
f 6912 7103 7104
f 6912 7104 7105
f 6912 7105 6918
f 6912 6918 6917
f 6914 6918 7106
f 6914 7106 7107
f 6914 7107 6968
f 6914 6968 6915
f 6915 6919 6916
f 6915 6968 6985
f 6915 6985 7108
f 6915 7108 6919
f 6918 7105 7107
f 6918 7107 7106
f 6919 7108 6985
f 6919 6985 6984
f 6919 6926 6925
f 6920 7102 6921
f 6921 7109 6922
f 6921 7102 7109
f 6922 7109 7110
f 6922 7110 7111
f 6922 7111 7112
f 6922 7112 7103
f 6922 7103 6923
f 6923 7103 6924
f 6927 6931 6933
f 6927 6933 6928
f 6928 6933 6929
f 6931 6935 6933
f 6932 6933 7113
f 6932 7113 7114
f 6932 7114 7115
f 6933 6935 7116
f 6933 7116 7117
f 6933 7117 7113
f 6934 7118 7119
f 6934 7119 6935
f 6934 7066 7065
f 6934 7065 7120
f 6934 7120 7118
f 6935 7119 7118
f 6935 7118 7121
f 6935 7121 7116
f 6936 7115 7114
f 6936 7114 7122
f 6936 7122 7123
f 6936 7123 7124
f 6936 7124 6940
f 6936 6940 6937
f 6937 6940 6938
f 6938 6940 6939
f 6940 7124 6941
f 6941 7124 7123
f 6941 7123 7125
f 6941 7125 7126
f 6941 7126 7127
f 6941 7127 7128
f 6941 7128 7129
f 6941 7129 7130
f 6941 7130 7131
f 6941 7131 6942
f 6942 7131 7132
f 6942 7132 6943
f 6943 7132 7133
f 6943 7133 7134
f 6943 7134 6944
f 6944 7134 7135
f 6944 7135 6945
f 6945 7135 7136
f 6945 7136 6946
f 6946 7136 6947
f 6947 7137 6956
f 6947 7136 7137
f 6949 6955 7138
f 6949 7138 7139
f 6949 7139 7140
f 6949 7140 6951
f 6951 7141 7142
f 6951 7142 6952
f 6951 7140 7141
f 6952 7143 7144
f 6952 7144 7145
f 6952 7145 7146
f 6952 7146 7147
f 6952 7147 6958
f 6952 6958 7148
f 6952 7148 6954
f 6952 6954 6953
f 6952 7142 7149
f 6952 7149 7143
f 6954 7148 6958
f 6955 6957 6956
f 6955 6956 7150
f 6955 7150 7151
f 6955 7151 7152
f 6955 7152 7153
f 6955 7153 7138
f 6956 7137 7150
f 6958 7147 6959
f 6959 7147 6960
f 6960 7147 7146
f 6960 7146 6961
f 6961 7146 7154
f 6961 7154 7145
f 6961 7145 7155
f 6961 7155 7156
f 6961 7156 7157
f 6961 7157 6962
f 6962 7157 7067
f 6962 6967 6963
f 6963 6966 6964
f 6968 7107 7158
f 6968 7158 7159
f 6968 7159 7160
f 6968 7160 6971
f 6968 6971 7161
f 6968 7161 6969
f 6969 7161 6970
f 6970 7161 6971
f 6971 7160 7162
f 6971 7162 6979
f 6973 6979 7163
f 6973 7163 7164
f 6973 7164 7165
f 6973 7165 7166
f 6973 7166 6974
f 6974 7166 7167
f 6974 7167 7168
f 6974 7168 6976
f 6974 6976 6975
f 6976 7168 6977
f 6977 7169 6978
f 6977 7168 7170
f 6977 7170 7171
f 6977 7171 7169
f 6978 7172 6980
f 6978 7169 7173
f 6978 7173 7174
f 6978 7174 7175
f 6978 7175 7176
f 6978 7176 6981
f 6978 6981 7172
f 6979 7162 7177
f 6979 7177 7163
f 6980 7172 6981
f 6981 7176 7178
f 6981 7178 6982
f 6982 7178 6986
f 6986 7179 6987
f 6986 7178 7179
f 6987 7180 6989
f 6987 6989 6988
f 6987 7179 7180
f 6989 7180 6998
f 6990 7181 6993
f 6990 6993 6992
f 6990 6992 6991
f 6990 6997 7181
f 6993 7181 7182
f 6993 7182 7183
f 6993 7183 6994
f 6994 7183 7184
f 6994 7184 7185
f 6994 7185 7186
f 6994 7186 7020
f 6994 7020 6995
f 6997 6998 7182
f 6997 7182 7181
f 6998 7184 7182
f 6998 7180 7184
f 6999 7013 7000
f 7000 7013 7001
f 7001 7013 7187
f 7001 7187 7014
f 7002 7051 7188
f 7002 7188 7003
f 7003 7188 7004
f 7004 7188 7005
f 7005 7188 7007
f 7005 7007 7006
f 7007 7189 7190
f 7007 7190 7191
f 7007 7191 7192
f 7007 7192 7193
f 7007 7193 7194
f 7007 7194 7195
f 7007 7195 7008
f 7007 7188 7189
f 7008 7195 7009
f 7009 7056 7010
f 7009 7195 7196
f 7009 7196 7056
f 7012 7055 7197
f 7012 7197 7013
f 7013 7197 7055
f 7013 7055 7054
f 7013 7054 7187
f 7014 7187 7052
f 7015 7019 7198
f 7015 7198 7022
f 7015 7022 7016
f 7016 7022 7021
f 7017 7186 7199
f 7017 7199 7200
f 7017 7200 7201
f 7017 7201 7198
f 7017 7198 7018
f 7017 7020 7186
f 7018 7198 7019
f 7022 7198 7202
f 7022 7202 7203
f 7022 7203 7023
f 7023 7203 7024
f 7024 7203 7204
f 7024 7204 7205
f 7024 7205 7025
f 7025 7205 7026
f 7026 7205 7206
f 7026 7206 7030
f 7026 7030 7027
f 7027 7030 7207
f 7027 7207 7029
f 7027 7029 7028
f 7029 7207 7030
f 7030 7206 7205
f 7030 7205 7208
f 7030 7208 7031
f 7031 7208 7032
f 7032 7209 7033
f 7032 7208 7210
f 7032 7210 7211
f 7032 7211 7212
f 7032 7212 7209
f 7033 7209 7213
f 7033 7213 7214
f 7033 7214 7034
f 7034 7214 7215
f 7034 7215 7035
f 7035 7215 7036
f 7036 7215 7216
f 7036 7216 7037
f 7037 7216 7038
f 7038 7216 7217
f 7038 7217 7218
f 7038 7218 7219
f 7038 7219 7220
f 7038 7220 7221
f 7038 7221 7039
f 7039 7221 7222
f 7039 7222 7041
f 7040 7042 7043
f 7041 7222 7223
f 7041 7223 7224
f 7041 7224 7225
f 7041 7225 7042
f 7042 7225 7226
f 7042 7226 7048
f 7042 7048 7043
f 7043 7046 7044
f 7043 7048 7046
f 7046 7048 7047
f 7048 7226 7227
f 7048 7227 7049
f 7049 7227 7228
f 7049 7228 7050
f 7050 7228 7229
f 7050 7229 7190
f 7050 7190 7051
f 7051 7190 7188
f 7052 7187 7053
f 7053 7187 7054
f 7056 7196 7230
f 7056 7230 7231
f 7056 7231 7232
f 7056 7232 7064
f 7059 7062 7061
f 7064 7232 7065
f 7065 7118 7120
f 7065 7232 7233
f 7065 7233 7231
f 7065 7231 7234
f 7065 7234 7195
f 7065 7195 7118
f 7067 7157 7069
f 7069 7157 7156
f 7069 7156 7235
f 7069 7235 7236
f 7069 7236 7070
f 7070 7236 7237
f 7070 7237 7238
f 7070 7238 7239
f 7070 7239 7240
f 7070 7240 7241
f 7070 7241 7071
f 7071 7241 7072
f 7072 7241 7242
f 7072 7242 7073
f 7073 7242 7074
f 7074 7242 7075
f 7075 7243 7076
f 7075 7242 7244
f 7075 7244 7245
f 7075 7245 7243
f 7076 7243 7246
f 7076 7246 7085
f 7085 7246 7247
f 7085 7247 7086
f 7086 7247 7248
f 7086 7248 7249
f 7086 7249 7250
f 7086 7250 7251
f 7086 7251 7087
f 7087 7251 7250
f 7087 7250 7252
f 7087 7252 7253
f 7087 7253 7088
f 7088 7253 7254
f 7088 7254 7255
f 7088 7255 7097
f 7088 7097 7089
f 7089 7097 7090
f 7092 7098 7256
f 7092 7256 7257
f 7092 7257 7258
f 7092 7258 7094
f 7092 7094 7093
f 7094 7258 7095
f 7095 7099 7096
f 7095 7258 7259
f 7095 7259 7260
f 7095 7260 7261
f 7095 7261 7262
f 7095 7262 7099
f 7097 7255 7098
f 7098 7255 7256
f 7099 7262 7261
f 7099 7261 7100
f 7100 7261 7263
f 7100 7263 7101
f 7101 7263 7264
f 7101 7264 7265
f 7101 7265 7102
f 7102 7266 7109
f 7102 7265 7267
f 7102 7267 7266
f 7103 7112 7268
f 7103 7268 7104
f 7104 7159 7158
f 7104 7158 7105
f 7104 7268 7269
f 7104 7269 7177
f 7104 7177 7159
f 7105 7158 7107
f 7109 7266 7270
f 7109 7270 7110
f 7110 7270 7271
f 7110 7271 7272
f 7110 7272 7273
f 7110 7273 7111
f 7111 7273 7274
f 7111 7274 7268
f 7111 7268 7112
f 7113 7117 7275
f 7113 7275 7276
f 7113 7276 7114
f 7114 7277 7123
f 7114 7123 7122
f 7114 7276 7277
f 7116 7121 7278
f 7116 7278 7279
f 7116 7279 7117
f 7117 7279 7280
f 7117 7280 7275
f 7118 7281 7282
f 7118 7282 7278
f 7118 7278 7121
f 7118 7195 7283
f 7118 7283 7281
f 7123 7284 7125
f 7123 7277 7284
f 7125 7284 7126
f 7126 7284 7285
f 7126 7285 7286
f 7126 7286 7287
f 7126 7287 7288
f 7126 7288 7289
f 7126 7289 7127
f 7127 7289 7128
f 7128 7290 7129
f 7128 7289 7290
f 7129 7290 7130
f 7130 7291 7292
f 7130 7292 7134
f 7130 7134 7133
f 7130 7133 7131
f 7130 7290 7293
f 7130 7293 7294
f 7130 7294 7291
f 7131 7133 7132
f 7134 7292 7135
f 7135 7292 7136
f 7136 7292 7291
f 7136 7291 7152
f 7136 7152 7151
f 7136 7151 7150
f 7136 7150 7137
f 7138 7295 7296
f 7138 7296 7139
f 7138 7153 7297
f 7138 7297 7295
f 7139 7296 7141
f 7139 7141 7140
f 7141 7298 7142
f 7141 7296 7299
f 7141 7299 7298
f 7142 7298 7300
f 7142 7300 7149
f 7143 7301 7240
f 7143 7240 7239
f 7143 7239 7238
f 7143 7238 7236
f 7143 7236 7235
f 7143 7235 7145
f 7143 7145 7144
f 7143 7149 7301
f 7145 7235 7155
f 7145 7154 7146
f 7149 7300 7302
f 7149 7302 7301
f 7152 7291 7294
f 7152 7294 7153
f 7153 7294 7303
f 7153 7303 7297
f 7155 7235 7156
f 7159 7177 7304
f 7159 7304 7162
f 7159 7162 7160
f 7162 7304 7177
f 7163 7177 7305
f 7163 7305 7306
f 7163 7306 7307
f 7163 7307 7308
f 7163 7308 7309
f 7163 7309 7310
f 7163 7310 7164
f 7164 7310 7165
f 7165 7310 7311
f 7165 7311 7312
f 7165 7312 7313
f 7165 7313 7314
f 7165 7314 7315
f 7165 7315 7166
f 7166 7171 7167
f 7166 7315 7171
f 7167 7171 7168
f 7168 7171 7170
f 7169 7171 7173
f 7171 7316 7317
f 7171 7317 7173
f 7171 7315 7316
f 7173 7317 7318
f 7173 7318 7319
f 7173 7319 7174
f 7174 7320 7321
f 7174 7321 7175
f 7174 7319 7320
f 7175 7321 7176
f 7176 7321 7322
f 7176 7322 7323
f 7176 7323 7178
f 7177 7269 7305
f 7178 7323 7324
f 7178 7324 7179
f 7179 7324 7325
f 7179 7325 7326
f 7179 7326 7327
f 7179 7327 7184
f 7179 7184 7180
f 7182 7184 7183
f 7184 7327 7328
f 7184 7328 7329
f 7184 7329 7185
f 7185 7329 7186
f 7186 7329 7199
f 7188 7190 7330
f 7188 7330 7189
f 7189 7330 7190
f 7190 7229 7331
f 7190 7331 7332
f 7190 7332 7191
f 7191 7332 7331
f 7191 7331 7333
f 7191 7333 7334
f 7191 7334 7335
f 7191 7335 7336
f 7191 7336 7192
f 7192 7336 7337
f 7192 7337 7193
f 7193 7283 7194
f 7193 7337 7338
f 7193 7338 7283
f 7194 7283 7195
f 7195 7234 7231
f 7195 7231 7230
f 7195 7230 7196
f 7198 7201 7339
f 7198 7339 7202
f 7199 7340 7341
f 7199 7341 7200
f 7199 7329 7340
f 7200 7341 7339
f 7200 7339 7201
f 7202 7342 7343
f 7202 7343 7203
f 7202 7339 7342
f 7203 7343 7204
f 7204 7344 7205
f 7204 7343 7344
f 7205 7344 7208
f 7208 7344 7212
f 7208 7212 7210
f 7209 7345 7213
f 7209 7212 7345
f 7210 7212 7211
f 7212 7344 7345
f 7213 7346 7321
f 7213 7321 7214
f 7213 7345 7346
f 7214 7321 7320
f 7214 7320 7347
f 7214 7347 7215
f 7215 7347 7348
f 7215 7348 7349
f 7215 7349 7216
f 7216 7349 7350
f 7216 7350 7351
f 7216 7351 7217
f 7217 7351 7218
f 7218 7351 7352
f 7218 7352 7219
f 7219 7352 7221
f 7219 7221 7220
f 7221 7352 7222
f 7222 7352 7353
f 7222 7353 7354
f 7222 7354 7355
f 7222 7355 7223
f 7223 7355 7224
f 7224 7355 7356
f 7224 7356 7357
f 7224 7357 7358
f 7224 7358 7225
f 7225 7227 7226
f 7225 7358 7227
f 7227 7359 7228
f 7227 7358 7359
f 7228 7360 7229
f 7228 7359 7360
f 7229 7360 7361
f 7229 7361 7362
f 7229 7362 7331
f 7231 7233 7232
f 7236 7238 7237
f 7240 7242 7241
f 7240 7301 7363
f 7240 7363 7244
f 7240 7244 7242
f 7243 7245 7364
f 7243 7364 7365
f 7243 7365 7248
f 7243 7248 7246
f 7244 7363 7366
f 7244 7366 7367
f 7244 7367 7245
f 7245 7367 7365
f 7245 7365 7364
f 7246 7248 7247
f 7248 7365 7368
f 7248 7368 7369
f 7248 7369 7249
f 7249 7369 7253
f 7249 7253 7250
f 7250 7253 7252
f 7253 7370 7371
f 7253 7371 7257
f 7253 7257 7256
f 7253 7256 7255
f 7253 7255 7254
f 7253 7369 7372
f 7253 7372 7373
f 7253 7373 7370
f 7257 7371 7374
f 7257 7374 7375
f 7257 7375 7258
f 7258 7375 7376
f 7258 7376 7259
f 7259 7377 7378
f 7259 7378 7379
f 7259 7379 7380
f 7259 7380 7261
f 7259 7261 7260
f 7259 7376 7375
f 7259 7375 7374
f 7259 7374 7377
f 7261 7380 7263
f 7263 7380 7264
f 7264 7271 7267
f 7264 7267 7265
f 7264 7380 7271
f 7266 7267 7271
f 7266 7271 7270
f 7268 7274 7381
f 7268 7381 7269
f 7269 7381 7274
f 7269 7274 7305
f 7271 7380 7382
f 7271 7382 7383
f 7271 7383 7384
f 7271 7384 7385
f 7271 7385 7272
f 7272 7386 7387
f 7272 7387 7273
f 7272 7385 7312
f 7272 7312 7386
f 7273 7387 7274
f 7274 7387 7386
f 7274 7386 7312
f 7274 7312 7307
f 7274 7307 7306
f 7274 7306 7305
f 7275 7388 7276
f 7275 7280 7388
f 7276 7388 7277
f 7277 7285 7284
f 7277 7388 7389
f 7277 7389 7285
f 7278 7282 7338
f 7278 7338 7388
f 7278 7388 7280
f 7278 7280 7279
f 7281 7283 7282
f 7282 7283 7338
f 7285 7389 7286
f 7286 7389 7287
f 7287 7389 7390
f 7287 7390 7391
f 7287 7391 7288
f 7288 7391 7392
f 7288 7392 7393
f 7288 7393 7394
f 7288 7394 7395
f 7288 7395 7396
f 7288 7396 7397
f 7288 7397 7290
f 7288 7290 7289
f 7290 7397 7398
f 7290 7398 7396
f 7290 7396 7399
f 7290 7399 7293
f 7293 7399 7294
f 7294 7399 7400
f 7294 7400 7303
f 7295 7297 7401
f 7295 7401 7402
f 7295 7402 7403
f 7295 7403 7296
f 7296 7403 7299
f 7297 7404 7401
f 7297 7303 7400
f 7297 7400 7405
f 7297 7405 7406
f 7297 7406 7404
f 7298 7302 7300
f 7298 7299 7302
f 7299 7403 7302
f 7301 7302 7363
f 7302 7403 7407
f 7302 7407 7408
f 7302 7408 7409
f 7302 7409 7363
f 7307 7312 7308
f 7308 7312 7311
f 7308 7311 7309
f 7309 7311 7310
f 7312 7410 7313
f 7312 7385 7411
f 7312 7411 7410
f 7313 7410 7412
f 7313 7412 7314
f 7314 7412 7315
f 7315 7412 7413
f 7315 7413 7414
f 7315 7414 7415
f 7315 7415 7416
f 7315 7416 7417
f 7315 7417 7316
f 7316 7417 7418
f 7316 7418 7318
f 7316 7318 7317
f 7318 7419 7348
f 7318 7348 7319
f 7318 7418 7417
f 7318 7417 7419
f 7319 7348 7320
f 7320 7348 7347
f 7321 7346 7322
f 7322 7346 7344
f 7322 7344 7420
f 7322 7420 7323
f 7323 7420 7325
f 7323 7325 7421
f 7323 7421 7324
f 7324 7421 7325
f 7325 7344 7422
f 7325 7422 7326
f 7325 7420 7344
f 7326 7422 7327
f 7327 7423 7328
f 7327 7422 7423
f 7328 7423 7424
f 7328 7424 7425
f 7328 7425 7339
f 7328 7339 7341
f 7328 7341 7340
f 7328 7340 7329
f 7331 7362 7426
f 7331 7426 7427
f 7331 7427 7428
f 7331 7428 7429
f 7331 7429 7430
f 7331 7430 7333
f 7333 7430 7334
f 7334 7431 7432
f 7334 7432 7433
f 7334 7433 7335
f 7334 7430 7434
f 7334 7434 7431
f 7335 7433 7432
f 7335 7432 7435
f 7335 7435 7436
f 7335 7436 7336
f 7336 7436 7437
f 7336 7437 7337
f 7337 7437 7338
f 7338 7437 7436
f 7338 7436 7438
f 7338 7438 7439
f 7338 7439 7388
f 7339 7425 7342
f 7342 7425 7344
f 7342 7344 7343
f 7344 7425 7440
f 7344 7440 7424
f 7344 7424 7423
f 7344 7423 7422
f 7344 7346 7345
f 7348 7419 7441
f 7348 7441 7349
f 7349 7441 7350
f 7350 7441 7442
f 7350 7442 7351
f 7351 7442 7352
f 7352 7442 7443
f 7352 7443 7444
f 7352 7444 7353
f 7353 7444 7355
f 7353 7355 7354
f 7355 7444 7356
f 7356 7444 7445
f 7356 7445 7357
f 7357 7445 7358
f 7358 7445 7446
f 7358 7446 7447
f 7358 7447 7448
f 7358 7448 7359
f 7359 7448 7360
f 7360 7448 7361
f 7361 7448 7449
f 7361 7449 7450
f 7361 7450 7426
f 7361 7426 7362
f 7363 7409 7366
f 7365 7451 7452
f 7365 7452 7453
f 7365 7453 7368
f 7365 7367 7454
f 7365 7454 7451
f 7366 7409 7455
f 7366 7455 7456
f 7366 7456 7367
f 7367 7456 7454
f 7368 7453 7457
f 7368 7457 7369
f 7369 7457 7458
f 7369 7458 7459
f 7369 7459 7372
f 7370 7374 7371
f 7370 7373 7377
f 7370 7377 7374
f 7372 7460 7461
f 7372 7461 7462
f 7372 7462 7463
f 7372 7463 7464
f 7372 7464 7465
f 7372 7465 7373
f 7372 7459 7466
f 7372 7466 7460
f 7373 7465 7377
f 7377 7465 7378
f 7378 7465 7382
f 7378 7382 7379
f 7379 7382 7380
f 7382 7465 7464
f 7382 7464 7467
f 7382 7467 7384
f 7382 7384 7383
f 7384 7468 7469
f 7384 7469 7470
f 7384 7470 7471
f 7384 7471 7472
f 7384 7472 7411
f 7384 7411 7385
f 7384 7467 7468
f 7388 7439 7438
f 7388 7438 7473
f 7388 7473 7389
f 7389 7473 7474
f 7389 7474 7475
f 7389 7475 7390
f 7390 7476 7391
f 7390 7475 7476
f 7391 7476 7477
f 7391 7477 7392
f 7392 7477 7393
f 7393 7477 7394
f 7394 7477 7478
f 7394 7478 7479
f 7394 7479 7480
f 7394 7480 7481
f 7394 7481 7482
f 7394 7482 7399
f 7394 7399 7395
f 7395 7399 7396
f 7396 7398 7397
f 7399 7482 7405
f 7399 7405 7400
f 7401 7455 7409
f 7401 7409 7408
f 7401 7408 7407
f 7401 7407 7402
f 7401 7404 7483
f 7401 7483 7455
f 7402 7407 7403
f 7404 7406 7483
f 7405 7482 7484
f 7405 7484 7406
f 7406 7484 7485
f 7406 7485 7486
f 7406 7486 7483
f 7410 7472 7487
f 7410 7487 7412
f 7410 7411 7472
f 7412 7487 7472
f 7412 7472 7413
f 7413 7472 7471
f 7413 7471 7488
f 7413 7488 7489
f 7413 7489 7490
f 7413 7490 7491
f 7413 7491 7492
f 7413 7492 7493
f 7413 7493 7494
f 7413 7494 7495
f 7413 7495 7496
f 7413 7496 7414
f 7414 7496 7415
f 7415 7495 7497
f 7415 7497 7443
f 7415 7443 7417
f 7415 7417 7416
f 7415 7496 7495
f 7417 7443 7442
f 7417 7442 7441
f 7417 7441 7419
f 7424 7440 7425
f 7426 7450 7498
f 7426 7498 7427
f 7427 7498 7428
f 7428 7499 7500
f 7428 7500 7501
f 7428 7501 7434
f 7428 7434 7430
f 7428 7430 7429
f 7428 7498 7502
f 7428 7502 7499
f 7431 7475 7432
f 7431 7434 7503
f 7431 7503 7475
f 7432 7475 7504
f 7432 7504 7435
f 7434 7501 7505
f 7434 7505 7506
f 7434 7506 7478
f 7434 7478 7477
f 7434 7477 7507
f 7434 7507 7503
f 7435 7504 7436
f 7436 7504 7508
f 7436 7508 7438
f 7438 7508 7473
f 7443 7497 7444
f 7444 7497 7495
f 7444 7495 7509
f 7444 7509 7510
f 7444 7510 7445
f 7445 7510 7511
f 7445 7511 7446
f 7446 7511 7447
f 7447 7511 7450
f 7447 7450 7512
f 7447 7512 7448
f 7448 7512 7449
f 7449 7512 7450
f 7450 7511 7502
f 7450 7502 7498
f 7451 7454 7452
f 7452 7454 7513
f 7452 7513 7453
f 7453 7513 7514
f 7453 7514 7457
f 7454 7456 7515
f 7454 7515 7513
f 7455 7483 7515
f 7455 7515 7456
f 7457 7514 7458
f 7458 7514 7459
f 7459 7514 7516
f 7459 7516 7513
f 7459 7513 7466
f 7460 7517 7518
f 7460 7518 7461
f 7460 7466 7513
f 7460 7513 7517
f 7461 7519 7520
f 7461 7520 7521
f 7461 7521 7522
f 7461 7522 7462
f 7461 7518 7523
f 7461 7523 7524
f 7461 7524 7525
f 7461 7525 7482
f 7461 7482 7519
f 7462 7522 7526
f 7462 7526 7527
f 7462 7527 7528
f 7462 7528 7529
f 7462 7529 7463
f 7463 7529 7464
f 7464 7529 7467
f 7467 7529 7528
f 7467 7528 7469
f 7467 7469 7468
f 7469 7528 7530
f 7469 7530 7470
f 7470 7530 7471
f 7471 7530 7490
f 7471 7490 7489
f 7471 7489 7488
f 7473 7508 7474
f 7474 7508 7475
f 7475 7503 7476
f 7475 7508 7504
f 7476 7503 7507
f 7476 7507 7477
f 7478 7506 7505
f 7478 7505 7479
f 7479 7505 7480
f 7480 7505 7481
f 7481 7531 7532
f 7481 7532 7533
f 7481 7533 7482
f 7481 7505 7531
f 7482 7525 7486
f 7482 7486 7485
f 7482 7485 7484
f 7482 7533 7534
f 7482 7534 7520
f 7482 7520 7519
f 7483 7486 7535
f 7483 7535 7515
f 7486 7525 7524
f 7486 7524 7535
f 7490 7500 7491
f 7490 7530 7536
f 7490 7536 7527
f 7490 7527 7526
f 7490 7526 7500
f 7491 7500 7537
f 7491 7537 7492
f 7492 7537 7493
f 7493 7537 7509
f 7493 7509 7494
f 7494 7509 7495
f 7499 7502 7538
f 7499 7538 7537
f 7499 7537 7500
f 7500 7526 7501
f 7501 7539 7505
f 7501 7526 7540
f 7501 7540 7541
f 7501 7541 7542
f 7501 7542 7539
f 7502 7511 7510
f 7502 7510 7543
f 7502 7543 7538
f 7505 7539 7542
f 7505 7542 7521
f 7505 7521 7544
f 7505 7544 7531
f 7509 7543 7510
f 7509 7537 7543
f 7513 7516 7514
f 7513 7515 7545
f 7513 7545 7535
f 7513 7535 7517
f 7515 7535 7545
f 7517 7535 7523
f 7517 7523 7518
f 7520 7534 7544
f 7520 7544 7521
f 7521 7542 7522
f 7522 7542 7541
f 7522 7541 7526
f 7523 7535 7524
f 7526 7541 7540
f 7527 7536 7530
f 7527 7530 7528
f 7531 7544 7532
f 7532 7544 7546
f 7532 7546 7534
f 7532 7534 7533
f 7534 7546 7544
f 7537 7538 7543