# https://github.com/mikedh/trimesh

o geometry_0
v 5.86768601 -3.45978769 30.01044929 0.54509804 0.71372549 0.60000000
v 5.16078490 -4.16367671 29.95561241 0.54509804 0.71372549 0.60000000
v 5.86768601 -4.87324242 29.95195353 0.54509804 0.71372549 0.60000000
v 6.57458713 -3.45978769 30.00313574 0.54509804 0.71372549 0.60000000
v 5.16078490 0.07101019 29.80206577 0.54509804 0.71372549 0.60000000
v 4.45388378 -0.63287879 29.83497043 0.54509804 0.71372549 0.60000000
v 1.90274000 -0.20146297 29.70701068 0.54509804 0.71372549 0.60000000
v 1.86774455 -0.63287879 29.71432423 0.54509804 0.71372549 0.60000000
v 2.62713884 -4.74268183 29.70336022 0.54509804 0.71372549 0.60000000
v 2.97709017 -4.93568371 29.72894712 0.54509804 0.71372549 0.60000000
v 5.16078490 -4.87324242 29.91905308 0.54509804 0.71372549 0.60000000
v 5.16078490 -5.58280761 29.86787087 0.54509804 0.71372549 0.60000000
v 5.86768601 -5.58280761 29.88615264 0.54509804 0.71372549 0.60000000
v 6.57458713 -4.87324242 29.90808486 0.54509804 0.71372549 0.60000000
v 6.57458713 -2.75022225 29.95195353 0.54509804 0.71372549 0.60000000
v 9.11173189 -3.14757888 29.69239200 0.54509804 0.71372549 0.60000000
v 9.11173189 -3.05107793 29.69239200 0.54509804 0.71372549 0.60000000
v 8.41882874 -0.83155714 29.69970134 0.54509804 0.71372549 0.60000000
v 7.78541723 -0.21849254 29.69970134 0.54509804 0.71372549 0.60000000
v 5.86768601 -0.63287879 29.82400221 0.54509804 0.71372549 0.60000000
v 5.86768601 0.09371625 29.76185177 0.54509804 0.71372549 0.60000000
v 6.57458713 1.48446472 29.51690892 0.54509804 0.71372549 0.60000000
v 5.16078490 5.29908880 28.96853167 0.54509804 0.71372549 0.60000000
v 3.04008156 1.48446472 29.53884325 0.54509804 0.71372549 0.60000000
v 1.76625901 -0.06522638 29.65217590 0.54509804 0.71372549 0.60000000
v 1.76625901 -0.34905260 29.68142168 0.54509804 0.71372549 0.60000000
v 1.76625901 3.63019063 29.14035587 0.54509804 0.71372549 0.60000000
v 1.76625901 -0.63287879 29.68873312 0.54509804 0.71372549 0.60000000
v 1.76625901 -0.85993977 29.68142168 0.54509804 0.71372549 0.60000000
v 1.91673902 -1.33676778 29.69970134 0.54509804 0.71372549 0.60000000
v 2.36817484 -4.93568371 29.60099369 0.54509804 0.71372549 0.60000000
v 2.69712974 -5.21383367 29.68507845 0.54509804 0.71372549 0.60000000
v 1.76625901 -1.33676778 29.66314412 0.54509804 0.71372549 0.60000000
v 3.21155694 -5.58280761 29.70336022 0.54509804 0.71372549 0.60000000
v 3.37253516 -5.94610512 29.68873312 0.54509804 0.71372549 0.60000000
v 4.63585843 -6.83164289 29.71797890 0.54509804 0.71372549 0.60000000
v 6.57458713 -5.58280761 29.82765688 0.54509804 0.71372549 0.60000000
v 5.16078490 -7.14385197 29.66679879 0.54509804 0.71372549 0.60000000
v 10.11259246 -4.87324242 29.41088983 0.54509804 0.71372549 0.60000000
v 10.11259246 -3.45978769 29.48766104 0.54509804 0.71372549 0.60000000
v 10.11259246 -2.75022225 29.50959748 0.54509804 0.71372549 0.60000000
v 9.37069589 -2.78995780 29.64851913 0.54509804 0.71372549 0.60000000
v 10.11259246 -4.16367671 29.45110382 0.54509804 0.71372549 0.60000000
v 12.23329580 0.78057570 28.85885369 0.54509804 0.71372549 0.60000000
v 11.27792889 1.22902102 29.00508889 0.54509804 0.71372549 0.60000000
v 8.25785157 -0.36608216 29.67776701 0.54509804 0.71372549 0.60000000
v 7.28148824 2.19403017 29.33777117 0.54509804 0.71372549 0.60000000
v 6.57458713 2.19403017 29.39992161 0.54509804 0.71372549 0.60000000
v 5.16078490 5.73050455 28.82960792 0.54509804 0.71372549 0.60000000
v 4.45388378 5.21961768 28.93197234 0.54509804 0.71372549 0.60000000
v 1.80475317 4.06160639 29.05261433 0.54509804 0.71372549 0.60000000
v 1.76625901 3.99348814 29.06723932 0.54509804 0.71372549 0.60000000
v 1.76625901 3.77778053 29.11110799 0.54509804 0.71372549 0.60000000
v 4.45388378 4.86767304 29.01971178 0.54509804 0.71372549 0.60000000
v 5.86768601 5.16285230 28.94294056 0.54509804 0.71372549 0.60000000
v 5.86768601 5.73050455 28.81498503 0.54509804 0.71372549 0.60000000
v 5.86768601 6.43439383 28.62122439 0.54509804 0.71372549 0.60000000
v 6.08465506 7.52996279 28.28488533 0.54509804 0.71372549 0.60000000
v 1.76625901 -4.88459529 29.39992161 0.54509804 0.71372549 0.60000000
v 2.85810691 -5.58280761 29.66314412 0.54509804 0.71372549 0.60000000
v 2.33318044 -6.28669689 29.41088983 0.54509804 0.71372549 0.60000000
v 3.74698267 -7.70015136 29.48766104 0.54509804 0.71372549 0.60000000
v 4.45388378 -7.70015136 29.57540258 0.54509804 0.71372549 0.60000000
v 9.16072531 -8.80139674 28.99046600 0.54509804 0.71372549 0.60000000
v 10.11259246 -9.11928226 28.84057613 0.54509804 0.71372549 0.60000000
v 5.16078490 -7.70015136 29.54615681 0.54509804 0.71372549 0.60000000
v 10.81949304 -4.87324242 29.24272030 0.54509804 0.71372549 0.60000000
v 13.64709803 -4.16367671 28.63219261 0.54509804 0.71372549 0.60000000
v 12.11081226 -3.45978769 29.05627110 0.54509804 0.71372549 0.60000000
v 11.52639416 -3.45978769 29.19153808 0.54509804 0.71372549 0.60000000
v 10.81949304 -8.40971654 28.81863970 0.54509804 0.71372549 0.60000000
v 11.52639416 -2.75022225 29.23175208 0.54509804 0.71372549 0.60000000
v 12.94019586 0.78057570 28.70165238 0.54509804 0.71372549 0.60000000
v 12.23329580 2.89791919 28.64315872 0.54509804 0.71372549 0.60000000
v 10.81949304 1.47311159 29.04895966 0.54509804 0.71372549 0.60000000
v 10.11259246 1.48446472 29.15497876 0.54509804 0.71372549 0.60000000
v 11.52639416 4.31705009 28.51885996 0.54509804 0.71372549 0.60000000
v 5.16078490 7.85352473 28.12402724 0.54509804 0.71372549 0.60000000
v 4.45388378 7.32560804 28.22639167 0.54509804 0.71372549 0.60000000
v 4.45388378 7.85352473 28.03994248 0.54509804 0.71372549 0.60000000
v 1.95173447 8.21682171 27.57564788 0.54509804 0.71372549 0.60000000
v 1.76625901 7.93299585 27.62317543 0.54509804 0.71372549 0.60000000
v 6.57458713 6.43439383 28.57004218 0.54509804 0.71372549 0.60000000
v 6.29112694 7.52996279 28.28488533 0.54509804 0.71372549 0.60000000
v 5.85718675 7.80243578 28.16789801 0.54509804 0.71372549 0.60000000
v 1.76625901 -6.28669689 29.20981775 0.54509804 0.71372549 0.60000000
v 1.76625901 -9.68125861 28.68337482 0.54509804 0.71372549 0.60000000
v 1.76625901 -9.82317101 28.65412694 0.54509804 0.71372549 0.60000000
v 3.74698267 -8.40971654 29.30486862 0.54509804 0.71372549 0.60000000
v 4.45388378 -8.40971654 29.38895339 0.54509804 0.71372549 0.60000000
v 9.40569134 -10.53273725 28.55176251 0.54509804 0.71372549 0.60000000
v 10.81949304 -9.11928226 28.69434094 0.54509804 0.71372549 0.60000000
v 10.11259246 -11.06633038 28.35069043 0.54509804 0.71372549 0.60000000
v 9.40569134 -11.16283132 28.39090443 0.54509804 0.71372549 0.60000000
v 14.71094893 -5.23086350 28.27391711 0.54509804 0.71372549 0.60000000
v 14.35399809 -4.16367671 28.43843197 0.54509804 0.71372549 0.60000000
v 13.64709803 -3.45978769 28.66509305 0.54509804 0.71372549 0.60000000
v 12.15280669 -2.75022225 29.08186221 0.54509804 0.71372549 0.60000000
v 12.94019586 -9.82317101 28.01435137 0.54509804 0.71372549 0.60000000
v 16.79665682 0.07101019 27.56102500 0.54509804 0.71372549 0.60000000
v 14.07753742 1.29146284 28.31413111 0.54509804 0.71372549 0.60000000
v 12.94019586 2.89791919 28.44574342 0.54509804 0.71372549 0.60000000
v 14.35399809 -3.45978769 28.46402308 0.54509804 0.71372549 0.60000000
v 12.23329580 3.60748464 28.54810574 0.54509804 0.71372549 0.60000000
v 12.00232773 4.82226105 28.33972221 0.54509804 0.71372549 0.60000000
v 5.16078490 8.55741401 27.82424751 0.54509804 0.71372549 0.60000000
v 4.73384421 8.97747638 27.59758432 0.54509804 0.71372549 0.60000000
v 4.45388378 10.45904909 26.92490620 0.54509804 0.71372549 0.60000000
v 1.76625901 10.68043367 26.47889338 0.54509804 0.71372549 0.60000000
v 1.76625901 8.13167469 27.54640211 0.54509804 0.71372549 0.60000000
v 10.62701966 5.50911998 28.31778788 0.54509804 0.71372549 0.60000000
v 11.53689290 9.29536189 27.02727063 0.54509804 0.71372549 0.60000000
v 11.30592483 9.66433583 26.90297187 0.54509804 0.71372549 0.60000000
v 6.57458713 9.97086848 27.17716050 0.54509804 0.71372549 0.60000000
v 5.86768601 9.97086848 27.21006305 0.54509804 0.71372549 0.60000000
v 1.76625901 -10.40217666 28.45670953 0.54509804 0.71372549 0.60000000
v 1.76625901 -10.56679585 28.39821798 0.54509804 0.71372549 0.60000000
v 1.76625901 -13.18935003 27.44403768 0.54509804 0.71372549 0.60000000
v 3.74698267 -13.11555482 27.61586399 0.54509804 0.71372549 0.60000000
v 5.16078490 -16.18655512 26.51910737 0.54509804 0.71372549 0.60000000
v 9.40569134 -14.58009877 26.94318587 0.54509804 0.71372549 0.60000000
v 9.94811448 -14.49495069 26.89200365 0.54509804 0.71372549 0.60000000
v 10.42054882 -14.38709689 26.85178966 0.54509804 0.71372549 0.60000000
v 10.81949304 -14.27924308 26.80791889 0.54509804 0.71372549 0.60000000
v 11.78185841 -13.65482491 26.83350999 0.54509804 0.71372549 0.60000000
v 13.33914061 -10.91873996 27.58296144 0.54509804 0.71372549 0.60000000
v 12.94019586 -10.53273725 27.81693607 0.54509804 0.71372549 0.60000000
v 5.86768601 -16.18655512 26.50813915 0.54509804 0.71372549 0.60000000
v 5.86768601 -16.75988381 26.27416452 0.54509804 0.71372549 0.60000000
v 8.69529047 -14.64254006 26.97974309 0.54509804 0.71372549 0.60000000
v 15.76780032 -4.87324242 27.86080473 0.54509804 0.71372549 0.60000000
v 15.09239490 -4.87324242 28.16058657 0.54509804 0.71372549 0.60000000
v 15.14488807 -4.16367671 28.18617768 0.54509804 0.71372549 0.60000000
v 14.79143699 -4.16367671 28.30316499 0.54509804 0.71372549 0.60000000
v 13.64709803 -9.82317101 27.81693607 0.54509804 0.71372549 0.60000000
v 14.10903311 -9.82317101 27.62683010 0.54509804 0.71372549 0.60000000
v 13.60510307 -10.48164777 27.64876654 0.54509804 0.71372549 0.60000000
v 17.18510230 0.07101019 27.34167325 0.54509804 0.71372549 0.60000000
v 17.18510230 0.78057570 27.25759060 0.54509804 0.71372549 0.60000000
v 17.18510230 1.48446472 27.15156939 0.54509804 0.71372549 0.60000000
v 13.30414516 3.27256982 28.27757389 0.54509804 0.71372549 0.60000000
v 14.82643244 -3.45978769 28.31047644 0.54509804 0.71372549 0.60000000
v 15.17988352 -3.45978769 28.19348912 0.54509804 0.71372549 0.60000000
v 15.76780032 -3.45978769 27.94854627 0.54509804 0.71372549 0.60000000
v 15.76780032 -4.16367671 27.93392338 0.54509804 0.71372549 0.60000000
v 16.32772223 -3.45978769 27.67435764 0.54509804 0.71372549 0.60000000
v 18.09847530 -2.75022225 26.78232778 0.54509804 0.71372549 0.60000000
v 12.23679450 4.28299096 28.39821798 0.54509804 0.71372549 0.60000000
v 16.47470249 5.73050455 26.51545060 0.54509804 0.71372549 0.60000000
v 5.16078490 9.97086848 27.19909483 0.54509804 0.71372549 0.60000000
v 4.45388378 10.81099321 26.75308201 0.54509804 0.71372549 0.60000000
v 1.76625901 11.19699697 26.25222808 0.54509804 0.71372549 0.60000000
v 13.62260079 9.23291955 26.27050985 0.54509804 0.71372549 0.60000000
v 13.37063630 9.68704156 26.19007976 0.54509804 0.71372549 0.60000000
v 11.77835918 9.55080506 26.83350999 0.54509804 0.71372549 0.60000000
v 12.90520147 12.11659387 24.91784006 0.54509804 0.71372549 0.60000000
v 12.64623746 12.46853903 24.75698408 0.54509804 0.71372549 0.60000000
v 12.23329580 12.09388813 25.09697781 0.54509804 0.71372549 0.60000000
v 7.98838936 15.22165276 24.00022120 0.54509804 0.71372549 0.60000000
v 6.57458713 13.50734260 25.20665368 0.54509804 0.71372549 0.60000000
v 5.86768601 11.84979783 26.21201409 0.54509804 0.71372549 0.60000000
v 5.16078490 11.87818052 26.23029375 0.54509804 0.71372549 0.60000000
v 5.16078490 10.47040196 26.95049731 0.54509804 0.71372549 0.60000000
v 1.76625901 -13.31423367 27.39651224 0.54509804 0.71372549 0.60000000
v 1.76625901 -16.81097223 25.99997590 0.54509804 0.71372549 0.60000000
v 5.16078490 -16.77691363 26.28147597 0.54509804 0.71372549 0.60000000
v 10.15458636 -14.75039387 26.73114557 0.54509804 0.71372549 0.60000000
v 10.81949304 -14.77310065 26.58125570 0.54509804 0.71372549 0.60000000
v 11.53689290 -14.04650564 26.72383412 0.54509804 0.71372549 0.60000000
v 13.07667685 -14.34168437 26.12061788 0.54509804 0.71372549 0.60000000
v 12.23329580 -13.50155859 26.76770489 0.54509804 0.71372549 0.60000000
v 13.44412590 -13.87053253 26.21567086 0.54509804 0.71372549 0.60000000
v 14.16502498 -11.70210036 26.91393798 0.54509804 0.71372549 0.60000000
v 14.63745828 -11.44665719 26.83350999 0.54509804 0.71372549 0.60000000
v 13.81157495 -10.68032662 27.48790845 0.54509804 0.71372549 0.60000000
v 5.16078490 -17.12885774 26.06578100 0.54509804 0.71372549 0.60000000
v 5.86768601 -17.11182792 26.04750133 0.54509804 0.71372549 0.60000000
v 7.65243600 -20.08064820 24.03312375 0.54509804 0.71372549 0.60000000
v 8.12487034 -20.04659277 24.00753264 0.54509804 0.71372549 0.60000000
v 8.69529047 -19.62652935 24.17570217 0.54509804 0.71372549 0.60000000
v 16.14574864 -5.27059906 27.57930466 0.54509804 0.71372549 0.60000000
v 16.20523922 -4.87324242 27.62317543 0.54509804 0.71372549 0.60000000
v 16.28922808 -4.16367671 27.66704409 0.54509804 0.71372549 0.60000000
v 14.02154554 -10.20917478 27.57930466 0.54509804 0.71372549 0.60000000
v 16.94363602 -9.11928226 26.22298231 0.54509804 0.71372549 0.60000000
v 18.12996994 -0.63287879 26.79329600 0.54509804 0.71372549 0.60000000
v 17.76952145 0.07101019 26.99436808 0.54509804 0.71372549 0.60000000
v 18.56041038 1.48446472 26.36190606 0.54509804 0.71372549 0.60000000
v 17.96549302 1.48446472 26.71286801 0.54509804 0.71372549 0.60000000
v 18.84037081 2.19403017 26.09137210 0.54509804 0.71372549 0.60000000
v 17.55954981 1.86479179 26.87006932 0.54509804 0.71372549 0.60000000
v 18.63739974 5.03229223 25.63804573 0.54509804 0.71372549 0.60000000
v 17.87100699 5.00390954 26.01825345 0.54509804 0.71372549 0.60000000
v 18.01798619 -3.45978769 26.73114557 0.54509804 0.71372549 0.60000000
v 18.97685180 -3.15893201 26.17545476 0.54509804 0.71372549 0.60000000
v 18.59890453 -2.75022225 26.46426838 0.54509804 0.71372549 0.60000000
v 18.42042964 5.73050455 25.53568130 0.54509804 0.71372549 0.60000000
v 18.29444792 6.14489101 25.46622153 0.54509804 0.71372549 0.60000000
v 17.46156403 7.41075559 25.41503932 0.54509804 0.71372549 0.60000000
v 16.42570907 6.37195202 26.28513274 0.54509804 0.71372549 0.60000000
v 4.45388378 11.38432295 26.44598872 0.54509804 0.71372549 0.60000000
v 4.02694310 11.78167958 26.17911154 0.54509804 0.71372549 0.60000000
v 3.04008156 14.83564899 24.23785261 0.54509804 0.71372549 0.60000000
v 1.76625901 14.32476159 24.36215137 0.54509804 0.71372549 0.60000000
v 12.94019586 9.82895502 26.27781919 0.54509804 0.71372549 0.60000000
v 16.82115406 9.60757045 24.73504765 0.54509804 0.71372549 0.60000000
v 14.81943293 11.15158551 24.80085275 0.54509804 0.71372549 0.60000000
v 14.52897428 11.62273629 24.66193110 0.54509804 0.71372549 0.60000000
v 12.27528971 10.03330977 26.38749717 0.54509804 0.71372549 0.60000000
v 13.64709803 11.87818052 24.82644385 0.54509804 0.71372549 0.60000000
v 13.11867181 12.36068523 24.67289932 0.54509804 0.71372549 0.60000000
v 12.53775241 10.30578277 26.13889754 0.54509804 0.71372549 0.60000000
v 14.84742992 16.07880836 21.26198539 0.54509804 0.71372549 0.60000000
v 13.64709803 15.05135766 22.45013821 0.54509804 0.71372549 0.60000000
v 12.94019586 15.20462293 22.56347086 0.54509804 0.71372549 0.60000000
v 8.94375521 15.93689490 23.28367231 0.54509804 0.71372549 0.60000000
v 8.47132192 16.02204298 23.36044563 0.54509804 0.71372549 0.60000000
v 5.70670779 15.30680083 24.05506019 0.54509804 0.71372549 0.60000000
v 6.57458713 14.04661269 24.87397140 0.54509804 0.71372549 0.60000000
v 7.98838936 15.63036225 23.70775291 0.54509804 0.71372549 0.60000000
v 5.16078490 12.23580159 26.01094412 0.54509804 0.71372549 0.60000000
v 3.74698267 14.30773282 24.62537388 0.54509804 0.71372549 0.60000000
v 4.45388378 11.82709104 26.19739120 0.54509804 0.71372549 0.60000000
v 1.76625901 -16.89612030 25.96341657 0.54509804 0.71372549 0.60000000
v 1.76625901 -17.57162689 25.63438895 0.54509804 0.71372549 0.60000000
v 1.76625901 -17.85545276 25.46622153 0.54509804 0.71372549 0.60000000
v 10.11259246 -15.42022349 26.35093784 0.54509804 0.71372549 0.60000000
v 10.99096895 -17.92924797 24.71677009 0.54509804 0.71372549 0.60000000
v 11.33042154 -15.20451588 26.20835942 0.54509804 0.71372549 0.60000000
v 11.55089087 -14.81283621 26.34362429 0.54509804 0.71372549 0.60000000
v 13.66809446 -14.09191710 26.02922167 0.54509804 0.71372549 0.60000000
v 13.47212184 -15.23857553 25.51009019 0.54509804 0.71372549 0.60000000
v 13.68209242 -14.81851211 25.66729150 0.54509804 0.71372549 0.60000000
v 14.38199403 -11.94051476 26.72017735 0.54509804 0.71372549 0.60000000
v 15.76080186 -11.17418419 26.28878741 0.54509804 0.71372549 0.60000000
v 15.01190684 -11.21959565 26.69824512 0.54509804 0.71372549 0.60000000
v 14.70395047 -14.41547958 25.44063042 0.54509804 0.71372549 0.60000000
v 15.08889620 -11.96322049 26.37652895 0.54509804 0.71372549 0.60000000
v 15.51933558 -11.73616001 26.22298231 0.54509804 0.71372549 0.60000000
v 1.76625901 -17.92357101 25.42234865 0.54509804 0.71372549 0.60000000
v 3.04008156 -22.24340657 22.64755352 0.54509804 0.71372549 0.60000000
v 3.49501818 -22.22637675 22.63658740 0.54509804 0.71372549 0.60000000
v 7.98838936 -22.79970438 21.83595586 0.54509804 0.71372549 0.60000000
v 8.69529047 -19.97847346 23.96000720 0.54509804 0.71372549 0.60000000
v 20.45014566 -5.42954181 24.80085275 0.54509804 0.71372549 0.60000000
v 17.06611904 -8.40971654 26.30341030 0.54509804 0.71372549 0.60000000
v 19.03284367 -9.62449322 24.78988664 0.54509804 0.71372549 0.60000000
v 16.85614846 -9.52231532 26.16814543 0.54509804 0.71372549 0.60000000
v 18.59890453 -0.63287879 26.47523660 0.54509804 0.71372549 0.60000000
v 18.12297149 0.07101019 26.78232778 0.54509804 0.71372549 0.60000000
v 19.30580565 2.19403017 25.79890171 0.54509804 0.71372549 0.60000000
v 21.79045934 3.27256982 24.04409197 0.54509804 0.71372549 0.60000000
v 18.48692078 2.19403017 26.28878741 0.54509804 0.71372549 0.60000000
v 19.01184725 4.80523123 25.47718764 0.54509804 0.71372549 0.60000000
v 19.27081125 5.03229223 25.26149267 0.54509804 0.71372549 0.60000000
v 18.89986244 5.27638254 25.41503932 0.54509804 0.71372549 0.60000000
v 18.77388072 5.73050455 25.35654355 0.54509804 0.71372549 0.60000000
v 21.76246341 -2.95457726 24.01850086 0.54509804 0.71372549 0.60000000
v 18.99784928 -2.75022225 26.19007976 0.54509804 0.71372549 0.60000000
v 20.50613859 -4.87324242 24.84106885 0.54509804 0.71372549 0.60000000
v 18.55691063 6.40033471 25.24321301 0.54509804 0.71372549 0.60000000
v 18.35393955 7.64349303 24.81913452 0.54509804 0.71372549 0.60000000
v 19.02934497 6.88283889 24.79354341 0.54509804 0.71372549 0.60000000
v 1.76625901 14.70508945 24.12817673 0.54509804 0.71372549 0.60000000
v 3.74698267 14.87538455 24.27075516 0.54509804 0.71372549 0.60000000
v 2.33318044 16.91325718 22.80841371 0.54509804 0.71372549 0.60000000
v 1.76625901 16.87352162 22.76454083 0.54509804 0.71372549 0.60000000
v 14.06003969 11.77032671 24.75698408 0.54509804 0.71372549 0.60000000
v 20.44314720 9.71542426 22.66217851 0.54509804 0.71372549 0.60000000
v 18.24195475 13.15539849 21.90907029 0.54509804 0.71372549 0.60000000
v 18.53241444 14.89241438 20.62586449 0.54509804 0.71372549 0.60000000
v 18.25245296 15.28409510 20.49791106 0.54509804 0.71372549 0.60000000
v 13.64709803 12.23012463 24.57784633 0.54509804 0.71372549 0.60000000
v 15.50883737 16.73160817 20.53446828 0.54509804 0.71372549 0.60000000
v 15.06090026 16.81675624 20.62220982 0.54509804 0.71372549 0.60000000
v 11.33392130 17.46387908 21.25832861 0.54509804 0.71372549 0.60000000
v 10.81949304 17.53767640 21.33144727 0.54509804 0.71372549 0.60000000
v 9.16072531 18.13938567 21.22908284 0.54509804 0.71372549 0.60000000
v 7.28148824 18.99086432 20.66973737 0.54509804 0.71372549 0.60000000
v 7.98838936 16.05610158 23.38238207 0.54509804 0.71372549 0.60000000
v 5.16078490 15.31247674 24.05871486 0.54509804 0.71372549 0.60000000
v 11.52289493 -18.34930927 24.25247549 0.54509804 0.71372549 0.60000000
v 12.23329580 -18.14495558 24.15742462 0.54509804 0.71372549 0.60000000
v 11.52639416 -17.77598164 24.63634210 0.54509804 0.71372549 0.60000000
v 12.23329580 -20.22823862 22.70970395 0.54509804 0.71372549 0.60000000
v 14.23151613 -14.61415737 25.54664952 0.54509804 0.71372549 0.60000000
v 13.94105643 -15.08530921 25.42234865 0.54509804 0.71372549 0.60000000
v 12.67423340 -18.02574891 24.07333775 0.54509804 0.71372549 0.60000000
v 19.33030288 -12.62169725 23.51399227 0.54509804 0.71372549 0.60000000
v 18.15796693 -11.44665719 24.69117898 0.54509804 0.71372549 0.60000000
v 18.64439820 -9.84587780 24.96536761 0.54509804 0.71372549 0.60000000
v 16.13174962 -10.89603423 26.15717721 0.54509804 0.71372549 0.60000000
v 14.42398899 -14.81851211 25.34923211 0.54509804 0.71372549 0.60000000
v 15.10289417 -14.81851211 25.00558160 0.54509804 0.71372549 0.60000000
v 15.61032291 -14.60848146 24.85203496 0.54509804 0.71372549 0.60000000
v 16.08275725 -14.37574402 24.71311331 0.54509804 0.71372549 0.60000000
v 15.81679374 -14.10894693 24.98364727 0.54509804 0.71372549 0.60000000
v 16.26123215 -13.90459218 24.82644385 0.54509804 0.71372549 0.60000000
v 19.10983303 -13.18935003 23.42259606 0.54509804 0.71372549 0.60000000
v 1.76625901 -22.90755714 22.07358516 0.54509804 0.71372549 0.60000000
v 2.60614241 -22.23205476 22.63658740 0.54509804 0.71372549 0.60000000
v 1.76625901 -22.99838428 22.00046650 0.54509804 0.71372549 0.60000000
v 2.33318044 -22.98703247 22.00412539 0.54509804 0.71372549 0.60000000
v 7.28148824 -22.83376403 21.85057874 0.54509804 0.71372549 0.60000000
v 7.98838936 -23.12894487 21.48133503 0.54509804 0.71372549 0.60000000
v 8.69529047 -23.07217738 21.37531593 0.54509804 0.71372549 0.60000000
v 12.23329580 -20.58018273 22.44648354 0.54509804 0.71372549 0.60000000
v 20.85958862 -4.87324242 24.56322345 0.54509804 0.71372549 0.60000000
v 19.46678387 -9.11928226 24.59978277 0.54509804 0.71372549 0.60000000
v 21.08005847 -9.48825672 23.33119986 0.54509804 0.71372549 0.60000000
v 21.80095756 -6.70675978 23.33851130 0.54509804 0.71372549 0.60000000
v 21.85345073 -6.28669689 23.38603674 0.54509804 0.71372549 0.60000000
v 18.91036171 -10.09564401 24.70214720 0.54509804 0.71372549 0.60000000
v 19.58226738 -12.83172896 23.26904942 0.54509804 0.71372549 0.60000000
v 18.99784928 -0.13902119 26.19007976 0.54509804 0.71372549 0.60000000
v 21.79045934 3.17606888 24.04409197 0.54509804 0.71372549 0.60000000
v 22.54285307 -0.63287879 23.37506852 0.54509804 0.71372549 0.60000000
v 25.06250010 0.78057570 20.96951710 0.54509804 0.71372549 0.60000000
v 25.42644940 0.78057570 20.61489838 0.54509804 0.71372549 0.60000000
v 25.36345801 2.89791919 20.54543650 0.54509804 0.71372549 0.60000000
v 25.33196337 3.31230538 20.51619072 0.54509804 0.71372549 0.60000000
v 24.69855291 6.43439383 20.59296404 0.54509804 0.71372549 0.60000000
v 24.65305714 6.87148602 20.54178183 0.54509804 0.71372549 0.60000000
v 19.64175901 6.05406650 24.72773831 0.54509804 0.71372549 0.60000000
v 19.75724251 5.58291519 24.80450952 0.54509804 0.71372549 0.60000000
v 19.85522935 5.02093937 24.88128284 0.54509804 0.71372549 0.60000000
v 19.36879703 5.78159351 24.99095872 0.54509804 0.71372549 0.60000000
v 19.17632417 6.43439383 24.89224896 0.54509804 0.71372549 0.60000000
v 22.50435891 -2.52316124 23.34582274 0.54509804 0.71372549 0.60000000
v 21.78345983 -2.48342568 24.03678053 0.54509804 0.71372549 0.60000000
v 21.25503361 -4.87324242 24.20860683 0.54509804 0.71372549 0.60000000
v 22.28738882 -5.58280761 23.13378455 0.54509804 0.71372549 0.60000000
v 4.69185031 15.29544797 24.04409197 0.54509804 0.71372549 0.60000000
v 6.57458713 17.18573123 22.43186066 0.54509804 0.71372549 0.60000000
v 1.76625901 18.79786243 21.04629042 0.54509804 0.71372549 0.60000000
v 1.76625901 18.72406933 21.11575019 0.54509804 0.71372549 0.60000000
v 1.76625901 17.22546679 22.45379288 0.54509804 0.71372549 0.60000000
v 20.92607976 9.26697920 22.50497509 0.54509804 0.71372549 0.60000000
v 21.82545268 8.97179942 21.94928640 0.54509804 0.71372549 0.60000000
v 21.78345983 11.74761993 20.49791106 0.54509804 0.71372549 0.60000000
v 21.16404629 11.14590855 21.29123327 0.54509804 0.71372549 0.60000000
v 21.09405539 12.47421494 20.51253395 0.54509804 0.71372549 0.60000000
v 19.03284367 14.63697120 20.54178183 0.54509804 0.71372549 0.60000000
v 18.66889543 12.87157157 21.82498764 0.54509804 0.71372549 0.60000000
v 18.72488731 15.10812199 20.37361230 0.54509804 0.71372549 0.60000000
v 17.67853413 18.18479714 18.46891059 0.54509804 0.71372549 0.60000000
v 17.18510230 17.93503198 18.94782807 0.54509804 0.71372549 0.60000000
v 16.73366544 18.06559257 19.04287895 0.54509804 0.71372549 0.60000000
v 16.26123215 18.15073748 19.12330905 0.54509804 0.71372549 0.60000000
v 15.76780032 18.23588661 19.20373914 0.54509804 0.71372549 0.60000000
v 10.11259246 18.72974313 20.41017163 0.54509804 0.71372549 0.60000000
v 9.61566193 18.80354045 20.48328607 0.54509804 0.71372549 0.60000000
v 6.57458713 19.00221613 20.68801492 0.54509804 0.71372549 0.60000000
v 6.57458713 17.56038002 22.07723982 0.54509804 0.71372549 0.60000000
v 7.28148824 19.34280843 20.27855932 0.54509804 0.71372549 0.60000000
v 3.74698267 20.09211234 19.61684942 0.54509804 0.71372549 0.60000000
v 12.64623746 -20.12606388 22.64024418 0.54509804 0.71372549 0.60000000
v 16.19124230 -16.58958765 23.35313629 0.54509804 0.71372549 0.60000000
v 18.26645093 -19.38811600 20.50522250 0.54509804 0.71372549 0.60000000
v 18.88236577 -12.10513395 23.98925509 0.54509804 0.71372549 0.60000000
v 16.66367559 -16.40226273 23.22883543 0.54509804 0.71372549 0.60000000
v 16.90514187 -15.93111089 23.37872740 0.54509804 0.71372549 0.60000000
v 16.74066495 -15.03989669 23.97828687 0.54509804 0.71372549 0.60000000
v 16.94363602 -14.56874485 24.10989707 0.54509804 0.71372549 0.60000000
v 19.58576713 -14.32465454 22.56712553 0.54509804 0.71372549 0.60000000
v 19.74324455 -13.85350376 22.68776751 0.54509804 0.71372549 0.60000000
v 1.76625901 -26.39294283 15.69411545 0.54509804 0.71372549 0.60000000
v 1.86074715 -26.47241816 15.59175102 0.54509804 0.71372549 0.60000000
v 2.33318044 -26.76759478 15.18960686 0.54509804 0.71372549 0.60000000
v 2.33318044 -26.51215161 15.66121290 0.54509804 0.71372549 0.60000000
v 3.04008156 -26.56324109 15.73798622 0.54509804 0.71372549 0.60000000
v 3.74698267 -26.58027092 15.78185699 0.54509804 0.71372549 0.60000000
v 4.45388378 -26.09208820 16.60442287 0.54509804 0.71372549 0.60000000
v 4.45388378 -26.37591722 16.11453928 0.54509804 0.71372549 0.60000000
v 8.69529047 -26.16588551 15.89518753 0.54509804 0.71372549 0.60000000
v 9.40569134 -26.08641440 15.89518753 0.54509804 0.71372549 0.60000000
v 13.34264036 -24.33804143 17.69386804 0.54509804 0.71372549 0.60000000
v 10.11259246 -23.13461867 20.77210179 0.54509804 0.71372549 0.60000000
v 10.11259246 -22.82241222 21.12306374 0.54509804 0.71372549 0.60000000
v 12.78271845 -20.85265573 21.99681184 0.54509804 0.71372549 0.60000000
v 13.25515279 -20.76751082 21.88713807 0.54509804 0.71372549 0.60000000
v 22.51135843 -9.53366819 21.93466140 0.54509804 0.71372549 0.60000000
v 21.85694943 -9.11928226 22.69508106 0.54509804 0.71372549 0.60000000
v 21.96543448 -8.40971654 22.79378871 0.54509804 0.71372549 0.60000000
v 21.75896260 -13.67753065 21.18521207 0.54509804 0.71372549 0.60000000
v 21.86044813 -13.20637986 21.27660828 0.54509804 0.71372549 0.60000000
v 22.52535534 -6.82029002 22.66217851 0.54509804 0.71372549 0.60000000
v 22.20689971 -6.28669689 23.06797945 0.54509804 0.71372549 0.60000000
v 21.93393773 -5.58280761 23.45549861 0.54509804 0.71372549 0.60000000
v 19.87622578 -13.35964618 22.80475693 0.54509804 0.71372549 0.60000000
v 22.53235485 -1.33676778 23.37141385 0.54509804 0.71372549 0.60000000
v 25.06949961 0.07101019 20.96220355 0.54509804 0.71372549 0.60000000
v 27.46666469 1.64908391 18.39944871 0.54509804 0.71372549 0.60000000
v 27.46666469 1.91020404 18.39944871 0.54509804 0.71372549 0.60000000
v 25.41245248 0.07101019 20.60758693 0.54509804 0.71372549 0.60000000
v 27.00822725 3.60748464 18.67729411 0.54509804 0.71372549 0.60000000
v 26.96623440 4.31705009 18.62611190 0.54509804 0.71372549 0.60000000
v 26.57778998 5.02093937 18.93685985 0.54509804 0.71372549 0.60000000
v 26.16134751 5.73050455 19.21104848 0.54509804 0.71372549 0.60000000
v 26.07385888 6.26409768 19.13793193 0.54509804 0.71372549 0.60000000
v 26.00386798 6.73524952 19.05019250 0.54509804 0.71372549 0.60000000
v 26.08785791 9.04559463 17.73408414 0.54509804 0.71372549 0.60000000
v 25.37045752 10.45904909 17.78892103 0.54509804 0.71372549 0.60000000
v 24.75104398 10.51581448 18.46159914 0.54509804 0.71372549 0.60000000
v 23.90766293 9.63027618 19.79598717 0.54509804 0.71372549 0.60000000
v 23.18676385 9.60757045 20.49059962 0.54509804 0.71372549 0.60000000
v 21.94093724 8.55741401 22.03337116 0.54509804 0.71372549 0.60000000
v 21.40551151 8.59714957 22.42089244 0.54509804 0.71372549 0.60000000
v 21.03456376 8.85259274 22.59637130 0.54509804 0.71372549 0.60000000
v 22.51835583 -2.04633323 23.35679096 0.54509804 0.71372549 0.60000000
v 23.86216927 -3.45978769 21.86154696 0.54509804 0.71372549 0.60000000
v 25.36695882 -1.33676778 20.55275005 0.54509804 0.71372549 0.60000000
v 25.05200189 -0.63287879 20.93661244 0.54509804 0.71372549 0.60000000
v 22.63384039 -5.58280761 22.77916583 0.54509804 0.71372549 0.60000000
v 22.57434771 -6.28669689 22.71335862 0.54509804 0.71372549 0.60000000
v 3.04008156 19.74584202 20.01168213 0.54509804 0.71372549 0.60000000
v 1.76625901 19.12710292 20.68436025 0.54509804 0.71372549 0.60000000
v 22.72132901 9.97086848 20.68070348 0.54509804 0.71372549 0.60000000
v 24.64605974 11.78735548 17.71214770 0.54509804 0.71372549 0.60000000
v 22.50435891 15.29544797 16.97732126 0.54509804 0.71372549 0.60000000
v 21.78695853 15.28409510 17.67193371 0.54509804 0.71372549 0.60000000
v 19.77823999 14.71076536 19.90931771 0.54509804 0.71372549 0.60000000
v 19.50177827 14.38720394 20.38092374 0.54509804 0.71372549 0.60000000
v 23.07477799 9.97086848 20.38823519 0.54509804 0.71372549 0.60000000
v 24.56906933 10.98696632 18.34095505 0.54509804 0.71372549 0.60000000
v 24.42209013 11.38432295 18.20934485 0.54509804 0.71372549 0.60000000
v 19.29880719 14.90944420 20.13963767 0.54509804 0.71372549 0.60000000
v 19.09933482 15.41465464 19.90200626 0.54509804 0.71372549 0.60000000
v 18.14746767 18.02018111 18.29708639 0.54509804 0.71372549 0.60000000
v 18.42742915 18.23588661 17.82548035 0.54509804 0.71372549 0.60000000
v 17.86400748 18.44591832 17.99364988 0.54509804 0.71372549 0.60000000
v 17.58054729 18.83192209 17.69386804 0.54509804 0.71372549 0.60000000
v 17.18510230 18.64459822 18.15450797 0.54509804 0.71372549 0.60000000
v 17.18510230 18.29265410 18.59320935 0.54509804 0.71372549 0.60000000
v 14.07403766 20.25672836 17.69386804 0.54509804 0.71372549 0.60000000
v 10.11259246 21.04576572 17.78892103 0.54509804 0.71372549 0.60000000
v 8.69529047 20.86979366 18.29708639 0.54509804 0.71372549 0.60000000
v 7.28148824 20.31916965 19.18180270 0.54509804 0.71372549 0.60000000
v 3.04008156 20.09778613 19.61319264 0.54509804 0.71372549 0.60000000
v 4.45388378 20.37593715 19.25126458 0.54509804 0.71372549 0.60000000
v 4.45388378 20.73355927 18.82352931 0.54509804 0.71372549 0.60000000
v 17.55954981 -20.79589246 19.79964183 0.54509804 0.71372549 0.60000000
v 18.36443776 -20.17147535 19.86910371 0.54509804 0.71372549 0.60000000
v 18.54991217 -19.68329263 20.12501478 0.54509804 0.71372549 0.60000000
v 18.73888528 -19.19511412 20.37726697 0.54509804 0.71372549 0.60000000
v 19.00484774 -18.72396123 20.52715894 0.54509804 0.71372549 0.60000000
v 19.55427144 -17.15156348 21.14134130 0.54509804 0.71372549 0.60000000
v 19.76424203 -16.68041269 21.26929683 0.54509804 0.71372549 0.60000000
v 20.23667532 -16.33982039 21.10112730 0.54509804 0.71372549 0.60000000
v 20.50263883 -15.48266584 21.30951083 0.54509804 0.71372549 0.60000000
v 1.76625901 -26.51782963 15.44551793 0.54509804 0.71372549 0.60000000
v 2.26668930 -27.06844942 14.47671475 0.54509804 0.71372549 0.60000000
v 2.45916216 -27.19901001 14.23908545 0.54509804 0.71372549 0.60000000
v 3.04008156 -27.08547925 14.67413216 0.54509804 0.71372549 0.60000000
v 3.04008156 -26.85274391 15.18960686 0.54509804 0.71372549 0.60000000
v 3.74698267 -26.87544754 15.18960686 0.54509804 0.71372549 0.60000000
v 4.45388378 -26.55188928 15.76357733 0.54509804 0.71372549 0.60000000
v 9.40569134 -27.81207531 12.61954058 0.54509804 0.71372549 0.60000000
v 8.69529047 -26.58594471 15.09821065 0.54509804 0.71372549 0.60000000
v 10.11259246 -27.78937169 12.56104692 0.54509804 0.71372549 0.60000000
v 14.92091952 -27.19333621 12.08944088 0.54509804 0.71372549 0.60000000
v 12.64623746 -26.46106214 14.15500068 0.54509804 0.71372549 0.60000000
v 17.03812310 -22.31152588 18.49084703 0.54509804 0.71372549 0.60000000
v 10.68301258 -23.04379574 20.65511237 0.54509804 0.71372549 0.60000000
v 15.39335281 -27.14224674 11.99438895 0.54509804 0.71372549 0.60000000
v 17.72052804 -25.79691157 12.83158088 0.54509804 0.71372549 0.60000000
v 22.58484803 -11.11741880 21.30219938 0.54509804 0.71372549 0.60000000
v 22.68983227 -10.53273725 21.40456381 0.54509804 0.71372549 0.60000000
v 23.20426157 -9.51663836 21.21811462 0.54509804 0.71372549 0.60000000
v 22.75632235 -7.70015136 22.19057247 0.54509804 0.71372549 0.60000000
v 22.46936347 -7.29144133 22.60002808 0.54509804 0.71372549 0.60000000
v 22.31888346 -8.40971654 22.44282677 0.54509804 0.71372549 0.60000000
v 21.97243188 -14.06921137 20.71726280 0.54509804 0.71372549 0.60000000
v 25.33546208 -13.75700282 16.98463270 0.54509804 0.71372549 0.60000000
v 23.89366391 -12.99067119 19.07212683 0.54509804 0.71372549 0.60000000
v 22.14740913 -13.40505765 20.87080734 0.54509804 0.71372549 0.60000000
v 20.85608886 -15.48266584 21.02435398 0.54509804 0.71372549 0.60000000
v 21.13254954 -15.94814072 20.55640472 0.54509804 0.71372549 0.60000000
v 25.42644940 -11.94619172 17.78892103 0.54509804 0.71372549 0.60000000
v 25.90588326 -11.23662548 17.53666673 0.54509804 0.71372549 0.60000000
v 23.10977344 -7.70015136 21.81767409 0.54509804 0.71372549 0.60000000
v 23.16926612 -7.21197022 21.87982452 0.54509804 0.71372549 0.60000000
v 23.33024224 -5.58280761 22.04799405 0.54509804 0.71372549 0.60000000
v 25.39145395 -0.63287879 20.58565049 0.54509804 0.71372549 0.60000000
v 26.04936375 -1.33676778 19.81792150 0.54509804 0.71372549 0.60000000
v 26.03186603 -1.78521310 19.79964183 0.54509804 0.71372549 0.60000000
v 26.36781728 -1.33676778 19.43405700 0.54509804 0.71372549 0.60000000
v 28.62500267 -0.63287879 16.67388475 0.54509804 0.71372549 0.60000000
v 28.89446594 -0.63287879 16.31926603 0.54509804 0.71372549 0.60000000
v 28.89796464 0.07101019 16.32657958 0.54509804 0.71372549 0.60000000
v 30.31526557 0.07101019 14.19887145 0.54509804 0.71372549 0.60000000
v 28.85947049 2.61409306 16.26442914 0.54509804 0.71372549 0.60000000
v 28.00209042 3.60748464 17.44892730 0.54509804 0.71372549 0.60000000
v 27.64863933 3.60748464 17.93881089 0.54509804 0.71372549 0.60000000
v 27.61364389 4.31705009 17.88762868 0.54509804 0.71372549 0.60000000
v 27.36167834 3.60748464 18.28977284 0.54509804 0.71372549 0.60000000
v 27.31968549 4.31705009 18.23859063 0.54509804 0.71372549 0.60000000
v 26.89624350 5.02093937 18.58224324 0.54509804 0.71372549 0.60000000
v 26.80875699 5.58291519 18.49450170 0.54509804 0.71372549 0.60000000
v 27.54715380 5.02093937 17.79623247 0.54509804 0.71372549 0.60000000
v 27.48066160 5.44667869 17.71214770 0.54509804 0.71372549 0.60000000
v 30.24877548 8.88097544 11.28515256 0.54509804 0.71372549 0.60000000
v 28.17356475 10.40796067 13.47501112 0.54509804 0.71372549 0.60000000
v 28.07207921 10.87911146 13.29221870 0.54509804 0.71372549 0.60000000
v 25.30746614 11.73059010 16.95173015 0.54509804 0.71372549 0.60000000
v 28.88046691 5.45803156 15.59175102 0.54509804 0.71372549 0.60000000
v 25.00300952 10.72016923 18.06311176 0.54509804 0.71372549 0.60000000
v 26.00386798 -2.25636467 19.76673928 0.54509804 0.71372549 0.60000000
v 25.33896288 -1.85333148 20.51984539 0.54509804 0.71372549 0.60000000
v 23.39323362 -4.87324242 22.11379915 0.54509804 0.71372549 0.60000000
v 25.16398564 -4.16367671 20.33705297 0.54509804 0.71372549 0.60000000
v 25.72040991 -1.33676778 20.17254022 0.54509804 0.71372549 0.60000000
v 1.76625901 20.08643432 19.61319264 0.54509804 0.71372549 0.60000000
v 1.76625901 19.80260951 19.93125414 0.54509804 0.71372549 0.60000000
v 23.90416212 15.28409510 15.54788236 0.54509804 0.71372549 0.60000000
v 23.20776027 15.29544797 16.26808381 0.54509804 0.71372549 0.60000000
v 24.77204251 11.38432295 17.85472613 0.54509804 0.71372549 0.60000000
v 22.74582414 15.53386131 16.51302666 0.54509804 0.71372549 0.60000000
v 22.51835583 16.02204298 16.28636558 0.54509804 0.71372549 0.60000000
v 22.28038931 15.76659875 16.75796951 0.54509804 0.71372549 0.60000000
v 22.03192457 15.52818541 17.21860733 0.54509804 0.71372549 0.60000000
v 19.84123138 15.46574306 19.24029636 0.54509804 0.71372549 0.60000000
v 20.31366467 15.21029989 19.03556961 0.54509804 0.71372549 0.60000000
v 21.56299103 15.75524589 17.45989341 0.54509804 0.71372549 0.60000000
v 21.09055669 16.00501315 17.68290193 0.54509804 0.71372549 0.60000000
v 19.56826941 15.18191720 19.71190240 0.54509804 0.71372549 0.60000000
v 19.60326486 15.93689490 19.03191284 0.54509804 0.71372549 0.60000000
v 20.34866012 15.97095456 18.35923472 0.54509804 0.71372549 0.60000000
v 18.89636374 18.05423654 17.60247183 0.54509804 0.71372549 0.60000000
v 21.01706709 19.47904704 14.07822736 0.54509804 0.71372549 0.60000000
v 20.19818117 20.13184579 13.99048582 0.54509804 0.71372549 0.60000000
v 19.72574682 20.26240638 14.16596679 0.54509804 0.71372549 0.60000000
v 18.80537642 20.85276384 14.03435659 0.54509804 0.71372549 0.60000000
v 18.05998010 22.26054451 12.59760414 0.54509804 0.71372549 0.60000000
v 16.47470249 21.78371360 14.30123377 0.54509804 0.71372549 0.60000000
v 15.98477042 20.17158345 16.86398861 0.54509804 0.71372549 0.60000000
v 15.51233607 20.26240638 17.00291236 0.54509804 0.71372549 0.60000000
v 15.06090026 20.35890732 17.11624501 0.54509804 0.71372549 0.60000000
v 14.54647201 20.16022742 17.59516039 0.54509804 0.71372549 0.60000000
v 14.32950191 20.45540826 17.33925142 0.54509804 0.71372549 0.60000000
v 14.35399809 20.84709004 16.83108817 0.54509804 0.71372549 0.60000000
v 10.11259246 21.43744750 17.26247810 0.54509804 0.71372549 0.60000000
v 9.40569134 21.10820701 17.86569435 0.54509804 0.71372549 0.60000000
v 8.69529047 21.15929649 17.94246767 0.54509804 0.71372549 0.60000000
v 7.98838936 21.19335614 17.98268166 0.54509804 0.71372549 0.60000000
v 7.06101839 20.95494279 18.39579404 0.54509804 0.71372549 0.60000000
v 6.57458713 20.96629461 18.41407371 0.54509804 0.71372549 0.60000000
v 4.45388378 21.00603227 18.46891059 0.54509804 0.71372549 0.60000000
v 1.76625901 21.63044938 17.64634260 0.54509804 0.71372549 0.60000000
v 17.51055745 -22.18096529 18.35192327 0.54509804 0.71372549 0.60000000
v 18.02848441 -20.64262402 19.61684942 0.54509804 0.71372549 0.60000000
v 18.83687211 -19.98414726 19.67899985 0.54509804 0.71372549 0.60000000
v 19.10283457 -19.51299858 19.90931771 0.54509804 0.71372549 0.60000000
v 18.29444792 -22.23205476 17.70118159 0.54509804 0.71372549 0.60000000
v 19.05034140 -21.59060361 17.77064136 0.54509804 0.71372549 0.60000000
v 19.28830792 -19.00211224 20.13598089 0.54509804 0.71372549 0.60000000
v 19.47728208 -18.44581022 20.36629875 0.54509804 0.71372549 0.60000000
v 20.04770221 -16.94153282 20.88543233 0.54509804 0.71372549 0.60000000
v 20.51663680 -16.73717702 20.62952337 0.54509804 0.71372549 0.60000000
v 20.68461348 -16.14114260 20.83059334 0.54509804 0.71372549 0.60000000
v 1.76625901 -27.78937169 12.56104692 0.54509804 0.71372549 0.60000000
v 1.76625901 -27.90289824 12.29416974 0.54509804 0.71372549 0.60000000
v 2.20369791 -27.82910514 12.65244313 0.54509804 0.71372549 0.60000000
v 2.67613226 -27.85748678 12.71824823 0.54509804 0.71372549 0.60000000
v 3.04008156 -27.86884280 12.73652790 0.54509804 0.71372549 0.60000000
v 3.47402070 -27.86884280 12.74383934 0.54509804 0.71372549 0.60000000
v 9.40569134 -27.96534374 12.26857863 0.54509804 0.71372549 0.60000000
v 10.11259246 -27.93695789 12.20642820 0.54509804 0.71372549 0.60000000
v 10.82299280 -28.02778503 11.69095244 0.54509804 0.71372549 0.60000000
v 15.12039084 -27.30686698 11.71654355 0.54509804 0.71372549 0.60000000
v 17.89200342 -22.35125933 17.85472613 0.54509804 0.71372549 0.60000000
v 18.19296133 -25.71176245 12.67072280 0.54509804 0.71372549 0.60000000
v 15.63482014 -27.23306967 11.52278397 0.54509804 0.71372549 0.60000000
v 17.57704754 -27.16495036 9.91786199 0.54509804 0.71372549 0.60000000
v 18.15796693 -26.41565067 11.23397035 0.54509804 0.71372549 0.60000000
v 23.04328335 -10.53273725 21.02069931 0.54509804 0.71372549 0.60000000
v 23.13077197 -9.98779020 21.12671841 0.54509804 0.71372549 0.60000000
v 26.01086750 -8.71624919 18.35923472 0.54509804 0.71372549 0.60000000
v 24.47458330 -7.70015136 20.34070764 0.54509804 0.71372549 0.60000000
v 24.72304804 -14.77310065 17.09430857 0.54509804 0.71372549 0.60000000
v 27.38267687 -12.87146452 14.76918514 0.54509804 0.71372549 0.60000000
v 26.11935255 -11.79292539 17.06871747 0.54509804 0.71372549 0.60000000
v 25.34246159 -12.35490121 17.69752482 0.54509804 0.71372549 0.60000000
v 24.62156250 -15.15910336 16.97732126 0.54509804 0.71372549 0.60000000
v 24.78603943 -15.43157741 16.59711143 0.54509804 0.71372549 0.60000000
v 25.34596029 -15.89705229 15.59175102 0.54509804 0.71372549 0.60000000
v 28.05108278 -14.92069002 12.57932659 0.54509804 0.71372549 0.60000000
v 20.98907009 -16.41929256 20.40651485 0.54509804 0.71372549 0.60000000
v 24.69855291 -15.97652341 16.35582535 0.54509804 0.71372549 0.60000000
v 24.49208103 -15.63025520 16.82743139 0.54509804 0.71372549 0.60000000
v 26.20334036 -11.23662548 17.18570478 0.54509804 0.71372549 0.60000000
v 27.44566615 -4.57806290 17.67924515 0.54509804 0.71372549 0.60000000
v 28.98895196 -4.16367671 15.73432945 0.54509804 0.71372549 0.60000000
v 30.31526557 -0.63287879 14.19887145 0.54509804 0.71372549 0.60000000
v 30.81569585 -4.16367671 13.20082249 0.54509804 0.71372549 0.60000000
v 31.08865783 -3.45978769 12.87910632 0.54509804 0.71372549 0.60000000
v 31.45960453 -2.75022225 12.39287739 0.54509804 0.71372549 0.60000000
v 31.12715198 -2.04633323 12.92663176 0.54509804 0.71372549 0.60000000
v 30.59522705 -0.63287879 13.77479085 0.54509804 0.71372549 0.60000000
v 30.89618497 -0.63287879 13.30684159 0.54509804 0.71372549 0.60000000
v 31.11665376 -0.63287879 12.95587964 0.54509804 0.71372549 0.60000000
v 30.58122803 0.07101019 13.77479085 0.54509804 0.71372549 0.60000000
v 29.66785609 2.89791919 14.97025512 0.54509804 0.71372549 0.60000000
v 28.23655613 3.60748464 17.09430857 0.54509804 0.71372549 0.60000000
v 28.77898138 4.31705009 16.14378716 0.54509804 0.71372549 0.60000000
v 28.95045781 5.02093937 15.71605189 0.54509804 0.71372549 0.60000000
v 31.09565523 9.26697920 9.39873051 0.54509804 0.71372549 0.60000000
v 30.95217684 10.98128936 8.42627266 0.54509804 0.71372549 0.60000000
v 30.31176687 10.43066640 9.96904420 0.54509804 0.71372549 0.60000000
v 30.99767050 5.40694261 12.03094723 0.54509804 0.71372549 0.60000000
v 31.72556910 5.50344355 10.68924776 0.54509804 0.71372549 0.60000000
v 32.41497354 6.86580959 8.54325997 0.54509804 0.71372549 0.60000000
v 30.18928490 10.90181824 9.77894034 0.54509804 0.71372549 0.60000000
v 28.23655613 11.89520929 12.16255743 0.54509804 0.71372549 0.60000000
v 26.02136571 13.85928671 14.12940958 0.54509804 0.71372549 0.60000000
v 25.96187513 -2.75022225 19.71921384 0.54509804 0.71372549 0.60000000
v 26.72126837 -5.16842168 18.36654616 0.54509804 0.71372549 0.60000000
v 24.06863905 16.19801504 14.35607276 0.54509804 0.71372549 0.60000000
v 23.89016521 15.97663046 14.82767669 0.54509804 0.71372549 0.60000000
v 21.80795496 16.01069011 16.98828948 0.54509804 0.71372549 0.60000000
v 23.87616618 16.66916688 14.10381847 0.54509804 0.71372549 0.60000000
v 23.18676385 16.68619565 14.83133347 0.54509804 0.71372549 0.60000000
v 21.22703767 19.65501909 13.60662132 0.54509804 0.71372549 0.60000000
v 21.08705588 20.94926478 12.02363578 0.54509804 0.71372549 0.60000000
v 20.73360585 19.89343244 13.80038196 0.54509804 0.71372549 0.60000000
v 23.12377246 18.03153292 13.33974414 0.54509804 0.71372549 0.60000000
v 23.30924581 18.23588661 12.86813810 0.54509804 0.71372549 0.60000000
v 20.71610918 21.06279555 12.18083709 0.54509804 0.71372549 0.60000000
v 20.04070270 21.31256492 12.38922062 0.54509804 0.71372549 0.60000000
v 19.45278590 21.53394844 12.55739015 0.54509804 0.71372549 0.60000000
v 18.61290250 22.13565771 12.36362951 0.54509804 0.71372549 0.60000000
v 18.38893395 22.41948674 12.12600021 0.54509804 0.71372549 0.60000000
v 17.18510230 22.47057200 12.87179488 0.54509804 0.71372549 0.60000000
v 15.76780032 22.29459994 14.01973370 0.54509804 0.71372549 0.60000000
v 15.07489717 20.73355927 16.58979998 0.54509804 0.71372549 0.60000000
v 15.40385208 22.34568942 14.12209813 0.54509804 0.71372549 0.60000000
v 14.93141773 22.41380872 14.20983756 0.54509804 0.71372549 0.60000000
v 14.35399809 22.48192803 14.30123377 0.54509804 0.71372549 0.60000000
v 9.40569134 22.30027796 16.17668760 0.54509804 0.71372549 0.60000000
v 9.87462488 21.66450903 16.99560092 0.54509804 0.71372549 0.60000000
v 9.40569134 21.46015112 17.39043364 0.54509804 0.71372549 0.60000000
v 8.69529047 21.51124060 17.45989341 0.54509804 0.71372549 0.60000000
v 7.98838936 21.54530025 17.52935529 0.54509804 0.71372549 0.60000000
v 7.28148824 21.56800809 17.55494639 0.54509804 0.71372549 0.60000000
v 6.57458713 21.26147544 18.01924099 0.54509804 0.71372549 0.60000000
v 5.16078490 21.59638973 17.60612861 0.54509804 0.71372549 0.60000000
v 1.76625901 21.88589255 17.29538065 0.54509804 0.71372549 0.60000000
v 1.76625901 21.68153886 17.57688072 0.54509804 0.71372549 0.60000000
v 19.33030288 -19.75708994 19.45964811 0.54509804 0.71372549 0.60000000
v 19.54727193 -20.69371350 18.28246140 0.54509804 0.71372549 0.60000000
v 19.82723341 -19.52435040 19.23663959 0.54509804 0.71372549 0.60000000
v 19.57526787 -19.28025904 19.70824562 0.54509804 0.71372549 0.60000000
v 19.78173975 -25.11572697 12.12600021 0.54509804 0.71372549 0.60000000
v 20.25417304 -24.93975492 11.89202453 0.54509804 0.71372549 0.60000000
v 18.76688121 -22.06175650 17.45623874 0.54509804 0.71372549 0.60000000
v 20.28916849 -20.70506953 17.57322606 0.54509804 0.71372549 0.60000000
v 19.81673414 -20.90374521 17.81085536 0.54509804 0.71372549 0.60000000
v 19.76074227 -18.80911036 19.89469482 0.54509804 0.71372549 0.60000000
v 1.76625901 -28.06184469 11.78966115 0.54509804 0.71372549 0.60000000
v 2.39617183 -27.93695789 12.39287739 0.54509804 0.71372549 0.60000000
v 2.33318044 -28.14131580 11.65439417 0.54509804 0.71372549 0.60000000
v 3.04008156 -28.16969744 11.65439417 0.54509804 0.71372549 0.60000000
v 8.69529047 -28.64085033 10.15914912 0.54509804 0.71372549 0.60000000
v 9.40569134 -28.18104925 11.65439417 0.54509804 0.71372549 0.60000000
v 8.69529047 -28.53867138 10.51011107 0.54509804 0.71372549 0.60000000
v 10.11259246 -28.15266761 11.65439417 0.54509804 0.71372549 0.60000000
v 10.81949304 -28.31160984 10.94881350 0.54509804 0.71372549 0.60000000
v 15.06090026 -27.57366197 10.94881350 0.54509804 0.71372549 0.60000000
v 19.65925673 -25.74014408 11.31074367 0.54509804 0.71372549 0.60000000
v 18.24895426 -27.15359855 9.18669127 0.54509804 0.71372549 0.60000000
v 18.04948189 -27.07980545 9.65829625 0.54509804 0.71372549 0.60000000
v 18.41343118 -26.50647360 10.76236536 0.54509804 0.71372549 0.60000000
v 17.84301105 -27.20468803 9.46819239 0.54509804 0.71372549 0.60000000
v 18.62690152 -26.33050154 10.97806138 0.54509804 0.71372549 0.60000000
v 26.71776966 -10.13537957 16.94807548 0.54509804 0.71372549 0.60000000
v 28.10007515 -9.29525484 15.48573193 0.54509804 0.71372549 0.60000000
v 27.58214925 -8.40971654 16.43625334 0.54509804 0.71372549 0.60000000
v 27.30568646 -8.40971654 16.79087206 0.54509804 0.71372549 0.60000000
v 27.63814112 -5.58280761 17.20032767 0.54509804 0.71372549 0.60000000
v 27.40017460 -5.04921448 17.62440827 0.54509804 0.71372549 0.60000000
v 28.05108278 -12.65007994 13.99414260 0.54509804 0.71372549 0.60000000
v 28.13157189 -12.26407618 14.11112991 0.54509804 0.71372549 0.60000000
v 27.96009546 -11.99728014 14.47306008 0.54509804 0.71372549 0.60000000
v 28.84897017 -10.17511618 14.12940958 0.54509804 0.71372549 0.60000000
v 28.02658555 -9.82317101 15.38336750 0.54509804 0.71372549 0.60000000
v 24.61106429 -17.25941728 15.55153703 0.54509804 0.71372549 0.60000000
v 25.08699734 -16.91315013 15.18595219 0.54509804 0.71372549 0.60000000
v 25.39495476 -16.68608860 14.94832079 0.54509804 0.71372549 0.60000000
v 28.21205890 -15.24992840 12.10772055 0.54509804 0.71372549 0.60000000
v 28.30304622 -14.71633527 12.35266340 0.54509804 0.71372549 0.60000000
v 20.29616800 -19.28593705 19.00266495 0.54509804 0.71372549 0.60000000
v 28.32754346 -4.87324242 16.48012411 0.54509804 0.71372549 0.60000000
v 28.68099454 -4.87324242 16.01948629 0.54509804 0.71372549 0.60000000
v 30.41325241 -4.87324242 13.62490099 0.54509804 0.71372549 0.60000000
v 31.13415149 -1.33676778 12.94491142 0.54509804 0.71372549 0.60000000
v 30.80519764 -4.93000781 13.03630763 0.54509804 0.71372549 0.60000000
v 31.05716108 -4.16367671 12.84620377 0.54509804 0.71372549 0.60000000
v 31.48410387 -3.40869901 12.29051297 0.54509804 0.71372549 0.60000000
v 31.69757105 -2.75022225 12.03825867 0.54509804 0.71372549 0.60000000
v 32.44996688 0.07101019 10.70021598 0.54509804 0.71372549 0.60000000
v 31.70107186 -2.29610036 12.04557011 0.54509804 0.71372549 0.60000000
v 32.48146152 -2.04633323 10.73677425 0.54509804 0.71372549 0.60000000
v 29.96181449 2.89791919 14.48402830 0.54509804 0.71372549 0.60000000
v 29.88832489 3.60748464 14.48402830 0.54509804 0.71372549 0.60000000
v 29.62236242 3.60748464 14.91907501 0.54509804 0.71372549 0.60000000
v 31.03966336 5.02093937 12.07847266 0.54509804 0.71372549 0.60000000
v 32.43946867 7.63781659 7.87789435 0.54509804 0.71372549 0.60000000
v 33.11837279 8.27358710 5.71728262 0.54509804 0.71372549 0.60000000
v 31.68007544 11.03805474 6.35705819 0.54509804 0.71372549 0.60000000
v 31.03966336 11.16293837 7.95466767 0.54509804 0.71372549 0.60000000
v 31.01516823 11.82141514 7.16134652 0.54509804 0.71372549 0.60000000
v 30.82269537 11.39567581 8.16305120 0.54509804 0.71372549 0.60000000
v 30.29776995 12.51395050 7.83768036 0.54509804 0.71372549 0.60000000
v 30.01780636 12.76939472 8.09359037 0.54509804 0.71372549 0.60000000
v 30.33626410 11.84412087 8.59078647 0.54509804 0.71372549 0.60000000
v 30.47974249 11.38999885 8.82841682 0.54509804 0.71372549 0.60000000
v 33.80777724 1.88749779 7.77918670 0.54509804 0.71372549 0.60000000
v 32.42197095 5.48073782 9.24518492 0.54509804 0.71372549 0.60000000
v 32.47446412 6.43439383 8.63831296 0.54509804 0.71372549 0.60000000
v 33.37383704 5.02093937 7.41360081 0.54509804 0.71372549 0.60000000
v 34.53567583 4.70873029 4.96783329 0.54509804 0.71372549 0.60000000
v 32.51295827 7.12125329 8.11552471 0.54509804 0.71372549 0.60000000
v 29.56286974 13.16675135 8.48842309 0.54509804 0.71372549 0.60000000
v 27.45966517 14.60291155 10.63806660 0.54509804 0.71372549 0.60000000
v 26.05286246 16.03339584 11.35095872 0.54509804 0.71372549 0.60000000
v 25.41595119 16.83378607 11.46063353 0.54509804 0.71372549 0.60000000
v 25.34596029 15.32383066 13.46404290 0.54509804 0.71372549 0.60000000
v 24.70205161 16.09583713 13.55909588 0.54509804 0.71372549 0.60000000
v 24.50607794 16.57266593 13.26662759 0.54509804 0.71372549 0.60000000
v 23.93565887 18.15073748 12.06750655 0.54509804 0.71372549 0.60000000
v 21.69947202 19.42795756 13.31780981 0.54509804 0.71372549 0.60000000
v 22.48686119 20.23402474 11.30708795 0.54509804 0.71372549 0.60000000
v 22.43086932 20.88682349 10.52107823 0.54509804 0.71372549 0.60000000
v 21.75896260 20.92088314 11.28149684 0.54509804 0.71372549 0.60000000
v 21.24803410 21.06847356 11.65439417 0.54509804 0.71372549 0.60000000
v 20.93307822 21.56800809 11.17547669 0.54509804 0.71372549 0.60000000
v 20.21567889 21.56233008 11.86277770 0.54509804 0.71372549 0.60000000
v 23.51221689 18.42888850 12.31244940 0.54509804 0.71372549 0.60000000
v 23.07127929 18.70703951 12.55739015 0.54509804 0.71372549 0.60000000
v 19.74674430 21.68721266 12.08578622 0.54509804 0.71372549 0.60000000
v 18.86136829 22.30027796 11.91030419 0.54509804 0.71372549 0.60000000
v 19.29530743 23.58884984 8.82476110 0.54509804 0.71372549 0.60000000
v 19.05384115 23.81591138 8.58713075 0.54509804 0.71372549 0.60000000
v 16.88414439 23.08363730 12.06019511 0.54509804 0.71372549 0.60000000
v 16.47470249 22.95875472 12.53179904 0.54509804 0.71372549 0.60000000
v 15.12389165 22.57842897 13.84059595 0.54509804 0.71372549 0.60000000
v 14.31200524 22.85657576 13.71629719 0.54509804 0.71372549 0.60000000
v 9.40569134 22.52166148 15.82207099 0.54509804 0.71372549 0.60000000
v 8.51331582 22.37974907 16.29002025 0.54509804 0.71372549 0.60000000
v 7.98838936 22.40813071 16.32657958 0.54509804 0.71372549 0.60000000
v 6.57458713 21.57935990 17.56956928 0.54509804 0.71372549 0.60000000
v 2.33318044 22.23215865 16.76162629 0.54509804 0.71372549 0.60000000
v 1.76625901 22.23783667 16.76893773 0.54509804 0.71372549 0.60000000
v 19.95671489 -25.34846652 11.59955624 0.54509804 0.71372549 0.60000000
v 20.45014566 -25.11004896 11.42041954 0.54509804 0.71372549 0.60000000
v 22.57434771 -22.27178821 12.80964444 0.54509804 0.71372549 0.60000000
v 23.04328335 -22.06175650 12.52814437 0.54509804 0.71372549 0.60000000
v 23.28474858 -21.59060361 12.82426944 0.54509804 0.71372549 0.60000000
v 23.31624532 -20.90942322 13.57737555 0.54509804 0.71372549 0.60000000
v 23.12027165 -20.71074333 14.04897948 0.54509804 0.71372549 0.60000000
v 21.14304986 -20.18282716 17.06506280 0.54509804 0.71372549 0.60000000
v 1.76625901 -28.10157814 11.65439417 0.54509804 0.71372549 0.60000000
v 1.76625901 -28.23781674 11.09504870 0.54509804 0.71372549 0.60000000
v 2.33318044 -28.30025803 10.94881350 0.54509804 0.71372549 0.60000000
v 7.98838936 -28.79411455 9.53399749 0.54509804 0.71372549 0.60000000
v 8.69529047 -28.79979256 9.53399749 0.54509804 0.71372549 0.60000000
v 9.40569134 -28.62949431 10.10065546 0.54509804 0.71372549 0.60000000
v 10.11259246 -28.36269932 10.94881350 0.54509804 0.71372549 0.60000000
v 9.93061781 -28.60111267 10.00194675 0.54509804 0.71372549 0.60000000
v 10.81949304 -28.74870309 8.82841682 0.54509804 0.71372549 0.60000000
v 14.35399809 -28.38540295 8.12283720 0.54509804 0.71372549 0.60000000
v 14.35399809 -28.23781674 8.82841682 0.54509804 0.71372549 0.60000000
v 14.77744007 -27.87451660 9.97635565 0.54509804 0.71372549 0.60000000
v 19.30580565 -26.05235475 10.94881350 0.54509804 0.71372549 0.60000000
v 19.79923747 -25.81961520 10.94881350 0.54509804 0.71372549 0.60000000
v 20.15268750 -25.59823168 10.94881350 0.54509804 0.71372549 0.60000000
v 18.68639210 -27.01736416 8.82841682 0.54509804 0.71372549 0.60000000
v 19.17632417 -26.57459290 9.53399749 0.54509804 0.71372549 0.60000000
v 18.52891469 -26.93221503 9.46819239 0.54509804 0.71372549 0.60000000
v 19.30580565 -26.31347172 10.26516927 0.54509804 0.71372549 0.60000000
v 19.06783912 -26.49512179 10.04581753 0.54509804 0.71372549 0.60000000
v 18.88236577 -26.41565067 10.51742251 0.54509804 0.71372549 0.60000000
v 17.89200342 -27.33524862 8.82841682 0.54509804 0.71372549 0.60000000
v 18.33294207 -27.18765820 8.82841682 0.54509804 0.71372549 0.60000000
v 15.06090026 -28.22078692 8.12283720 0.54509804 0.71372549 0.60000000
v 28.74398593 -9.11928226 14.68509827 0.54509804 0.71372549 0.60000000
v 28.34854199 -9.07954670 15.22616619 0.54509804 0.71372549 0.60000000
v 28.15606702 -8.82410300 15.56250525 0.54509804 0.71372549 0.60000000
v 27.99159010 -5.58280761 16.73968985 0.54509804 0.71372549 0.60000000
v 28.79997780 -14.23383056 11.92858385 0.54509804 0.71372549 0.60000000
v 28.90846285 -12.44572520 12.79867833 0.54509804 0.71372549 0.60000000
v 28.92946139 -11.08335915 13.53715944 0.54509804 0.71372549 0.60000000
v 31.10615555 -9.82317101 10.79526791 0.54509804 0.71372549 0.60000000
v 30.94517733 -9.36337204 11.26687395 0.54509804 0.71372549 0.60000000
v 31.70457267 -8.15994981 10.63806660 0.54509804 0.71372549 0.60000000
v 28.91196366 -9.70396434 14.22080578 0.54509804 0.71372549 0.60000000
v 29.02044660 -10.53273725 13.68339464 0.54509804 0.71372549 0.60000000
v 24.65305714 -18.02007300 14.88982713 0.54509804 0.71372549 0.60000000
v 24.75104398 -17.53756724 15.15304964 0.54509804 0.71372549 0.60000000
v 25.26197248 -17.15724044 14.75821692 0.54509804 0.71372549 0.60000000
v 28.73348772 -16.32846752 10.42968202 0.54509804 0.71372549 0.60000000
v 28.85947049 -15.85731674 10.61247549 0.54509804 0.71372549 0.60000000
v 28.70899048 -14.81851211 11.67632956 0.54509804 0.71372549 0.60000000
v 25.15698824 -17.65109801 14.50596263 0.54509804 0.71372549 0.60000000
v 25.28996841 -17.91789405 14.09285025 0.54509804 0.71372549 0.60000000
v 24.47458330 -18.49122168 14.66682072 0.54509804 0.71372549 0.60000000
v 29.41589054 -6.28669689 14.63757283 0.54509804 0.71372549 0.60000000
v 30.09479677 -5.58280761 13.89177817 0.54509804 0.71372549 0.60000000
v 30.34676021 -5.58280761 13.54081622 0.54509804 0.71372549 0.60000000
v 30.96617376 -5.20815724 12.70728001 0.54509804 0.71372549 0.60000000
v 31.00816872 -4.73700593 12.77674189 0.54509804 0.71372549 0.60000000
v 32.36248037 -5.03786162 10.55398184 0.54509804 0.71372549 0.60000000
v 31.63108307 -4.16367671 11.93223957 0.54509804 0.71372549 0.60000000
v 31.66607852 -3.61305402 11.99073323 0.54509804 0.71372549 0.60000000
v 32.75792430 -2.75022225 10.24323388 0.54509804 0.71372549 0.60000000
v 32.44646818 -3.45978769 10.70021598 0.54509804 0.71372549 0.60000000
v 33.20236271 -0.63287879 9.36217224 0.54509804 0.71372549 0.60000000
v 33.18136629 0.07101019 9.34023685 0.54509804 0.71372549 0.60000000
v 32.42197095 0.58757382 10.65634521 0.54509804 0.71372549 0.60000000
v 32.76842252 -2.04633323 10.24323388 0.54509804 0.71372549 0.60000000
v 34.19622166 8.55741401 1.75799039 0.54509804 0.71372549 0.60000000
v 33.85677171 9.74380695 1.54229542 0.54509804 0.71372549 0.60000000
v 33.81127594 11.05508457 0.01414781 0.54509804 0.71372549 0.60000000
v 31.48410387 12.74668794 4.54009802 0.54509804 0.71372549 0.60000000
v 31.08165832 12.07118240 6.64587076 0.54509804 0.71372549 0.60000000
v 31.44560761 11.31620470 6.63855932 0.54509804 0.71372549 0.60000000
v 30.90668318 13.74575700 4.76676121 0.54509804 0.71372549 0.60000000
v 30.81569585 13.50734260 5.31879524 0.54509804 0.71372549 0.60000000
v 30.43075013 14.21123188 5.26395730 0.54509804 0.71372549 0.60000000
v 30.29776995 14.62561834 5.00804728 0.54509804 0.71372549 0.60000000
v 29.58386827 15.31247674 5.69169257 0.54509804 0.71372549 0.60000000
v 30.18578410 13.01916199 7.41360081 0.54509804 0.71372549 0.60000000
v 33.42283151 0.07101019 8.82841682 0.54509804 0.71372549 0.60000000
v 33.46482437 -0.63287879 8.82841682 0.54509804 0.71372549 0.60000000
v 33.89176716 -1.33676778 7.95466767 0.54509804 0.71372549 0.60000000
v 34.12973368 -1.33676778 7.41360081 0.54509804 0.71372549 0.60000000
v 34.53567583 -0.79749802 6.41555185 0.54509804 0.71372549 0.60000000
v 34.58467030 1.48446472 5.83061527 0.54509804 0.71372549 0.60000000
v 34.55667226 2.19403017 5.76115339 0.54509804 0.71372549 0.60000000
v 33.52081624 4.31705009 7.41360081 0.54509804 0.71372549 0.60000000
v 34.71765048 2.19403017 5.29320413 0.54509804 0.71372549 0.60000000
v 35.59952568 0.78057570 3.16915173 0.54509804 0.71372549 0.60000000
v 35.84099301 0.78057570 2.44894817 0.54509804 0.71372549 0.60000000
v 34.70715016 4.31705009 4.58396774 0.54509804 0.71372549 0.60000000
v 35.28457085 4.90173217 1.62272446 0.54509804 0.71372549 0.60000000
v 34.59866722 4.82226105 4.58396774 0.54509804 0.71372549 0.60000000
v 34.84713196 6.43439383 1.75799039 0.54509804 0.71372549 0.60000000
v 34.57067128 6.94528071 2.30271297 0.54509804 0.71372549 0.60000000
v 28.19456328 16.76566782 6.45576585 0.54509804 0.71372549 0.60000000
v 25.53843526 17.06084655 10.93784634 0.54509804 0.71372549 0.60000000
v 25.23047784 17.30493791 11.16450952 0.54509804 0.71372549 0.60000000
v 22.56735030 21.01170607 10.04947325 0.54509804 0.71372549 0.60000000
v 22.27339190 21.48285896 9.53399749 0.54509804 0.71372549 0.60000000
v 21.80095756 21.65315301 9.91786199 0.54509804 0.71372549 0.60000000
v 21.15004726 21.69856868 10.70387170 0.54509804 0.71372549 0.60000000
v 21.45450598 21.31256492 10.99268427 0.54509804 0.71372549 0.60000000
v 21.95843497 21.05711753 10.80989185 0.54509804 0.71372549 0.60000000
v 23.93915757 19.55851815 9.94710987 0.54509804 0.71372549 0.60000000
v 26.55329274 18.63892020 6.70802014 0.54509804 0.71372549 0.60000000
v 19.77474024 23.12337496 9.31099003 0.54509804 0.71372549 0.60000000
v 19.52627550 23.69670260 8.30197390 0.54509804 0.71372549 0.60000000
v 19.70125064 23.78752974 7.83036786 0.54509804 0.71372549 0.60000000
v 19.29530743 23.88402647 8.08993360 0.54509804 0.71372549 0.60000000
v 18.59890453 24.16785549 8.12283720 0.54509804 0.71372549 0.60000000
v 15.55433103 23.81591138 11.39482843 0.54509804 0.71372549 0.60000000
v 16.47470249 23.15175660 12.17718242 0.54509804 0.71372549 0.60000000
v 14.04954148 23.06660747 13.44210857 0.54509804 0.71372549 0.60000000
v 9.22371669 23.10634514 14.91541824 0.54509804 0.71372549 0.60000000
v 8.69529047 22.93037308 15.32121917 0.54509804 0.71372549 0.60000000
v 7.98838936 22.66925190 15.89518753 0.54509804 0.71372549 0.60000000
v 7.28148824 22.98713636 15.40895861 0.54509804 0.71372549 0.60000000
v 3.04008156 23.04390385 15.52594592 0.54509804 0.71372549 0.60000000
v 2.33318044 23.03255204 15.51132303 0.54509804 0.71372549 0.60000000
v 1.76625901 23.07228549 15.41992683 0.54509804 0.71372549 0.60000000
v 26.86124805 -21.61331145 7.28930205 0.54509804 0.71372549 0.60000000
v 26.72126837 -21.48842887 7.76090704 0.54509804 0.71372549 0.60000000
v 23.22875670 -22.23205476 12.05653833 0.54509804 0.71372549 0.60000000
v 23.49122046 -21.78928351 12.28320152 0.54509804 0.71372549 0.60000000
v 23.91816114 -21.51681051 12.04191545 0.54509804 0.71372549 0.60000000
v 23.75368422 -21.32380863 12.51352148 0.54509804 0.71372549 0.60000000
v 23.78867967 -20.65398005 13.27028226 0.54509804 0.71372549 0.60000000
v 23.55071314 -20.44962636 13.78575907 0.54509804 0.71372549 0.60000000
v 1.76625901 -28.26619838 10.94881350 0.54509804 0.71372549 0.60000000
v 1.76625901 -28.39675897 10.24323388 0.54509804 0.71372549 0.60000000
v 2.33318044 -28.42514061 10.24323388 0.54509804 0.71372549 0.60000000
v 7.98838936 -28.91899713 8.82841682 0.54509804 0.71372549 0.60000000
v 8.69529047 -28.91899713 8.82841682 0.54509804 0.71372549 0.60000000
v 9.40569134 -28.74870309 9.53399749 0.54509804 0.71372549 0.60000000
v 10.11259246 -29.33338253 5.24202192 0.54509804 0.71372549 0.60000000
v 10.63751892 -29.30500089 5.11041171 0.54509804 0.71372549 0.60000000
v 10.81949304 -28.85087783 8.12283720 0.54509804 0.71372549 0.60000000
v 14.01104733 -28.56705302 7.08091747 0.54509804 0.71372549 0.60000000
v 16.13874913 -29.27661926 -1.41163641 0.54509804 0.71372549 0.60000000
v 19.04684270 -28.60679068 -1.33120737 0.54509804 0.71372549 0.60000000
v 20.31366467 -25.70608443 10.37484409 0.54509804 0.71372549 0.60000000
v 26.71077015 -22.18663908 6.30953275 0.54509804 0.71372549 0.60000000
v 22.12991140 -26.79030262 0.34317438 0.54509804 0.71372549 0.60000000
v 22.54285307 -26.48376997 0.85499441 0.54509804 0.71372549 0.60000000
v 23.25675264 -25.77420373 2.26981042 0.54509804 0.71372549 0.60000000
v 19.52977420 -26.37591722 9.53399749 0.54509804 0.71372549 0.60000000
v 19.48778030 -28.49325991 -1.78087803 0.54509804 0.71372549 0.60000000
v 20.05120197 -25.91044234 10.18108450 0.54509804 0.71372549 0.60000000
v 30.43774753 -6.99626208 12.96319109 0.54509804 0.71372549 0.60000000
v 30.24177597 -6.54214059 13.39458102 0.54509804 0.71372549 0.60000000
v 29.06244156 -6.28669689 15.10917887 0.54509804 0.71372549 0.60000000
v 28.94345830 -14.61415737 11.45697781 0.54509804 0.71372549 0.60000000
v 31.56808958 -10.53273725 9.69485558 0.54509804 0.71372549 0.60000000
v 30.86469033 -11.23662548 10.40774769 0.54509804 0.71372549 0.60000000
v 31.19714288 -10.54976602 10.28710360 0.54509804 0.71372549 0.60000000
v 30.23477646 -11.49774561 11.26321718 0.54509804 0.71372549 0.60000000
v 31.64858080 -10.05023255 9.83377722 0.54509804 0.71372549 0.60000000
v 31.57159039 -9.11928226 10.40409092 0.54509804 0.71372549 0.60000000
v 31.63808048 -8.63110112 10.52839073 0.54509804 0.71372549 0.60000000
v 32.44296737 -8.29050987 9.28539892 0.54509804 0.71372549 0.60000000
v 32.02652701 -7.70015136 10.24323388 0.54509804 0.71372549 0.60000000
v 31.76056455 -7.70015136 10.70387170 0.54509804 0.71372549 0.60000000
v 32.38347679 -8.76166118 9.18303554 0.54509804 0.71372549 0.60000000
v 24.78953813 -18.28119208 14.45112364 0.54509804 0.71372549 0.60000000
v 28.89096513 -16.60094052 9.95807704 0.54509804 0.71372549 0.60000000
v 28.97145424 -16.12978973 10.21398706 0.54509804 0.71372549 0.60000000
v 28.82797374 -15.09098511 11.27052967 0.54509804 0.71372549 0.60000000
v 25.26897199 -19.30864489 12.62685203 0.54509804 0.71372549 0.60000000
v 26.06686148 -18.02574891 12.78771011 0.54509804 0.71372549 0.60000000
v 23.98115253 -20.18282716 13.52253656 0.54509804 0.71372549 0.60000000
v 24.64955844 -18.71260942 14.19521468 0.54509804 0.71372549 0.60000000
v 30.29426914 -6.07098875 13.46769967 0.54509804 0.71372549 0.60000000
v 32.31698460 -5.58280761 10.47355279 0.54509804 0.71372549 0.60000000
v 32.50596087 -5.58280761 10.11893407 0.54509804 0.71372549 0.60000000
v 32.81741699 -5.58280761 9.53399749 0.54509804 0.71372549 0.60000000
v 32.95039717 -4.90162512 9.49012672 0.54509804 0.71372549 0.60000000
v 32.53395470 -4.82782991 10.28710360 0.54509804 0.71372549 0.60000000
v 32.64593845 -4.16367671 10.24323388 0.54509804 0.71372549 0.60000000
v 32.41847224 -4.16367671 10.64903377 0.54509804 0.71372549 0.60000000
v 33.03088628 -2.75022225 9.76431640 0.54509804 0.71372549 0.60000000
v 32.70893194 -3.45978769 10.24323388 0.54509804 0.71372549 0.60000000
v 34.16472702 9.26697920 1.04875505 0.54509804 0.71372549 0.60000000
v 34.07724051 10.68043367 -0.36606202 0.54509804 0.71372549 0.60000000
v 33.86726781 11.18564411 -0.36606202 0.54509804 0.71372549 0.60000000
v 33.77278179 11.68517864 -0.82669984 0.54509804 0.71372549 0.60000000
v 33.69929219 11.53758927 -0.36606202 0.54509804 0.71372549 0.60000000
v 32.30648849 14.38720394 -0.36606202 0.54509804 0.71372549 0.60000000
v 31.10965425 13.50734260 4.55106519 0.54509804 0.71372549 0.60000000
v 31.03266595 13.27460516 5.09944349 0.54509804 0.71372549 0.60000000
v 30.99417180 13.90469923 4.29515517 0.54509804 0.71372549 0.60000000
v 30.74570496 14.17149632 4.55106519 0.54509804 0.71372549 0.60000000
v 30.38525647 14.76185484 4.58396774 0.54509804 0.71372549 0.60000000
v 30.16478556 15.11379895 4.58396774 0.54509804 0.71372549 0.60000000
v 29.67485560 15.42600751 5.29320413 0.54509804 0.71372549 0.60000000
v 29.54887282 16.68051974 3.49452257 0.54509804 0.71372549 0.60000000
v 33.19886401 -2.75022225 9.41335445 0.54509804 0.71372549 0.60000000
v 34.11223596 -3.45978769 7.41360081 0.54509804 0.71372549 0.60000000
v 34.39569404 -3.45978769 6.79210491 0.54509804 0.71372549 0.60000000
v 35.05010303 -2.75022225 5.29320413 0.54509804 0.71372549 0.60000000
v 34.54267324 -1.33676778 6.44114296 0.54509804 0.71372549 0.60000000
v 35.67651609 0.07101019 3.16915173 0.54509804 0.71372549 0.60000000
v 35.03610612 -2.04633323 5.29320413 0.54509804 0.71372549 0.60000000
v 35.86549025 0.07101019 2.60980520 0.54509804 0.71372549 0.60000000
v 35.94597725 0.54216170 2.20400532 0.54509804 0.71372549 0.60000000
v 35.34756224 4.36813904 1.81648510 0.54509804 0.71372549 0.60000000
v 35.51203916 4.31705009 1.04875505 0.54509804 0.71372549 0.60000000
v 35.33706403 5.08905762 1.11821587 0.54509804 0.71372549 0.60000000
v 35.26007572 5.57156180 0.92811096 0.54509804 0.71372549 0.60000000
v 35.21457995 5.37288348 1.39971700 0.54509804 0.71372549 0.60000000
v 35.16908840 5.77591707 1.11821587 0.54509804 0.71372549 0.60000000
v 35.00111067 6.43439383 1.04875505 0.54509804 0.71372549 0.60000000
v 34.95561700 7.14395902 0.34317438 0.54509804 0.71372549 0.60000000
v 34.40619436 8.54038419 1.03413111 0.54509804 0.71372549 0.60000000
v 26.68977373 18.76948080 6.22544799 0.54509804 0.71372549 0.60000000
v 26.86124805 18.28697609 6.70802014 0.54509804 0.71372549 0.60000000
v 26.76326333 18.15073748 7.11747680 0.54509804 0.71372549 0.60000000
v 25.37045752 17.45252727 10.69290454 0.54509804 0.71372549 0.60000000
v 23.24625442 21.69856868 7.17597046 0.54509804 0.71372549 0.60000000
v 22.81581504 21.98807151 7.38435398 0.54509804 0.71372549 0.60000000
v 22.39237306 22.27189632 7.58908178 0.54509804 0.71372549 0.60000000
v 22.24539386 22.15268754 8.12283720 0.54509804 0.71372549 0.60000000
v 21.78345983 22.35704545 8.48476632 0.54509804 0.71372549 0.60000000
v 20.77210105 23.31069883 7.46843875 0.54509804 0.71372549 0.60000000
v 20.18768295 23.66264295 7.41360081 0.54509804 0.71372549 0.60000000
v 19.83423187 23.85564483 7.41360081 0.54509804 0.71372549 0.60000000
v 19.05034140 24.51412159 6.45211118 0.54509804 0.71372549 0.60000000
v 21.89194488 22.43083855 8.12283720 0.54509804 0.71372549 0.60000000
v 18.21045905 24.46303211 7.72434876 0.54509804 0.71372549 0.60000000
v 15.76780032 24.74686114 8.82841682 0.54509804 0.71372549 0.60000000
v 14.99440912 24.99662630 8.75895600 0.54509804 0.71372549 0.60000000
v 14.71094893 25.17827637 8.47745487 0.54509804 0.71372549 0.60000000
v 12.94019586 24.51979960 10.70387170 0.54509804 0.71372549 0.60000000
v 10.11259246 23.89538249 12.98147075 0.54509804 0.71372549 0.60000000
v 8.69529047 23.39584796 14.48402830 0.54509804 0.71372549 0.60000000
v 8.69529047 23.13472678 14.96660045 0.54509804 0.71372549 0.60000000
v 7.98838936 22.96443273 15.37239928 0.54509804 0.71372549 0.60000000
v 7.98838936 23.43558141 14.48402830 0.54509804 0.71372549 0.60000000
v 2.33668020 23.62858329 14.42187786 0.54509804 0.71372549 0.60000000
v 3.04008156 23.22554970 15.17132931 0.54509804 0.71372549 0.60000000
v 2.33318044 23.24825754 15.15670431 0.54509804 0.71372549 0.60000000
v 1.76625901 23.23122772 15.13842465 0.54509804 0.71372549 0.60000000
v 27.08871847 -21.70413438 6.65318326 0.54509804 0.71372549 0.60000000
v 27.44566615 -21.50545870 6.37899358 0.54509804 0.71372549 0.60000000
v 27.33368240 -21.38057612 6.85059856 0.54509804 0.71372549 0.60000000
v 27.12021311 -21.19892605 7.48671736 0.54509804 0.71372549 0.60000000
v 27.37917606 -20.70506953 7.68413477 0.54509804 0.71372549 0.60000000
v 23.95665529 -20.85265573 12.79867833 0.54509804 0.71372549 0.60000000
v 24.20512003 -20.37015103 12.99243686 0.54509804 0.71372549 0.60000000
v 1.76625901 -28.49893371 9.61808226 0.54509804 0.71372549 0.60000000
v 1.90973951 -28.57273103 9.22324954 0.54509804 0.71372549 0.60000000
v 2.33318044 -28.52731957 9.64367336 0.54509804 0.71372549 0.60000000
v 2.33318044 -28.58408284 9.28905464 0.54509804 0.71372549 0.60000000
v 7.28148824 -29.31067891 5.89276465 0.54509804 0.71372549 0.60000000
v 7.80991446 -29.27094124 6.33146709 0.54509804 0.71372549 0.60000000
v 8.27884800 -29.27094124 6.35705819 0.54509804 0.71372549 0.60000000
v 8.35233865 -29.27094124 6.35705819 0.54509804 0.71372549 0.60000000
v 10.11259246 -29.39582804 4.58396774 0.54509804 0.71372549 0.60000000
v 15.06090026 -29.40717985 -1.78087803 0.54509804 0.71372549 0.60000000
v 16.36271768 -29.32203072 -3.19569509 0.54509804 0.71372549 0.60000000
v 16.64967763 -29.25391142 -2.48645870 0.54509804 0.71372549 0.60000000
v 16.54119258 -29.22552978 -1.78087803 0.54509804 0.71372549 0.60000000
v 17.18510230 -29.08929539 -1.78087803 0.54509804 0.71372549 0.60000000
v 19.13433027 -28.62949431 -1.78087803 0.54509804 0.71372549 0.60000000
v 23.94265627 -25.05896370 3.64441349 0.54509804 0.71372549 0.60000000
v 24.58656705 -24.30965979 4.88740425 0.54509804 0.71372549 0.60000000
v 26.79125926 -22.25475839 5.83792672 0.54509804 0.71372549 0.60000000
v 27.05022221 -21.97660738 6.04265452 0.54509804 0.71372549 0.60000000
v 24.92951992 -24.11098411 4.62418279 0.54509804 0.71372549 0.60000000
v 26.45880461 -22.68617362 5.29320413 0.54509804 0.71372549 0.60000000
v 22.61984348 -26.52918144 0.34317438 0.54509804 0.71372549 0.60000000
v 20.00920806 -28.22646072 -1.78087803 0.54509804 0.71372549 0.60000000
v 22.97329245 -26.30779792 0.34317438 0.54509804 0.71372549 0.60000000
v 23.33024224 -25.82529321 1.75799039 0.54509804 0.71372549 0.60000000
v 23.51221689 -25.57552384 2.48916216 0.54509804 0.71372549 0.60000000
v 23.54371363 -25.40522980 3.16915173 0.54509804 0.71372549 0.60000000
v 24.01964668 -25.12140499 3.16915173 0.54509804 0.71372549 0.60000000
v 19.58226738 -28.54434939 -2.48645870 0.54509804 0.71372549 0.60000000
v 30.31176687 -14.53468625 9.25980887 0.54509804 0.71372549 0.60000000
v 30.21028133 -15.00583809 9.06970395 0.54509804 0.71372549 0.60000000
v 32.43247127 -10.98685821 7.85230325 0.54509804 0.71372549 0.60000000
v 32.51645697 -10.53273725 7.99488167 0.54509804 0.71372549 0.60000000
v 32.62494202 -9.87425943 8.18133086 0.54509804 0.71372549 0.60000000
v 32.91540172 -9.10792939 8.07896643 0.54509804 0.71372549 0.60000000
v 32.54445502 -9.11928226 8.73336489 0.54509804 0.71372549 0.60000000
v 33.13237182 -6.79758376 8.54691675 0.54509804 0.71372549 0.60000000
v 32.50596087 -7.70015136 9.38410762 0.54509804 0.71372549 0.60000000
v 32.25049662 -6.28669689 10.34925403 0.54509804 0.71372549 0.60000000
v 33.11487409 -8.86383856 7.81574497 0.54509804 0.71372549 0.60000000
v 29.62236242 -16.66905877 8.59444219 0.54509804 0.71372549 0.60000000
v 28.86996659 -17.98033534 8.50304598 0.54509804 0.71372549 0.60000000
v 29.49638176 -17.14021061 8.36412328 0.54509804 0.71372549 0.60000000
v 24.63206072 -19.40514583 13.45673146 0.54509804 0.71372549 0.60000000
v 24.73704706 -19.67761883 12.99975041 0.54509804 0.71372549 0.60000000
v 33.05188270 -5.58280761 9.09163934 0.54509804 0.71372549 0.60000000
v 33.08337734 -5.15706829 9.16110016 0.54509804 0.71372549 0.60000000
v 32.96789489 -4.16367671 9.64367336 0.54509804 0.71372549 0.60000000
v 32.99939164 -3.45978769 9.71678991 0.54509804 0.71372549 0.60000000
v 33.18136629 -3.45978769 9.36217224 0.54509804 0.71372549 0.60000000
v 34.44468851 9.98222135 -1.02777192 0.54509804 0.71372549 0.60000000
v 34.23821873 10.68043367 -1.07164163 0.54509804 0.71372549 0.60000000
v 33.93725871 11.42405851 -1.06798591 0.54509804 0.71372549 0.60000000
v 33.82877366 11.78167958 -1.29830482 0.54509804 0.71372549 0.60000000
v 32.36597907 14.52911740 -0.91809604 0.54509804 0.71372549 0.60000000
v 31.92154277 14.98891532 -0.30391264 0.54509804 0.71372549 0.60000000
v 31.67307592 15.27274118 -0.02972296 0.54509804 0.71372549 0.60000000
v 30.86818903 14.38720394 3.87838812 0.54509804 0.71372549 0.60000000
v 31.06416270 14.03525982 3.87838812 0.54509804 0.71372549 0.60000000
v 30.93467912 16.64078418 -0.84497844 0.54509804 0.71372549 0.60000000
v 28.16656734 18.83192209 2.16379132 0.54509804 0.71372549 0.60000000
v 34.05624408 -4.16367671 7.41360081 0.54509804 0.71372549 0.60000000
v 34.53567583 -3.99338109 6.42652007 0.54509804 0.71372549 0.60000000
v 35.01160888 -3.45978769 5.29320413 0.54509804 0.71372549 0.60000000
v 35.18308532 -3.45978769 4.84718920 0.54509804 0.71372549 0.60000000
v 35.19708223 -2.75022225 4.89105997 0.54509804 0.71372549 0.60000000
v 35.93198034 -2.04633323 2.84743608 0.54509804 0.71372549 0.60000000
v 35.92148212 -1.68303572 2.81818925 0.54509804 0.71372549 0.60000000
v 36.06496262 -2.04633323 2.46357106 0.54509804 0.71372549 0.60000000
v 36.09295645 0.07101019 1.75799039 0.54509804 0.71372549 0.60000000
v 36.66687844 -0.11063856 -1.23981116 0.54509804 0.71372549 0.60000000
v 36.30292914 2.19403017 -1.07164163 0.54509804 0.71372549 0.60000000
v 36.17344767 2.19403017 -0.36606202 0.54509804 0.71372549 0.60000000
v 36.18044507 2.89791919 -1.07164163 0.54509804 0.71372549 0.60000000
v 35.92847953 6.10515545 -3.52472165 0.54509804 0.71372549 0.60000000
v 35.20408174 6.04271364 0.60639584 0.54509804 0.71372549 0.60000000
v 34.55667226 9.75515981 -1.23615544 0.54509804 0.71372549 0.60000000
v 26.63728055 19.43363557 4.58396774 0.54509804 0.71372549 0.60000000
v 25.77990048 19.99561139 5.29320413 0.54509804 0.71372549 0.60000000
v 25.42644940 20.32484767 5.29320413 0.54509804 0.71372549 0.60000000
v 26.08435710 20.98332443 1.52401575 0.54509804 0.71372549 0.60000000
v 22.51135843 22.36839726 7.11747680 0.54509804 0.71372549 0.60000000
v 21.19204222 23.14040479 7.26736667 0.54509804 0.71372549 0.60000000
v 20.31716443 23.73644026 6.98220982 0.54509804 0.71372549 0.60000000
v 20.05120197 23.95214577 6.72995553 0.54509804 0.71372549 0.60000000
v 19.17282442 24.58791891 5.99878480 0.54509804 0.71372549 0.60000000
v 18.59890453 24.84903588 5.99878480 0.54509804 0.71372549 0.60000000
v 22.14740913 22.51598768 7.37704254 0.54509804 0.71372549 0.60000000
v 18.12647124 25.14989473 5.53814698 0.54509804 0.71372549 0.60000000
v 17.89200342 25.08745344 5.99878480 0.54509804 0.71372549 0.60000000
v 17.42306988 25.14989473 6.23641515 0.54509804 0.71372549 0.60000000
v 17.18510230 25.29180713 5.99878480 0.54509804 0.71372549 0.60000000
v 15.18338222 25.12718689 8.25079169 0.54509804 0.71372549 0.60000000
v 14.50097834 25.85946097 6.20351155 0.54509804 0.71372549 0.60000000
v 14.30150597 25.77998564 6.64221504 0.54509804 0.71372549 0.60000000
v 13.64709803 25.83107512 6.84694284 0.54509804 0.71372549 0.60000000
v 13.64709803 25.64375125 7.41360081 0.54509804 0.71372549 0.60000000
v 7.98838936 24.92850699 10.94881350 0.54509804 0.71372549 0.60000000
v 9.40569134 24.44032849 11.91395991 0.54509804 0.71372549 0.60000000
v 10.11259246 24.17920730 12.35997484 0.54509804 0.71372549 0.60000000
v 7.98838936 23.69670260 13.96489471 0.54509804 0.71372549 0.60000000
v 2.10571213 23.77049991 14.14403246 0.54509804 0.71372549 0.60000000
v 1.76625901 23.77049991 14.14403246 0.54509804 0.71372549 0.60000000
v 27.50865965 -21.57357800 5.99878480 0.54509804 0.71372549 0.60000000
v 30.31526557 -20.12606388 1.52767148 0.54509804 0.71372549 0.60000000
v 30.90318448 -19.28025904 1.87863448 0.54509804 0.71372549 0.60000000
v 31.00467001 -18.70693140 2.86571522 0.54509804 0.71372549 0.60000000
v 27.59264746 -21.14215856 6.65318326 0.54509804 0.71372549 0.60000000
v 27.51915786 -20.90374521 7.21252873 0.54509804 0.71372549 0.60000000
v 1.76625901 -28.53867138 9.37313941 0.54509804 0.71372549 0.60000000
v 1.76625901 -28.58408284 9.01121029 0.54509804 0.71372549 0.60000000
v 1.76625901 -28.59543465 8.91615836 0.54509804 0.71372549 0.60000000
v 1.76625901 -28.66923197 8.26541563 0.54509804 0.71372549 0.60000000
v 1.76625901 -28.76573291 7.41360081 0.54509804 0.71372549 0.60000000
v 6.76006048 -29.28797107 5.76115339 0.54509804 0.71372549 0.60000000
v 6.54659119 -29.31635271 5.32610668 0.54509804 0.71372549 0.60000000
v 7.28148824 -29.36744218 5.29320413 0.54509804 0.71372549 0.60000000
v 7.98838936 -29.40150184 4.58396774 0.54509804 0.71372549 0.60000000
v 8.69529047 -29.45826933 3.16915173 0.54509804 0.71372549 0.60000000
v 12.23329580 -29.70803449 -3.19569509 0.54509804 0.71372549 0.60000000
v 12.94019586 -29.59450372 -1.78087803 0.54509804 0.71372549 0.60000000
v 15.06090026 -29.42988347 -2.48645870 0.54509804 0.71372549 0.60000000
v 15.06090026 -29.56612208 -7.33777974 0.54509804 0.71372549 0.60000000
v 15.87278667 -29.42988347 -7.33777974 0.54509804 0.71372549 0.60000000
v 17.18510230 -29.15741048 -3.19569509 0.54509804 0.71372549 0.60000000
v 17.89200342 -29.01549807 -3.19569509 0.54509804 0.71372549 0.60000000
v 17.18510230 -29.14605866 -2.48645870 0.54509804 0.71372549 0.60000000
v 18.59890453 -28.80546636 -2.48645870 0.54509804 0.71372549 0.60000000
v 19.22881629 -28.64652413 -2.48645870 0.54509804 0.71372549 0.60000000
v 24.67055487 -24.36642728 4.41579926 0.54509804 0.71372549 0.60000000
v 26.87874578 -22.33422950 5.29320413 0.54509804 0.71372549 0.60000000
v 28.15256832 -22.91891316 -0.69508858 0.54509804 0.71372549 0.60000000
v 22.70383129 -26.57459290 -0.36606202 0.54509804 0.71372549 0.60000000
v 23.05728237 -26.35888740 -0.36606202 0.54509804 0.71372549 0.60000000
v 20.00920806 -28.31160984 -2.48645870 0.54509804 0.71372549 0.60000000
v 24.05114132 -25.83664502 -1.07164163 0.54509804 0.71372549 0.60000000
v 25.33546208 -25.04193387 -1.37142242 0.54509804 0.71372549 0.60000000
v 24.12813173 -25.18952007 2.46357106 0.54509804 0.71372549 0.60000000
v 18.59890453 -28.83385222 -3.19569509 0.54509804 0.71372549 0.60000000
v 19.21481832 -28.65220215 -3.19569509 0.54509804 0.71372549 0.60000000
v 20.10719384 -28.27755019 -7.33777974 0.54509804 0.71372549 0.60000000
v 20.67411421 -28.02778503 -7.33777974 0.54509804 0.71372549 0.60000000
v 20.62162210 -28.00507719 -3.19569509 0.54509804 0.71372549 0.60000000
v 30.91018188 -14.23950647 8.33487645 0.54509804 0.71372549 0.60000000
v 33.08687815 -12.28678297 5.63319891 0.54509804 0.71372549 0.60000000
v 30.43075013 -14.77310065 8.83207360 0.54509804 0.71372549 0.60000000
v 30.21727873 -16.43064542 7.67316655 0.54509804 0.71372549 0.60000000
v 33.11837279 -13.76267872 4.28784373 0.54509804 0.71372549 0.60000000
v 32.81741699 -10.53273725 7.41360081 0.54509804 0.71372549 0.60000000
v 33.05888222 -9.33499040 7.69510193 0.54509804 0.71372549 0.60000000
v 33.75178536 -7.70015136 6.95296299 0.54509804 0.71372549 0.60000000
v 34.19272296 -5.58280761 6.70802014 0.54509804 0.71372549 0.60000000
v 34.30120801 -4.87324242 6.70802014 0.54509804 0.71372549 0.60000000
v 33.85327090 -8.27915648 6.47404551 0.54509804 0.71372549 0.60000000
v 29.74484439 -16.90179621 8.12649293 0.54509804 0.71372549 0.60000000
v 29.33540354 -17.58865566 8.12649293 0.54509804 0.71372549 0.60000000
v 29.61886372 -17.34456536 7.89251829 0.54509804 0.71372549 0.60000000
v 33.14637084 -4.16367671 9.28905464 0.54509804 0.71372549 0.60000000
v 34.07373970 11.38432295 -1.78087803 0.54509804 0.71372549 0.60000000
v 34.47268444 10.22631165 -1.65292354 0.54509804 0.71372549 0.60000000
v 34.50767989 10.32848955 -2.12452853 0.54509804 0.71372549 0.60000000
v 34.37119891 10.61231542 -1.84302741 0.54509804 0.71372549 0.60000000
v 33.72729023 12.96807251 -4.60685538 0.54509804 0.71372549 0.60000000
v 33.45782696 13.50734260 -4.60685538 0.54509804 0.71372549 0.60000000
v 32.39747582 15.29544797 -4.18643155 0.54509804 0.71372549 0.60000000
v 31.71856959 16.05042567 -2.65097250 0.54509804 0.71372549 0.60000000
v 31.36161980 16.33992849 -1.78087803 0.54509804 0.71372549 0.60000000
v 31.00116920 16.73160817 -1.31658448 0.54509804 0.71372549 0.60000000
v 30.24177597 18.07694438 -2.93978507 0.54509804 0.71372549 0.60000000
v 29.53837461 18.79786243 -2.93247257 0.54509804 0.71372549 0.60000000
v 26.51479648 20.73355927 1.04875505 0.54509804 0.71372549 0.60000000
v 34.39919484 -4.20341253 6.67877437 0.54509804 0.71372549 0.60000000
v 34.43068948 -5.58280761 6.15233039 0.54509804 0.71372549 0.60000000
v 35.22157947 -7.39361871 3.54570478 0.54509804 0.71372549 0.60000000
v 35.68351560 -4.87324242 3.16915173 0.54509804 0.71372549 0.60000000
v 35.75700520 -4.16367671 3.16915173 0.54509804 0.71372549 0.60000000
v 36.07545873 -2.75022225 2.46357106 0.54509804 0.71372549 0.60000000
v 36.28543142 -2.75022225 1.75799039 0.54509804 0.71372549 0.60000000
v 36.24343646 -2.04633323 1.75799039 0.54509804 0.71372549 0.60000000
v 36.28543142 -0.63287879 1.04875505 0.54509804 0.71372549 0.60000000
v 37.20230207 -0.63287879 -4.60685538 0.54509804 0.71372549 0.60000000
v 37.16380792 0.07101019 -4.60685538 0.54509804 0.71372549 0.60000000
v 36.63538170 2.72762330 -3.52106593 0.54509804 0.71372549 0.60000000
v 36.65637812 -2.04633323 -0.57444554 0.54509804 0.71372549 0.60000000
v 35.10959572 7.09854703 -0.39530884 0.54509804 0.71372549 0.60000000
v 35.22508028 6.83175047 -0.65121886 0.54509804 0.71372549 0.60000000
v 36.68787487 4.12972464 -6.21177630 0.54509804 0.71372549 0.60000000
v 35.97047449 7.63214016 -6.95756991 0.54509804 0.71372549 0.60000000
v 26.16134751 21.05144373 1.04875505 0.54509804 0.71372549 0.60000000
v 24.46408509 22.24918848 1.75799039 0.54509804 0.71372549 0.60000000
v 21.08705588 23.77617371 4.99707907 0.54509804 0.71372549 0.60000000
v 20.90858204 23.66264295 5.99878480 0.54509804 0.71372549 0.60000000
v 20.69511170 23.60587967 6.72995553 0.54509804 0.71372549 0.60000000
v 20.44664590 23.81023336 6.51060484 0.54509804 0.71372549 0.60000000
v 19.62426128 24.45168030 5.55276987 0.54509804 0.71372549 0.60000000
v 19.35479907 24.63900417 5.30782702 0.54509804 0.71372549 0.60000000
v 18.29794662 25.20665800 5.06654094 0.54509804 0.71372549 0.60000000
v 20.00920806 24.16217748 5.99878480 0.54509804 0.71372549 0.60000000
v 14.73544511 25.89351641 5.73190762 0.54509804 0.71372549 0.60000000
v 10.16508458 28.12439408 -4.54836172 0.54509804 0.71372549 0.60000000
v 12.94019586 26.22843491 5.29320413 0.54509804 0.71372549 0.60000000
v 13.64709803 25.92190226 6.49598089 0.54509804 0.71372549 0.60000000
v 12.94019586 25.95596191 6.56544172 0.54509804 0.71372549 0.60000000
v 2.77061934 26.60308265 6.37899358 0.54509804 0.71372549 0.60000000
v 7.98838936 25.56995815 8.82841682 0.54509804 0.71372549 0.60000000
v 4.39089240 25.28045532 10.30538326 0.54509804 0.71372549 0.60000000
v 3.04008156 24.83768407 11.65439417 0.54509804 0.71372549 0.60000000
v 3.04008156 24.59359271 12.31976085 0.54509804 0.71372549 0.60000000
v 7.79241674 24.49709176 12.06019511 0.54509804 0.71372549 0.60000000
v 1.76625901 26.32493585 7.41360081 0.54509804 0.71372549 0.60000000
v 1.76625901 26.14328578 7.97660306 0.54509804 0.71372549 0.60000000
v 3.04008156 24.45168030 12.67072280 0.54509804 0.71372549 0.60000000
v 2.33318044 24.46303211 12.68900246 0.54509804 0.71372549 0.60000000
v 1.76625901 23.99755723 13.65414887 0.54509804 0.71372549 0.60000000
v 28.72648820 -22.09581616 0.34317438 0.54509804 0.71372549 0.60000000
v 29.53487591 -21.47139905 -0.12477489 0.54509804 0.71372549 0.60000000
v 30.38175566 -20.18850517 1.04875505 0.54509804 0.71372549 0.60000000
v 30.73520674 -19.77411977 1.04875505 0.54509804 0.71372549 0.60000000
v 30.97317537 -19.37108618 1.40702844 0.54509804 0.71372549 0.60000000
v 31.07116010 -18.80343234 2.46357106 0.54509804 0.71372549 0.60000000
v 31.70807137 -18.00304318 2.18572566 0.54509804 0.71372549 0.60000000
v 32.35548086 -16.49876367 2.73776021 0.54509804 0.71372549 0.60000000
v 30.09129596 -16.89612030 7.42822370 0.54509804 0.71372549 0.60000000
v 29.70285154 -17.58865566 7.36241860 0.54509804 0.71372549 0.60000000
v 29.46488501 -17.81571720 7.56349068 0.54509804 0.71372549 0.60000000
v 29.56987136 -17.98033534 7.09188569 0.54509804 0.71372549 0.60000000
v 1.76625901 -28.81682239 6.70802014 0.54509804 0.71372549 0.60000000
v 3.38303337 -29.27661926 2.88399488 0.54509804 0.71372549 0.60000000
v 6.01116546 -29.29364908 5.11041171 0.54509804 0.71372549 0.60000000
v 5.81169308 -29.25958943 5.32610668 0.54509804 0.71372549 0.60000000
v 6.57458713 -29.36744218 4.58396774 0.54509804 0.71372549 0.60000000
v 7.28148824 -29.40150184 4.58396774 0.54509804 0.71372549 0.60000000
v 10.11259246 -29.66830103 -2.48645870 0.54509804 0.71372549 0.60000000
v 10.11259246 -29.65694501 -3.19569509 0.54509804 0.71372549 0.60000000
v 12.94019586 -29.56612208 -7.33777974 0.54509804 0.71372549 0.60000000
v 14.35399809 -29.58882992 -7.33777974 0.54509804 0.71372549 0.60000000
v 17.18510230 -29.16308849 -7.33777974 0.54509804 0.71372549 0.60000000
v 17.89200342 -28.99846824 -7.33777974 0.54509804 0.71372549 0.60000000
v 27.78861902 -23.25382745 -1.07164163 0.54509804 0.71372549 0.60000000
v 28.19806198 -22.95297282 -1.07164163 0.54509804 0.71372549 0.60000000
v 28.55151307 -22.61805853 -1.07164163 0.54509804 0.71372549 0.60000000
v 23.22175930 -26.46106214 -1.97829438 0.54509804 0.71372549 0.60000000
v 23.12727116 -26.40997266 -1.07164163 0.54509804 0.71372549 0.60000000
v 23.54371363 -26.15452949 -1.07164163 0.54509804 0.71372549 0.60000000
v 22.83681147 -26.77327280 -3.19569509 0.54509804 0.71372549 0.60000000
v 23.26375215 -26.48376997 -2.48645870 0.54509804 0.71372549 0.60000000
v 24.48158281 -25.66067297 -1.78087803 0.54509804 0.71372549 0.60000000
v 24.96101456 -25.35414032 -1.78087803 0.54509804 0.71372549 0.60000000
v 25.38445444 -25.07598931 -1.78087803 0.54509804 0.71372549 0.60000000
v 25.73790552 -24.83757596 -1.78087803 0.54509804 0.71372549 0.60000000
v 26.15434799 -24.42319056 -1.07164163 0.54509804 0.71372549 0.60000000
v 17.99698871 -28.96440859 -7.33777974 0.54509804 0.71372549 0.60000000
v 27.57864844 -23.71930233 -7.33777974 0.54509804 0.71372549 0.60000000
v 23.29874760 -26.51215161 -3.19569509 0.54509804 0.71372549 0.60000000
v 33.87076862 -11.71913018 4.37923994 0.54509804 0.71372549 0.60000000
v 33.75878277 -11.44098023 4.85084597 0.54509804 0.71372549 0.60000000
v 33.13237182 -11.00388804 6.44479868 0.54509804 0.71372549 0.60000000
v 30.32576378 -16.66338286 7.20156051 0.54509804 0.71372549 0.60000000
v 33.19886401 -13.92162201 3.87838812 0.54509804 0.71372549 0.60000000
v 33.41583200 -13.35964618 3.87838812 0.54509804 0.71372549 0.60000000
v 32.49546055 -16.02761183 3.03022903 0.54509804 0.71372549 0.60000000
v 33.05538351 -15.73810901 1.98099785 0.54509804 0.71372549 0.60000000
v 33.79727902 -8.75030832 6.34243531 0.54509804 0.71372549 0.60000000
v 33.93376001 -11.21959565 4.60224740 0.54509804 0.71372549 0.60000000
v 33.90226326 -7.70015136 6.59834427 0.54509804 0.71372549 0.60000000
v 34.51117860 -8.08047816 4.95320935 0.54509804 0.71372549 0.60000000
v 35.05710254 -7.66041580 3.81989446 0.54509804 0.71372549 0.60000000
v 34.54967485 -7.70015136 5.04094984 0.54509804 0.71372549 0.60000000
v 34.10173564 -10.53273725 4.58396774 0.54509804 0.71372549 0.60000000
v 35.21807866 -8.77301405 2.82550070 0.54509804 0.71372549 0.60000000
v 34.40619436 10.73719905 -2.48645870 0.54509804 0.71372549 0.60000000
v 34.16122832 11.38432295 -2.48645870 0.54509804 0.71372549 0.60000000
v 34.50767989 11.03805474 -4.23761377 0.54509804 0.71372549 0.60000000
v 33.76578438 13.07592632 -5.31609177 0.54509804 0.71372549 0.60000000
v 33.52431705 13.50734260 -5.31609177 0.54509804 0.71372549 0.60000000
v 32.45696639 15.40330177 -5.31609177 0.54509804 0.71372549 0.60000000
v 32.24349500 15.75524589 -5.31609177 0.54509804 0.71372549 0.60000000
v 31.75706584 16.10151409 -3.19569509 0.54509804 0.71372549 0.60000000
v 31.51559851 16.45913517 -3.19569509 0.54509804 0.71372549 0.60000000
v 31.12365328 16.87919753 -2.48645870 0.54509804 0.71372549 0.60000000
v 31.50859900 16.30586884 -2.44624365 0.54509804 0.71372549 0.60000000
v 31.05366238 16.79972641 -1.78087803 0.54509804 0.71372549 0.60000000
v 30.29426914 18.13370766 -3.41139006 0.54509804 0.71372549 0.60000000
v 29.69585413 18.94545285 -4.60685538 0.54509804 0.71372549 0.60000000
v 28.86646789 19.53581031 -3.46257227 0.54509804 0.71372549 0.60000000
v 35.17608580 -7.86477055 3.41775030 0.54509804 0.71372549 0.60000000
v 35.90748310 -7.92721237 1.33756762 0.54509804 0.71372549 0.60000000
v 35.93198034 -6.00287050 2.13820022 0.54509804 0.71372549 0.60000000
v 36.08945775 -5.58280761 1.75799039 0.54509804 0.71372549 0.60000000
v 35.90048570 -4.16367671 2.71582535 0.54509804 0.71372549 0.60000000
v 36.50590022 -3.45978769 0.34317438 0.54509804 0.71372549 0.60000000
v 37.17780694 -4.87324242 -3.90127471 0.54509804 0.71372549 0.60000000
v 36.65637812 -2.75022225 -0.57810126 0.54509804 0.71372549 0.60000000
v 36.27493110 -5.58280761 1.04875505 0.54509804 0.71372549 0.60000000
v 36.48490379 -4.16367671 0.34317438 0.54509804 0.71372549 0.60000000
v 37.26179475 -2.04633323 -4.60685538 0.54509804 0.71372549 0.60000000
v 37.35978159 -1.33676778 -5.54275496 0.54509804 0.71372549 0.60000000
v 37.42277087 -1.33676778 -6.02167139 0.54509804 0.71372549 0.60000000
v 37.45776632 -0.63287879 -6.73090883 0.54509804 0.71372549 0.60000000
v 37.40177444 0.06533362 -6.71628384 0.54509804 0.71372549 0.60000000
v 37.17080743 1.48446472 -6.02167139 0.54509804 0.71372549 0.60000000
v 37.04832546 2.19403017 -6.02167139 0.54509804 0.71372549 0.60000000
v 37.13931279 2.19403017 -6.73090883 0.54509804 0.71372549 0.60000000
v 37.17780694 -2.75022225 -3.90127471 0.54509804 0.71372549 0.60000000
v 35.97047449 7.63214016 -7.29025430 0.54509804 0.71372549 0.60000000
v 34.63366056 11.18564411 -7.33777974 0.54509804 0.71372549 0.60000000
v 34.60566673 11.25943932 -7.33777974 0.54509804 0.71372549 0.60000000
v 34.55317356 11.14023159 -5.31609177 0.54509804 0.71372549 0.60000000
v 34.52867632 11.08914316 -4.60685538 0.54509804 0.71372549 0.60000000
v 37.14631019 2.19403017 -7.33777974 0.54509804 0.71372549 0.60000000
v 26.22083808 21.12523684 0.34317438 0.54509804 0.71372549 0.60000000
v 24.57257014 22.32298580 1.04875505 0.54509804 0.71372549 0.60000000
v 24.11063401 22.48192803 1.75799039 0.54509804 0.71372549 0.60000000
v 20.15268750 24.36085737 4.58396774 0.54509804 0.71372549 0.60000000
v 20.74760381 23.91808612 5.25664480 0.54509804 0.71372549 0.60000000
v 20.55513095 23.87267465 5.99878480 0.54509804 0.71372549 0.60000000
v 24.21561825 22.54436932 1.04875505 0.54509804 0.71372549 0.60000000
v 19.71524861 24.50276978 5.08116383 0.54509804 0.71372549 0.60000000
v 19.79923747 24.54250744 4.58396774 0.54509804 0.71372549 0.60000000
v 19.30580565 24.78092079 4.58396774 0.54509804 0.71372549 0.60000000
v 19.30580565 24.86606570 3.87838812 0.54509804 0.71372549 0.60000000
v 18.35393955 25.22936584 4.58396774 0.54509804 0.71372549 0.60000000
v 16.83165227 25.88784261 2.81818925 0.54509804 0.71372549 0.60000000
v 19.97421261 24.32111971 5.30782702 0.54509804 0.71372549 0.60000000
v 12.94019586 27.84624307 -6.02167139 0.54509804 0.71372549 0.60000000
v 10.59902372 28.08465642 -4.74577808 0.54509804 0.71372549 0.60000000
v 10.11259246 28.21521701 -5.31609177 0.54509804 0.71372549 0.60000000
v 2.88960260 27.33535673 2.92786513 0.54509804 0.71372549 0.60000000
v 12.94019586 26.09787432 5.99878480 0.54509804 0.71372549 0.60000000
v 1.76625901 26.71661341 5.99878480 0.54509804 0.71372549 0.60000000
v 2.33318044 26.60876066 6.40458468 0.54509804 0.71372549 0.60000000
v 1.76625901 26.53496334 6.72264408 0.54509804 0.71372549 0.60000000
v 1.76625901 26.09219630 8.13014865 0.54509804 0.71372549 0.60000000
v 2.33318044 24.84336208 11.65439417 0.54509804 0.71372549 0.60000000
v 2.33318044 24.59927072 12.33803840 0.54509804 0.71372549 0.60000000
v 1.76625901 24.30408988 12.99243686 0.54509804 0.71372549 0.60000000
v 29.57686876 -21.51681051 -0.59638093 0.54509804 0.71372549 0.60000000
v 30.20678263 -20.72209936 -0.36606202 0.54509804 0.71372549 0.60000000
v 30.44824786 -20.28500611 0.34317438 0.54509804 0.71372549 0.60000000
v 30.80519764 -19.85359088 0.34317438 0.54509804 0.71372549 0.60000000
v 31.00467001 -19.42217144 1.04875505 0.54509804 0.71372549 0.60000000
v 31.27762988 -19.01914206 1.04875505 0.54509804 0.71372549 0.60000000
v 31.83405415 -18.19036704 1.04875505 0.54509804 0.71372549 0.60000000
v 31.76406325 -18.08819020 1.75799039 0.54509804 0.71372549 0.60000000
v 32.99239002 -16.36820308 1.04875505 0.54509804 0.71372549 0.60000000
v 32.90490350 -16.15249547 1.75067894 0.54509804 0.71372549 0.60000000
v 32.60744430 -16.23196658 2.48916216 0.54509804 0.71372549 0.60000000
v 1.76625901 -28.89629351 5.29320413 0.54509804 0.71372549 0.60000000
v 3.38303337 -29.27661926 2.80356584 0.54509804 0.71372549 0.60000000
v 1.76625901 -28.91899713 4.58396774 0.54509804 0.71372549 0.60000000
v 7.98838936 -29.53206243 -2.48645870 0.54509804 0.71372549 0.60000000
v 8.69529047 -29.56612208 -3.19569509 0.54509804 0.71372549 0.60000000
v 12.23329580 -29.54341424 -7.33777974 0.54509804 0.71372549 0.60000000
v 8.69529047 -29.51503260 -4.60685538 0.54509804 0.71372549 0.60000000
v 28.25405386 -23.00405808 -1.78087803 0.54509804 0.71372549 0.60000000
v 26.23133840 -24.48563185 -1.78087803 0.54509804 0.71372549 0.60000000
v 28.60750494 -22.66346999 -1.78087803 0.54509804 0.71372549 0.60000000
v 28.90496204 -22.26611020 -1.07164163 0.54509804 0.71372549 0.60000000
v 23.61720323 -26.26238645 -2.48645870 0.54509804 0.71372549 0.60000000
v 24.17012669 -25.91044234 -2.48645870 0.54509804 0.71372549 0.60000000
v 24.96101456 -25.39955178 -2.48645870 0.54509804 0.71372549 0.60000000
v 25.41944989 -25.09869715 -2.48645870 0.54509804 0.71372549 0.60000000
v 24.52357567 -25.68338081 -2.48645870 0.54509804 0.71372549 0.60000000
v 25.77290097 -24.86028380 -2.48645870 0.54509804 0.71372549 0.60000000
v 26.27682996 -24.50833969 -2.48645870 0.54509804 0.71372549 0.60000000
v 28.00209042 -23.40709167 -7.33777974 0.54509804 0.71372549 0.60000000
v 27.49466062 -23.66253484 -3.19569509 0.54509804 0.71372549 0.60000000
v 34.65815990 -11.96889745 1.77992577 0.54509804 0.71372549 0.60000000
v 35.20058304 -10.82791598 1.35219050 0.54509804 0.71372549 0.60000000
v 34.19972247 -11.23662548 3.87838812 0.54509804 0.71372549 0.60000000
v 34.56017096 -13.12690874 0.82209186 0.54509804 0.71372549 0.60000000
v 33.81127594 -14.44953818 1.43627527 0.54509804 0.71372549 0.60000000
v 33.12187360 -15.89705229 1.50939287 0.54509804 0.71372549 0.60000000
v 33.87426943 -14.56874485 1.04875505 0.54509804 0.71372549 0.60000000
v 34.54267324 -10.28864589 3.61150988 0.54509804 0.71372549 0.60000000
v 35.18658402 -10.06158541 2.02121290 0.54509804 0.71372549 0.60000000
v 35.65901836 -8.40971654 1.75799039 0.54509804 0.71372549 0.60000000
v 33.79727902 13.14972153 -6.42747232 0.54509804 0.71372549 0.60000000
v 33.65029982 13.45057722 -6.69069273 0.54509804 0.71372549 0.60000000
v 33.26185329 14.16581936 -6.73090883 0.54509804 0.71372549 0.60000000
v 33.06587962 14.51776348 -6.73090883 0.54509804 0.71372549 0.60000000
v 32.48846314 15.44871429 -6.02167139 0.54509804 0.71372549 0.60000000
v 32.27149304 15.80065840 -6.02167139 0.54509804 0.71372549 0.60000000
v 31.70807137 16.72593226 -6.14231442 0.54509804 0.71372549 0.60000000
v 31.67657463 16.69187261 -5.67070944 0.54509804 0.71372549 0.60000000
v 31.89004602 16.30019294 -5.31609177 0.54509804 0.71372549 0.60000000
v 30.94867603 17.36737920 -3.71848229 0.54509804 0.71372549 0.60000000
v 30.77370300 17.83853104 -5.31609177 0.54509804 0.71372549 0.60000000
v 30.42024981 18.27562428 -5.31609177 0.54509804 0.71372549 0.60000000
v 30.04930311 18.58215693 -4.60685538 0.54509804 0.71372549 0.60000000
v 30.98017278 17.40711581 -4.19008727 0.54509804 0.71372549 0.60000000
v 30.07729905 18.63324219 -5.31609177 0.54509804 0.71372549 0.60000000
v 29.37039899 19.33145662 -5.31609177 0.54509804 0.71372549 0.60000000
v 29.01694790 19.67204892 -5.31609177 0.54509804 0.71372549 0.60000000
v 28.29604882 20.35890732 -6.02167139 0.54509804 0.71372549 0.60000000
v 35.95647757 -8.17697910 0.86596158 0.54509804 0.71372549 0.60000000
v 36.14544962 -7.70015136 0.34317438 0.54509804 0.71372549 0.60000000
v 35.99847042 -7.69447493 1.08165760 0.54509804 0.71372549 0.60000000
v 36.20494231 -6.28669689 1.04875505 0.54509804 0.71372549 0.60000000
v 36.00897075 -6.25831420 1.77261433 0.54509804 0.71372549 0.60000000
v 35.26007572 -10.35676414 1.54960686 0.54509804 0.71372549 0.60000000
v 35.33706403 -10.56679585 1.08896904 0.54509804 0.71372549 0.60000000
v 35.53303559 -10.53273725 0.34317438 0.54509804 0.71372549 0.60000000
v 37.15681051 -5.58280761 -3.90127471 0.54509804 0.71372549 0.60000000
v 37.28279118 -4.87324242 -4.60685538 0.54509804 0.71372549 0.60000000
v 37.28629199 -4.16367671 -4.60685538 0.54509804 0.71372549 0.60000000
v 36.40441468 -5.58280761 0.34317438 0.54509804 0.71372549 0.60000000
v 36.34492200 -6.28669689 0.34317438 0.54509804 0.71372549 0.60000000
v 37.27579167 -2.75022225 -4.60685538 0.54509804 0.71372549 0.60000000
v 37.45426761 -3.45978769 -6.02167139 0.54509804 0.71372549 0.60000000
v 37.51375819 -0.72937970 -7.33777974 0.54509804 0.71372549 0.60000000
v 37.51025949 -0.63287879 -7.33777974 0.54509804 0.71372549 0.60000000
v 37.42977038 0.09939282 -7.33777974 0.54509804 0.71372549 0.60000000
v 37.24079622 1.48446472 -6.73090883 0.54509804 0.71372549 0.60000000
v 35.94247855 7.68890554 -7.33777974 0.54509804 0.71372549 0.60000000
v 34.58467030 11.31052774 -7.33777974 0.54509804 0.71372549 0.60000000
v 33.80777724 13.17242726 -6.89907625 0.54509804 0.71372549 0.60000000
v 33.92325969 12.87157157 -6.69069273 0.54509804 0.71372549 0.60000000
v 37.16030921 2.09185280 -7.33777974 0.54509804 0.71372549 0.60000000
v 25.77290097 21.47718095 0.34317438 0.54509804 0.71372549 0.60000000
v 27.82711317 20.71085143 -6.02167139 0.54509804 0.71372549 0.60000000
v 27.44916696 20.94359098 -5.62318295 0.54509804 0.71372549 0.60000000
v 24.60406478 22.34568942 0.58080473 0.54509804 0.71372549 0.60000000
v 19.87972553 24.58791891 3.87838812 0.54509804 0.71372549 0.60000000
v 23.92516066 23.07228549 -5.57565751 0.54509804 0.71372549 0.60000000
v 23.48772176 22.92469507 1.06337794 0.54509804 0.71372549 0.60000000
v 22.50085811 23.77617371 -6.02167139 0.54509804 0.71372549 0.60000000
v 22.12991140 23.95214577 -6.02167139 0.54509804 0.71372549 0.60000000
v 21.08705588 24.48006194 -6.94660380 0.54509804 0.71372549 0.60000000
v 18.75988276 25.10448327 3.87838812 0.54509804 0.71372549 0.60000000
v 13.64709803 27.64188937 -6.73090883 0.54509804 0.71372549 0.60000000
v 13.64709803 27.60215171 -6.02167139 0.54509804 0.71372549 0.60000000
v 12.94019586 27.85759488 -6.73090883 0.54509804 0.71372549 0.60000000
v 7.28148824 28.23792063 -7.33777974 0.54509804 0.71372549 0.60000000
v 7.28148824 28.28333631 -6.73090883 0.54509804 0.71372549 0.60000000
v 2.46966143 27.33535673 2.92786513 0.54509804 0.71372549 0.60000000
v 1.76625901 26.85852582 5.29320413 0.54509804 0.71372549 0.60000000
v 1.76625901 26.61443867 6.43748724 0.54509804 0.71372549 0.60000000
v 1.76625901 25.93325407 8.57981930 0.54509804 0.71372549 0.60000000
v 1.76625901 24.62765236 12.14427987 0.54509804 0.71372549 0.60000000
v 1.76625901 24.57656288 12.28320152 0.54509804 0.71372549 0.60000000
v 1.76625901 24.46871013 12.56470159 0.54509804 0.71372549 0.60000000
v 30.24527678 -20.76183281 -1.07164163 0.54509804 0.71372549 0.60000000
v 28.94345830 -22.30584786 -1.78087803 0.54509804 0.71372549 0.60000000
v 31.13065068 -20.26797629 -7.33777974 0.54509804 0.71372549 0.60000000
v 32.08951840 -19.13834663 -7.33777974 0.54509804 0.71372549 0.60000000
v 30.48674201 -20.36447723 -0.36606202 0.54509804 0.71372549 0.60000000
v 32.42897046 -18.71828321 -7.33777974 0.54509804 0.71372549 0.60000000
v 32.65993747 -18.40039875 -7.33777974 0.54509804 0.71372549 0.60000000
v 31.06066189 -19.50164677 0.34317438 0.54509804 0.71372549 0.60000000
v 32.47446412 -17.38430092 0.34317438 0.54509804 0.71372549 0.60000000
v 32.79991927 -16.89612030 0.34317438 0.54509804 0.71372549 0.60000000
v 33.06238092 -16.49308671 0.34317438 0.54509804 0.71372549 0.60000000
v 33.27585231 -16.13546564 0.34317438 0.54509804 0.71372549 0.60000000
v 33.84277269 -15.21019284 0.12382263 0.54509804 0.71372549 0.60000000
v 33.18836369 -16.01058201 1.04875505 0.54509804 0.71372549 0.60000000
v 7.98838936 -29.45826933 -3.90127471 0.54509804 0.71372549 0.60000000
v 7.98838936 -29.52071062 -3.19569509 0.54509804 0.71372549 0.60000000
v 1.76625901 -28.90764532 3.87838812 0.54509804 0.71372549 0.60000000
v 1.76625901 -28.65220215 -0.36606202 0.54509804 0.71372549 0.60000000
v 2.33318044 -28.15266761 -7.33777974 0.54509804 0.71372549 0.60000000
v 8.63229909 -29.39582804 -5.38189687 0.54509804 0.71372549 0.60000000
v 5.26227044 -28.60679068 -7.33777974 0.54509804 0.71372549 0.60000000
v 3.79947479 -28.39108096 -7.33777974 0.54509804 0.71372549 0.60000000
v 27.47366420 -23.64550923 -2.48645870 0.54509804 0.71372549 0.60000000
v 28.39053484 -23.10623703 -7.33777974 0.54509804 0.71372549 0.60000000
v 28.69149275 -22.85647187 -7.33777974 0.54509804 0.71372549 0.60000000
v 28.74398593 -22.81105619 -7.33777974 0.54509804 0.71372549 0.60000000
v 29.09393831 -22.45911208 -7.33777974 0.54509804 0.71372549 0.60000000
v 34.90312383 -11.94619172 1.04875505 0.54509804 0.71372549 0.60000000
v 35.13059214 -11.25365530 1.08896904 0.54509804 0.71372549 0.60000000
v 35.26357443 -11.03227073 0.88058552 0.54509804 0.71372549 0.60000000
v 33.96175595 -14.80715925 0.35048582 0.54509804 0.71372549 0.60000000
v 34.28021158 -14.06921137 0.34317438 0.54509804 0.71372549 0.60000000
v 34.62316445 -13.26314524 0.34317438 0.54509804 0.71372549 0.60000000
v 34.85063066 -12.65007994 0.34317438 0.54509804 0.71372549 0.60000000
v 33.27585231 14.17149632 -7.33777974 0.54509804 0.71372549 0.60000000
v 33.24785427 14.22258475 -7.33777974 0.54509804 0.71372549 0.60000000
v 33.06938043 14.52911740 -7.33777974 0.54509804 0.71372549 0.60000000
v 32.83841342 14.92079707 -7.33777974 0.54509804 0.71372549 0.60000000
v 32.82791310 14.92079707 -6.73090883 0.54509804 0.71372549 0.60000000
v 31.96703432 16.33992849 -6.73090883 0.54509804 0.71372549 0.60000000
v 31.71856959 16.74296103 -6.73090883 0.54509804 0.71372549 0.60000000
v 31.09215653 17.56038002 -6.73090883 0.54509804 0.71372549 0.60000000
v 30.79819813 17.88394250 -6.02167139 0.54509804 0.71372549 0.60000000
v 30.80869845 17.91800215 -6.73090883 0.54509804 0.71372549 0.60000000
v 30.44474915 18.27562428 -6.02167139 0.54509804 0.71372549 0.60000000
v 30.45524526 18.28697609 -6.73090883 0.54509804 0.71372549 0.60000000
v 29.03094482 19.70043056 -6.02167139 0.54509804 0.71372549 0.60000000
v 28.64949779 20.05237467 -6.02167139 0.54509804 0.71372549 0.60000000
v 28.31704524 20.38161516 -6.73090883 0.54509804 0.71372549 0.60000000
v 27.85511122 20.73923307 -6.73090883 0.54509804 0.71372549 0.60000000
v 36.69487227 -8.40404011 -3.21762942 0.54509804 0.71372549 0.60000000
v 36.65287942 -8.16562624 -2.76064732 0.54509804 0.71372549 0.60000000
v 35.69401381 -9.82317101 0.34317438 0.54509804 0.71372549 0.60000000
v 35.94947806 -10.25458729 -1.33120737 0.54509804 0.71372549 0.60000000
v 36.12795190 -9.82317101 -1.78087803 0.54509804 0.71372549 0.60000000
v 36.81035894 -7.70015136 -3.19569509 0.54509804 0.71372549 0.60000000
v 36.25043597 -6.99626208 0.34317438 0.54509804 0.71372549 0.60000000
v 35.31256679 -11.25365530 0.29930466 0.54509804 0.71372549 0.60000000
v 35.44904778 -11.23662548 -0.36606202 0.54509804 0.71372549 0.60000000
v 37.25479524 -5.58280761 -4.60685538 0.54509804 0.71372549 0.60000000
v 36.98533197 -6.28669689 -3.19569509 0.54509804 0.71372549 0.60000000
v 37.10081653 -6.28669689 -3.90127471 0.54509804 0.71372549 0.60000000
v 37.34578257 -6.04260606 -5.57565751 0.54509804 0.71372549 0.60000000
v 37.33178354 -4.87324242 -5.07114892 0.54509804 0.71372549 0.60000000
v 37.38077801 -3.45978769 -5.40748798 0.54509804 0.71372549 0.60000000
v 36.89784545 -6.99626208 -3.19569509 0.54509804 0.71372549 0.60000000
v 37.39827574 -5.58280761 -6.02167139 0.54509804 0.71372549 0.60000000
v 37.45776632 -5.58280761 -6.73090883 0.54509804 0.71372549 0.60000000
v 37.51725900 -4.87324242 -7.33777974 0.54509804 0.71372549 0.60000000
v 34.25571435 12.09388813 -7.33777974 0.54509804 0.71372549 0.60000000
v 33.80777724 13.17242726 -7.18423310 0.54509804 0.71372549 0.60000000
v 33.32834549 14.07499538 -7.33777974 0.54509804 0.71372549 0.60000000
v 27.47366420 20.96061659 -6.02167139 0.54509804 0.71372549 0.60000000
v 26.60578381 21.57368189 -7.33777974 0.54509804 0.71372549 0.60000000
v 23.92165985 23.06660747 -6.02167139 0.54509804 0.71372549 0.60000000
v 22.52885615 23.78752974 -6.73090883 0.54509804 0.71372549 0.60000000
v 26.17184572 21.81209524 -7.33777974 0.54509804 0.71372549 0.60000000
v 21.12905084 24.46303211 -7.33777974 0.54509804 0.71372549 0.60000000
v 21.09055669 24.48006194 -7.33777974 0.54509804 0.71372549 0.60000000
v 13.64359827 27.47726913 -7.33777974 0.54509804 0.71372549 0.60000000
v 13.56310916 27.50565077 -7.33777974 0.54509804 0.71372549 0.60000000
v 18.59890453 25.48480902 -7.33777974 0.54509804 0.71372549 0.60000000
v 12.94019586 27.65891499 -7.33777974 0.54509804 0.71372549 0.60000000
v 7.18000271 28.22656882 -7.33777974 0.54509804 0.71372549 0.60000000
v 5.49673720 28.01086331 -7.12939622 0.54509804 0.71372549 0.60000000
v 5.47924053 28.01653711 -6.73090883 0.54509804 0.71372549 0.60000000
v 5.83969008 28.07330460 -6.03995105 0.54509804 0.71372549 0.60000000
v 6.57458713 28.16980554 -6.02167139 0.54509804 0.71372549 0.60000000
v 2.27368881 27.34103052 2.41970134 0.54509804 0.71372549 0.60000000
v 1.99722708 27.29561906 2.62442862 0.54509804 0.71372549 0.60000000
v 1.76625901 27.23885578 2.96076768 0.54509804 0.71372549 0.60000000
v 1.76625901 27.21614794 3.16915173 0.54509804 0.71372549 0.60000000
v 1.76625901 27.13099882 3.72118576 0.54509804 0.71372549 0.60000000
v 30.85768871 -20.56883092 -7.33777974 0.54509804 0.71372549 0.60000000
v 32.97489440 -17.95195370 -7.33777974 0.54509804 0.71372549 0.60000000
v 33.06587962 -17.81571720 -7.33777974 0.54509804 0.71372549 0.60000000
v 33.25485589 -17.51486151 -7.33777974 0.54509804 0.71372549 0.60000000
v 33.62230389 -16.90179621 -7.33777974 0.54509804 0.71372549 0.60000000
v 34.00724961 -16.24899641 -7.33777974 0.54509804 0.71372549 0.60000000
v 34.41669257 -15.54510713 -7.33777974 0.54509804 0.71372549 0.60000000
v 34.81213651 -14.85257177 -7.33777974 0.54509804 0.71372549 0.60000000
v 34.85063066 -14.78445352 -7.33777974 0.54509804 0.71372549 0.60000000
v 35.08509848 -14.36439010 -7.33777974 0.54509804 0.71372549 0.60000000
v 35.13759165 -14.26788916 -7.33777974 0.54509804 0.71372549 0.60000000
v 35.31956630 -13.91594505 -7.33777974 0.54509804 0.71372549 0.60000000
v 35.57153185 -13.42208747 -7.33777974 0.54509804 0.71372549 0.60000000
v 35.80249886 -12.94525973 -7.33777974 0.54509804 0.71372549 0.60000000
v 35.85149122 -12.84308183 -7.33777974 0.54509804 0.71372549 0.60000000
v 35.87948716 -12.78064054 -7.33777974 0.54509804 0.71372549 0.60000000
v 36.00196913 -12.49681362 -7.33777974 0.54509804 0.71372549 0.60000000
v 34.65465909 -13.42208747 -0.33681519 0.54509804 0.71372549 0.60000000
v 1.76625901 -28.01642901 -7.33777974 0.54509804 0.71372549 0.60000000
v 34.97311473 -12.65007994 -0.36606202 0.54509804 0.71372549 0.60000000
v 32.55495112 15.39194891 -7.33777974 0.54509804 0.71372549 0.60000000
v 31.96353562 16.33992849 -7.33777974 0.54509804 0.71372549 0.60000000
v 31.71157008 16.73728512 -7.33777974 0.54509804 0.71372549 0.60000000
v 31.45610583 17.08923029 -7.33777974 0.54509804 0.71372549 0.60000000
v 31.15164921 17.49793873 -7.33777974 0.54509804 0.71372549 0.60000000
v 31.10265685 17.56038002 -7.33777974 0.54509804 0.71372549 0.60000000
v 31.06066189 17.61146950 -7.33777974 0.54509804 0.71372549 0.60000000
v 30.80169683 17.91800215 -7.33777974 0.54509804 0.71372549 0.60000000
v 30.49724022 18.23588661 -7.33777974 0.54509804 0.71372549 0.60000000
v 30.44824786 18.28697609 -7.33777974 0.54509804 0.71372549 0.60000000
v 29.39139541 19.34848644 -7.33777974 0.54509804 0.71372549 0.60000000
v 28.98545326 19.75152003 -7.33777974 0.54509804 0.71372549 0.60000000
v 28.67049633 20.04669666 -6.73090883 0.54509804 0.71372549 0.60000000
v 28.31354654 20.37593715 -7.33777974 0.54509804 0.71372549 0.60000000
v 27.86560732 20.72788126 -7.33777974 0.54509804 0.71372549 0.60000000
v 28.66699552 20.05237467 -7.33777974 0.54509804 0.71372549 0.60000000
v 27.56115071 20.95494279 -7.33777974 0.54509804 0.71372549 0.60000000
v 27.51215835 20.98900244 -7.33777974 0.54509804 0.71372549 0.60000000
v 27.50166013 20.97764642 -6.73090883 0.54509804 0.71372549 0.60000000
v 36.88384854 -9.11928226 -5.31609177 0.54509804 0.71372549 0.60000000
v 36.80685813 -8.40971654 -3.90127471 0.54509804 0.71372549 0.60000000
v 36.69487227 -10.31135268 -6.14231442 0.54509804 0.71372549 0.60000000
v 36.94333912 -9.82317101 -6.73090883 0.54509804 0.71372549 0.60000000
v 37.21979979 -7.70015136 -6.02167139 0.54509804 0.71372549 0.60000000
v 37.21630109 -6.99626208 -5.31609177 0.54509804 0.71372549 0.60000000
v 37.29328939 -6.28102046 -5.33071466 0.54509804 0.71372549 0.60000000
v 37.32128744 -6.51943433 -5.80232070 0.54509804 0.71372549 0.60000000
v 37.37027980 -6.28102046 -6.03263961 0.54509804 0.71372549 0.60000000
v 37.41577346 -6.28669689 -6.73090883 0.54509804 0.71372549 0.60000000
v 37.48576225 -5.67930855 -7.33777974 0.54509804 0.71372549 0.60000000
v 37.51375819 -4.97541980 -7.33777974 0.54509804 0.71372549 0.60000000
v 33.88476554 12.97374947 -7.33777974 0.54509804 0.71372549 0.60000000
v 33.71329121 13.34840037 -7.33777974 0.54509804 0.71372549 0.60000000
v 27.08171896 21.27282725 -7.33777974 0.54509804 0.71372549 0.60000000
v 22.52185664 23.78185173 -7.22079243 0.54509804 0.71372549 0.60000000
v 22.65833763 23.69102880 -7.33777974 0.54509804 0.71372549 0.60000000
v 22.34688150 23.84997103 -7.33777974 0.54509804 0.71372549 0.60000000
v 5.55972859 27.99950729 -7.33777974 0.54509804 0.71372549 0.60000000
v 1.76625901 27.27291544 -7.33777974 0.54509804 0.71372549 0.60000000
v 5.48273924 28.01653711 -6.28854962 0.54509804 0.71372549 0.60000000
v 1.76625901 27.27291544 2.41970134 0.54509804 0.71372549 0.60000000
v 36.57589112 -11.01524090 -7.33777974 0.54509804 0.71372549 0.60000000
v 36.62488348 -10.87332850 -7.23176065 0.54509804 0.71372549 0.60000000
v 36.74036804 -10.44758918 -6.73090883 0.54509804 0.71372549 0.60000000
v 36.99583229 -9.11928226 -6.02167139 0.54509804 0.71372549 0.60000000
v 37.11131474 -8.40971654 -6.02167139 0.54509804 0.71372549 0.60000000
v 36.73686723 -10.57247281 -7.33777974 0.54509804 0.71372549 0.60000000
v 36.95033652 -9.91399605 -7.33777974 0.54509804 0.71372549 0.60000000
v 36.97833457 -9.82317101 -7.33777974 0.54509804 0.71372549 0.60000000
v 37.07631929 -9.11928226 -6.73090883 0.54509804 0.71372549 0.60000000
v 37.29678809 -7.67176867 -6.76381138 0.54509804 0.71372549 0.60000000
v 37.29678809 -6.97923278 -6.03263961 0.54509804 0.71372549 0.60000000
v 37.19180385 -8.40971654 -6.73090883 0.54509804 0.71372549 0.60000000
v 37.34228386 -7.41064853 -7.02337712 0.54509804 0.71372549 0.60000000
v 37.34578257 -7.45606053 -7.33777974 0.54509804 0.71372549 0.60000000
v 36.67737455 -10.74276791 -7.33777974 0.54509804 0.71372549 0.60000000
v 37.10431734 -9.11928226 -7.33777974 0.54509804 0.71372549 0.60000000
v 37.29678809 -7.90450611 -7.33777974 0.54509804 0.71372549 0.60000000
v 37.31078712 -7.80232873 -7.33777974 0.54509804 0.71372549 0.60000000
v 37.32128744 -7.72285709 -7.33777974 0.54509804 0.71372549 0.60000000
f 1 2 3
f 1 3 4
f 1 4 5
f 1 5 6
f 1 6 7
f 1 7 8
f 1 8 2
f 2 9 10
f 2 10 11
f 2 11 3
f 2 8 9
f 3 11 12
f 3 12 13
f 3 13 14
f 3 14 4
f 4 15 5
f 4 14 16
f 4 16 17
f 4 17 18
f 4 18 19
f 4 19 15
f 5 20 19
f 5 19 21
f 5 21 22
f 5 22 23
f 5 23 24
f 5 24 7
f 5 7 6
f 5 15 20
f 7 25 26
f 7 26 8
f 7 24 27
f 7 27 25
f 8 26 28
f 8 28 29
f 8 29 30
f 8 30 9
f 9 31 32
f 9 32 10
f 9 30 33
f 9 33 31
f 10 32 34
f 10 34 11
f 11 34 12
f 12 34 35
f 12 35 36
f 12 36 13
f 13 37 14
f 13 36 38
f 13 38 37
f 14 37 39
f 14 39 16
f 15 19 20
f 16 40 41
f 16 41 42
f 16 42 17
f 16 39 43
f 16 43 40
f 17 42 18
f 18 44 45
f 18 45 46
f 18 46 19
f 18 42 41
f 18 41 44
f 19 46 47
f 19 47 48
f 19 48 22
f 19 22 21
f 22 48 23
f 23 49 50
f 23 50 51
f 23 51 52
f 23 52 53
f 23 53 27
f 23 27 54
f 23 54 24
f 23 48 55
f 23 55 56
f 23 56 57
f 23 57 58
f 23 58 49
f 24 54 27
f 25 27 53
f 25 53 52
f 25 52 82
f 25 82 110
f 25 110 109
f 25 109 152
f 25 152 204
f 25 204 264
f 25 264 267
f 25 267 337
f 25 337 336
f 25 336 335
f 25 335 417
f 25 417 514
f 25 514 513
f 25 513 549
f 25 549 648
f 25 648 647
f 25 647 753
f 25 753 874
f 25 874 995
f 25 995 1105
f 25 1105 1216
f 25 1216 1338
f 25 1338 1444
f 25 1444 1443
f 25 1443 1442
f 25 1442 1441
f 25 1441 1335
f 25 1335 1213
f 25 1213 1212
f 25 1212 1334
f 25 1334 1440
f 25 1440 1332
f 25 1332 1439
f 25 1439 1537
f 25 1537 1536
f 25 1536 1535
f 25 1535 1598
f 25 1598 1596
f 25 1596 1556
f 25 1556 1462
f 25 1462 1461
f 25 1461 1352
f 25 1352 1350
f 25 1350 1229
f 25 1229 1116
f 25 1116 1115
f 25 1115 1114
f 25 1114 1113
f 25 1113 1112
f 25 1112 1003
f 25 1003 884
f 25 884 883
f 25 883 763
f 25 763 762
f 25 762 659
f 25 659 562
f 25 562 561
f 25 561 451
f 25 451 367
f 25 367 302
f 25 302 300
f 25 300 240
f 25 240 226
f 25 226 225
f 25 225 224
f 25 224 165
f 25 165 164
f 25 164 118
f 25 118 117
f 25 117 116
f 25 116 88
f 25 88 87
f 25 87 86
f 25 86 59
f 25 59 33
f 25 33 29
f 25 29 28
f 25 28 26
f 29 33 30
f 31 59 32
f 31 33 59
f 32 60 35
f 32 35 34
f 32 59 61
f 32 61 60
f 35 60 62
f 35 62 63
f 35 63 36
f 36 63 38
f 37 38 64
f 37 64 65
f 37 65 39
f 38 63 66
f 38 66 64
f 39 67 68
f 39 68 69
f 39 69 70
f 39 70 72
f 39 72 43
f 39 65 71
f 39 71 67
f 40 72 41
f 40 43 72
f 41 72 44
f 44 73 74
f 44 74 45
f 44 72 73
f 45 74 75
f 45 75 46
f 46 75 76
f 46 76 77
f 46 77 47
f 47 77 55
f 47 55 48
f 49 58 78
f 49 78 50
f 50 78 51
f 51 78 79
f 51 79 80
f 51 80 81
f 51 81 52
f 52 81 82
f 55 77 56
f 56 83 57
f 56 77 83
f 57 83 84
f 57 84 58
f 58 84 85
f 58 85 78
f 59 86 61
f 60 61 87
f 60 87 62
f 61 86 87
f 62 87 88
f 62 88 89
f 62 89 63
f 63 89 90
f 63 90 66
f 64 66 91
f 64 91 65
f 65 92 71
f 65 91 93
f 65 93 92
f 66 90 94
f 66 94 91
f 67 71 95
f 67 95 68
f 68 95 96
f 68 96 97
f 68 97 98
f 68 98 69
f 69 98 72
f 69 72 70
f 71 92 99
f 71 99 95
f 72 98 73
f 73 100 101
f 73 101 102
f 73 102 74
f 73 98 103
f 73 103 100
f 74 76 75
f 74 102 104
f 74 104 76
f 76 104 77
f 77 104 105
f 77 105 83
f 78 85 106
f 78 106 107
f 78 107 80
f 78 80 79
f 80 107 81
f 81 107 108
f 81 108 109
f 81 109 110
f 81 110 82
f 83 105 111
f 83 111 84
f 84 112 113
f 84 113 114
f 84 114 115
f 84 115 85
f 84 111 112
f 85 115 106
f 88 116 90
f 88 90 89
f 90 116 117
f 90 117 118
f 90 118 119
f 90 119 120
f 90 120 94
f 91 94 93
f 92 93 99
f 93 94 121
f 93 121 122
f 93 122 123
f 93 123 124
f 93 124 125
f 93 125 126
f 93 126 127
f 93 127 99
f 94 120 128
f 94 128 129
f 94 129 130
f 94 130 121
f 95 131 132
f 95 132 133
f 95 133 134
f 95 134 96
f 95 99 135
f 95 135 136
f 95 136 131
f 96 134 103
f 96 103 97
f 97 103 98
f 99 127 137
f 99 137 135
f 100 138 139
f 100 139 140
f 100 140 141
f 100 141 101
f 100 103 142
f 100 142 143
f 100 143 144
f 100 144 145
f 100 145 146
f 100 146 147
f 100 147 138
f 101 141 102
f 102 141 104
f 103 134 142
f 104 141 148
f 104 148 105
f 105 148 149
f 105 149 112
f 105 112 111
f 106 115 150
f 106 150 108
f 106 108 107
f 108 150 151
f 108 151 152
f 108 152 109
f 112 153 154
f 112 154 155
f 112 155 113
f 112 149 153
f 113 155 156
f 113 156 157
f 113 157 158
f 113 158 159
f 113 159 160
f 113 160 161
f 113 161 114
f 114 161 162
f 114 162 115
f 115 163 150
f 115 162 163
f 118 164 119
f 119 164 120
f 120 164 165
f 120 165 166
f 120 166 128
f 121 130 129
f 121 129 167
f 121 167 122
f 122 167 123
f 123 167 168
f 123 168 124
f 124 169 125
f 124 168 169
f 125 169 170
f 125 170 171
f 125 171 126
f 126 171 170
f 126 170 172
f 126 172 173
f 126 173 174
f 126 174 175
f 126 175 137
f 126 137 127
f 128 166 129
f 129 166 176
f 129 176 177
f 129 177 178
f 129 178 179
f 129 179 180
f 129 180 167
f 131 181 182
f 131 182 183
f 131 183 145
f 131 145 132
f 131 136 181
f 132 145 133
f 133 145 143
f 133 143 142
f 133 142 134
f 135 137 184
f 135 184 136
f 136 184 185
f 136 185 181
f 137 175 184
f 138 147 186
f 138 186 187
f 138 187 188
f 138 188 139
f 139 188 189
f 139 189 140
f 140 189 190
f 140 190 191
f 140 191 192
f 140 192 193
f 140 193 149
f 140 149 141
f 141 149 148
f 143 145 144
f 145 183 146
f 146 183 147
f 147 183 182
f 147 182 194
f 147 194 195
f 147 195 196
f 147 196 186
f 149 193 192
f 149 192 197
f 149 197 198
f 149 198 199
f 149 199 200
f 149 200 153
f 150 163 151
f 151 201 152
f 151 163 162
f 151 162 201
f 152 201 202
f 152 202 203
f 152 203 204
f 153 200 154
f 154 205 155
f 154 200 199
f 154 199 206
f 154 206 207
f 154 207 208
f 154 208 205
f 155 205 209
f 155 209 156
f 156 210 211
f 156 211 157
f 156 209 212
f 156 212 210
f 157 159 158
f 157 211 213
f 157 213 214
f 157 214 215
f 157 215 216
f 157 216 217
f 157 217 159
f 159 218 219
f 159 219 160
f 159 217 220
f 159 220 218
f 160 219 221
f 160 221 162
f 160 162 161
f 162 221 222
f 162 222 223
f 162 223 201
f 165 224 166
f 166 224 225
f 166 225 226
f 166 226 176
f 167 180 227
f 167 227 228
f 167 228 168
f 168 228 229
f 168 229 230
f 168 230 170
f 168 170 169
f 170 231 172
f 170 230 229
f 170 229 232
f 170 232 233
f 170 233 231
f 172 231 173
f 173 234 174
f 173 231 234
f 174 235 236
f 174 236 184
f 174 184 175
f 174 234 237
f 174 237 238
f 174 238 239
f 174 239 235
f 176 226 240
f 176 240 241
f 176 241 178
f 176 178 177
f 178 241 242
f 178 242 243
f 178 243 179
f 179 243 244
f 179 244 180
f 180 244 228
f 180 228 227
f 181 245 182
f 181 185 246
f 181 246 247
f 181 247 245
f 182 245 195
f 182 195 194
f 184 248 185
f 184 236 235
f 184 235 248
f 185 248 247
f 185 247 246
f 186 249 250
f 186 250 187
f 186 196 249
f 187 250 188
f 188 251 190
f 188 190 189
f 188 250 252
f 188 252 251
f 190 253 191
f 190 251 252
f 190 252 254
f 190 254 253
f 191 253 254
f 191 254 192
f 192 254 255
f 192 255 256
f 192 256 257
f 192 257 197
f 195 258 259
f 195 259 196
f 195 245 260
f 195 260 258
f 196 259 249
f 197 257 198
f 198 261 199
f 198 257 261
f 199 262 206
f 199 261 263
f 199 263 262
f 201 223 202
f 202 223 203
f 203 264 204
f 203 223 222
f 203 222 265
f 203 265 266
f 203 266 267
f 203 267 264
f 205 212 209
f 205 208 268
f 205 268 212
f 206 262 269
f 206 269 270
f 206 270 207
f 207 270 208
f 208 270 271
f 208 271 272
f 208 272 268
f 210 268 211
f 210 212 268
f 211 268 273
f 211 273 274
f 211 274 213
f 213 274 275
f 213 275 214
f 214 275 215
f 215 275 216
f 216 275 276
f 216 276 217
f 217 276 277
f 217 277 278
f 217 278 279
f 217 279 280
f 217 280 220
f 218 281 219
f 218 220 280
f 218 280 266
f 218 266 281
f 219 281 221
f 221 281 265
f 221 265 222
f 228 282 283
f 228 283 284
f 228 284 232
f 228 232 229
f 228 244 285
f 228 285 282
f 231 233 286
f 231 286 237
f 231 237 234
f 232 287 233
f 232 284 283
f 232 283 288
f 232 288 287
f 233 287 286
f 235 239 289
f 235 289 290
f 235 290 291
f 235 291 292
f 235 292 248
f 237 286 293
f 237 293 294
f 237 294 295
f 237 295 296
f 237 296 297
f 237 297 238
f 238 297 296
f 238 296 298
f 238 298 239
f 239 298 299
f 239 299 289
f 240 300 301
f 240 301 241
f 241 301 300
f 241 300 302
f 241 302 303
f 241 303 242
f 242 303 304
f 242 304 243
f 243 304 305
f 243 305 306
f 243 306 307
f 243 307 244
f 244 307 285
f 245 308 260
f 245 247 309
f 245 309 310
f 245 310 311
f 245 311 312
f 245 312 308
f 247 248 291
f 247 291 313
f 247 313 289
f 247 289 314
f 247 314 310
f 247 310 309
f 248 292 291
f 249 315 250
f 249 259 315
f 250 315 252
f 252 316 317
f 252 317 318
f 252 318 319
f 252 319 320
f 252 320 321
f 252 321 322
f 252 322 323
f 252 323 324
f 252 324 325
f 252 325 326
f 252 326 255
f 252 255 254
f 252 315 259
f 252 259 316
f 255 326 325
f 255 325 327
f 255 327 256
f 256 327 257
f 257 327 328
f 257 328 261
f 258 329 330
f 258 330 259
f 258 260 308
f 258 308 331
f 258 331 332
f 258 332 329
f 259 330 316
f 261 328 263
f 262 263 269
f 263 328 269
f 265 281 333
f 265 333 266
f 266 280 334
f 266 334 335
f 266 335 336
f 266 336 337
f 266 337 267
f 266 333 281
f 268 272 274
f 268 274 273
f 269 338 339
f 269 339 340
f 269 340 341
f 269 341 342
f 269 342 343
f 269 343 344
f 269 344 270
f 269 328 324
f 269 324 338
f 270 344 343
f 270 343 271
f 271 343 345
f 271 345 272
f 272 345 346
f 272 346 347
f 272 347 348
f 272 348 274
f 274 348 275
f 275 348 349
f 275 349 276
f 276 349 350
f 276 350 351
f 276 351 352
f 276 352 278
f 276 278 277
f 278 352 279
f 279 353 354
f 279 354 334
f 279 334 280
f 279 352 355
f 279 355 356
f 279 356 353
f 282 285 283
f 283 285 357
f 283 357 288
f 285 307 357
f 286 287 293
f 287 358 293
f 287 288 358
f 288 357 359
f 288 359 358
f 289 360 290
f 289 299 314
f 289 313 291
f 289 291 360
f 290 360 291
f 293 358 294
f 294 358 361
f 294 361 362
f 294 362 295
f 295 362 363
f 295 363 296
f 296 363 364
f 296 364 298
f 298 364 299
f 299 364 365
f 299 365 366
f 299 366 314
f 302 367 368
f 302 368 369
f 302 369 370
f 302 370 371
f 302 371 372
f 302 372 373
f 302 373 303
f 303 305 304
f 303 373 305
f 305 373 374
f 305 374 375
f 305 375 376
f 305 376 306
f 306 377 378
f 306 378 379
f 306 379 307
f 306 376 377
f 307 380 381
f 307 381 357
f 307 379 380
f 308 312 331
f 310 382 383
f 310 383 384
f 310 384 311
f 310 314 385
f 310 385 386
f 310 386 382
f 311 387 312
f 311 384 387
f 312 387 388
f 312 388 389
f 312 389 331
f 314 366 390
f 314 390 385
f 316 330 317
f 317 391 392
f 317 392 318
f 317 330 391
f 318 392 319
f 319 393 394
f 319 394 320
f 319 392 395
f 319 395 393
f 320 394 396
f 320 396 397
f 320 397 398
f 320 398 321
f 321 398 322
f 322 398 323
f 323 398 399
f 323 399 400
f 323 400 401
f 323 401 402
f 323 402 403
f 323 403 404
f 323 404 405
f 323 405 406
f 323 406 339
f 323 339 407
f 323 407 324
f 324 328 327
f 324 327 325
f 324 407 408
f 324 408 409
f 324 409 338
f 329 410 330
f 329 332 411
f 329 411 412
f 329 412 413
f 329 413 392
f 329 392 410
f 330 410 391
f 331 389 332
f 332 414 411
f 332 389 388
f 332 388 387
f 332 387 415
f 332 415 414
f 334 354 335
f 335 353 416
f 335 416 417
f 335 354 353
f 338 409 339
f 339 406 418
f 339 418 340
f 339 409 407
f 340 419 420
f 340 420 421
f 340 421 422
f 340 422 423
f 340 423 342
f 340 342 341
f 340 418 424
f 340 424 425
f 340 425 426
f 340 426 419
f 342 423 343
f 343 423 427
f 343 427 428
f 343 428 345
f 345 428 346
f 346 429 430
f 346 430 431
f 346 431 432
f 346 432 433
f 346 433 434
f 346 434 348
f 346 348 347
f 346 428 429
f 348 434 435
f 348 435 349
f 349 435 350
f 350 435 351
f 351 435 352
f 352 435 436
f 352 436 437
f 352 437 438
f 352 438 355
f 353 356 416
f 355 438 356
f 356 439 416
f 356 438 440
f 356 440 441
f 356 441 439
f 357 381 359
f 358 359 361
f 359 381 442
f 359 442 443
f 359 443 444
f 359 444 445
f 359 445 361
f 361 445 446
f 361 446 362
f 362 446 447
f 362 447 363
f 363 447 448
f 363 448 364
f 364 448 365
f 365 448 449
f 365 449 366
f 366 449 450
f 366 450 385
f 366 385 390
f 367 451 368
f 368 451 369
f 369 371 370
f 369 451 452
f 369 452 453
f 369 453 454
f 369 454 455
f 369 455 371
f 371 455 372
f 372 455 456
f 372 456 457
f 372 457 374
f 372 374 373
f 374 457 458
f 374 458 459
f 374 459 375
f 375 459 460
f 375 460 376
f 376 460 461
f 376 461 462
f 376 462 377
f 377 463 464
f 377 464 378
f 377 462 461
f 377 461 465
f 377 465 466
f 377 466 463
f 378 464 379
f 379 464 381
f 379 381 380
f 381 463 442
f 381 464 463
f 382 386 467
f 382 467 468
f 382 468 469
f 382 469 470
f 382 470 471
f 382 471 472
f 382 472 384
f 382 384 383
f 384 472 471
f 384 471 387
f 385 473 474
f 385 474 475
f 385 475 476
f 385 476 386
f 385 450 477
f 385 477 478
f 385 478 473
f 386 476 479
f 386 479 480
f 386 480 467
f 387 471 481
f 387 481 482
f 387 482 483
f 387 483 415
f 391 410 392
f 392 413 484
f 392 484 395
f 393 395 485
f 393 485 486
f 393 486 487
f 393 487 488
f 393 488 489
f 393 489 490
f 393 490 394
f 394 490 491
f 394 491 492
f 394 492 493
f 394 493 494
f 394 494 495
f 394 495 496
f 394 496 396
f 395 484 485
f 396 496 497
f 396 497 397
f 397 497 398
f 398 497 498
f 398 498 399
f 399 498 400
f 400 498 499
f 400 499 401
f 401 499 500
f 401 500 501
f 401 501 402
f 402 502 503
f 402 503 504
f 402 504 505
f 402 505 403
f 402 501 506
f 402 506 502
f 403 507 404
f 403 505 507
f 404 507 425
f 404 425 424
f 404 424 405
f 405 424 406
f 406 424 418
f 407 409 408
f 411 508 486
f 411 486 509
f 411 509 412
f 411 414 510
f 411 510 511
f 411 511 508
f 412 512 484
f 412 484 413
f 412 509 486
f 412 486 512
f 414 415 510
f 415 483 510
f 416 439 513
f 416 513 514
f 416 514 417
f 419 505 515
f 419 515 516
f 419 516 420
f 419 426 425
f 419 425 517
f 419 517 507
f 419 507 505
f 420 516 518
f 420 518 519
f 420 519 520
f 420 520 521
f 420 521 421
f 421 522 523
f 421 523 422
f 421 521 524
f 421 524 525
f 421 525 522
f 422 523 526
f 422 526 427
f 422 427 423
f 425 507 517
f 427 526 428
f 428 526 522
f 428 522 527
f 428 527 429
f 429 527 528
f 429 528 525
f 429 525 529
f 429 529 430
f 430 529 530
f 430 530 531
f 430 531 431
f 431 531 432
f 432 531 532
f 432 532 533
f 432 533 534
f 432 534 535
f 432 535 536
f 432 536 433
f 433 536 537
f 433 537 538
f 433 538 434
f 434 538 539
f 434 539 435
f 435 539 540
f 435 540 541
f 435 541 436
f 436 541 542
f 436 542 543
f 436 543 437
f 437 543 544
f 437 544 438
f 438 544 545
f 438 545 546
f 438 546 547
f 438 547 441
f 438 441 440
f 439 441 513
f 441 547 548
f 441 548 549
f 441 549 513
f 442 463 550
f 442 550 551
f 442 551 443
f 443 552 553
f 443 553 444
f 443 551 554
f 443 554 555
f 443 555 552
f 444 553 445
f 445 553 446
f 446 553 556
f 446 556 557
f 446 557 447
f 447 557 558
f 447 558 448
f 448 558 449
f 449 558 559
f 449 559 560
f 449 560 477
f 449 477 450
f 451 561 452
f 452 561 562
f 452 562 563
f 452 563 453
f 453 563 564
f 453 564 454
f 454 456 455
f 454 564 565
f 454 565 566
f 454 566 456
f 456 566 567
f 456 567 458
f 456 458 457
f 458 567 460
f 458 460 459
f 460 567 568
f 460 568 461
f 461 568 569
f 461 569 570
f 461 570 465
f 463 571 550
f 463 466 572
f 463 572 571
f 465 570 573
f 465 573 574
f 465 574 575
f 465 575 572
f 465 572 466
f 467 480 576
f 467 576 468
f 468 576 577
f 468 577 469
f 469 577 578
f 469 578 579
f 469 579 481
f 469 481 470
f 470 481 471
f 473 478 580
f 473 580 474
f 474 581 582
f 474 582 583
f 474 583 475
f 474 580 584
f 474 584 585
f 474 585 586
f 474 586 587
f 474 587 581
f 475 583 582
f 475 582 479
f 475 479 476
f 477 560 478
f 478 560 559
f 478 559 588
f 478 588 589
f 478 589 590
f 478 590 584
f 478 584 580
f 479 582 480
f 480 582 591
f 480 591 578
f 480 578 577
f 480 577 576
f 481 579 482
f 482 579 511
f 482 511 483
f 483 511 510
f 484 512 486
f 484 486 485
f 486 508 592
f 486 592 487
f 487 592 488
f 488 592 593
f 488 593 489
f 489 594 490
f 489 593 595
f 489 595 596
f 489 596 597
f 489 597 598
f 489 598 594
f 490 594 491
f 491 594 599
f 491 599 600
f 491 600 601
f 491 601 602
f 491 602 603
f 491 603 492
f 492 603 604
f 492 604 493
f 493 604 605
f 493 605 495
f 493 495 494
f 495 497 496
f 495 605 606
f 495 606 500
f 495 500 498
f 495 498 497
f 498 500 499
f 500 606 501
f 501 606 506
f 502 607 608
f 502 608 609
f 502 609 504
f 502 504 503
f 502 506 610
f 502 610 611
f 502 611 612
f 502 612 607
f 504 609 613
f 504 613 614
f 504 614 615
f 504 615 505
f 505 615 515
f 506 606 610
f 508 616 592
f 508 511 616
f 511 617 592
f 511 592 616
f 511 579 617
f 515 615 618
f 515 618 619
f 515 619 519
f 515 519 516
f 516 519 518
f 519 620 520
f 519 619 621
f 519 621 622
f 519 622 530
f 519 530 620
f 520 620 521
f 521 620 524
f 522 526 523
f 522 525 528
f 522 528 527
f 524 620 525
f 525 620 530
f 525 530 529
f 530 623 624
f 530 624 625
f 530 625 531
f 530 622 621
f 530 621 626
f 530 626 627
f 530 627 623
f 531 625 624
f 531 624 628
f 531 628 629
f 531 629 630
f 531 630 631
f 531 631 533
f 531 533 532
f 533 631 534
f 534 631 632
f 534 632 633
f 534 633 535
f 535 633 634
f 535 634 536
f 536 634 537
f 537 634 635
f 537 635 541
f 537 541 538
f 538 541 540
f 538 540 539
f 541 635 634
f 541 634 636
f 541 636 637
f 541 637 638
f 541 638 639
f 541 639 640
f 541 640 542
f 542 640 641
f 542 641 543
f 543 641 544
f 544 641 642
f 544 642 643
f 544 643 545
f 545 643 546
f 546 643 644
f 546 644 645
f 546 645 547
f 547 645 548
f 548 645 646
f 548 646 647
f 548 647 648
f 548 648 549
f 550 571 554
f 550 554 551
f 552 649 553
f 552 555 650
f 552 650 649
f 553 651 652
f 553 652 556
f 553 649 651
f 554 653 654
f 554 654 655
f 554 655 555
f 554 571 572
f 554 572 653
f 555 655 656
f 555 656 657
f 555 657 650
f 556 658 557
f 556 652 658
f 557 658 558
f 558 658 559
f 559 658 588
f 562 659 660
f 562 660 564
f 562 564 563
f 564 660 565
f 565 660 661
f 565 661 662
f 565 662 663
f 565 663 566
f 566 664 567
f 566 663 665
f 566 665 664
f 567 664 666
f 567 666 568
f 568 666 569
f 569 666 667
f 569 667 570
f 570 668 573
f 570 667 668
f 572 575 669
f 572 669 653
f 573 668 574
f 574 670 671
f 574 671 672
f 574 672 575
f 574 668 673
f 574 673 670
f 575 674 669
f 575 672 674
f 578 675 676
f 578 676 677
f 578 677 678
f 578 678 679
f 578 679 680
f 578 680 579
f 578 591 675
f 579 680 592
f 579 592 617
f 581 681 682
f 581 682 582
f 581 587 681
f 582 682 683
f 582 683 684
f 582 684 685
f 582 685 591
f 584 590 589
f 584 589 585
f 585 589 586
f 586 589 686
f 586 686 687
f 586 687 688
f 586 688 587
f 587 688 689
f 587 689 690
f 587 690 681
f 588 686 589
f 588 658 691
f 588 691 686
f 591 685 675
f 592 680 679
f 592 679 692
f 592 692 693
f 592 693 593
f 593 693 694
f 593 694 595
f 594 598 695
f 594 695 599
f 595 694 696
f 595 696 697
f 595 697 596
f 596 697 698
f 596 698 699
f 596 699 597
f 597 699 598
f 598 699 695
f 599 695 600
f 600 695 601
f 601 700 602
f 601 695 701
f 601 701 702
f 601 702 700
f 602 700 603
f 603 700 703
f 603 703 704
f 603 704 705
f 603 705 605
f 603 605 604
f 605 705 606
f 606 705 704
f 606 704 706
f 606 706 610
f 607 612 608
f 608 707 708
f 608 708 709
f 608 709 710
f 608 710 711
f 608 711 712
f 608 712 713
f 608 713 714
f 608 714 715
f 608 715 716
f 608 716 615
f 608 615 613
f 608 613 609
f 608 612 707
f 610 706 611
f 611 706 717
f 611 717 718
f 611 718 612
f 612 718 719
f 612 719 720
f 612 720 721
f 612 721 722
f 612 722 707
f 613 615 614
f 615 716 715
f 615 715 723
f 615 723 724
f 615 724 725
f 615 725 726
f 615 726 727
f 615 727 728
f 615 728 618
f 618 728 621
f 618 621 619
f 621 728 729
f 621 729 730
f 621 730 627
f 621 627 626
f 623 627 731
f 623 731 732
f 623 732 733
f 623 733 734
f 623 734 624
f 624 734 735
f 624 735 736
f 624 736 737
f 624 737 628
f 627 730 738
f 627 738 733
f 627 733 739
f 627 739 731
f 628 737 740
f 628 740 629
f 629 740 630
f 630 740 631
f 631 740 741
f 631 741 632
f 632 741 742
f 632 742 743
f 632 743 744
f 632 744 633
f 633 744 745
f 633 745 634
f 634 745 636
f 636 746 747
f 636 747 637
f 636 745 746
f 637 747 638
f 638 747 639
f 639 747 748
f 639 748 749
f 639 749 640
f 640 749 641
f 641 749 642
f 642 749 643
f 643 749 750
f 643 750 644
f 644 751 645
f 644 750 751
f 645 751 646
f 646 751 750
f 646 750 647
f 647 750 752
f 647 752 753
f 649 650 651
f 650 657 651
f 651 691 652
f 651 657 656
f 651 656 691
f 652 691 658
f 653 754 654
f 653 669 754
f 654 754 755
f 654 755 756
f 654 756 656
f 654 656 655
f 656 756 757
f 656 757 758
f 656 758 759
f 656 759 760
f 656 760 761
f 656 761 691
f 659 762 660
f 660 762 661
f 661 762 763
f 661 763 764
f 661 764 662
f 662 764 765
f 662 765 663
f 663 765 766
f 663 766 767
f 663 767 768
f 663 768 665
f 664 768 666
f 664 665 768
f 666 768 667
f 667 768 767
f 667 767 769
f 667 769 770
f 667 770 771
f 667 771 772
f 667 772 773
f 667 773 668
f 668 773 673
f 669 674 774
f 669 774 775
f 669 775 776
f 669 776 755
f 669 755 754
f 670 777 778
f 670 778 779
f 670 779 780
f 670 780 781
f 670 781 782
f 670 782 671
f 670 673 783
f 670 783 784
f 670 784 777
f 671 782 672
f 672 782 674
f 673 773 785
f 673 785 783
f 674 782 774
f 675 685 676
f 676 786 787
f 676 787 788
f 676 788 677
f 676 685 786
f 677 788 789
f 677 789 679
f 677 679 678
f 679 789 693
f 679 693 692
f 681 690 790
f 681 790 682
f 682 790 791
f 682 791 792
f 682 792 684
f 682 684 683
f 684 793 794
f 684 794 795
f 684 795 796
f 684 796 786
f 684 786 685
f 684 792 797
f 684 797 793
f 686 798 799
f 686 799 687
f 686 691 798
f 687 799 688
f 688 799 800
f 688 800 689
f 689 801 802
f 689 802 803
f 689 803 690
f 689 800 804
f 689 804 805
f 689 805 801
f 690 803 790
f 691 761 806
f 691 806 798
f 693 789 807
f 693 807 808
f 693 808 694
f 694 808 809
f 694 809 696
f 695 699 701
f 696 809 810
f 696 810 811
f 696 811 697
f 697 811 812
f 697 812 813
f 697 813 814
f 697 814 698
f 698 814 699
f 699 815 702
f 699 702 701
f 699 814 816
f 699 816 815
f 700 817 818
f 700 818 819
f 700 819 703
f 700 702 820
f 700 820 817
f 702 815 820
f 703 819 704
f 704 819 706
f 706 819 717
f 707 722 708
f 708 821 822
f 708 822 823
f 708 823 709
f 708 722 721
f 708 721 821
f 709 823 824
f 709 824 825
f 709 825 826
f 709 826 710
f 710 826 711
f 711 825 827
f 711 827 828
f 711 828 829
f 711 829 830
f 711 830 831
f 711 831 712
f 711 826 825
f 712 831 832
f 712 832 713
f 713 832 831
f 713 831 714
f 714 723 715
f 714 831 723
f 717 819 818
f 717 818 833
f 717 833 834
f 717 834 835
f 717 835 836
f 717 836 837
f 717 837 838
f 717 838 839
f 717 839 721
f 717 721 840
f 717 840 718
f 718 840 720
f 718 720 719
f 720 840 721
f 721 839 841
f 721 841 842
f 721 842 843
f 721 843 844
f 721 844 845
f 721 845 846
f 721 846 847
f 721 847 848
f 721 848 821
f 723 831 724
f 724 831 849
f 724 849 725
f 725 849 850
f 725 850 726
f 726 850 851
f 726 851 728
f 726 728 727
f 728 851 729
f 729 851 730
f 730 851 733
f 730 733 738
f 731 739 732
f 732 739 733
f 733 852 853
f 733 853 854
f 733 854 855
f 733 855 856
f 733 856 857
f 733 857 734
f 733 851 858
f 733 858 859
f 733 859 852
f 734 857 735
f 735 856 855
f 735 855 736
f 735 857 856
f 736 855 741
f 736 741 737
f 737 741 740
f 741 855 860
f 741 860 742
f 742 860 861
f 742 861 743
f 743 862 863
f 743 863 864
f 743 864 744
f 743 861 862
f 744 864 865
f 744 865 866
f 744 866 745
f 745 866 865
f 745 865 747
f 745 747 746
f 747 865 867
f 747 867 868
f 747 868 748
f 748 868 749
f 749 868 869
f 749 869 870
f 749 870 750
f 750 870 871
f 750 871 872
f 750 872 752
f 752 872 753
f 753 872 873
f 753 873 874
f 755 776 875
f 755 875 876
f 755 876 877
f 755 877 757
f 755 757 756
f 757 877 758
f 758 877 878
f 758 878 879
f 758 879 880
f 758 880 881
f 758 881 759
f 759 881 760
f 760 881 882
f 760 882 761
f 761 882 806
f 763 883 764
f 764 883 884
f 764 884 885
f 764 885 886
f 764 886 765
f 765 886 766
f 766 886 887
f 766 887 888
f 766 888 767
f 767 888 769
f 769 888 770
f 770 888 887
f 770 887 889
f 770 889 890
f 770 890 891
f 770 891 771
f 771 785 772
f 771 891 890
f 771 890 892
f 771 892 893
f 771 893 894
f 771 894 785
f 772 785 773
f 774 782 780
f 774 780 775
f 775 895 776
f 775 780 895
f 776 896 875
f 776 895 896
f 777 897 898
f 777 898 899
f 777 899 900
f 777 900 778
f 777 784 901
f 777 901 897
f 778 900 780
f 778 780 779
f 780 782 781
f 780 900 902
f 780 902 895
f 783 785 894
f 783 894 784
f 784 894 901
f 786 788 787
f 786 796 903
f 786 903 904
f 786 904 807
f 786 807 788
f 788 807 905
f 788 905 789
f 789 905 807
f 790 803 906
f 790 906 907
f 790 907 908
f 790 908 909
f 790 909 910
f 790 910 791
f 791 910 792
f 792 909 797
f 792 910 909
f 793 797 909
f 793 909 911
f 793 911 912
f 793 912 794
f 794 912 913
f 794 913 795
f 795 914 915
f 795 915 916
f 795 916 903
f 795 903 796
f 795 913 917
f 795 917 914
f 798 806 918
f 798 918 805
f 798 805 804
f 798 804 799
f 799 804 800
f 801 919 920
f 801 920 802
f 801 805 919
f 802 920 921
f 802 921 803
f 803 921 906
f 805 918 922
f 805 922 923
f 805 923 919
f 806 882 924
f 806 924 925
f 806 925 918
f 807 904 926
f 807 926 809
f 807 809 808
f 809 926 903
f 809 903 810
f 810 927 811
f 810 903 916
f 810 916 927
f 811 927 812
f 812 927 928
f 812 928 929
f 812 929 930
f 812 930 931
f 812 931 932
f 812 932 933
f 812 933 813
f 813 933 814
f 814 933 816
f 815 934 820
f 815 816 935
f 815 935 934
f 816 933 935
f 817 834 818
f 817 820 934
f 817 934 834
f 818 834 833
f 821 936 822
f 821 848 936
f 822 937 823
f 822 936 937
f 823 937 938
f 823 938 939
f 823 939 940
f 823 940 941
f 823 941 942
f 823 942 824
f 824 942 943
f 824 943 825
f 825 943 827
f 827 944 945
f 827 945 830
f 827 830 828
f 827 943 942
f 827 942 944
f 828 830 829
f 830 946 947
f 830 947 831
f 830 945 946
f 831 947 948
f 831 948 949
f 831 949 849
f 834 934 835
f 835 934 950
f 835 950 951
f 835 951 952
f 835 952 836
f 836 952 953
f 836 953 954
f 836 954 837
f 837 955 838
f 837 954 956
f 837 956 955
f 838 955 839
f 839 955 841
f 841 955 842
f 842 955 957
f 842 957 843
f 843 957 958
f 843 958 844
f 844 959 845
f 844 958 959
f 845 959 960
f 845 960 961
f 845 961 962
f 845 962 963
f 845 963 846
f 846 963 847
f 847 963 964
f 847 964 965
f 847 965 966
f 847 966 967
f 847 967 848
f 848 967 936
f 849 949 968
f 849 968 969
f 849 969 970
f 849 970 851
f 849 851 850
f 851 970 971
f 851 971 858
f 852 972 973
f 852 973 974
f 852 974 975
f 852 975 976
f 852 976 853
f 852 859 968
f 852 968 972
f 853 976 854
f 854 976 855
f 855 976 860
f 858 971 970
f 858 970 859
f 859 970 969
f 859 969 968
f 860 976 861
f 861 976 862
f 862 977 978
f 862 978 979
f 862 979 980
f 862 980 863
f 862 976 981
f 862 981 977
f 863 980 982
f 863 982 864
f 864 982 865
f 865 982 983
f 865 983 984
f 865 984 985
f 865 985 986
f 865 986 987
f 865 987 988
f 865 988 867
f 867 988 868
f 868 988 989
f 868 989 869
f 869 989 870
f 870 989 990
f 870 990 871
f 871 990 988
f 871 988 991
f 871 991 992
f 871 992 993
f 871 993 872
f 872 993 992
f 872 992 994
f 872 994 874
f 872 874 873
f 874 994 995
f 875 896 996
f 875 996 997
f 875 997 998
f 875 998 876
f 876 879 877
f 876 998 999
f 876 999 1000
f 876 1000 922
f 876 922 1001
f 876 1001 879
f 877 879 878
f 879 1001 880
f 880 1001 881
f 881 1001 1002
f 881 1002 924
f 881 924 882
f 884 1003 1004
f 884 1004 1005
f 884 1005 885
f 885 1005 886
f 886 1005 1006
f 886 1006 1007
f 886 1007 1008
f 886 1008 1009
f 886 1009 1010
f 886 1010 887
f 887 1010 889
f 889 1010 1011
f 889 1011 890
f 890 1011 893
f 890 893 892
f 893 1011 1012
f 893 1012 1013
f 893 1013 1014
f 893 1014 1015
f 893 1015 1016
f 893 1016 894
f 894 1016 1017
f 894 1017 901
f 895 902 1018
f 895 1018 1019
f 895 1019 896
f 896 1020 1021
f 896 1021 997
f 896 997 996
f 896 1019 1022
f 896 1022 1023
f 896 1023 1020
f 897 1024 898
f 897 901 1025
f 897 1025 1024
f 898 1024 1026
f 898 1026 1027
f 898 1027 1028
f 898 1028 899
f 899 1028 900
f 900 1028 1029
f 900 1029 1030
f 900 1030 1018
f 900 1018 902
f 901 1017 1031
f 901 1031 1025
f 903 926 904
f 906 1032 907
f 906 921 1033
f 906 1033 1032
f 907 909 908
f 907 1032 1034
f 907 1034 1035
f 907 1035 911
f 907 911 909
f 911 1036 1037
f 911 1037 1038
f 911 1038 917
f 911 917 913
f 911 913 912
f 911 1035 1036
f 914 1039 1040
f 914 1040 1041
f 914 1041 915
f 914 917 1037
f 914 1037 1042
f 914 1042 1039
f 915 1041 916
f 916 1041 927
f 917 1038 1037
f 918 925 922
f 919 1043 1033
f 919 1033 920
f 919 923 1044
f 919 1044 1045
f 919 1045 1043
f 920 1033 921
f 922 925 1046
f 922 1046 1047
f 922 1047 1002
f 922 1002 1001
f 922 1000 1044
f 922 1044 923
f 924 1002 1046
f 924 1046 925
f 927 1041 1040
f 927 1040 1039
f 927 1039 928
f 928 1039 929
f 929 1048 930
f 929 1039 1048
f 930 1048 1049
f 930 1049 1050
f 930 1050 931
f 931 1050 932
f 932 1050 1051
f 932 1051 935
f 932 935 933
f 934 935 1051
f 934 1051 1052
f 934 1052 950
f 936 967 937
f 937 1053 1054
f 937 1054 1055
f 937 1055 939
f 937 939 938
f 937 967 1053
f 939 1056 1057
f 939 1057 941
f 939 941 940
f 939 1055 1056
f 941 1057 1058
f 941 1058 1059
f 941 1059 1060
f 941 1060 1061
f 941 1061 944
f 941 944 942
f 944 1061 1060
f 944 1060 945
f 945 1060 946
f 946 1060 947
f 947 1060 1059
f 947 1059 949
f 947 949 948
f 949 1062 1063
f 949 1063 968
f 949 1059 1062
f 950 1052 951
f 951 1052 1064
f 951 1064 1065
f 951 1065 952
f 952 1065 953
f 953 1065 1066
f 953 1066 1067
f 953 1067 1068
f 953 1068 1069
f 953 1069 956
f 953 956 954
f 955 956 1070
f 955 1070 957
f 956 1069 1070
f 957 1070 1071
f 957 1071 958
f 958 1072 1073
f 958 1073 1074
f 958 1074 1075
f 958 1075 960
f 958 960 959
f 958 1071 1072
f 960 1075 1076
f 960 1076 961
f 961 1076 1077
f 961 1077 962
f 962 1077 1078
f 962 1078 964
f 962 964 963
f 964 1078 966
f 964 966 965
f 966 1078 1079
f 966 1079 967
f 967 1079 1053
f 968 1063 1080
f 968 1080 1081
f 968 1081 972
f 972 1081 1082
f 972 1082 1083
f 972 1083 1084
f 972 1084 973
f 973 1084 974
f 974 1084 981
f 974 981 976
f 974 976 975
f 977 1085 978
f 977 981 1085
f 978 1085 1086
f 978 1086 979
f 979 1086 1087
f 979 1087 980
f 980 1088 1089
f 980 1089 982
f 980 1087 1088
f 981 1084 1090
f 981 1090 1085
f 982 1089 1091
f 982 1091 1092
f 982 1092 1093
f 982 1093 1094
f 982 1094 1095
f 982 1095 984
f 982 984 983
f 984 1095 985
f 985 1095 1094
f 985 1094 1096
f 985 1096 1097
f 985 1097 1098
f 985 1098 1099
f 985 1099 1100
f 985 1100 1101
f 985 1101 986
f 986 1101 1102
f 986 1102 987
f 987 1102 988
f 988 990 989
f 988 1102 1103
f 988 1103 991
f 991 1103 992
f 992 1103 1104
f 992 1104 1105
f 992 1105 994
f 994 1105 995
f 997 1021 1106
f 997 1106 1107
f 997 1107 1108
f 997 1108 1109
f 997 1109 998
f 998 1110 1111
f 998 1111 999
f 998 1109 1110
f 999 1111 1000
f 1000 1111 1044
f 1002 1047 1046
f 1003 1112 1004
f 1004 1006 1005
f 1004 1112 1113
f 1004 1113 1114
f 1004 1114 1115
f 1004 1115 1116
f 1004 1116 1007
f 1004 1007 1006
f 1007 1117 1118
f 1007 1118 1119
f 1007 1119 1009
f 1007 1009 1008
f 1007 1116 1117
f 1009 1119 1010
f 1010 1119 1011
f 1011 1119 1120
f 1011 1120 1121
f 1011 1121 1122
f 1011 1122 1123
f 1011 1123 1012
f 1012 1123 1122
f 1012 1122 1124
f 1012 1124 1013
f 1013 1124 1125
f 1013 1125 1126
f 1013 1126 1127
f 1013 1127 1014
f 1014 1127 1128
f 1014 1128 1129
f 1014 1129 1015
f 1015 1129 1016
f 1016 1129 1017
f 1017 1130 1131
f 1017 1131 1031
f 1017 1129 1130
f 1018 1030 1132
f 1018 1132 1019
f 1019 1132 1022
f 1020 1133 1021
f 1020 1023 1133
f 1021 1133 1134
f 1021 1134 1106
f 1022 1132 1134
f 1022 1134 1023
f 1023 1134 1133
f 1024 1135 1136
f 1024 1136 1026
f 1024 1025 1135
f 1025 1137 1135
f 1025 1031 1137
f 1026 1136 1138
f 1026 1138 1139
f 1026 1139 1140
f 1026 1140 1027
f 1027 1140 1028
f 1028 1140 1030
f 1028 1030 1029
f 1030 1140 1134
f 1030 1134 1132
f 1031 1131 1141
f 1031 1141 1142
f 1031 1142 1143
f 1031 1143 1144
f 1031 1144 1145
f 1031 1145 1137
f 1032 1146 1147
f 1032 1147 1034
f 1032 1033 1148
f 1032 1148 1146
f 1033 1043 1149
f 1033 1149 1150
f 1033 1150 1148
f 1034 1147 1151
f 1034 1151 1035
f 1035 1151 1152
f 1035 1152 1036
f 1036 1152 1037
f 1037 1152 1042
f 1039 1042 1153
f 1039 1153 1154
f 1039 1154 1155
f 1039 1155 1049
f 1039 1049 1048
f 1042 1152 1156
f 1042 1156 1153
f 1043 1045 1157
f 1043 1157 1149
f 1044 1158 1045
f 1044 1111 1158
f 1045 1158 1159
f 1045 1159 1157
f 1049 1155 1064
f 1049 1064 1160
f 1049 1160 1050
f 1050 1160 1052
f 1050 1052 1051
f 1052 1160 1064
f 1053 1079 1054
f 1054 1161 1055
f 1054 1079 1162
f 1054 1162 1163
f 1054 1163 1164
f 1054 1164 1161
f 1055 1161 1056
f 1056 1165 1166
f 1056 1166 1057
f 1056 1161 1165
f 1057 1059 1058
f 1057 1166 1167
f 1057 1167 1168
f 1057 1168 1169
f 1057 1169 1170
f 1057 1170 1059
f 1059 1170 1062
f 1062 1170 1063
f 1063 1170 1171
f 1063 1171 1172
f 1063 1172 1173
f 1063 1173 1083
f 1063 1083 1082
f 1063 1082 1081
f 1063 1081 1080
f 1064 1155 1174
f 1064 1174 1065
f 1065 1174 1155
f 1065 1155 1175
f 1065 1175 1176
f 1065 1176 1177
f 1065 1177 1178
f 1065 1178 1067
f 1065 1067 1066
f 1067 1179 1068
f 1067 1178 1179
f 1068 1179 1069
f 1069 1071 1070
f 1069 1179 1071
f 1071 1179 1180
f 1071 1180 1181
f 1071 1181 1072
f 1072 1182 1073
f 1072 1181 1182
f 1073 1183 1184
f 1073 1184 1185
f 1073 1185 1074
f 1073 1182 1181
f 1073 1181 1180
f 1073 1180 1186
f 1073 1186 1183
f 1074 1185 1076
f 1074 1076 1075
f 1076 1185 1077
f 1077 1187 1188
f 1077 1188 1078
f 1077 1185 1189
f 1077 1189 1190
f 1077 1190 1079
f 1077 1079 1187
f 1078 1188 1187
f 1078 1187 1079
f 1079 1190 1163
f 1079 1163 1162
f 1083 1173 1191
f 1083 1191 1192
f 1083 1192 1084
f 1084 1192 1193
f 1084 1193 1194
f 1084 1194 1195
f 1084 1195 1085
f 1084 1085 1090
f 1085 1195 1086
f 1086 1196 1087
f 1086 1195 1196
f 1087 1196 1088
f 1088 1197 1198
f 1088 1198 1199
f 1088 1199 1089
f 1088 1196 1200
f 1088 1200 1197
f 1089 1199 1091
f 1091 1199 1094
f 1091 1094 1092
f 1092 1094 1093
f 1094 1199 1201
f 1094 1201 1096
f 1096 1201 1202
f 1096 1202 1203
f 1096 1203 1204
f 1096 1204 1097
f 1097 1204 1098
f 1098 1204 1205
f 1098 1205 1206
f 1098 1206 1207
f 1098 1207 1100
f 1098 1100 1099
f 1100 1208 1209
f 1100 1209 1210
f 1100 1210 1211
f 1100 1211 1101
f 1100 1207 1206
f 1100 1206 1212
f 1100 1212 1213
f 1100 1213 1208
f 1101 1211 1103
f 1101 1103 1102
f 1103 1211 1214
f 1103 1214 1215
f 1103 1215 1104
f 1104 1215 1105
f 1105 1215 1216
f 1106 1134 1217
f 1106 1217 1218
f 1106 1218 1107
f 1107 1219 1220
f 1107 1220 1221
f 1107 1221 1108
f 1107 1218 1219
f 1108 1221 1222
f 1108 1222 1109
f 1109 1111 1110
f 1109 1222 1223
f 1109 1223 1224
f 1109 1224 1225
f 1109 1225 1159
f 1109 1159 1226
f 1109 1226 1227
f 1109 1227 1228
f 1109 1228 1111
f 1111 1228 1227
f 1111 1227 1158
f 1116 1229 1230
f 1116 1230 1231
f 1116 1231 1232
f 1116 1232 1118
f 1116 1118 1117
f 1118 1232 1231
f 1118 1231 1230
f 1118 1230 1119
f 1119 1233 1234
f 1119 1234 1120
f 1119 1230 1233
f 1120 1234 1121
f 1121 1234 1122
f 1122 1234 1235
f 1122 1235 1236
f 1122 1236 1237
f 1122 1237 1238
f 1122 1238 1125
f 1122 1125 1124
f 1125 1238 1237
f 1125 1237 1355
f 1125 1355 1465
f 1125 1465 1466
f 1125 1466 1463
f 1125 1463 1556
f 1125 1556 1596
f 1125 1596 1595
f 1125 1595 1528
f 1125 1528 1436
f 1125 1436 1527
f 1125 1527 1525
f 1125 1525 1524
f 1125 1524 1526
f 1125 1526 1523
f 1125 1523 1522
f 1125 1522 1594
f 1125 1594 1593
f 1125 1593 1521
f 1125 1521 1518
f 1125 1518 1591
f 1125 1591 1575
f 1125 1575 1574
f 1125 1574 1572
f 1125 1572 1571
f 1125 1571 1573
f 1125 1573 1569
f 1125 1569 1568
f 1125 1568 1567
f 1125 1567 1566
f 1125 1566 1565
f 1125 1565 1564
f 1125 1564 1563
f 1125 1563 1562
f 1125 1562 1561
f 1125 1561 1560
f 1125 1560 1559
f 1125 1559 1558
f 1125 1558 1482
f 1125 1482 1481
f 1125 1481 1480
f 1125 1480 1479
f 1125 1479 1516
f 1125 1516 1590
f 1125 1590 1589
f 1125 1589 1514
f 1125 1514 1418
f 1125 1418 1309
f 1125 1309 1308
f 1125 1308 1417
f 1125 1417 1312
f 1125 1312 1421
f 1125 1421 1415
f 1125 1415 1414
f 1125 1414 1413
f 1125 1413 1513
f 1125 1513 1588
f 1125 1588 1587
f 1125 1587 1612
f 1125 1612 1617
f 1125 1617 1616
f 1125 1616 1615
f 1125 1615 1614
f 1125 1614 1606
f 1125 1606 1605
f 1125 1605 1604
f 1125 1604 1613
f 1125 1613 1599
f 1125 1599 1554
f 1125 1554 1553
f 1125 1553 1552
f 1125 1552 1551
f 1125 1551 1550
f 1125 1550 1549
f 1125 1549 1548
f 1125 1548 1547
f 1125 1547 1546
f 1125 1546 1545
f 1125 1545 1544
f 1125 1544 1543
f 1125 1543 1542
f 1125 1542 1541
f 1125 1541 1540
f 1125 1540 1539
f 1125 1539 1451
f 1125 1451 1450
f 1125 1450 1448
f 1125 1448 1447
f 1125 1447 1538
f 1125 1538 1471
f 1125 1471 1470
f 1125 1470 1469
f 1125 1469 1468
f 1125 1468 1368
f 1125 1368 1255
f 1125 1255 1144
f 1125 1144 1143
f 1125 1143 1254
f 1125 1254 1240
f 1125 1240 1239
f 1125 1239 1126
f 1126 1239 1128
f 1126 1128 1127
f 1128 1239 1240
f 1128 1240 1141
f 1128 1141 1131
f 1128 1131 1130
f 1128 1130 1129
f 1134 1140 1241
f 1134 1241 1242
f 1134 1242 1243
f 1134 1243 1218
f 1134 1218 1217
f 1135 1244 1245
f 1135 1245 1136
f 1135 1137 1244
f 1136 1245 1246
f 1136 1246 1138
f 1137 1145 1247
f 1137 1247 1248
f 1137 1248 1244
f 1138 1246 1249
f 1138 1249 1250
f 1138 1250 1139
f 1139 1251 1252
f 1139 1252 1140
f 1139 1250 1251
f 1140 1252 1253
f 1140 1253 1241
f 1141 1240 1142
f 1142 1240 1254
f 1142 1254 1143
f 1144 1255 1256
f 1144 1256 1247
f 1144 1247 1145
f 1146 1150 1147
f 1146 1148 1150
f 1147 1257 1258
f 1147 1258 1259
f 1147 1259 1151
f 1147 1150 1257
f 1149 1157 1225
f 1149 1225 1260
f 1149 1260 1150
f 1150 1261 1262
f 1150 1262 1257
f 1150 1260 1263
f 1150 1263 1264
f 1150 1264 1261
f 1151 1259 1258
f 1151 1258 1152
f 1152 1265 1156
f 1152 1258 1266
f 1152 1266 1265
f 1153 1156 1267
f 1153 1267 1175
f 1153 1175 1154
f 1154 1175 1155
f 1156 1268 1269
f 1156 1269 1176
f 1156 1176 1270
f 1156 1270 1267
f 1156 1265 1271
f 1156 1271 1272
f 1156 1272 1268
f 1157 1159 1225
f 1158 1227 1159
f 1159 1227 1226
f 1161 1164 1273
f 1161 1273 1274
f 1161 1274 1165
f 1163 1275 1273
f 1163 1273 1164
f 1163 1190 1275
f 1165 1276 1166
f 1165 1274 1276
f 1166 1276 1277
f 1166 1277 1278
f 1166 1278 1167
f 1167 1278 1279
f 1167 1279 1280
f 1167 1280 1168
f 1168 1280 1281
f 1168 1281 1282
f 1168 1282 1283
f 1168 1283 1284
f 1168 1284 1169
f 1169 1284 1170
f 1170 1284 1171
f 1171 1285 1172
f 1171 1284 1285
f 1172 1285 1286
f 1172 1286 1287
f 1172 1287 1173
f 1173 1287 1191
f 1175 1267 1176
f 1176 1267 1270
f 1176 1269 1288
f 1176 1288 1272
f 1176 1272 1289
f 1176 1289 1290
f 1176 1290 1177
f 1177 1290 1178
f 1178 1290 1291
f 1178 1291 1292
f 1178 1292 1179
f 1179 1292 1291
f 1179 1291 1180
f 1180 1293 1294
f 1180 1294 1295
f 1180 1295 1186
f 1180 1291 1296
f 1180 1296 1297
f 1180 1297 1293
f 1183 1186 1298
f 1183 1298 1299
f 1183 1299 1300
f 1183 1300 1184
f 1184 1300 1301
f 1184 1301 1302
f 1184 1302 1303
f 1184 1303 1185
f 1185 1303 1304
f 1185 1304 1305
f 1185 1305 1189
f 1186 1295 1294
f 1186 1294 1306
f 1186 1306 1298
f 1189 1305 1190
f 1190 1307 1308
f 1190 1308 1309
f 1190 1309 1310
f 1190 1310 1311
f 1190 1311 1275
f 1190 1305 1312
f 1190 1312 1307
f 1191 1287 1313
f 1191 1313 1314
f 1191 1314 1192
f 1192 1314 1315
f 1192 1315 1193
f 1193 1316 1317
f 1193 1317 1318
f 1193 1318 1194
f 1193 1315 1314
f 1193 1314 1319
f 1193 1319 1316
f 1194 1318 1196
f 1194 1196 1195
f 1196 1318 1200
f 1197 1320 1198
f 1197 1200 1320
f 1198 1320 1199
f 1199 1320 1321
f 1199 1321 1322
f 1199 1322 1323
f 1199 1323 1324
f 1199 1324 1325
f 1199 1325 1201
f 1200 1318 1326
f 1200 1326 1320
f 1201 1325 1327
f 1201 1327 1328
f 1201 1328 1202
f 1202 1328 1329
f 1202 1329 1330
f 1202 1330 1203
f 1203 1331 1204
f 1203 1330 1331
f 1204 1331 1205
f 1205 1331 1206
f 1206 1331 1330
f 1206 1330 1332
f 1206 1332 1333
f 1206 1333 1334
f 1206 1334 1212
f 1208 1213 1335
f 1208 1335 1209
f 1209 1336 1337
f 1209 1337 1210
f 1209 1335 1336
f 1210 1337 1215
f 1210 1215 1214
f 1210 1214 1211
f 1215 1337 1338
f 1215 1338 1216
f 1218 1339 1340
f 1218 1340 1341
f 1218 1341 1219
f 1218 1243 1339
f 1219 1341 1220
f 1220 1341 1342
f 1220 1342 1343
f 1220 1343 1221
f 1221 1343 1344
f 1221 1344 1345
f 1221 1345 1346
f 1221 1346 1223
f 1221 1223 1222
f 1223 1346 1347
f 1223 1347 1348
f 1223 1348 1349
f 1223 1349 1224
f 1224 1349 1263
f 1224 1263 1260
f 1224 1260 1225
f 1229 1350 1230
f 1230 1351 1235
f 1230 1235 1234
f 1230 1234 1233
f 1230 1350 1352
f 1230 1352 1351
f 1235 1353 1354
f 1235 1354 1236
f 1235 1351 1353
f 1236 1355 1237
f 1236 1354 1356
f 1236 1356 1355
f 1241 1357 1242
f 1241 1253 1358
f 1241 1358 1357
f 1242 1357 1243
f 1243 1357 1359
f 1243 1359 1360
f 1243 1360 1339
f 1244 1248 1249
f 1244 1249 1246
f 1244 1246 1245
f 1247 1256 1248
f 1248 1256 1361
f 1248 1361 1249
f 1249 1361 1362
f 1249 1362 1250
f 1250 1363 1364
f 1250 1364 1251
f 1250 1362 1365
f 1250 1365 1363
f 1251 1364 1366
f 1251 1366 1252
f 1252 1366 1367
f 1252 1367 1358
f 1252 1358 1253
f 1255 1368 1369
f 1255 1369 1367
f 1255 1367 1366
f 1255 1366 1364
f 1255 1364 1256
f 1256 1365 1362
f 1256 1362 1361
f 1256 1364 1363
f 1256 1363 1365
f 1257 1370 1371
f 1257 1371 1372
f 1257 1372 1266
f 1257 1266 1258
f 1257 1262 1373
f 1257 1373 1370
f 1261 1374 1373
f 1261 1373 1262
f 1261 1264 1374
f 1263 1349 1264
f 1264 1349 1348
f 1264 1348 1375
f 1264 1375 1376
f 1264 1376 1374
f 1265 1266 1271
f 1266 1372 1377
f 1266 1377 1272
f 1266 1272 1271
f 1268 1288 1269
f 1268 1272 1288
f 1272 1377 1378
f 1272 1378 1379
f 1272 1379 1289
f 1273 1275 1274
f 1274 1275 1311
f 1274 1311 1276
f 1276 1380 1381
f 1276 1381 1382
f 1276 1382 1383
f 1276 1383 1277
f 1276 1311 1310
f 1276 1310 1380
f 1277 1383 1384
f 1277 1384 1278
f 1278 1384 1279
f 1279 1385 1386
f 1279 1386 1387
f 1279 1387 1388
f 1279 1388 1280
f 1279 1384 1385
f 1280 1388 1387
f 1280 1387 1281
f 1281 1387 1389
f 1281 1389 1282
f 1282 1284 1283
f 1282 1389 1285
f 1282 1285 1284
f 1285 1390 1391
f 1285 1391 1392
f 1285 1392 1286
f 1285 1389 1393
f 1285 1393 1390
f 1286 1392 1394
f 1286 1394 1395
f 1286 1395 1396
f 1286 1396 1287
f 1287 1396 1397
f 1287 1397 1313
f 1289 1398 1399
f 1289 1399 1400
f 1289 1400 1401
f 1289 1401 1402
f 1289 1402 1290
f 1289 1379 1378
f 1289 1378 1403
f 1289 1403 1404
f 1289 1404 1405
f 1289 1405 1398
f 1290 1402 1291
f 1291 1402 1401
f 1291 1401 1296
f 1293 1297 1406
f 1293 1406 1294
f 1294 1406 1407
f 1294 1407 1408
f 1294 1408 1306
f 1296 1409 1297
f 1296 1401 1410
f 1296 1410 1409
f 1297 1409 1406
f 1298 1306 1411
f 1298 1411 1300
f 1298 1300 1299
f 1300 1411 1412
f 1300 1412 1413
f 1300 1413 1414
f 1300 1414 1301
f 1301 1414 1302
f 1302 1414 1415
f 1302 1415 1416
f 1302 1416 1303
f 1303 1416 1305
f 1303 1305 1304
f 1305 1416 1312
f 1306 1408 1411
f 1307 1417 1308
f 1307 1312 1417
f 1309 1418 1419
f 1309 1419 1420
f 1309 1420 1310
f 1310 1420 1380
f 1312 1416 1421
f 1313 1422 1314
f 1313 1397 1422
f 1314 1422 1397
f 1314 1397 1423
f 1314 1423 1424
f 1314 1424 1425
f 1314 1425 1319
f 1316 1426 1321
f 1316 1321 1320
f 1316 1320 1317
f 1316 1319 1426
f 1317 1320 1326
f 1317 1326 1318
f 1319 1425 1427
f 1319 1427 1428
f 1319 1428 1426
f 1321 1426 1323
f 1321 1323 1322
f 1323 1426 1427
f 1323 1427 1429
f 1323 1429 1430
f 1323 1430 1431
f 1323 1431 1432
f 1323 1432 1324
f 1324 1432 1433
f 1324 1433 1434
f 1324 1434 1325
f 1325 1434 1327
f 1327 1434 1433
f 1327 1433 1435
f 1327 1435 1329
f 1327 1329 1328
f 1329 1436 1437
f 1329 1437 1438
f 1329 1438 1330
f 1329 1435 1436
f 1330 1438 1332
f 1332 1438 1439
f 1332 1440 1333
f 1333 1440 1334
f 1335 1441 1336
f 1336 1441 1337
f 1337 1442 1443
f 1337 1443 1444
f 1337 1444 1338
f 1337 1441 1442
f 1339 1445 1340
f 1339 1360 1359
f 1339 1359 1446
f 1339 1446 1447
f 1339 1447 1448
f 1339 1448 1445
f 1340 1445 1449
f 1340 1449 1342
f 1340 1342 1341
f 1342 1449 1450
f 1342 1450 1451
f 1342 1451 1452
f 1342 1452 1343
f 1343 1452 1344
f 1344 1452 1345
f 1345 1453 1454
f 1345 1454 1455
f 1345 1455 1346
f 1345 1452 1453
f 1346 1455 1347
f 1347 1455 1456
f 1347 1456 1457
f 1347 1457 1458
f 1347 1458 1375
f 1347 1375 1348
f 1351 1459 1356
f 1351 1356 1460
f 1351 1460 1353
f 1351 1352 1461
f 1351 1461 1462
f 1351 1462 1463
f 1351 1463 1459
f 1353 1460 1354
f 1354 1460 1356
f 1355 1356 1464
f 1355 1464 1465
f 1356 1459 1463
f 1356 1463 1466
f 1356 1466 1464
f 1357 1467 1369
f 1357 1369 1468
f 1357 1468 1469
f 1357 1469 1470
f 1357 1470 1359
f 1357 1358 1467
f 1358 1367 1467
f 1359 1470 1471
f 1359 1471 1446
f 1367 1369 1467
f 1368 1468 1369
f 1370 1373 1371
f 1371 1373 1472
f 1371 1472 1473
f 1371 1473 1474
f 1371 1474 1404
f 1371 1404 1403
f 1371 1403 1378
f 1371 1378 1372
f 1372 1378 1377
f 1373 1374 1376
f 1373 1376 1475
f 1373 1475 1476
f 1373 1476 1477
f 1373 1477 1478
f 1373 1478 1474
f 1373 1474 1473
f 1373 1473 1472
f 1375 1458 1457
f 1375 1457 1376
f 1376 1457 1475
f 1380 1420 1419
f 1380 1419 1381
f 1381 1419 1382
f 1382 1479 1480
f 1382 1480 1383
f 1382 1419 1479
f 1383 1480 1481
f 1383 1481 1482
f 1383 1482 1483
f 1383 1483 1384
f 1384 1483 1484
f 1384 1484 1386
f 1384 1386 1385
f 1386 1393 1387
f 1386 1484 1485
f 1386 1485 1486
f 1386 1486 1487
f 1386 1487 1390
f 1386 1390 1393
f 1387 1393 1389
f 1390 1487 1391
f 1391 1487 1488
f 1391 1488 1489
f 1391 1489 1394
f 1391 1394 1392
f 1394 1489 1490
f 1394 1490 1491
f 1394 1491 1395
f 1395 1491 1396
f 1396 1491 1492
f 1396 1492 1397
f 1397 1492 1493
f 1397 1493 1494
f 1397 1494 1423
f 1398 1495 1496
f 1398 1496 1399
f 1398 1405 1497
f 1398 1497 1498
f 1398 1498 1499
f 1398 1499 1495
f 1399 1496 1500
f 1399 1500 1501
f 1399 1501 1400
f 1400 1501 1401
f 1401 1501 1410
f 1404 1474 1405
f 1405 1474 1502
f 1405 1502 1503
f 1405 1503 1498
f 1405 1498 1497
f 1406 1504 1407
f 1406 1409 1505
f 1406 1505 1506
f 1406 1506 1504
f 1407 1504 1507
f 1407 1507 1508
f 1407 1508 1412
f 1407 1412 1408
f 1408 1412 1509
f 1408 1509 1411
f 1409 1410 1505
f 1410 1501 1500
f 1410 1500 1510
f 1410 1510 1505
f 1411 1509 1412
f 1412 1508 1511
f 1412 1511 1512
f 1412 1512 1513
f 1412 1513 1413
f 1415 1421 1416
f 1418 1514 1515
f 1418 1515 1419
f 1419 1515 1516
f 1419 1516 1479
f 1423 1494 1517
f 1423 1517 1424
f 1424 1517 1425
f 1425 1517 1518
f 1425 1518 1427
f 1426 1428 1427
f 1427 1519 1520
f 1427 1520 1429
f 1427 1518 1521
f 1427 1521 1519
f 1429 1520 1431
f 1429 1431 1430
f 1431 1520 1522
f 1431 1522 1523
f 1431 1523 1433
f 1431 1433 1432
f 1433 1524 1525
f 1433 1525 1435
f 1433 1523 1526
f 1433 1526 1524
f 1435 1525 1527
f 1435 1527 1436
f 1436 1528 1437
f 1437 1528 1529
f 1437 1529 1530
f 1437 1530 1531
f 1437 1531 1532
f 1437 1532 1533
f 1437 1533 1438
f 1438 1533 1534
f 1438 1534 1535
f 1438 1535 1536
f 1438 1536 1537
f 1438 1537 1439
f 1445 1448 1450
f 1445 1450 1449
f 1446 1538 1447
f 1446 1471 1538
f 1451 1539 1452
f 1452 1539 1540
f 1452 1540 1453
f 1453 1540 1454
f 1454 1540 1455
f 1455 1540 1541
f 1455 1541 1542
f 1455 1542 1456
f 1456 1542 1543
f 1456 1543 1457
f 1457 1543 1544
f 1457 1544 1545
f 1457 1545 1546
f 1457 1546 1547
f 1457 1547 1548
f 1457 1548 1549
f 1457 1549 1550
f 1457 1550 1551
f 1457 1551 1552
f 1457 1552 1553
f 1457 1553 1554
f 1457 1554 1555
f 1457 1555 1477
f 1457 1477 1476
f 1457 1476 1475
f 1462 1556 1463
f 1464 1466 1465
f 1474 1478 1502
f 1477 1555 1557
f 1477 1557 1478
f 1478 1557 1498
f 1478 1498 1503
f 1478 1503 1502
f 1482 1558 1483
f 1483 1558 1484
f 1484 1558 1485
f 1485 1559 1560
f 1485 1560 1561
f 1485 1561 1562
f 1485 1562 1486
f 1485 1558 1559
f 1486 1562 1563
f 1486 1563 1488
f 1486 1488 1487
f 1488 1563 1564
f 1488 1564 1565
f 1488 1565 1566
f 1488 1566 1490
f 1488 1490 1489
f 1490 1566 1567
f 1490 1567 1568
f 1490 1568 1491
f 1491 1568 1569
f 1491 1569 1570
f 1491 1570 1493
f 1491 1493 1492
f 1493 1571 1572
f 1493 1572 1494
f 1493 1570 1569
f 1493 1569 1573
f 1493 1573 1571
f 1494 1574 1575
f 1494 1575 1576
f 1494 1576 1517
f 1494 1572 1574
f 1495 1500 1496
f 1495 1499 1577
f 1495 1577 1578
f 1495 1578 1500
f 1498 1579 1580
f 1498 1580 1577
f 1498 1577 1499
f 1498 1557 1579
f 1500 1578 1581
f 1500 1581 1582
f 1500 1582 1506
f 1500 1506 1510
f 1504 1506 1583
f 1504 1583 1507
f 1505 1510 1506
f 1506 1582 1583
f 1507 1583 1584
f 1507 1584 1585
f 1507 1585 1512
f 1507 1512 1511
f 1507 1511 1508
f 1512 1585 1586
f 1512 1586 1587
f 1512 1587 1588
f 1512 1588 1513
f 1514 1589 1515
f 1515 1589 1590
f 1515 1590 1516
f 1517 1576 1591
f 1517 1591 1518
f 1519 1592 1520
f 1519 1521 1592
f 1520 1592 1522
f 1521 1593 1592
f 1522 1592 1594
f 1528 1595 1529
f 1529 1595 1596
f 1529 1596 1530
f 1530 1597 1531
f 1530 1596 1598
f 1530 1598 1597
f 1531 1597 1598
f 1531 1598 1533
f 1531 1533 1532
f 1533 1598 1534
f 1534 1598 1535
f 1554 1557 1555
f 1554 1599 1600
f 1554 1600 1601
f 1554 1601 1557
f 1557 1601 1579
f 1575 1591 1576
f 1577 1602 1578
f 1577 1580 1602
f 1578 1602 1603
f 1578 1603 1581
f 1579 1601 1580
f 1580 1601 1604
f 1580 1604 1605
f 1580 1605 1606
f 1580 1606 1607
f 1580 1607 1602
f 1581 1608 1609
f 1581 1609 1585
f 1581 1585 1584
f 1581 1584 1582
f 1581 1603 1610
f 1581 1610 1608
f 1582 1584 1583
f 1585 1609 1608
f 1585 1608 1611
f 1585 1611 1586
f 1586 1611 1587
f 1587 1611 1612
f 1592 1593 1594
f 1599 1613 1600
f 1600 1613 1604
f 1600 1604 1601
f 1602 1607 1610
f 1602 1610 1603
f 1606 1614 1607
f 1607 1614 1610
f 1608 1610 1615
f 1608 1615 1616
f 1608 1616 1617
f 1608 1617 1611
f 1610 1614 1615
f 1611 1617 1612

o geometry_1
v 1.76306698 -0.63510299 29.69036444 0.54117647 0.42352941 0.64313725
v 1.76306698 -0.34822008 29.67949107 0.54117647 0.42352941 0.64313725
v -0.50086184 -1.33575933 29.49101642 0.54117647 0.42352941 0.64313725
v 1.76306698 -1.33575933 29.66136737 0.54117647 0.42352941 0.64313725
v 1.76306698 -0.06685414 29.65049400 0.54117647 0.42352941 0.64313725
v 0.20801309 2.19510718 29.33153674 0.54117647 0.42352941 0.64313725
v 0.20801309 1.48341696 29.38952878 0.54117647 0.42352941 0.64313725
v -1.20654368 -0.63510299 29.36415687 0.54117647 0.42352941 0.64313725
v -1.20654368 -1.33575933 29.36415687 0.54117647 0.42352941 0.64313725
v -0.50086184 -2.04193271 29.44027260 0.54117647 0.42352941 0.64313725
v 1.76306698 -4.88317684 29.39677699 0.54117647 0.42352941 0.64313725
v 1.76306698 3.62952172 29.13943693 0.54117647 0.42352941 0.64313725
v 1.58744479 3.64055580 29.13943693 0.54117647 0.42352941 0.64313725
v 0.20801309 2.90128063 29.24454763 0.54117647 0.42352941 0.64313725
v -1.98247460 1.54962067 29.05969814 0.54117647 0.42352941 0.64313725
v -1.91541861 0.77724364 29.15031031 0.54117647 0.42352941 0.64313725
v -0.50086184 2.90128063 29.13581177 0.54117647 0.42352941 0.64313725
v -2.50295498 0.77724364 29.03794929 0.54117647 0.42352941 0.64313725
v -4.03565616 -2.04193271 28.71536687 0.54117647 0.42352941 0.64313725
v -4.03565616 -2.75362294 28.69362012 0.54117647 0.42352941 0.64313725
v -1.20654368 -9.11469970 28.55951235 0.54117647 0.42352941 0.64313725
v -0.50086184 -9.11469970 28.67912158 0.54117647 0.42352941 0.64313725
v 1.76306698 -6.29000643 29.20830234 0.54117647 0.42352941 0.64313725
v 1.76306698 3.77848027 29.11406502 0.54117647 0.42352941 0.64313725
v 1.76306698 3.99364253 29.07057152 0.54117647 0.42352941 0.64313725
v 0.20801309 3.47504639 29.08144490 0.54117647 0.42352941 0.64313725
v -0.50086184 3.37022365 29.02707591 0.54117647 0.42352941 0.64313725
v -0.91596911 3.28746908 28.99445579 0.54117647 0.42352941 0.64313725
v -2.26027680 1.83098664 28.97995725 0.54117647 0.42352941 0.64313725
v -2.39758082 1.36204335 29.00895432 0.54117647 0.42352941 0.64313725
v -2.85739139 0.77724364 28.95096229 0.54117647 0.42352941 0.64313725
v -4.74453109 -2.04193271 28.51601885 0.54117647 0.42352941 0.64313725
v -4.74453109 -2.75362294 28.51239369 0.54117647 0.42352941 0.64313725
v -6.15908786 1.48341696 28.04845318 0.54117647 0.42352941 0.64313725
v -5.19156929 -4.16596957 28.29854713 0.54117647 0.42352941 0.64313725
v -5.12132126 -4.56319210 28.28042554 0.54117647 0.42352941 0.64313725
v -2.37203608 -8.92160560 28.30579745 0.54117647 0.42352941 0.64313725
v -1.95054262 -9.14228464 28.37466286 0.54117647 0.42352941 0.64313725
v -2.20918627 -9.39606593 28.25867668 0.54117647 0.42352941 0.64313725
v -1.20654368 -11.23873629 28.10644732 0.54117647 0.42352941 0.64313725
v -0.50086184 -9.82639045 28.52326706 0.54117647 0.42352941 0.64313725
v 0.20801309 -9.82639045 28.62475471 0.54117647 0.42352941 0.64313725
v 0.91369387 -9.82639045 28.65012451 0.54117647 0.42352941 0.64313725
v 1.76306698 -9.68294894 28.68274674 0.54117647 0.42352941 0.64313725
v -1.07243275 5.42253976 28.29492197 0.54117647 0.42352941 0.64313725
v -1.54182259 5.36737039 28.26955006 0.54117647 0.42352941 0.64313725
v 1.76306698 7.93276559 27.62438522 0.54117647 0.42352941 0.64313725
v -0.30608110 7.55209366 27.58813994 0.54117647 0.42352941 0.64313725
v -2.62110045 2.90128063 28.71899203 0.54117647 0.42352941 0.64313725
v -1.91541861 2.90128063 28.86759834 0.54117647 0.42352941 0.64313725
v -1.91541861 4.87084190 28.33116725 0.54117647 0.42352941 0.64313725
v -2.30817318 4.71084953 28.28767375 0.54117647 0.42352941 0.64313725
v -2.62110045 2.19510718 28.83497610 0.54117647 0.42352941 0.64313725
v -6.15908786 2.19510718 27.96146618 0.54117647 0.42352941 0.64313725
v -5.67053946 -2.04193271 28.23692993 0.54117647 0.42352941 0.64313725
v -5.31610200 -2.75362294 28.34566579 0.54117647 0.42352941 0.64313725
v -5.26820456 -3.45979639 28.32754420 0.54117647 0.42352941 0.64313725
v -9.29793452 2.43233734 26.84511262 0.54117647 0.42352941 0.64313725
v -9.37137564 1.95787702 26.87410758 0.54117647 0.42352941 0.64313725
v -8.98500725 1.48341696 27.05895918 0.54117647 0.42352941 0.64313725
v -7.74607267 0.77724364 27.50477599 0.54117647 0.42352941 0.64313725
v -6.86476970 -1.33575933 27.84910726 0.54117647 0.42352941 0.64313725
v -6.15908786 -2.04193271 28.08470057 0.54117647 0.42352941 0.64313725
v -5.62264202 -3.45979639 28.21518318 0.54117647 0.42352941 0.64313725
v -5.54281366 -4.16596957 28.18618822 0.54117647 0.42352941 0.64313725
v -6.15908786 -4.16596957 27.95784101 0.54117647 0.42352941 0.64313725
v -6.96694971 -9.11469970 26.76174867 0.54117647 0.42352941 0.64313725
v -6.61251224 -9.11469970 26.89585433 0.54117647 0.42352941 0.64313725
v -6.51352533 -9.47330293 26.85961115 0.54117647 0.42352941 0.64313725
v -3.32997538 -9.11469970 27.96509134 0.54117647 0.42352941 0.64313725
v -2.61471426 -9.14228464 28.18981127 0.54117647 0.42352941 0.64313725
v -1.91541861 -11.23873629 27.93246910 0.54117647 0.42352941 0.64313725
v -1.20654368 -11.94491027 27.93609426 0.54117647 0.42352941 0.64313725
v -0.50086184 -11.94491027 28.03758191 0.54117647 0.42352941 0.64313725
v 0.20801309 -10.53256337 28.46890019 0.54117647 0.42352941 0.64313725
v 0.91369387 -10.53256337 28.48339661 0.54117647 0.42352941 0.64313725
v 1.76306698 -9.82639045 28.65374967 0.54117647 0.42352941 0.64313725
v -1.58652588 8.92030422 26.86323631 0.54117647 0.42352941 0.64313725
v -2.05591678 8.83755043 26.82698892 0.54117647 0.42352941 0.64313725
v -2.62110045 8.36860636 26.92847657 0.54117647 0.42352941 0.64313725
v -3.06813864 8.25826763 26.88498306 0.54117647 0.42352941 0.64313725
v -6.52949079 8.21964807 26.15645217 0.54117647 0.42352941 0.64313725
v 1.76306698 8.13137646 27.54826949 0.54117647 0.42352941 0.64313725
v -0.73715383 11.01675692 26.14557880 0.54117647 0.42352941 0.64313725
v -3.32997538 2.90128063 28.54139076 0.54117647 0.42352941 0.64313725
v -7.50658864 5.66528696 26.70737969 0.54117647 0.42352941 0.64313725
v -7.22559335 5.38392125 26.85961115 0.54117647 0.42352941 0.64313725
v -6.15908786 2.90128063 27.79473828 0.54117647 0.42352941 0.64313725
v -6.68276133 2.90128063 27.63163554 0.54117647 0.42352941 0.64313725
v -13.22867650 4.31362726 25.24307180 0.54117647 0.42352941 0.64313725
v -12.84869430 3.87778596 25.43517161 0.54117647 0.42352941 0.64313725
v -6.86476970 -2.04193271 27.84548210 0.54117647 0.42352941 0.64313725
v -13.18397321 3.62952172 25.34455944 0.54117647 0.42352941 0.64313725
v -9.42566032 1.48341696 26.89223128 0.54117647 0.42352941 0.64313725
v -9.43204650 0.77724364 26.89585433 0.54117647 0.42352941 0.64313725
v -7.41718100 -1.33575933 27.64975713 0.54117647 0.42352941 0.64313725
v -12.91575029 3.40332564 25.46054352 0.54117647 0.42352941 0.64313725
v -7.39802244 -2.04193271 27.64613197 0.54117647 0.42352941 0.64313725
v -6.80729298 -4.16596957 27.69325063 0.54117647 0.42352941 0.64313725
v -8.91795231 -9.04849625 25.99334944 0.54117647 0.42352941 0.64313725
v -8.98500725 -9.82639045 25.81937122 0.54117647 0.42352941 0.64313725
v -8.27932541 -11.23873629 25.77950288 0.54117647 0.42352941 0.64313725
v -6.21017839 -11.98904555 26.33405555 0.54117647 0.42352941 0.64313725
v -5.45021293 -11.94491027 26.61676752 0.54117647 0.42352941 0.64313725
v -1.97928151 -12.01111371 27.72949803 0.54117647 0.42352941 0.64313725
v -2.25708370 -12.28696317 27.56276802 0.54117647 0.42352941 0.64313725
v -1.78450077 -12.40281973 27.62438522 0.54117647 0.42352941 0.64313725
v -0.29969491 -13.10347587 27.60988879 0.54117647 0.42352941 0.64313725
v 0.20801309 -12.65108319 27.82735841 0.54117647 0.42352941 0.64313725
v 1.76306698 -10.40567325 28.45802470 0.54117647 0.42352941 0.64313725
v -2.62110045 9.26787390 26.57327402 0.54117647 0.42352941 0.64313725
v -3.32997538 9.78647003 26.23256791 0.54117647 0.42352941 0.64313725
v -3.78339976 9.68164808 26.17819892 0.54117647 0.42352941 0.64313725
v -6.80729298 8.49549753 25.99334944 0.54117647 0.42352941 0.64313725
v -7.57364357 8.55618420 25.76862740 0.54117647 0.42352941 0.64313725
v 1.76306698 10.68022079 26.47903670 0.54117647 0.42352941 0.64313725
v -0.50086184 12.56151071 25.50403702 0.54117647 0.42352941 0.64313725
v -1.04688695 12.50082404 25.46779384 0.54117647 0.42352941 0.64313725
v -1.51947094 12.43462059 25.43879677 0.54117647 0.42352941 0.64313725
v -2.58278228 10.00163282 26.27968657 0.54117647 0.42352941 0.64313725
v -7.57364357 6.43766386 26.44278931 0.54117647 0.42352941 0.64313725
v -8.24100830 6.42111299 26.25068950 0.54117647 0.42352941 0.64313725
v -8.71678539 6.17836632 26.18544925 0.54117647 0.42352941 0.64313725
v -8.27932541 5.73149094 26.45003963 0.54117647 0.42352941 0.64313725
v -14.31434160 4.70533275 24.75013843 0.54117647 0.42352941 0.64313725
v -13.93755143 4.31362726 24.99297995 0.54117647 0.42352941 0.64313725
v -13.88007577 4.97566490 24.81537868 0.54117647 0.42352941 0.64313725
v -13.93755143 3.60745381 25.04734683 0.54117647 0.42352941 0.64313725
v -12.87424009 1.98546196 25.44242193 0.54117647 0.42352941 0.64313725
v -15.53411552 -3.45979639 23.95636729 0.54117647 0.42352941 0.64313725
v -15.17968016 -3.45979639 24.11221970 0.54117647 0.42352941 0.64313725
v -7.16173045 -4.16596957 27.54102127 0.54117647 0.42352941 0.64313725
v -9.69388218 -8.40852625 25.77950288 0.54117647 0.42352941 0.64313725
v -9.58531599 -9.82639045 25.56203116 0.54117647 0.42352941 0.64313725
v -9.45439815 -10.37808831 25.49679091 0.54117647 0.42352941 0.64313725
v -9.04567706 -10.58221648 25.62364625 0.54117647 0.42352941 0.64313725
v -9.31709307 -10.84703133 25.43517161 0.54117647 0.42352941 0.64313725
v -8.83812290 -11.23873629 25.53665925 0.54117647 0.42352941 0.64313725
v -8.69443269 -11.68009542 25.47141900 0.54117647 0.42352941 0.64313725
v -8.28571160 -11.92835888 25.57652759 0.54117647 0.42352941 0.64313725
v -6.93501878 -13.42897739 25.67076702 0.54117647 0.42352941 0.64313725
v -6.86476970 -12.65108319 25.91360854 0.54117647 0.42352941 0.64313725
v -5.18518310 -13.79309846 26.18182409 0.54117647 0.42352941 0.64313725
v -4.74453109 -14.28410965 26.09846014 0.54117647 0.42352941 0.64313725
v -1.07881893 -17.37361723 25.50403702 0.54117647 0.42352941 0.64313725
v 0.20801309 -13.50621545 27.46853070 0.54117647 0.42352941 0.64313725
v 0.20801309 -13.14761115 27.62801038 0.54117647 0.42352941 0.64313725
v -0.50086184 -16.89364065 25.84111797 0.54117647 0.42352941 0.64313725
v 0.91369387 -13.08692448 27.60263847 0.54117647 0.42352941 0.64313725
v 1.76306698 -10.56566509 28.40003477 0.54117647 0.42352941 0.64313725
v -6.91266714 9.32856162 25.63452174 0.54117647 0.42352941 0.64313725
v -7.57364357 9.14098378 25.55115568 0.54117647 0.42352941 0.64313725
v -8.01110355 8.99754228 25.48591543 0.54117647 0.42352941 0.64313725
v -8.26016686 8.54514959 25.56565632 0.54117647 0.42352941 0.64313725
v 1.76306698 11.19881693 26.25068950 0.54117647 0.42352941 0.64313725
v 0.20801309 12.89804684 25.31556237 0.54117647 0.42352941 0.64313725
v -0.50086184 12.91459717 25.30831416 0.54117647 0.42352941 0.64313725
v -1.25124802 12.76012211 25.29744078 0.54117647 0.42352941 0.64313725
v -1.91541861 13.27871824 24.82262900 0.54117647 0.42352941 0.64313725
v -1.91541861 12.79874061 25.11621435 0.54117647 0.42352941 0.64313725
v -7.35012500 13.21803157 23.37281755 0.54117647 0.42352941 0.64313725
v -7.18088900 9.60441002 25.43517161 0.54117647 0.42352941 0.64313725
v -8.73275085 8.30240291 25.48954059 0.54117647 0.42352941 0.64313725
v -15.33294859 5.69838868 23.86575302 0.54117647 0.42352941 0.64313725
v -15.96199622 5.73149094 23.52504901 0.54117647 0.42352941 0.64313725
v -14.39416891 4.31362726 24.79363193 0.54117647 0.42352941 0.64313725
v -14.07485651 5.17427577 24.65952416 0.54117647 0.42352941 0.64313725
v -15.12539548 7.14383730 23.44168296 0.54117647 0.42352941 0.64313725
v -14.42290674 3.60745381 24.81175352 0.54117647 0.42352941 0.64313725
v -16.05459589 -2.75362294 23.75701716 0.54117647 0.42352941 0.64313725
v -15.57882092 -2.75362294 23.97448888 0.54117647 0.42352941 0.64313725
v -16.05459589 -3.45979639 23.69902512 0.54117647 0.42352941 0.64313725
v -16.05459589 -4.16596957 23.59753959 0.54117647 0.42352941 0.64313725
v -15.92367911 -5.57831621 23.43805780 0.54117647 0.42352941 0.64313725
v -15.34891405 -5.57831621 23.70627334 0.54117647 0.42352941 0.64313725
v -13.93755143 -4.87214328 24.47467257 0.54117647 0.42352941 0.64313725
v -10.44107422 -7.66373430 25.57652759 0.54117647 0.42352941 0.64313725
v -10.23671420 -8.40852625 25.53665925 0.54117647 0.42352941 0.64313725
v -14.26963725 -10.12982380 23.31482551 0.54117647 0.42352941 0.64313725
v -15.72889837 -6.70929687 23.33657226 0.54117647 0.42352941 0.64313725
v -15.62991040 -7.17823989 23.28945360 0.54117647 0.42352941 0.64313725
v -14.16745724 -10.53256337 23.26045863 0.54117647 0.42352941 0.64313725
v -13.67571470 -10.99047283 23.36556933 0.54117647 0.42352941 0.64313725
v -15.66184132 -12.94899976 21.89401323 0.54117647 0.42352941 0.64313725
v -15.03279581 -13.76551351 21.92663125 0.54117647 0.42352941 0.64313725
v -8.52519774 -12.14903844 25.39530327 0.54117647 0.42352941 0.64313725
v -7.38844211 -13.24140060 25.53665925 0.54117647 0.42352941 0.64313725
v -7.21601407 -13.71034362 25.44242193 0.54117647 0.42352941 0.64313725
v -6.70830607 -14.06894686 25.53303409 0.54117647 0.42352941 0.64313725
v -6.15908786 -14.06894686 25.73963243 0.54117647 0.42352941 0.64313725
v -6.54226421 -14.45513504 25.46054352 0.54117647 0.42352941 0.64313725
v -5.43105438 -14.04687869 25.99697460 0.54117647 0.42352941 0.64313725
v -5.76313914 -15.10613913 25.43517161 0.54117647 0.42352941 0.64313725
v -0.50086184 -17.46740562 25.56203116 0.54117647 0.42352941 0.64313725
v -1.55140187 -18.65907295 24.73563779 0.54117647 0.42352941 0.64313725
v -1.07881893 -18.75837918 24.80088015 0.54117647 0.42352941 0.64313725
v 1.62256881 -16.89364065 25.96797753 0.54117647 0.42352941 0.64313725
v 1.76306698 -16.81088582 26.00059976 0.54117647 0.42352941 0.64313725
v 0.20801309 -17.50050840 25.59465129 0.54117647 0.42352941 0.64313725
v 1.76306698 -13.31312083 27.39604013 0.54117647 0.42352941 0.64313725
v 1.76306698 -13.19174749 27.44315879 0.54117647 0.42352941 0.64313725
v -7.57364357 9.49407024 25.36993135 0.54117647 0.42352941 0.64313725
v -15.01044416 7.51347515 23.33657226 0.54117647 0.42352941 0.64313725
v -9.50548763 11.83878640 23.39093914 0.54117647 0.42352941 0.64313725
v -12.78483140 10.98917197 22.58267157 0.54117647 0.42352941 0.64313725
v 1.76306698 14.32694407 24.36231366 0.54117647 0.42352941 0.64313725
v 0.57202983 13.86351783 24.73926295 0.54117647 0.42352941 0.64313725
v -1.20654368 13.38354125 24.91324117 0.54117647 0.42352941 0.64313725
v 0.54967713 13.86351783 24.73926295 0.54117647 0.42352941 0.64313725
v 0.20801309 14.72968364 24.15933837 0.54117647 0.42352941 0.64313725
v -0.50086184 14.69658192 24.12309519 0.54117647 0.42352941 0.64313725
v -1.91541861 13.63180470 24.57253505 0.54117647 0.42352941 0.64313725
v -5.14367290 15.29241506 22.62616507 0.54117647 0.42352941 0.64313725
v -5.61625584 15.18759311 22.56817303 0.54117647 0.42352941 0.64313725
v -11.87798263 12.81529200 21.75628030 0.54117647 0.42352941 0.64313725
v -7.82270899 13.08010685 23.27132990 0.54117647 0.42352941 0.64313725
v -6.15908786 15.06621977 22.48480908 0.54117647 0.42352941 0.64313725
v -7.24794499 15.29793289 21.92663125 0.54117647 0.42352941 0.64313725
v -16.31643368 5.73149094 23.24958315 0.54117647 0.42352941 0.64313725
v -19.32755559 4.84325695 21.29959011 0.54117647 0.42352941 0.64313725
v -18.75598363 3.60745381 22.08611304 0.54117647 0.42352941 0.64313725
v -15.52134315 5.01980071 23.95274213 0.54117647 0.42352941 0.64313725
v -15.81830495 6.20043396 23.40543978 0.54117647 0.42352941 0.64313725
v -16.29727513 7.29279612 22.54280323 0.54117647 0.42352941 0.64313725
v -14.74541328 4.31362726 24.57616021 0.54117647 0.42352941 0.64313725
v -19.27007782 2.62543170 21.93388157 0.54117647 0.42352941 0.64313725
v -18.08542791 -1.33575933 22.76027284 0.54117647 0.42352941 0.64313725
v -17.46915266 -2.04193271 23.07198188 0.54117647 0.42352941 0.64313725
v -17.04766026 -2.04193271 23.29307876 0.54117647 0.42352941 0.64313725
v -16.65490568 -2.75362294 23.45618149 0.54117647 0.42352941 0.64313725
v -17.00934315 -2.75362294 23.26045863 0.54117647 0.42352941 0.64313725
v -16.55911081 -3.45979639 23.41993621 0.54117647 0.42352941 0.64313725
v -16.47609041 -4.16596957 23.36919239 0.54117647 0.42352941 0.64313725
v -16.27811657 -5.57831621 23.25320831 0.54117647 0.42352941 0.64313725
v -15.80872568 -6.29000643 23.37644271 0.54117647 0.42352941 0.64313725
v -15.77679475 -12.47453996 21.95925348 0.54117647 0.42352941 0.64313725
v -16.16316314 -6.29000643 23.19159322 0.54117647 0.42352941 0.64313725
v -16.00031332 -6.96307816 23.13359908 0.54117647 0.42352941 0.64313725
v -16.51121442 -13.21933243 21.27784125 0.54117647 0.42352941 0.64313725
v -16.11845985 -13.41794383 21.46269495 0.54117647 0.42352941 0.64313725
v -15.52453624 -13.35725716 21.82514571 0.54117647 0.42352941 0.64313725
v -15.30101767 -14.02481158 21.68378973 0.54117647 0.42352941 0.64313725
v -14.78692348 -14.23445653 21.83239393 0.54117647 0.42352941 0.64313725
v -10.22074874 -15.33233547 23.42356137 0.54117647 0.42352941 0.64313725
v -10.01638872 -15.80679527 23.30757729 0.54117647 0.42352941 0.64313725
v -7.01484609 -17.08673422 23.94911697 0.54117647 0.42352941 0.64313725
v -6.15908786 -14.96269762 25.36993135 0.54117647 0.42352941 0.64313725
v -6.15908786 -14.60961116 25.52216072 0.54117647 0.42352941 0.64313725
v -6.15908786 -15.48129376 25.10896614 0.54117647 0.42352941 0.64313725
v -6.54226421 -17.26879528 24.04335429 0.54117647 0.42352941 0.64313725
v -0.50086184 -18.31150433 25.10896614 0.54117647 0.42352941 0.64313725
v -3.86322812 -20.89344933 22.69865564 0.54117647 0.42352941 0.64313725
v -3.32997538 -21.02034050 22.77114621 0.54117647 0.42352941 0.64313725
v -2.43909208 -21.55548803 22.65878730 0.54117647 0.42352941 0.64313725
v -1.91541861 -21.64927642 22.72402755 0.54117647 0.42352941 0.64313725
v -1.20654368 -21.75961620 22.80014328 0.54117647 0.42352941 0.64313725
v -0.50086184 -21.81478609 22.84001162 0.54117647 0.42352941 0.64313725
v -0.50086184 -18.80251551 24.82625206 0.54117647 0.42352941 0.64313725
v 1.62256881 -17.57774541 25.63814690 0.54117647 0.42352941 0.64313725
v 1.76306698 -16.89364065 25.96435237 0.54117647 0.42352941 0.64313725
v -14.66558597 10.65815263 21.71640985 0.54117647 0.42352941 0.64313725
v -16.38987480 9.59337647 21.17635572 0.54117647 0.42352941 0.64313725
v -12.15259279 12.44013737 21.90125934 0.54117647 0.42352941 0.64313725
v -14.27921653 11.73396445 21.19447941 0.54117647 0.42352941 0.64313725
v 1.76306698 14.70209870 24.12672035 0.54117647 0.42352941 0.64313725
v 1.76306698 16.32960732 23.10460200 0.54117647 0.42352941 0.64313725
v 1.76306698 16.45649849 23.02486322 0.54117647 0.42352941 0.64313725
v 1.76306698 16.87027162 22.76389800 0.54117647 0.42352941 0.64313725
v -1.00218366 14.63037847 24.07235136 0.54117647 0.42352941 0.64313725
v -0.50086184 17.87987895 21.73815660 0.54117647 0.42352941 0.64313725
v -1.56736733 17.39990132 21.91213482 0.54117647 0.42352941 0.64313725
v -6.15908786 15.51861140 22.12960654 0.54117647 0.42352941 0.64313725
v -11.68320189 12.58909566 21.99549877 0.54117647 0.42352941 0.64313725
v -11.42775240 13.84696644 21.18722909 0.54117647 0.42352941 0.64313725
v -11.81412079 13.36698986 21.37208068 0.54117647 0.42352941 0.64313725
v -6.86476970 15.38068667 22.00274698 0.54117647 0.42352941 0.64313725
v -7.98236572 16.72131334 20.52394267 0.54117647 0.42352941 0.64313725
v -20.05878006 6.21698482 19.90052458 0.54117647 0.42352941 0.64313725
v -22.08322589 5.40047212 18.38909593 0.54117647 0.42352941 0.64313725
v -20.68463459 3.30953698 20.52756572 0.54117647 0.42352941 0.64313725
v -20.45792292 0.77724364 21.04224794 0.54117647 0.42352941 0.64313725
v -20.10348546 0.77724364 21.31408865 0.54117647 0.42352941 0.64313725
v -19.27007782 2.33303165 21.93388157 0.54117647 0.42352941 0.64313725
v -18.43986538 -1.33575933 22.54642628 0.54117647 0.42352941 0.64313725
v -18.01198468 -2.04193271 22.74939946 0.54117647 0.42352941 0.64313725
v -17.46915266 -2.75362294 22.98861793 0.54117647 0.42352941 0.64313725
v -18.58355453 -5.40177298 21.94113189 0.54117647 0.42352941 0.64313725
v -17.24882718 -5.57831621 22.69865564 0.54117647 0.42352941 0.64313725
v -17.19454461 -6.06381062 22.65516214 0.54117647 0.42352941 0.64313725
v -16.76347082 -5.57831621 22.98136972 0.54117647 0.42352941 0.64313725
v -18.51330650 -5.87623330 21.89401323 0.54117647 0.42352941 0.64313725
v -20.17373349 -9.11469970 19.94764324 0.54117647 0.42352941 0.64313725
v -16.39626099 -13.69379223 21.19085425 0.54117647 0.42352941 0.64313725
v -20.06197526 -9.69398250 19.86427719 0.54117647 0.42352941 0.64313725
v -20.88260842 -9.82639045 19.25173459 0.54117647 0.42352941 0.64313725
v -15.90132746 -14.06894686 21.32858508 0.54117647 0.42352941 0.64313725
v -15.74167074 -14.47168643 21.23072259 0.54117647 0.42352941 0.64313725
v -15.28185912 -14.73650128 21.31771381 0.54117647 0.42352941 0.64313725
v -9.25323122 -17.87566197 22.56817303 0.54117647 0.42352941 0.64313725
v -9.00416580 -17.62188174 22.81826487 0.54117647 0.42352941 0.64313725
v -8.50603813 -17.14742089 23.28220538 0.54117647 0.42352941 0.64313725
v -8.78064723 -18.06875554 22.68415921 0.54117647 0.42352941 0.64313725
v -7.25433118 -17.99151854 23.34382047 0.54117647 0.42352941 0.64313725
v -6.86476970 -18.46046261 23.20608965 0.54117647 0.42352941 0.64313725
v -6.86476970 -19.05078002 22.82914036 0.54117647 0.42352941 0.64313725
v -7.57364357 -18.82458263 22.72040239 0.54117647 0.42352941 0.64313725
v -7.09786860 -19.31007598 22.56817303 0.54117647 0.42352941 0.64313725
v -7.57364357 -19.17766909 22.46668749 0.54117647 0.42352941 0.64313725
v -8.06857921 -19.45903638 21.99187361 0.54117647 0.42352941 0.64313725
v -2.99150337 -22.21200889 21.91938303 0.54117647 0.42352941 0.64313725
v -2.90848192 -21.46169963 22.59717010 0.54117647 0.42352941 0.64313725
v -1.91541861 -22.00236288 22.45218896 0.54117647 0.42352941 0.64313725
v -1.20654368 -22.11270266 22.53917806 0.54117647 0.42352941 0.64313725
v -0.50086184 -22.16787255 22.58992189 0.54117647 0.42352941 0.64313725
v 1.76306698 -22.90714825 22.07523756 0.54117647 0.42352941 0.64313725
v 1.62256881 -17.93083187 25.42430034 0.54117647 0.42352941 0.64313725
v 1.76306698 -17.57222863 25.63452174 0.54117647 0.42352941 0.64313725
v 1.76306698 -17.43982068 25.69976199 0.54117647 0.42352941 0.64313725
v 1.76306698 -17.92531509 25.42430034 0.54117647 0.42352941 0.64313725
v -14.64004123 11.22640187 21.33583540 0.54117647 0.42352941 0.64313725
v -15.01363725 11.06089220 21.21985132 0.54117647 0.42352941 0.64313725
v -21.51165604 7.62933171 17.78017638 0.54117647 0.42352941 0.64313725
v -15.06472673 11.80568468 20.55656068 0.54117647 0.42352941 0.64313725
v -19.42654145 11.94912618 16.41010581 0.54117647 0.42352941 0.64313725
v -19.89912544 11.68982812 16.18900893 0.54117647 0.42352941 0.64313725
v -12.24838556 13.21803157 21.25247145 0.54117647 0.42352941 0.64313725
v -12.50064302 12.80425844 21.43007272 0.54117647 0.42352941 0.64313725
v -13.03070267 12.56702749 21.29959011 0.54117647 0.42352941 0.64313725
v -14.64004123 11.57948833 21.06399470 0.54117647 0.42352941 0.64313725
v -12.82634265 13.82489932 20.46594852 0.54117647 0.42352941 0.64313725
v -12.93171575 15.32551783 19.12124987 0.54117647 0.42352941 0.64313725
v 1.76306698 17.22335809 22.45218896 0.54117647 0.42352941 0.64313725
v 1.62256881 18.72949443 21.11836368 0.54117647 0.42352941 0.64313725
v 0.20801309 17.93504884 21.76352851 0.54117647 0.42352941 0.64313725
v -0.50086184 18.29916886 21.38295406 0.54117647 0.42352941 0.64313725
v -1.20654368 18.19434691 21.29234190 0.54117647 0.42352941 0.64313725
v -9.33305853 15.97652086 20.49132043 0.54117647 0.42352941 0.64313725
v -12.12066081 15.95996947 19.05238446 0.54117647 0.42352941 0.64313725
v -7.98555881 18.13365918 19.11037649 0.54117647 0.42352941 0.64313725
v -8.45814069 18.02331940 18.97989388 0.54117647 0.42352941 0.64313725
v -9.36498945 18.12262563 18.39634625 0.54117647 0.42352941 0.64313725
v -23.54887214 5.47770965 16.31949365 0.54117647 0.42352941 0.64313725
v -24.04380567 4.31362726 16.04040474 0.54117647 0.42352941 0.64313725
v -24.12044199 3.60745381 16.16001397 0.54117647 0.42352941 0.64313725
v -24.02464711 2.19510718 16.72544002 0.54117647 0.42352941 0.64313725
v -23.67021176 2.19510718 17.18213021 0.54117647 0.42352941 0.64313725
v -22.97410920 2.90128063 17.87803886 0.54117647 0.42352941 0.64313725
v -21.98423792 7.14383730 17.52645937 0.54117647 0.42352941 0.64313725
v -23.37644305 2.19510718 17.53370759 0.54117647 0.42352941 0.64313725
v -20.78681354 1.48341696 20.64717495 0.54117647 0.42352941 0.64313725
v -20.82513276 0.77724364 20.69067056 0.54117647 0.42352941 0.64313725
v -21.93314845 -2.75362294 19.66130401 0.54117647 0.42352941 0.64313725
v -21.92037608 -3.45979639 19.66130401 0.54117647 0.42352941 0.64313725
v -21.49249749 -4.87214328 19.89689942 0.54117647 0.42352941 0.64313725
v -18.98269740 -4.87214328 21.73453144 0.54117647 0.42352941 0.64313725
v -21.44459899 -5.44590878 19.85340381 0.54117647 0.42352941 0.64313725
v -20.52497786 -9.11469970 19.68667592 0.54117647 0.42352941 0.64313725
v -21.39989570 -10.97943822 18.41084478 0.54117647 0.42352941 0.64313725
v -21.27855609 -11.44838230 18.30573198 0.54117647 0.42352941 0.64313725
v -20.14180257 -14.06894686 17.82729504 0.54117647 0.42352941 0.64313725
v -20.00449749 -14.48271999 17.71493613 0.54117647 0.42352941 0.64313725
v -17.09555664 -15.09510452 19.76641470 0.54117647 0.42352941 0.64313725
v -20.75807782 -10.32843519 19.16112032 0.54117647 0.42352941 0.64313725
v -21.23704589 -9.82639045 18.97989388 0.54117647 0.42352941 0.64313725
v -15.85662206 -15.30475053 20.61817999 0.54117647 0.42352941 0.64313725
v -15.47344676 -14.94614623 21.08936661 0.54117647 0.42352941 0.64313725
v -10.15688584 -18.03565487 21.97374991 0.54117647 0.42352941 0.64313725
v -8.45175451 -18.53769962 22.52105437 0.54117647 0.42352941 0.64313725
v -7.98236572 -18.70320929 22.64066360 0.54117647 0.42352941 0.64313725
v -8.26016686 -19.00664369 22.25646399 0.54117647 0.42352941 0.64313725
v -10.07067129 -20.79966094 19.79903694 0.54117647 0.42352941 0.64313725
v -11.49161425 -22.21752461 17.67868873 0.54117647 0.42352941 0.64313725
v -9.55338401 -23.00645237 17.78742459 0.54117647 0.42352941 0.64313725
v -4.28472053 -23.59125195 19.76279165 0.54117647 0.42352941 0.64313725
v -2.62110045 -22.27821234 21.99187361 0.54117647 0.42352941 0.64313725
v -2.65303137 -21.81478609 22.38694660 0.54117647 0.42352941 0.64313725
v -9.69388218 -21.25205362 19.55619331 0.54117647 0.42352941 0.64313725
v -10.09302294 -21.51686952 19.11037649 0.54117647 0.42352941 0.64313725
v -1.91541861 -22.38303429 22.10060947 0.54117647 0.42352941 0.64313725
v -1.20654368 -22.47130695 22.18759858 0.54117647 0.42352941 0.64313725
v -0.25818471 -22.92921537 21.93025641 0.54117647 0.42352941 0.64313725
v 0.20801309 -22.95680031 21.95925348 0.54117647 0.42352941 0.64313725
v 0.91369387 -22.98990309 21.98100023 0.54117647 0.42352941 0.64313725
v 1.62256881 -23.00645237 21.99912182 0.54117647 0.42352941 0.64313725
v 1.76306698 -23.00093665 21.99912182 0.54117647 0.42352941 0.64313725
v -22.10238445 7.55761096 17.04077422 0.54117647 0.42352941 0.64313725
v -17.06043263 13.83041610 16.93203625 0.54117647 0.42352941 0.64313725
v -19.20621597 12.41806921 16.21800601 0.54117647 0.42352941 0.64313725
v -14.20258126 15.19310988 18.30573198 0.54117647 0.42352941 0.64313725
v -20.66547603 11.76154940 14.85880882 0.54117647 0.42352941 0.64313725
v -21.32964767 10.28299800 15.47135353 0.54117647 0.42352941 0.64313725
v -21.48930229 9.81405498 15.71057200 0.54117647 0.42352941 0.64313725
v -17.93535047 16.11444559 13.56485399 0.54117647 0.42352941 0.64313725
v -19.19982979 15.93238453 11.94831569 0.54117647 0.42352941 0.64313725
v -19.86080833 12.35186576 15.41698665 0.54117647 0.42352941 0.64313725
v -21.36157859 15.98755442 8.47964578 0.54117647 0.42352941 0.64313725
v -12.52299572 15.47447612 19.23361089 0.54117647 0.42352941 0.64313725
v -12.52299572 15.82756258 18.90377815 0.54117647 0.42352941 0.64313725
v 1.76306698 18.72397660 21.11836368 0.54117647 0.42352941 0.64313725
v 1.76306698 18.79569788 21.04587311 0.54117647 0.42352941 0.64313725
v 0.91369387 19.43566735 20.40070827 0.54117647 0.42352941 0.64313725
v 0.20801309 19.07154522 20.73778922 0.54117647 0.42352941 0.64313725
v 0.20801309 18.69087382 21.08936661 0.54117647 0.42352941 0.64313725
v 0.20801309 18.33227163 21.41195113 0.54117647 0.42352941 0.64313725
v -0.50086184 18.65225532 21.03862278 0.54117647 0.42352941 0.64313725
v -0.50086184 18.99982605 20.68704540 0.54117647 0.42352941 0.64313725
v -1.60887858 19.53497147 19.80628515 0.54117647 0.42352941 0.64313725
v -12.52299572 16.14754732 18.55220077 0.54117647 0.42352941 0.64313725
v -11.58421498 17.48265615 17.75117931 0.54117647 0.42352941 0.64313725
v -12.07915061 16.64959206 18.32385568 0.54117647 0.42352941 0.64313725
v -3.20224958 19.59565919 19.17199369 0.54117647 0.42352941 0.64313725
v -4.03565616 21.43281277 16.72181486 0.54117647 0.42352941 0.64313725
v -4.45714962 21.67004373 16.28687142 0.54117647 0.42352941 0.64313725
v -9.44481887 20.26873144 15.59096276 0.54117647 0.42352941 0.64313725
v -11.53312445 18.15021057 17.01540231 0.54117647 0.42352941 0.64313725
v -9.91420766 20.16390738 15.47497869 0.54117647 0.42352941 0.64313725
v -10.39956402 20.34045061 14.98204321 0.54117647 0.42352941 0.64313725
v -10.78912550 20.25218005 14.86243398 0.54117647 0.42352941 0.64313725
v -24.27371253 5.49426051 14.97479500 0.54117647 0.42352941 0.64313725
v -24.86444094 5.27358147 14.05778946 0.54117647 0.42352941 0.64313725
v -24.34715576 4.99773254 15.20314009 0.54117647 0.42352941 0.64313725
v -24.21623687 4.74395178 15.58733971 0.54117647 0.42352941 0.64313725
v -24.27690562 4.31362726 15.68520008 0.54117647 0.42352941 0.64313725
v -22.71546450 7.37003365 16.12739384 0.54117647 0.42352941 0.64313725
v -24.36311912 3.60745381 15.80480932 0.54117647 0.42352941 0.64313725
v -24.41101761 2.90679741 15.94979047 0.54117647 0.42352941 0.64313725
v -24.21942785 2.68060133 16.29774690 0.54117647 0.42352941 0.64313725
v -24.27051944 2.19510718 16.37023747 0.54117647 0.42352941 0.64313725
v -24.74629441 0.07107032 16.02953136 0.54117647 0.42352941 0.64313725
v -23.62231326 -2.75362294 17.84179358 0.54117647 0.42352941 0.64313725
v -23.29661363 -2.75362294 18.19337307 0.54117647 0.42352941 0.64313725
v -22.26204117 -3.45979639 19.30610146 0.54117647 0.42352941 0.64313725
v -22.15028083 -5.57831621 19.17924401 0.54117647 0.42352941 0.64313725
v -22.11515682 -6.08587826 19.13212324 0.54117647 0.42352941 0.64313725
v -21.49249749 -10.53256337 18.50145695 0.54117647 0.42352941 0.64313725
v -21.84693285 -10.53256337 18.14625440 0.54117647 0.42352941 0.64313725
v -22.10238445 -10.97943822 17.70406064 0.54117647 0.42352941 0.64313725
v -22.00658957 -11.45389908 17.60257511 0.54117647 0.42352941 0.64313725
v -20.49624003 -14.06894686 17.51196084 0.54117647 0.42352941 0.64313725
v -20.70379314 -14.48271999 17.01902536 0.54117647 0.42352941 0.64313725
v -19.22537453 -16.52951958 16.94653690 0.54117647 0.42352941 0.64313725
v -16.42499882 -15.85093161 19.79903694 0.54117647 0.42352941 0.64313725
v -16.58146245 -15.48129376 19.92227133 0.54117647 0.42352941 0.64313725
v -21.58829026 -9.82639045 18.62469134 0.54117647 0.42352941 0.64313725
v -15.62671730 -15.77369355 20.45145209 0.54117647 0.42352941 0.64313725
v -14.98809041 -17.24672711 19.78091324 0.54117647 0.42352941 0.64313725
v -12.86785285 -17.94738325 20.48769527 0.54117647 0.42352941 0.64313725
v -13.50009251 -19.31007598 19.03063771 0.54117647 0.42352941 0.64313725
v -12.31224846 -21.61065792 17.75480447 0.54117647 0.42352941 0.64313725
v -11.96419824 -22.08511772 17.51558600 0.54117647 0.42352941 0.64313725
v -11.76303026 -22.36096717 17.29086606 0.54117647 0.42352941 0.64313725
v -11.36388950 -22.86852764 16.89579307 0.54117647 0.42352941 0.64313725
v -10.89130656 -22.95680031 17.05527065 0.54117647 0.42352941 0.64313725
v -8.69443269 -24.35259687 16.29412174 0.54117647 0.42352941 0.64313725
v -8.27932541 -24.19260292 16.76530836 0.54117647 0.42352941 0.64313725
v -4.77646307 -24.14846659 18.71530350 0.54117647 0.42352941 0.64313725
v -4.74453109 -23.76779518 19.27348134 0.54117647 0.42352941 0.64313725
v -4.04204340 -23.87261924 19.49095306 0.54117647 0.42352941 0.64313725
v -3.20863576 -24.38017971 19.14299662 0.54117647 0.42352941 0.64313725
v -2.63387282 -22.67543513 21.50981362 0.54117647 0.42352941 0.64313725
v -1.91541861 -22.73612075 21.66929119 0.54117647 0.42352941 0.64313725
v -0.72757456 -22.88507903 21.86864132 0.54117647 0.42352941 0.64313725
v -2.62110045 -24.43534960 19.20823898 0.54117647 0.42352941 0.64313725
v 1.76306698 -26.39387863 15.69607557 0.54117647 0.42352941 0.64313725
v -22.21094959 7.81690903 16.56233728 0.54117647 0.42352941 0.64313725
v -17.80762466 13.84144966 16.23612760 0.54117647 0.42352941 0.64313725
v -17.04446716 16.62200711 14.05416430 0.54117647 0.42352941 0.64313725
v -17.24563409 16.83165312 13.58297769 0.54117647 0.42352941 0.64313725
v -13.57353469 18.10055851 15.53659589 0.54117647 0.42352941 0.64313725
v -15.08388528 18.16676196 14.19189723 0.54117647 0.42352941 0.64313725
v -15.55646927 17.97918517 13.99254921 0.54117647 0.42352941 0.64313725
v -24.87082712 12.40151887 6.29405838 0.54117647 0.42352941 0.64313725
v -21.47972512 15.57929807 8.76235880 0.54117647 0.42352941 0.64313725
v -21.99701029 15.16552494 8.30204451 0.54117647 0.42352941 0.64313725
v -23.55525832 7.62381441 14.26438781 0.54117647 0.42352941 0.64313725
v -18.56439598 18.14469274 9.93670440 0.54117647 0.42352941 0.64313725
v -19.14235202 16.58338861 11.16179381 0.54117647 0.42352941 0.64313725
v -19.29881565 16.75441506 10.69060614 0.54117647 0.42352941 0.64313725
v -18.66977014 18.26055035 9.53438319 0.54117647 0.42352941 0.64313725
v -21.39350952 18.13365918 4.28607119 0.54117647 0.42352941 0.64313725
v -21.97785174 18.01228584 3.33282037 0.54117647 0.42352941 0.64313725
v -22.17582557 17.53782604 3.74239189 0.54117647 0.42352941 0.64313725
v -24.21623687 15.32000000 2.87975534 0.54117647 0.42352941 0.64313725
v -24.34715576 13.34492169 6.00047092 0.54117647 0.42352941 0.64313725
v -24.72394487 12.80425844 6.03309105 0.54117647 0.42352941 0.64313725
v -24.23858641 13.22354835 6.44991290 0.54117647 0.42352941 0.64313725
v 1.76306698 19.05499594 20.76316114 0.54117647 0.42352941 0.64313725
v 0.91369387 19.72806609 20.04550573 0.54117647 0.42352941 0.64313725
v 0.20801309 19.42463379 20.38258457 0.54117647 0.42352941 0.64313725
v 1.76306698 19.73358392 20.00925833 0.54117647 0.42352941 0.64313725
v 1.76306698 20.08667038 19.61056229 0.54117647 0.42352941 0.64313725
v 1.62256881 20.08667038 19.61418534 0.54117647 0.42352941 0.64313725
v -0.50086184 19.35291251 20.29922063 0.54117647 0.42352941 0.64313725
v -0.24860544 20.95835297 18.40359446 0.54117647 0.42352941 0.64313725
v -2.99788956 20.94180158 17.67144052 0.54117647 0.42352941 0.64313725
v -12.05360482 17.32266431 17.57720320 0.54117647 0.42352941 0.64313725
v -3.27249866 21.14041404 17.33798473 0.54117647 0.42352941 0.64313725
v -4.03565616 21.71969579 16.36661231 0.54117647 0.42352941 0.64313725
v -9.96849234 21.61487384 13.37637934 0.54117647 0.42352941 0.64313725
v -10.17604545 20.98042009 14.20639577 0.54117647 0.42352941 0.64313725
v -9.69388218 20.83146180 14.67758239 0.54117647 0.42352941 0.64313725
v -9.68430290 20.45079040 15.21763652 0.54117647 0.42352941 0.64313725
v -4.03565616 22.47000504 15.02916188 0.54117647 0.42352941 0.64313725
v -6.64763626 23.10445879 12.81095329 0.54117647 0.42352941 0.64313725
v -6.86476970 22.51965710 13.68808838 0.54117647 0.42352941 0.64313725
v -7.42995337 22.42586871 13.54673240 0.54117647 0.42352941 0.64313725
v -13.03070267 18.90051983 14.95667130 0.54117647 0.42352941 0.64313725
v -13.30211868 18.50329703 15.24663359 0.54117647 0.42352941 0.64313725
v -10.40595020 20.71560630 14.46011067 0.54117647 0.42352941 0.64313725
v -10.64543529 20.89214953 14.06503768 0.54117647 0.42352941 0.64313725
v -11.05734842 20.39562050 14.46011067 0.54117647 0.42352941 0.64313725
v -11.57463570 20.29631639 14.21001882 0.54117647 0.42352941 0.64313725
v -24.15237502 6.71351331 14.06866284 0.54117647 0.42352941 0.64313725
v -24.28009872 6.96177730 13.59747411 0.54117647 0.42352941 0.64313725
v -24.75906678 5.75907588 13.80407246 0.54117647 0.42352941 0.64313725
v -24.97300819 5.54391362 13.58660074 0.54117647 0.42352941 0.64313725
v -25.05922168 5.03083427 13.80407246 0.54117647 0.42352941 0.64313725
v -24.93468897 4.80463845 14.20639577 0.54117647 0.42352941 0.64313725
v -24.73671724 5.03083427 14.46011067 0.54117647 0.42352941 0.64313725
v -24.53874130 4.31362726 15.18864156 0.54117647 0.42352941 0.64313725
v -25.46794171 1.48341696 14.57609685 0.54117647 0.42352941 0.64313725
v -24.05019185 7.17693956 13.81132067 0.54117647 0.42352941 0.64313725
v -24.84528238 2.19510718 15.43148519 0.54117647 0.42352941 0.64313725
v -24.57386743 2.19510718 15.89542359 0.54117647 0.42352941 0.64313725
v -24.97620128 0.07107032 15.67432671 0.54117647 0.42352941 0.64313725
v -24.77822534 -0.63510299 16.06577665 0.54117647 0.42352941 0.64313725
v -24.21304167 -2.95775112 16.99365556 0.54117647 0.42352941 0.64313725
v -24.21304167 -3.31083784 16.99365556 0.54117647 0.42352941 0.64313725
v -23.61592708 -3.45979639 17.82366988 0.54117647 0.42352941 0.64313725
v -23.56803069 -4.16596957 17.76567784 0.54117647 0.42352941 0.64313725
v -23.51693911 -4.66801458 17.70768581 0.54117647 0.42352941 0.64313725
v -22.87512123 -7.70235333 17.77292606 0.54117647 0.42352941 0.64313725
v -22.81445247 -8.18784721 17.70768581 0.54117647 0.42352941 0.64313725
v -22.17582557 -10.53256337 17.79467491 0.54117647 0.42352941 0.64313725
v -22.28758591 -11.22770273 17.34523294 0.54117647 0.42352941 0.64313725
v -22.19498623 -11.79043415 17.13138638 0.54117647 0.42352941 0.64313725
v -22.83041793 -12.38626834 15.62720805 0.54117647 0.42352941 0.64313725
v -20.70698623 -16.62882475 14.92405118 0.54117647 0.42352941 0.64313725
v -19.91828399 -16.51296819 16.21800601 0.54117647 0.42352941 0.64313725
v -18.53565815 -17.25224389 16.96103333 0.54117647 0.42352941 0.64313725
v -17.78527302 -17.19707400 17.63157007 0.54117647 0.42352941 0.64313725
v -16.19509406 -16.32539141 19.61781051 0.54117647 0.42352941 0.64313725
v -15.72570527 -16.56262130 19.80266210 0.54117647 0.42352941 0.64313725
v -15.99712023 -16.12678001 19.91864617 0.54117647 0.42352941 0.64313725
v -16.48886277 -16.62330797 19.14662178 0.54117647 0.42352941 0.64313725
v -17.14025994 -18.68665790 16.97915702 0.54117647 0.42352941 0.64313725
v -15.60117257 -19.28249315 17.58445141 0.54117647 0.42352941 0.64313725
v -14.31753469 -19.39283082 18.39272109 0.54117647 0.42352941 0.64313725
v -13.58630706 -20.78862738 17.66781536 0.54117647 0.42352941 0.64313725
v -12.24199938 -22.25614311 17.04439727 0.54117647 0.42352941 0.64313725
v -13.53521758 -21.45618180 16.91028950 0.54117647 0.42352941 0.64313725
v -11.50757971 -23.64090612 15.59096276 0.54117647 0.42352941 0.64313725
v -9.34902399 -25.03670057 14.84431028 0.54117647 0.42352941 0.64313725
v -8.27932541 -24.41880032 16.41010581 0.54117647 0.42352941 0.64313725
v -5.03191362 -24.30294270 18.33472905 0.54117647 0.42352941 0.64313725
v -4.55932963 -24.36914615 18.47245987 0.54117647 0.42352941 0.64313725
v -8.98500725 -25.09187046 14.94579793 0.54117647 0.42352941 0.64313725
v -8.51242432 -26.41594574 12.64422540 0.54117647 0.42352941 0.64313725
v -8.04303447 -26.47111563 12.76383463 0.54117647 0.42352941 0.64313725
v -3.32997538 -27.03936383 13.13353571 0.54117647 0.42352941 0.64313725
v -2.62110045 -26.84075348 13.77507749 0.54117647 0.42352941 0.64313725
v 1.76306698 -26.62007392 15.21038831 0.54117647 0.42352941 0.64313725
v 1.76306698 -26.51525197 15.44598162 0.54117647 0.42352941 0.64313725
v -16.78901556 17.06336624 13.79319908 0.54117647 0.42352941 0.64313725
v -15.78318094 18.17227768 13.51773533 0.54117647 0.42352941 0.64313725
v -17.00295696 17.30059509 13.25314495 0.54117647 0.42352941 0.64313725
v -13.50328561 18.76259510 14.76457149 0.54117647 0.42352941 0.64313725
v -14.24089942 18.78466221 14.08678653 0.54117647 0.42352941 0.64313725
v -15.33294859 18.31572024 13.76420201 0.54117647 0.42352941 0.64313725
v -24.96981509 12.57254532 5.82286965 0.54117647 0.42352941 0.64313725
v -25.58289515 11.68982812 5.58002602 0.54117647 0.42352941 0.64313725
v -16.44415948 18.13917701 12.75658431 0.54117647 0.42352941 0.64313725
v -17.81401085 18.80673143 9.87508825 0.54117647 0.42352941 0.64313725
v -18.20037924 18.64673959 9.59962450 0.54117647 0.42352941 0.64313725
v -18.44944466 18.74604371 9.02694918 0.54117647 0.42352941 0.64313725
v -18.67934941 18.95017189 8.12081807 0.54117647 0.42352941 0.64313725
v -19.24133999 20.23011083 4.24257664 0.54117647 0.42352941 0.64313725
v -22.08322589 18.12262563 2.86163270 0.54117647 0.42352941 0.64313725
v -22.25884808 17.76402133 3.12622308 0.54117647 0.42352941 0.64313725
v -24.02464711 15.76135913 2.46293507 0.54117647 0.42352941 0.64313725
v -24.27371253 15.40827162 2.46293507 0.54117647 0.42352941 0.64313725
v -24.91872562 14.60279352 2.18384668 0.54117647 0.42352941 0.64313725
v 0.91369387 20.08115255 19.60693713 0.54117647 0.42352941 0.64313725
v 0.20801309 20.97490436 18.42534121 0.54117647 0.42352941 0.64313725
v 1.76306698 21.68107728 17.57720320 0.54117647 0.42352941 0.64313725
v 1.62256881 21.63142522 17.65331682 0.54117647 0.42352941 0.64313725
v 0.91369387 21.63142522 17.64606861 0.54117647 0.42352941 0.64313725
v -3.32997538 21.53763472 16.81967734 0.54117647 0.42352941 0.64313725
v 0.20801309 21.59832245 17.59170173 0.54117647 0.42352941 0.64313725
v -0.97025274 22.36518309 16.27237499 0.54117647 0.42352941 0.64313725
v -1.43964258 22.32656459 16.22163117 0.54117647 0.42352941 0.64313725
v -1.20654368 22.53620849 15.94979047 0.54117647 0.42352941 0.64313725
v -10.39956402 21.73072934 12.87619355 0.54117647 0.42352941 0.64313725
v -10.39956402 21.52660117 13.22777303 0.54117647 0.42352941 0.64313725
v -10.40595020 21.15696332 13.80769762 0.54117647 0.42352941 0.64313725
v -8.27932541 22.28242825 13.29301539 0.54117647 0.42352941 0.64313725
v -8.98820034 22.17208847 13.04654660 0.54117647 0.42352941 0.64313725
v -8.50603813 23.01066829 11.92656894 0.54117647 0.42352941 0.64313725
v -9.69388218 22.98308334 11.16179381 0.54117647 0.42352941 0.64313725
v -2.62110045 24.62162658 11.55686786 0.54117647 0.42352941 0.64313725
v -5.23946673 23.80511388 12.07517419 0.54117647 0.42352941 0.64313725
v -5.51407583 24.35129496 10.92982461 0.54117647 0.42352941 0.64313725
v -5.79187803 24.46715257 10.59274366 0.54117647 0.42352941 0.64313725
v -7.57364357 23.44650959 11.65472929 0.54117647 0.42352941 0.64313725
v -7.57364357 23.17066224 12.18028489 0.54117647 0.42352941 0.64313725
v -8.03345519 23.09342312 12.06067565 0.54117647 0.42352941 0.64313725
v -12.32502189 20.34045061 13.56122883 0.54117647 0.42352941 0.64313725
v -11.16272152 20.79836113 13.80769762 0.54117647 0.42352941 0.64313725
v -10.96474769 21.04662564 13.59022590 0.54117647 0.42352941 0.64313725
v -11.81092770 20.46734178 13.78595087 0.54117647 0.42352941 0.64313725
v -25.61801916 8.95892377 8.50501769 0.54117647 0.42352941 0.64313725
v -24.86444094 6.01285664 13.34013406 0.54117647 0.42352941 0.64313725
v -25.08476642 5.75907588 13.09004221 0.54117647 0.42352941 0.64313725
v -27.79892863 4.77705350 7.17481652 0.54117647 0.42352941 0.64313725
v -25.36895585 5.01980071 13.06829335 0.54117647 0.42352941 0.64313725
v -28.38646184 1.64892637 8.35278727 0.54117647 0.42352941 0.64313725
v -28.26193123 1.43928115 8.77323218 0.54117647 0.42352941 0.64313725
v -28.47587053 -0.14409187 9.26979281 0.54117647 0.42352941 0.64313725
v -25.61163298 1.86408862 14.14840162 0.54117647 0.42352941 0.64313725
v -25.50626093 0.77724364 14.65583564 0.54117647 0.42352941 0.64313725
v -25.11669734 1.48341696 15.15601932 0.54117647 0.42352941 0.64313725
v -25.64995008 1.48341696 14.22451736 0.54117647 0.42352941 0.64313725
v -28.53015310 -0.63510299 9.36040497 0.54117647 0.42352941 0.64313725
v -25.25400242 0.07107032 15.18864156 0.54117647 0.42352941 0.64313725
v -24.99535983 -0.63510299 15.71419716 0.54117647 0.42352941 0.64313725
v -27.90430068 -4.16596957 10.16867465 0.54117647 0.42352941 0.64313725
v -27.87875594 -4.87214328 10.13242936 0.54117647 0.42352941 0.64313725
v -27.83405054 -5.57831621 10.08531070 0.54117647 0.42352941 0.64313725
v -24.18430595 -3.78529790 16.95378511 0.54117647 0.42352941 0.64313725
v -24.01187474 -3.51496602 17.26186899 0.54117647 0.42352941 0.64313725
v -28.53015310 -1.33575933 9.35678087 0.54117647 0.42352941 0.64313725
v -23.87776487 -4.16596957 17.31261281 0.54117647 0.42352941 0.64313725
v -23.51374812 -7.50374193 17.00452683 0.54117647 0.42352941 0.64313725
v -23.26787580 -7.72442097 17.26911721 0.54117647 0.42352941 0.64313725
v -23.46584963 -7.97820226 16.93566141 0.54117647 0.42352941 0.64313725
v -23.41156706 -8.40852625 16.85954779 0.54117647 0.42352941 0.64313725
v -22.55900298 -10.52152981 17.26549415 0.54117647 0.42352941 0.64313725
v -22.74101135 -10.75324293 16.89216791 0.54117647 0.42352941 0.64313725
v -22.66756812 -11.23873629 16.76168530 0.54117647 0.42352941 0.64313725
v -22.79529392 -11.64147586 16.29412174 0.54117647 0.42352941 0.64313725
v -25.06880306 -16.88260604 6.70362885 0.54117647 0.42352941 0.64313725
v -24.96342891 -17.35706689 6.46803449 0.54117647 0.42352941 0.64313725
v -21.31687530 -16.46331613 14.05778946 0.54117647 0.42352941 0.64313725
v -22.90066596 -11.90629071 15.87729989 0.54117647 0.42352941 0.64313725
v -27.07089515 -8.87746980 9.99469749 0.54117647 0.42352941 0.64313725
v -21.45098518 -16.66192753 13.58660074 0.54117647 0.42352941 0.64313725
v -20.63673820 -17.93634970 13.39450093 0.54117647 0.42352941 0.64313725
v -19.97895275 -18.69769146 13.46336845 0.54117647 0.42352941 0.64313725
v -18.60271309 -20.14865791 13.51773533 0.54117647 0.42352941 0.64313725
v -18.41751373 -19.96108112 13.98892405 0.54117647 0.42352941 0.64313725
v -17.69905742 -20.67828760 14.00704564 0.54117647 0.42352941 0.64313725
v -16.36433007 -19.33766093 16.91028950 0.54117647 0.42352941 0.64313725
v -14.32072778 -20.81069449 16.98640524 0.54117647 0.42352941 0.64313725
v -13.86730235 -20.92103428 17.25824594 0.54117647 0.42352941 0.64313725
v -14.31753469 -22.92921537 14.15927711 0.54117647 0.42352941 0.64313725
v -13.44900304 -23.54159989 13.98529889 0.54117647 0.42352941 0.64313725
v -12.29947609 -24.39121537 13.53223386 0.54117647 0.42352941 0.64313725
v -10.89130656 -25.09738829 13.56122883 0.54117647 0.42352941 0.64313725
v -8.76787486 -26.50973414 12.17303667 0.54117647 0.42352941 0.64313725
v -8.27932541 -26.85730487 11.65472929 0.54117647 0.42352941 0.64313725
v -8.27932541 -26.58145542 12.39050839 0.54117647 0.42352941 0.64313725
v -3.69079903 -27.14970361 12.72033902 0.54117647 0.42352941 0.64313725
v -3.32997538 -27.17177283 12.77833317 0.54117647 0.42352941 0.64313725
v 1.76306698 -27.90001286 12.29627107 0.54117647 0.42352941 0.64313725
v 1.76306698 -27.78967308 12.56086145 0.54117647 0.42352941 0.64313725
v -16.03543734 18.28813530 13.02479985 0.54117647 0.42352941 0.64313725
v -14.64323432 21.85210268 8.82035084 0.54117647 0.42352941 0.64313725
v -14.41332746 21.71969579 9.26616765 0.54117647 0.42352941 0.64313725
v -25.65633627 11.82223607 5.10883730 0.54117647 0.42352941 0.64313725
v -26.01716203 11.38639477 4.58690686 0.54117647 0.42352941 0.64313725
v -25.77448279 11.43053005 5.32268491 0.54117647 0.42352941 0.64313725
v -27.44448906 8.55618420 3.87649966 0.54117647 0.42352941 0.64313725
v -27.07728133 9.03064400 4.39480705 0.54117647 0.42352941 0.64313725
v -27.18584647 8.59480270 4.61227877 0.54117647 0.42352941 0.64313725
v -26.16723947 9.94646293 5.98597239 0.54117647 0.42352941 0.64313725
v -25.72020022 10.52574573 6.53690095 0.54117647 0.42352941 0.64313725
v -15.05195436 21.69762867 8.57750826 0.54117647 0.42352941 0.64313725
v -18.05030179 21.12386265 4.58690686 0.54117647 0.42352941 0.64313725
v -18.51011341 20.91973447 4.17733533 0.54117647 0.42352941 0.64313725
v -20.64312439 19.51290435 2.79639139 0.54117647 0.42352941 0.64313725
v -21.45098518 18.89500199 2.46293507 0.54117647 0.42352941 0.64313725
v -21.80222955 18.55846692 2.46293507 0.54117647 0.42352941 0.64313725
v -22.14708774 18.20538046 2.46293507 0.54117647 0.42352941 0.64313725
v -22.80806629 17.44403765 2.21646681 0.54117647 0.42352941 0.64313725
v -24.22581404 16.03720753 0.84277214 0.54117647 0.42352941 0.64313725
v -24.96342891 14.66348019 1.75615251 0.54117647 0.42352941 0.64313725
v -25.21249222 14.21660429 1.75615251 0.54117647 0.42352941 0.64313725
v -26.24068060 11.60707328 3.16971763 0.54117647 0.42352941 0.64313725
v -26.18958901 11.38087694 3.91637011 0.54117647 0.42352941 0.64313725
v -25.72977950 11.95464296 4.58690686 0.54117647 0.42352941 0.64313725
v 1.76306698 21.88520546 17.29448912 0.54117647 0.42352941 0.64313725
v 1.62256881 21.88520546 17.29811428 0.54117647 0.42352941 0.64313725
v 1.62256881 22.23829192 16.77255868 0.54117647 0.42352941 0.64313725
v 0.91369387 21.86313835 17.29448912 0.54117647 0.42352941 0.64313725
v -0.50086184 22.66309966 15.89542359 0.54117647 0.42352941 0.64313725
v -0.50086184 22.39276804 16.30499512 0.54117647 0.42352941 0.64313725
v -0.50086184 22.97204979 15.33724786 0.54117647 0.42352941 0.64313725
v -2.62110045 24.94161237 10.95157136 0.54117647 0.42352941 0.64313725
v -10.78593241 21.65349234 12.73846272 0.54117647 0.42352941 0.64313725
v -10.38359856 22.85067645 10.91532608 0.54117647 0.42352941 0.64313725
v -8.27293923 23.22583213 11.67647709 0.54117647 0.42352941 0.64313725
v -8.85089632 23.13755946 11.45538127 0.54117647 0.42352941 0.64313725
v -10.13453419 23.08238957 10.65798496 0.54117647 0.42352941 0.64313725
v -3.32997538 24.54438958 11.42638419 0.54117647 0.42352941 0.64313725
v -2.62110045 25.14574055 10.50575560 0.54117647 0.42352941 0.64313725
v -6.15908786 25.22849538 8.57025899 0.54117647 0.42352941 0.64313725
v -6.53268388 25.18435905 8.48689505 0.54117647 0.42352941 0.64313725
v -6.80729298 25.00781582 8.76598396 0.54117647 0.42352941 0.64313725
v -7.57364357 24.77610270 8.82760011 0.54117647 0.42352941 0.64313725
v -8.26335995 23.90993583 10.26291197 0.54117647 0.42352941 0.64313725
v -8.26335995 23.59546787 10.91895124 0.54117647 0.42352941 0.64313725
v -11.81412079 20.83146180 13.23502336 0.54117647 0.42352941 0.64313725
v -12.17494444 20.93628586 12.72396419 0.54117647 0.42352941 0.64313725
v -12.48787065 20.56664801 13.03204807 0.54117647 0.42352941 0.64313725
v -11.11163204 21.29488804 13.06829335 0.54117647 0.42352941 0.64313725
v -28.39285013 5.97975492 4.07584874 0.54117647 0.42352941 0.64313725
v -28.13420543 4.31362726 6.70725295 0.54117647 0.42352941 0.64313725
v -28.30344144 2.18407336 8.11719397 0.54117647 0.42352941 0.64313725
v -28.47267744 1.94684320 7.88159960 0.54117647 0.42352941 0.64313725
v -28.82392181 2.19510718 6.70725295 0.54117647 0.42352941 0.64313725
v -29.15600763 0.46277581 7.09507773 0.54117647 0.42352941 0.64313725
v -28.75367378 -0.63510299 8.82760011 0.54117647 0.42352941 0.64313725
v -28.24915887 -4.16596957 9.53438319 0.54117647 0.42352941 0.64313725
v -28.19806728 -4.87214328 9.53438319 0.54117647 0.42352941 0.64313725
v -28.09588833 -5.57831621 9.53438319 0.54117647 0.42352941 0.64313725
v -27.77338389 -6.29000643 9.98382411 0.54117647 0.42352941 0.64313725
v -27.57860315 -6.29000643 10.33540255 0.54117647 0.42352941 0.64313725
v -24.07573870 -7.70235333 16.00415945 0.54117647 0.42352941 0.64313725
v -23.69256130 -7.72442097 16.66019766 0.54117647 0.42352941 0.64313725
v -28.75047858 -1.33575933 8.82760011 0.54117647 0.42352941 0.64313725
v -28.42478105 -4.16596957 9.16105695 0.54117647 0.42352941 0.64313725
v -23.64147182 -8.40852625 16.50434314 0.54117647 0.42352941 0.64313725
v -23.55206523 -9.11469970 16.36298715 0.54117647 0.42352941 0.64313725
v -23.49778055 -9.52295605 16.27599804 0.54117647 0.42352941 0.64313725
v -22.80168010 -10.28429886 17.00090377 0.54117647 0.42352941 0.64313725
v -23.42114634 -9.99189907 16.13464206 0.54117647 0.42352941 0.64313725
v -27.03257593 -8.09957560 10.61811557 0.54117647 0.42352941 0.64313725
v -27.14752936 -8.36439044 10.23391596 0.54117647 0.42352941 0.64313725
v -25.41046605 -16.83847076 5.94610299 0.54117647 0.42352941 0.64313725
v -25.04006312 -17.59429679 5.95697742 0.54117647 0.42352941 0.64313725
v -24.91553042 -17.98600070 5.68876188 0.54117647 0.42352941 0.64313725
v -24.80377218 -17.82600992 6.16357471 0.54117647 0.42352941 0.64313725
v -24.17153358 -18.64252157 6.32305334 0.54117647 0.42352941 0.64313725
v -27.50515992 -8.34783958 9.47639010 0.54117647 0.42352941 0.64313725
v -23.51693911 -19.40938221 6.41004245 0.54117647 0.42352941 0.64313725
v -19.23495380 -20.07142090 12.70584260 0.54117647 0.42352941 0.64313725
v -18.37600142 -20.62311771 13.19515291 0.54117647 0.42352941 0.64313725
v -17.90341954 -20.85483083 13.53585902 0.54117647 0.42352941 0.64313725
v -18.16206213 -20.41347381 13.76420201 0.54117647 0.42352941 0.64313725
v -15.69057915 -22.90163042 12.70221743 0.54117647 0.42352941 0.64313725
v -17.97686067 -23.70159173 8.66087221 0.54117647 0.42352941 0.64313725
v -12.99557865 -24.39121537 12.85082374 0.54117647 0.42352941 0.64313725
v -12.77205903 -24.26432420 13.32201036 0.54117647 0.42352941 0.64313725
v -10.78273932 -25.74839132 12.03892890 0.54117647 0.42352941 0.64313725
v -10.34847454 -25.82562833 12.31076961 0.54117647 0.42352941 0.64313725
v -18.65699777 -23.69055818 7.91422078 0.54117647 0.42352941 0.64313725
v -10.39956402 -26.03527434 11.65472929 0.54117647 0.42352941 0.64313725
v -8.99777962 -26.58697325 11.64385591 0.54117647 0.42352941 0.64313725
v -8.98500725 -26.80213498 10.95157136 0.54117647 0.42352941 0.64313725
v -8.26335995 -27.05591522 10.93707388 0.54117647 0.42352941 0.64313725
v -8.01748973 -27.17177283 10.69060614 0.54117647 0.42352941 0.64313725
v -7.57364357 -27.11660294 11.14729633 0.54117647 0.42352941 0.64313725
v -7.57364357 -26.97316038 11.65472929 0.54117647 0.42352941 0.64313725
v -3.28527103 -27.75105458 10.89357933 0.54117647 0.42352941 0.64313725
v -2.62110045 -27.78415736 11.04943385 0.54117647 0.42352941 0.64313725
v 1.62256881 -28.09310748 11.65472929 0.54117647 0.42352941 0.64313725
v 1.76306698 -28.06552254 11.79246117 0.54117647 0.42352941 0.64313725
v 1.62256881 -27.92759781 12.17666183 0.54117647 0.42352941 0.64313725
v 1.76306698 -27.92759781 12.21653017 0.54117647 0.42352941 0.64313725
v -14.23451324 22.32656459 8.41440447 0.54117647 0.42352941 0.64313725
v -26.36202021 11.13813026 3.70252250 0.54117647 0.42352941 0.64313725
v -27.80531481 8.33550464 3.02836112 0.54117647 0.42352941 0.64313725
v -27.91387995 7.90518064 3.22770967 0.54117647 0.42352941 0.64313725
v -17.48831122 21.51005189 4.65214816 0.54117647 0.42352941 0.64313725
v -14.62407366 22.16657064 8.15343925 0.54117647 0.42352941 0.64313725
v -17.26479264 21.74176501 4.46367246 0.54117647 0.42352941 0.64313725
v -17.75334210 21.59280461 3.87649966 0.54117647 0.42352941 0.64313725
v -18.51969269 21.63694095 2.07873493 0.54117647 0.42352941 0.64313725
v -19.27646400 20.96938653 2.18747079 0.54117647 0.42352941 0.64313725
v -20.98798257 19.29774262 2.52455174 0.54117647 0.42352941 0.64313725
v -20.74211025 19.59014136 2.32520267 0.54117647 0.42352941 0.64313725
v -21.18595641 19.36946390 1.75615251 0.54117647 0.42352941 0.64313725
v -21.56913170 19.01637533 1.75615251 0.54117647 0.42352941 0.64313725
v -21.92037608 18.65777315 1.75615251 0.54117647 0.42352941 0.64313725
v -22.23330334 18.30468669 1.75615251 0.54117647 0.42352941 0.64313725
v -22.58454771 17.86332756 1.75615251 0.54117647 0.42352941 0.64313725
v -24.26732635 16.09789420 0.34258845 0.54117647 0.42352941 0.64313725
v -24.58663980 15.62895118 0.34258845 0.54117647 0.42352941 0.64313725
v -24.86124785 15.22069483 0.34258845 0.54117647 0.42352941 0.64313725
v -24.00548856 16.45098066 0.34258845 0.54117647 0.42352941 0.64313725
v -25.02409766 14.76830214 1.04937048 0.54117647 0.42352941 0.64313725
v -25.33383184 14.21660429 1.04937048 0.54117647 0.42352941 0.64313725
v -25.56054350 13.77524621 1.04937048 0.54117647 0.42352941 0.64313725
v -25.49668165 13.65387287 1.75615251 0.54117647 0.42352941 0.64313725
v -26.41310969 11.25398682 3.16971763 0.54117647 0.42352941 0.64313725
v -25.67230384 13.30078641 1.75615251 0.54117647 0.42352941 0.64313725
v 1.76306698 21.95692674 17.18937842 0.54117647 0.42352941 0.64313725
v 0.91369387 22.21622481 16.73993645 0.54117647 0.42352941 0.64313725
v 1.76306698 22.23829192 16.76893352 0.54117647 0.42352941 0.64313725
v 1.76306698 23.02721968 15.49310028 0.54117647 0.42352941 0.64313725
v 1.62256881 23.02721968 15.48947722 0.54117647 0.42352941 0.64313725
v 0.91369387 23.01066829 15.46410531 0.54117647 0.42352941 0.64313725
v 0.20801309 22.99411901 15.42060970 0.54117647 0.42352941 0.64313725
v 0.91369387 23.76097754 14.11940666 0.54117647 0.42352941 0.64313725
v 0.20801309 23.72235904 14.03966787 0.54117647 0.42352941 0.64313725
v -2.20280008 25.17332549 10.58549439 0.54117647 0.42352941 0.64313725
v -11.25851640 21.54867039 12.53548954 0.54117647 0.42352941 0.64313725
v -10.60711713 22.99963473 10.44051430 0.54117647 0.42352941 0.64313725
v -8.82854362 23.84373238 10.04181615 0.54117647 0.42352941 0.64313725
v -8.75510249 24.52232036 8.57750826 0.54117647 0.42352941 0.64313725
v -2.59874880 25.78019219 8.78410555 0.54117647 0.42352941 0.64313725
v -4.74453109 25.98432036 7.30167607 0.54117647 0.42352941 0.64313725
v -5.45021293 25.54296334 8.12081807 0.54117647 0.42352941 0.64313725
v -7.00526681 25.13470699 8.33104052 0.54117647 0.42352941 0.64313725
v -5.29055620 25.92915047 7.16756830 0.54117647 0.42352941 0.64313725
v -5.76313914 25.87398058 7.03346053 0.54117647 0.42352941 0.64313725
v -7.57045048 25.07401927 8.10632059 0.54117647 0.42352941 0.64313725
v -8.27932541 24.86437326 8.12081807 0.54117647 0.42352941 0.64313725
v -8.20907738 24.58300808 8.82035084 0.54117647 0.42352941 0.64313725
v -11.81412079 21.04662564 12.87981871 0.54117647 0.42352941 0.64313725
v -29.84572400 3.96054027 0.69416689 0.54117647 0.42352941 0.64313725
v -28.47587053 5.50529459 4.32956469 0.54117647 0.42352941 0.64313725
v -28.49183599 6.92867504 2.31795445 0.54117647 0.42352941 0.64313725
v -28.41200868 3.88882005 6.27955984 0.54117647 0.42352941 0.64313725
v -29.11449743 -0.63510299 7.65687862 0.54117647 0.42352941 0.64313725
v -28.98677163 -0.63510299 8.12081807 0.54117647 0.42352941 0.64313725
v -30.04689093 0.07107032 3.16971763 0.54117647 0.42352941 0.64313725
v -29.89042730 -0.77854447 4.37668335 0.54117647 0.42352941 0.64313725
v -29.88084802 -2.17434014 5.02909851 0.54117647 0.42352941 0.64313725
v -28.39604322 -4.87214328 9.08494122 0.54117647 0.42352941 0.64313725
v -27.96816463 -6.29000643 9.53438319 0.54117647 0.42352941 0.64313725
v -27.73187158 -6.67067784 9.90408427 0.54117647 0.42352941 0.64313725
v -27.32634464 -7.70235333 10.24116522 0.54117647 0.42352941 0.64313725
v -27.07728133 -7.70235333 10.69785541 0.54117647 0.42352941 0.64313725
v -29.77866696 -3.45979639 5.43504488 0.54117647 0.42352941 0.64313725
v -28.52057593 -4.87214328 8.72973868 0.54117647 0.42352941 0.64313725
v -27.73187158 -8.07199065 9.20092635 0.54117647 0.42352941 0.64313725
v -27.71909921 -11.58078919 5.63076984 0.54117647 0.42352941 0.64313725
v -27.70951994 -12.26489500 4.90224001 0.54117647 0.42352941 0.64313725
v -27.79892863 -12.45798857 4.43105234 0.54117647 0.42352941 0.64313725
v -28.24596577 -11.90077393 3.83662922 0.54117647 0.42352941 0.64313725
v -28.45032579 -11.63595909 3.57566400 0.54117647 0.42352941 0.64313725
v -28.36411230 -12.14352166 3.16971763 0.54117647 0.42352941 0.64313725
v -27.79892863 -14.58202622 1.58942462 0.54117647 0.42352941 0.64313725
v -27.68716829 -15.05096924 1.25234366 0.54117647 0.42352941 0.64313725
v -25.51584021 -17.04259894 5.29368889 0.54117647 0.42352941 0.64313725
v -27.42213952 -16.18746668 0.34258845 0.54117647 0.42352941 0.64313725
v -26.71645557 -18.31150433 -1.07097667 0.54117647 0.42352941 0.64313725
v -26.34924785 -18.71424285 -0.62878502 0.54117647 0.42352941 0.64313725
v -23.60634780 -21.67134353 1.75615251 0.54117647 0.42352941 0.64313725
v -23.53290668 -21.57203941 2.20196933 0.54117647 0.42352941 0.64313725
v -24.28648490 -18.77493057 5.85186567 0.54117647 0.42352941 0.64313725
v -24.54512749 -18.31702005 6.00772019 0.54117647 0.42352941 0.64313725
v -27.00383810 -17.22465895 -0.07060824 0.54117647 0.42352941 0.64313725
v -22.78890773 -22.21752461 2.83988542 0.54117647 0.42352941 0.64313725
v -19.25730545 -23.62987256 7.10595111 0.54117647 0.42352941 0.64313725
v -19.12638866 -23.50298139 7.57713983 0.54117647 0.42352941 0.64313725
v -18.53565815 -20.78862738 12.72396419 0.54117647 0.42352941 0.64313725
v -18.89009561 -23.75124590 7.37054149 0.54117647 0.42352941 0.64313725
v -8.98500725 -26.92350832 10.24116522 0.54117647 0.42352941 0.64313725
v -20.03962150 -24.38569754 2.27445990 0.54117647 0.42352941 0.64313725
v -7.27668388 -27.87794575 5.06896896 0.54117647 0.42352941 0.64313725
v -4.74453109 -28.10414104 8.12081807 0.54117647 0.42352941 0.64313725
v -4.03565616 -28.23103221 8.12081807 0.54117647 0.42352941 0.64313725
v -1.56736733 -28.56756728 8.48326988 0.54117647 0.42352941 0.64313725
v -3.02024120 -27.86139436 10.62173968 0.54117647 0.42352941 0.64313725
v -2.62110045 -27.88897931 10.69423025 0.54117647 0.42352941 0.64313725
v 1.62256881 -28.25861716 10.95157136 0.54117647 0.42352941 0.64313725
v 1.76306698 -28.23655004 11.09292840 0.54117647 0.42352941 0.64313725
v 1.76306698 -28.10414104 11.65472929 0.54117647 0.42352941 0.64313725
v -11.48203497 23.77201321 7.79098639 0.54117647 0.42352941 0.64313725
v -11.60337459 23.84373238 7.41403604 0.54117647 0.42352941 0.64313725
v -13.71722595 23.81614743 4.39480705 0.54117647 0.42352941 0.64313725
v -14.37820344 22.40380159 7.94321575 0.54117647 0.42352941 0.64313725
v -28.10866069 7.85001075 2.46293507 0.54117647 0.42352941 0.64313725
v -17.94492974 21.73072934 3.03923450 0.54117647 0.42352941 0.64313725
v -15.70335152 23.05480462 3.52492018 0.54117647 0.42352941 0.64313725
v -18.08542791 21.81900201 2.46293507 0.54117647 0.42352941 0.64313725
v -19.33713276 21.01904070 1.75615251 0.54117647 0.42352941 0.64313725
v -16.45693185 23.79408032 -0.61066237 0.54117647 0.42352941 0.64313725
v -18.57716835 22.38725020 -1.33194189 0.54117647 0.42352941 0.64313725
v -19.87996689 20.88111597 0.34258845 0.54117647 0.42352941 0.64313725
v -20.66866913 20.24114650 0.04537689 0.54117647 0.42352941 0.64313725
v -21.27536299 19.44670091 1.04937048 0.54117647 0.42352941 0.64313725
v -21.63937974 19.09361445 1.04937048 0.54117647 0.42352941 0.64313725
v -21.99062411 18.72949443 1.04937048 0.54117647 0.42352941 0.64313725
v -22.04171359 18.78466221 0.48756854 0.54117647 0.42352941 0.64313725
v -24.30245036 16.13099593 -0.36419464 0.54117647 0.42352941 0.64313725
v -24.70159112 15.56274773 -0.37506801 0.54117647 0.42352941 0.64313725
v -24.88998568 15.26483011 -0.14309776 0.54117647 0.42352941 0.64313725
v -25.05922168 14.86760837 0.34258845 0.54117647 0.42352941 0.64313725
v -22.74739753 18.06745573 -0.36419464 0.54117647 0.42352941 0.64313725
v -25.44239697 14.15591762 0.32446581 0.54117647 0.42352941 0.64313725
v -25.58928133 13.83041610 0.54918574 0.54117647 0.42352941 0.64313725
v 1.76306698 23.07135601 15.42060970 0.54117647 0.42352941 0.64313725
v 1.76306698 23.23134785 15.13789773 0.54117647 0.42352941 0.64313725
v 1.76306698 23.77201321 14.14477857 0.54117647 0.42352941 0.64313725
v 1.58425170 23.91545366 13.84394290 0.54117647 0.42352941 0.64313725
v 0.91369387 23.92648722 13.76782717 0.54117647 0.42352941 0.64313725
v 1.58425170 23.61753709 14.42024233 0.54117647 0.42352941 0.64313725
v 1.76306698 24.30715862 12.99217973 0.54117647 0.42352941 0.64313725
v -1.73021714 25.18435905 10.60724220 0.54117647 0.42352941 0.64313725
v -0.50086184 26.00087175 8.75148543 0.54117647 0.42352941 0.64313725
v -1.20654368 25.96225325 8.67899485 0.54117647 0.42352941 0.64313725
v -1.91541861 25.80226141 8.93271186 0.54117647 0.42352941 0.64313725
v -8.98820034 24.61611086 8.12444218 0.54117647 0.42352941 0.64313725
v -1.20654368 26.15534787 8.12081807 0.54117647 0.42352941 0.64313725
v -2.34649134 25.89604980 8.51951517 0.54117647 0.42352941 0.64313725
v -4.74453109 26.19396637 6.70725295 0.54117647 0.42352941 0.64313725
v -5.49811037 26.02845670 6.76162194 0.54117647 0.42352941 0.64313725
v -7.80355044 25.15125627 7.63513187 0.54117647 0.42352941 0.64313725
v -6.02817002 25.95673542 6.56227181 0.54117647 0.42352941 0.64313725
v -9.45759124 24.52232036 7.89247298 0.54117647 0.42352941 0.64313725
v -10.34847454 25.73605585 2.41581641 0.54117647 0.42352941 0.64313725
v -10.61669641 24.42301624 6.86673264 0.54117647 0.42352941 0.64313725
v -28.74728759 6.43766386 1.75615251 0.54117647 0.42352941 0.64313725
v -28.80157016 6.43766386 1.04937048 0.54117647 0.42352941 0.64313725
v -29.08895058 5.93010181 -1.07097667 0.54117647 0.42352941 0.64313725
v -30.32788727 2.90128063 -1.07097667 0.54117647 0.42352941 0.64313725
v -30.47476952 2.19510718 -1.07097667 0.54117647 0.42352941 0.64313725
v -30.35662299 2.19510718 -0.36419464 0.54117647 0.42352941 0.64313725
v -29.89681348 -2.75362294 5.08346644 0.54117647 0.42352941 0.64313725
v -29.89042730 -3.45979639 5.07984233 0.54117647 0.42352941 0.64313725
v -30.17461462 0.07107032 2.46293507 0.54117647 0.42352941 0.64313725
v -30.30234253 -1.33575933 2.46293507 0.54117647 0.42352941 0.64313725
v -30.03411856 -1.33575933 3.87649966 0.54117647 0.42352941 0.64313725
v -29.91277894 -1.33575933 4.51079112 0.54117647 0.42352941 0.64313725
v -30.01496001 -2.75362294 4.58690686 0.54117647 0.42352941 0.64313725
v -29.16558691 -6.08587826 6.41366761 0.54117647 0.42352941 0.64313725
v -28.89416984 -6.99617988 6.70725295 0.54117647 0.42352941 0.64313725
v -27.62011124 -7.70235333 9.63224462 0.54117647 0.42352941 0.64313725
v -29.87446184 -3.96735844 5.02547335 0.54117647 0.42352941 0.64313725
v -29.52321746 -4.16596957 6.00047092 0.54117647 0.42352941 0.64313725
v -29.44977634 -4.87214328 6.00047092 0.54117647 0.42352941 0.64313725
v -29.36994692 -5.57831621 6.00047092 0.54117647 0.42352941 0.64313725
v -28.71535667 -7.70235333 6.70725295 0.54117647 0.42352941 0.64313725
v -28.75686687 -8.40852625 6.00047092 0.54117647 0.42352941 0.64313725
v -28.54292547 -9.10366561 5.98959755 0.54117647 0.42352941 0.64313725
v -28.38007565 -9.32986248 6.21431748 0.54117647 0.42352941 0.64313725
v -28.46948434 -10.27326530 5.03997189 0.54117647 0.42352941 0.64313725
v -28.28428288 -10.51601198 5.28281552 0.54117647 0.42352941 0.64313725
v -27.93942469 -11.29942296 5.35530609 0.54117647 0.42352941 0.64313725
v -29.14962144 -11.61389092 1.42994599 0.54117647 0.42352941 0.64313725
v -28.78879779 -9.82639045 4.58690686 0.54117647 0.42352941 0.64313725
v -28.18529491 -14.06894686 1.04937048 0.54117647 0.42352941 0.64313725
v -27.66162355 -15.66335376 0.34258845 0.54117647 0.42352941 0.64313725
v -27.56902177 -15.44267420 1.03124784 0.54117647 0.42352941 0.64313725
v -29.01870255 -16.15436495 -5.97495845 0.54117647 0.42352941 0.64313725
v -26.96552099 -17.83704347 -1.07097667 0.54117647 0.42352941 0.64313725
v -28.64191344 -16.87157248 -6.02207711 0.54117647 0.42352941 0.64313725
v -26.41630278 -18.81354907 -1.07097667 0.54117647 0.42352941 0.64313725
v -24.20665549 -21.51686952 0.04537689 0.54117647 0.42352941 0.64313725
v -23.32535357 -22.02442999 1.75615251 0.54117647 0.42352941 0.64313725
v -22.86234886 -22.26166095 2.46293507 0.54117647 0.42352941 0.64313725
v -22.97410920 -22.33889795 1.75615251 0.54117647 0.42352941 0.64313725
v -23.52332740 -22.23407600 0.11424336 0.54117647 0.42352941 0.64313725
v -23.58718925 -22.27269450 -0.36419464 0.54117647 0.42352941 0.64313725
v -23.66063037 -22.30027945 -1.07097667 0.54117647 0.42352941 0.64313725
v -24.05977324 -22.10166911 -1.78138386 0.54117647 0.42352941 0.64313725
v -22.42169790 -23.18851343 -7.33777974 0.54117647 0.42352941 0.64313725
v -20.03962150 -24.38569754 2.01349363 0.54117647 0.42352941 0.64313725
v -14.64004123 -25.95803733 -7.33777974 0.54117647 0.42352941 0.64313725
v -14.54424635 -25.98562228 -7.33777974 0.54117647 0.42352941 0.64313725
v -8.98500725 -27.43107090 3.87649966 0.54117647 0.42352941 0.64313725
v -7.27668388 -27.87794575 4.81887606 0.54117647 0.42352941 0.64313725
v -1.91541861 -28.76066190 5.29368889 0.54117647 0.42352941 0.64313725
v -2.55723755 -28.64480640 6.00047092 0.54117647 0.42352941 0.64313725
v -6.88712134 -27.93311564 5.30093710 0.54117647 0.42352941 0.64313725
v -4.74453109 -28.17034449 7.41403604 0.54117647 0.42352941 0.64313725
v -4.03565616 -28.30275349 7.41403604 0.54117647 0.42352941 0.64313725
v -2.42312661 -28.60618579 6.70725295 0.54117647 0.42352941 0.64313725
v -1.91541861 -28.72756123 6.00047092 0.54117647 0.42352941 0.64313725
v -0.50086184 -28.85445030 6.00047092 0.54117647 0.42352941 0.64313725
v -0.50086184 -28.79376468 6.70725295 0.54117647 0.42352941 0.64313725
v 0.20801309 -28.67790707 8.12081807 0.54117647 0.42352941 0.64313725
v 0.20801309 -28.61170362 8.70799087 0.54117647 0.42352941 0.64313725
v 0.20801309 -28.54550017 9.06319447 0.54117647 0.42352941 0.64313725
v 1.62256881 -28.39102405 10.24116522 0.54117647 0.42352941 0.64313725
v 1.76306698 -28.26413499 10.95157136 0.54117647 0.42352941 0.64313725
v -11.10843895 24.05889411 7.41403604 0.54117647 0.42352941 0.64313725
v -11.46287641 25.17884122 2.82176278 0.54117647 0.42352941 0.64313725
v -11.10843895 25.42159000 2.46293507 0.54117647 0.42352941 0.64313725
v -15.06153364 24.50577107 -0.59253973 0.54117647 0.42352941 0.64313725
v -14.20577435 23.72787687 3.87649966 0.54117647 0.42352941 0.64313725
v -14.64004123 23.51823087 3.87649966 0.54117647 0.42352941 0.64313725
v -15.32975550 23.17066224 3.80763425 0.54117647 0.42352941 0.64313725
v -25.61163298 13.88006921 0.07799807 0.54117647 0.42352941 0.64313725
v -16.34517151 23.72787687 -0.13947365 0.54117647 0.42352941 0.64313725
v -15.14455404 24.54990530 -1.07097667 0.54117647 0.42352941 0.64313725
v -16.05459589 24.07544550 -1.07097667 0.54117647 0.42352941 0.64313725
v -16.51121442 23.83269882 -1.07097667 0.54117647 0.42352941 0.64313725
v -18.11097265 22.81757578 -1.83937590 0.54117647 0.42352941 0.64313725
v -18.62506684 22.43138654 -1.78138386 0.54117647 0.42352941 0.64313725
v -19.72669635 21.44384633 -1.78138386 0.54117647 0.42352941 0.64313725
v -19.93424946 20.92525020 -0.07785645 0.54117647 0.42352941 0.64313725
v -19.79375129 21.50453405 -2.48816589 0.54117647 0.42352941 0.64313725
v -20.15457494 21.15144759 -2.48816589 0.54117647 0.42352941 0.64313725
v -20.70060005 20.27424717 -0.36419464 0.54117647 0.42352941 0.64313725
v -21.33284076 19.49635296 0.53468826 0.54117647 0.42352941 0.64313725
v -20.75488262 20.32941706 -1.07097667 0.54117647 0.42352941 0.64313725
v -20.80278111 20.38458695 -1.78138386 0.54117647 0.42352941 0.64313725
v -22.07045352 18.81776499 0.01275676 0.54117647 0.42352941 0.64313725
v -24.31202964 16.14203054 -1.07097667 0.54117647 0.42352941 0.64313725
v -21.87247758 19.27567340 -2.48816589 0.54117647 0.42352941 0.64313725
v -21.53081460 19.73358392 -3.19494793 0.54117647 0.42352941 0.64313725
v -24.89956706 15.28138150 -0.61428648 0.54117647 0.42352941 0.64313725
v -25.04964240 14.98898171 -0.37506801 0.54117647 0.42352941 0.64313725
v -21.51804223 19.70048114 -2.48816589 0.54117647 0.42352941 0.64313725
v 1.76306698 24.47266830 12.56448450 0.54117647 0.42352941 0.64313725
v 0.20801309 25.99535392 8.74423616 0.54117647 0.42352941 0.64313725
v 0.20801309 26.21603349 8.12081807 0.54117647 0.42352941 0.64313725
v -0.50086184 26.22155132 8.12081807 0.54117647 0.42352941 0.64313725
v -1.20654368 26.36499177 7.41403604 0.54117647 0.42352941 0.64313725
v -4.03565616 26.27120338 6.70725295 0.54117647 0.42352941 0.64313725
v -3.70995758 26.59670489 5.66338997 0.54117647 0.42352941 0.64313725
v -4.74453109 26.36499177 6.00047092 0.54117647 0.42352941 0.64313725
v -5.45021293 26.24361843 6.00047092 0.54117647 0.42352941 0.64313725
v -6.50075296 25.87949841 6.34117704 0.54117647 0.42352941 0.64313725
v -8.27932541 26.36499177 2.46293507 0.54117647 0.42352941 0.64313725
v -8.98500725 26.14983004 2.46293507 0.54117647 0.42352941 0.64313725
v -10.07705748 25.89604980 2.14760140 0.54117647 0.42352941 0.64313725
v -6.22295076 26.03397453 6.06208812 0.54117647 0.42352941 0.64313725
v -13.93755143 25.08505282 -1.03835549 0.54117647 0.42352941 0.64313725
v -29.50405891 5.01980071 -3.19494793 0.54117647 0.42352941 0.64313725
v -29.75631742 4.44051791 -3.19494793 0.54117647 0.42352941 0.64313725
v -29.89681348 4.08743092 -3.19494793 0.54117647 0.42352941 0.64313725
v -29.89681348 4.07639683 -3.72412869 0.54117647 0.42352941 0.64313725
v -30.19377318 2.90128063 -5.31529508 0.54117647 0.42352941 0.64313725
v -30.58014367 0.79931154 -1.12896871 0.54117647 0.42352941 0.64313725
v -30.58333677 0.57311546 -0.61428648 0.54117647 0.42352941 0.64313725
v -30.55779203 -0.96612175 0.71591364 0.54117647 0.42352941 0.64313725
v -30.55779203 0.45725890 -6.42439937 0.54117647 0.42352941 0.64313725
v -30.82282080 -2.04193271 -2.48816589 0.54117647 0.42352941 0.64313725
v -30.01815310 -3.45979639 4.58690686 0.54117647 0.42352941 0.64313725
v -30.42048695 -1.33575933 1.75615251 0.54117647 0.42352941 0.64313725
v -30.55779203 -3.06257386 1.42632083 0.54117647 0.42352941 0.64313725
v -30.56098512 -3.45979639 1.42994599 0.54117647 0.42352941 0.64313725
v -30.14268370 -3.45979639 3.87649966 0.54117647 0.42352941 0.64313725
v -29.12407671 -6.55482128 6.28318395 0.54117647 0.42352941 0.64313725
v -29.08575960 -6.99617988 6.15270134 0.54117647 0.42352941 0.64313725
v -29.14962144 -7.39340215 5.68513672 0.54117647 0.42352941 0.64313725
v -28.98996472 -7.65821752 5.95335226 0.54117647 0.42352941 0.64313725
v -30.10756179 -4.16596957 3.87649966 0.54117647 0.42352941 0.64313725
v -29.94151678 -4.18803748 4.62315214 0.54117647 0.42352941 0.64313725
v -30.08520804 -6.99617988 2.46293507 0.54117647 0.42352941 0.64313725
v -29.91277894 -6.94100999 3.16971763 0.54117647 0.42352941 0.64313725
v -29.56472766 -5.57831621 5.29368889 0.54117647 0.42352941 0.64313725
v -29.08895058 -7.86234570 5.48216354 0.54117647 0.42352941 0.64313725
v -29.42742259 -10.53256337 1.75615251 0.54117647 0.42352941 0.64313725
v -29.62539853 -10.53256337 1.04937048 0.54117647 0.42352941 0.64313725
v -29.84253091 -10.16844230 0.67604424 0.54117647 0.42352941 0.64313725
v -29.36994692 -11.23873629 1.04937048 0.54117647 0.42352941 0.64313725
v -29.19113164 -11.71871392 1.04937048 0.54117647 0.42352941 0.64313725
v -29.16239381 -15.88955011 -6.17793163 0.54117647 0.42352941 0.64313725
v -28.43116724 -13.71034362 0.68329351 0.54117647 0.42352941 0.64313725
v -29.02189775 -9.79880550 3.87649966 0.54117647 0.42352941 0.64313725
v -29.10810914 -9.26917476 4.10846992 0.54117647 0.42352941 0.64313725
v -29.19432474 -15.96678817 -6.72886020 0.54117647 0.42352941 0.64313725
v -29.02828393 -16.31987463 -6.72886020 0.54117647 0.42352941 0.64313725
v -28.41520177 -17.23017572 -6.02207711 0.54117647 0.42352941 0.64313725
v -25.01451839 -20.95413705 -1.78138386 0.54117647 0.42352941 0.64313725
v -24.24816779 -21.58307297 -0.36419464 0.54117647 0.42352941 0.64313725
v -23.94162671 -21.93615943 -0.36419464 0.54117647 0.42352941 0.64313725
v -24.01506994 -22.03546566 -1.07097667 0.54117647 0.42352941 0.64313725
v -23.61273609 -22.28924589 -5.31529508 0.54117647 0.42352941 0.64313725
v -24.40143623 -21.74858264 -1.78138386 0.54117647 0.42352941 0.64313725
v -24.42698307 -21.72651342 -2.48816589 0.54117647 0.42352941 0.64313725
v -22.36741322 -23.21058055 -7.33777974 0.54117647 0.42352941 0.64313725
v -23.11780046 -22.55405968 -7.33777974 0.54117647 0.42352941 0.64313725
v -16.05459589 -25.47805970 -7.33777974 0.54117647 0.42352941 0.64313725
v -15.50218460 -25.67115432 -7.33777974 0.54117647 0.42352941 0.64313725
v -13.93755143 -26.12354701 -7.33777974 0.54117647 0.42352941 0.64313725
v -8.27932541 -27.43107090 -1.78138386 0.54117647 0.42352941 0.64313725
v -4.03565616 -28.38550833 3.16971763 0.54117647 0.42352941 0.64313725
v -13.83537142 -26.14561412 -7.33777974 0.54117647 0.42352941 0.64313725
v 1.75348770 -28.65032212 -0.36419464 0.54117647 0.42352941 0.64313725
v 1.76306698 -28.90962019 3.87649966 0.54117647 0.42352941 0.64313725
v -1.20654368 -28.79928040 5.29368889 0.54117647 0.42352941 0.64313725
v -3.32997538 -28.46826317 3.16971763 0.54117647 0.42352941 0.64313725
v 1.76306698 -28.92065374 4.58690686 0.54117647 0.42352941 0.64313725
v 1.76306698 -28.89306880 5.29368889 0.54117647 0.42352941 0.64313725
v 1.62256881 -28.81583179 6.70725295 0.54117647 0.42352941 0.64313725
v 1.62256881 -28.76617973 7.41403604 0.54117647 0.42352941 0.64313725
v 0.91369387 -28.76066190 7.41403604 0.54117647 0.42352941 0.64313725
v 0.91369387 -28.68342490 8.12081807 0.54117647 0.42352941 0.64313725
v 1.76306698 -28.58411867 9.01245064 0.54117647 0.42352941 0.64313725
v 1.76306698 -28.53998234 9.37127940 0.54117647 0.42352941 0.64313725
v 1.76306698 -28.39654189 10.24116522 0.54117647 0.42352941 0.64313725
v -14.64004123 24.79816981 -1.07097667 0.54117647 0.42352941 0.64313725
v -25.61163298 13.88006921 -0.17934304 0.54117647 0.42352941 0.64313725
v -15.23715582 24.59404164 -1.78138386 0.54117647 0.42352941 0.64313725
v -15.59159329 24.41198268 -1.78138386 0.54117647 0.42352941 0.64313725
v -16.05459589 24.14716678 -1.78138386 0.54117647 0.42352941 0.64313725
v -15.67142060 24.45060118 -3.19494793 0.54117647 0.42352941 0.64313725
v -17.87787480 23.09342312 -3.19494793 0.54117647 0.42352941 0.64313725
v -17.85232796 23.07135601 -2.48816589 0.54117647 0.42352941 0.64313725
v -17.82997631 23.06032245 -2.11121555 0.54117647 0.42352941 0.64313725
v -18.20676542 22.82860933 -2.48816589 0.54117647 0.42352941 0.64313725
v -18.67615632 22.47552287 -2.48816589 0.54117647 0.42352941 0.64313725
v -19.43931382 21.81348418 -2.48816589 0.54117647 0.42352941 0.64313725
v -19.81610293 21.52108544 -3.19494793 0.54117647 0.42352941 0.64313725
v -19.46166547 21.83555340 -3.19494793 0.54117647 0.42352941 0.64313725
v -20.17373349 21.16799898 -3.19494793 0.54117647 0.42352941 0.64313725
v -20.87941533 20.45630823 -3.19494793 0.54117647 0.42352941 0.64313725
v -21.23385279 20.08667038 -3.19494793 0.54117647 0.42352941 0.64313725
v -20.84429131 20.42872328 -2.48816589 0.54117647 0.42352941 0.64313725
v -21.19872878 20.05356760 -2.48816589 0.54117647 0.42352941 0.64313725
v -24.03103330 16.48408344 -3.19494793 0.54117647 0.42352941 0.64313725
v -24.30564346 16.14203054 -1.78138386 0.54117647 0.42352941 0.64313725
v -24.89956706 15.28138150 -0.75201836 0.54117647 0.42352941 0.64313725
v -21.52123532 19.71703253 -3.90172996 0.54117647 0.42352941 0.64313725
v -25.47113691 14.15591762 -0.39681476 0.54117647 0.42352941 0.64313725
v 1.76306698 24.57749025 12.28539769 0.54117647 0.42352941 0.64313725
v 0.91369387 25.96776898 8.67899485 0.54117647 0.42352941 0.64313725
v 1.62256881 26.11121154 8.12081807 0.54117647 0.42352941 0.64313725
v 1.76306698 26.36499177 7.27992827 0.54117647 0.42352941 0.64313725
v 1.76306698 26.51395005 6.79424206 0.54117647 0.42352941 0.64313725
v 1.76306698 26.53601928 6.72175149 0.54117647 0.42352941 0.64313725
v 0.91369387 26.80083307 6.00047092 0.54117647 0.42352941 0.64313725
v 0.20801309 26.81186873 6.00047092 0.54117647 0.42352941 0.64313725
v -0.50086184 26.40912810 7.41403604 0.54117647 0.42352941 0.64313725
v -1.61207167 26.60222272 6.38829570 0.54117647 0.42352941 0.64313725
v -5.93237514 26.61325628 3.61915855 0.54117647 0.42352941 0.64313725
v -0.50086184 26.92772424 5.29368889 0.54117647 0.42352941 0.64313725
v -1.20654368 26.87255435 5.29368889 0.54117647 0.42352941 0.64313725
v -3.32997538 26.83393585 4.58690686 0.54117647 0.42352941 0.64313725
v -3.32997538 26.96634274 3.87649966 0.54117647 0.42352941 0.64313725
v -4.10590525 26.71807823 4.65577227 0.54117647 0.42352941 0.64313725
v -7.84825373 26.58015561 2.05698818 0.54117647 0.42352941 0.64313725
v -8.28890469 26.52498572 1.79602296 0.54117647 0.42352941 0.64313725
v -8.06219303 26.62980767 1.58580051 0.54117647 0.42352941 0.64313725
v -13.70126049 25.21745972 -1.25220310 0.54117647 0.42352941 0.64313725
v -29.69564656 4.31362726 -6.72886020 0.54117647 0.42352941 0.64313725
v -26.25345297 12.31876403 -3.19494793 0.54117647 0.42352941 0.64313725
v -27.06131376 10.42092273 -4.60851304 0.54117647 0.42352941 0.64313725
v -29.98302908 3.60745381 -5.31529508 0.54117647 0.42352941 0.64313725
v -29.93193961 3.52469924 -6.72886020 0.54117647 0.42352941 0.64313725
v -30.03411856 2.98955224 -7.33777974 0.54117647 0.42352941 0.64313725
v -30.20335456 2.29441288 -7.33777974 0.54117647 0.42352941 0.64313725
v -30.62165387 -0.63510299 -0.36419464 0.54117647 0.42352941 0.64313725
v -30.59291604 0.00486655 -0.37144285 0.54117647 0.42352941 0.64313725
v -30.65039171 -1.33575933 -0.36419464 0.54117647 0.42352941 0.64313725
v -30.68551783 -3.45979639 0.34258845 0.54117647 0.42352941 0.64313725
v -30.62165387 -3.45979639 1.04937048 0.54117647 0.42352941 0.64313725
v -30.34065964 1.48341696 -7.33777974 0.54117647 0.42352941 0.64313725
v -30.43325932 0.77172660 -7.33777974 0.54117647 0.42352941 0.64313725
v -30.55779203 -0.21029561 -7.33777974 0.54117647 0.42352941 0.64313725
v -30.74299349 -1.33575933 -3.90172996 0.54117647 0.42352941 0.64313725
v -30.83240008 -2.75362294 -3.19494793 0.54117647 0.42352941 0.64313725
v -30.85475383 -2.75362294 -2.48816589 0.54117647 0.42352941 0.64313725
v -30.54182657 -4.87214328 1.32845834 0.54117647 0.42352941 0.64313725
v -30.58972295 -5.57831621 0.88626669 0.54117647 0.42352941 0.64313725
v -30.55779203 -3.91218855 1.41544745 0.54117647 0.42352941 0.64313725
v -29.51683128 -6.99617988 4.58690686 0.54117647 0.42352941 0.64313725
v -29.88084802 -7.48719107 2.93412327 0.54117647 0.42352941 0.64313725
v -29.20709711 -7.65821752 5.26469182 0.54117647 0.42352941 0.64313725
v -30.57375749 -6.05277653 0.77753083 0.54117647 0.42352941 0.64313725
v -30.40452149 -7.70235333 0.34258845 0.54117647 0.42352941 0.64313725
v -29.96067533 -9.17538637 1.11098768 0.54117647 0.42352941 0.64313725
v -29.80421170 -9.17538637 1.79964707 0.54117647 0.42352941 0.64313725
v -29.65732945 -9.82639045 1.75615251 0.54117647 0.42352941 0.64313725
v -29.80740690 -9.88707712 1.11098768 0.54117647 0.42352941 0.64313725
v -29.84253091 -9.45123582 1.38645144 0.54117647 0.42352941 0.64313725
v -29.89362039 -9.69398250 0.91526271 0.54117647 0.42352941 0.64313725
v -30.26083022 -8.40852625 0.34258845 0.54117647 0.42352941 0.64313725
v -29.94471198 -9.88707712 0.40058049 0.54117647 0.42352941 0.64313725
v -29.21348329 -15.99437311 -7.33777974 0.54117647 0.42352941 0.64313725
v -29.19113164 -16.04402517 -7.33777974 0.54117647 0.42352941 0.64313725
v -30.48115570 -7.70235333 -0.36419464 0.54117647 0.42352941 0.64313725
v -29.01870255 -16.34745957 -7.33777974 0.54117647 0.42352941 0.64313725
v -28.67703956 -16.84950432 -6.72886020 0.54117647 0.42352941 0.64313725
v -27.76380251 -18.00806992 -6.72886020 0.54117647 0.42352941 0.64313725
v -28.09908142 -17.60533035 -6.02207711 0.54117647 0.42352941 0.64313725
v -24.77822534 -21.36239341 -2.48816589 0.54117647 0.42352941 0.64313725
v -24.75587580 -21.30722352 -1.78138386 0.54117647 0.42352941 0.64313725
v -24.32160892 -21.68237709 -1.07097667 0.54117647 0.42352941 0.64313725
v -23.96717145 -21.93615943 -5.31529508 0.54117647 0.42352941 0.64313725
v -23.91608197 -21.80926826 -7.33777974 0.54117647 0.42352941 0.64313725
v -27.42533050 -18.36115638 -6.72886020 0.54117647 0.42352941 0.64313725
v -27.69994066 -18.03565487 -7.33777974 0.54117647 0.42352941 0.64313725
v -12.18771681 -26.44904852 -7.09493611 0.54117647 0.42352941 0.64313725
v -11.82370006 -26.48766702 -7.33777974 0.54117647 0.42352941 0.64313725
v -11.10843895 -26.58697325 -7.33777974 0.54117647 0.42352941 0.64313725
v 1.76306698 -28.65032212 -0.36419464 0.54117647 0.42352941 0.64313725
v 1.76306698 -28.01587048 -7.33777974 0.54117647 0.42352941 0.64313725
v -8.98500725 -26.82971993 -7.33777974 0.54117647 0.42352941 0.64313725
v 1.76306698 -28.81583179 6.70725295 0.54117647 0.42352941 0.64313725
v 1.76306698 -28.76617973 7.41403604 0.54117647 0.42352941 0.64313725
v -14.64004123 24.88644248 -1.78138386 0.54117647 0.42352941 0.64313725
v -14.14191250 25.11815560 -1.78138386 0.54117647 0.42352941 0.64313725
v -25.57650896 13.79179760 -3.90172996 0.54117647 0.42352941 0.64313725
v -15.28505221 24.61611086 -2.48816589 0.54117647 0.42352941 0.64313725
v -15.63948967 24.43404979 -2.48816589 0.54117647 0.42352941 0.64313725
v -15.68419297 24.46163474 -3.90172996 0.54117647 0.42352941 0.64313725
v -16.05459589 24.24095518 -3.90172996 0.54117647 0.42352941 0.64313725
v -15.31698313 24.62714441 -3.19494793 0.54117647 0.42352941 0.64313725
v -17.87148862 23.09342312 -3.90172996 0.54117647 0.42352941 0.64313725
v -18.23231016 22.83964289 -3.19494793 0.54117647 0.42352941 0.64313725
v -16.60700719 23.89338655 -3.90172996 0.54117647 0.42352941 0.64313725
v -18.69531487 22.48655643 -3.19494793 0.54117647 0.42352941 0.64313725
v -19.04975234 22.18863986 -3.19494793 0.54117647 0.42352941 0.64313725
v -19.79055819 21.49350050 -3.90172996 0.54117647 0.42352941 0.64313725
v -20.15138184 21.14041404 -3.90172996 0.54117647 0.42352941 0.64313725
v -19.43612073 21.80796845 -3.90172996 0.54117647 0.42352941 0.64313725
v -21.20830805 20.07011899 -3.90172996 0.54117647 0.42352941 0.64313725
v -24.02784231 16.45098066 -3.90172996 0.54117647 0.42352941 0.64313725
v -24.28967799 16.13099593 -3.19494793 0.54117647 0.42352941 0.64313725
v -24.59941217 15.62895118 -3.19494793 0.54117647 0.42352941 0.64313725
v -24.85166857 15.19862666 -3.19494793 0.54117647 0.42352941 0.64313725
v -25.04644931 14.84554020 -3.19494793 0.54117647 0.42352941 0.64313725
v -22.08322589 18.83431638 -6.54763376 0.54117647 0.42352941 0.64313725
v 1.76306698 25.93466831 8.58113237 0.54117647 0.42352941 0.64313725
v 1.62256881 25.94018403 8.59925501 0.54117647 0.42352941 0.64313725
v 1.76306698 26.14431221 7.97946103 0.54117647 0.42352941 0.64313725
v 1.76306698 26.61877411 6.43903847 0.54117647 0.42352941 0.64313725
v 1.76306698 26.71807823 6.00047092 0.54117647 0.42352941 0.64313725
v 0.91369387 26.94427563 5.29368889 0.54117647 0.42352941 0.64313725
v 0.20801309 26.95530918 5.29368889 0.54117647 0.42352941 0.64313725
v -4.03565616 26.86152079 3.87649966 0.54117647 0.42352941 0.64313725
v -0.50086184 27.02703046 4.58690686 0.54117647 0.42352941 0.64313725
v 0.53371167 27.30839564 2.86525733 0.54117647 0.42352941 0.64313725
v -3.07452483 27.33598059 0.82827466 0.54117647 0.42352941 0.64313725
v -7.57364357 26.72911389 1.04937048 0.54117647 0.42352941 0.64313725
v -8.27932541 26.78428379 -2.48816589 0.54117647 0.42352941 0.64313725
v -8.93072468 26.69049329 -3.19494793 0.54117647 0.42352941 0.64313725
v -10.39956402 26.37602533 -3.19494793 0.54117647 0.42352941 0.64313725
v -10.39956402 26.33740682 -2.48816589 0.54117647 0.42352941 0.64313725
v -11.10843895 26.14431221 -2.48816589 0.54117647 0.42352941 0.64313725
v -13.22867650 25.53192768 -2.48816589 0.54117647 0.42352941 0.64313725
v -13.78747504 25.26159605 -1.78138386 0.54117647 0.42352941 0.64313725
v -29.33801600 5.00324932 -7.33777974 0.54117647 0.42352941 0.64313725
v -29.63817089 4.31362726 -7.33777974 0.54117647 0.42352941 0.64313725
v -26.22151994 12.23600920 -5.31529508 0.54117647 0.42352941 0.64313725
v -26.23110132 12.28014448 -4.60851304 0.54117647 0.42352941 0.64313725
v -30.84836765 -3.45979639 -2.48816589 0.54117647 0.42352941 0.64313725
v -30.66955026 -4.16596957 0.34258845 0.54117647 0.42352941 0.64313725
v -30.58652986 -2.80327579 -7.33777974 0.54117647 0.42352941 0.64313725
v -30.84517245 -3.45979639 -3.19494793 0.54117647 0.42352941 0.64313725
v -30.63123315 -5.57831621 0.34258845 0.54117647 0.42352941 0.64313725
v -29.63817089 -9.11469970 2.46293507 0.54117647 0.42352941 0.64313725
v -30.58333677 -6.29000643 0.32084065 0.54117647 0.42352941 0.64313725
v -30.56417821 -6.75343267 0.07074880 0.54117647 0.42352941 0.64313725
v -30.50670044 -6.99066310 0.32084065 0.54117647 0.42352941 0.64313725
v -30.11394798 -9.11469970 0.34258845 0.54117647 0.42352941 0.64313725
v -30.20654765 -9.11469970 -7.33777974 0.54117647 0.42352941 0.64313725
v -30.54182657 -7.20030806 -0.36419464 0.54117647 0.42352941 0.64313725
v -30.66316407 -6.29000643 -2.48816589 0.54117647 0.42352941 0.64313725
v -28.66745818 -16.81640259 -7.33777974 0.54117647 0.42352941 0.64313725
v -27.74783704 -17.98600070 -7.33777974 0.54117647 0.42352941 0.64313725
v -27.76061152 -18.00255420 -6.02207711 0.54117647 0.42352941 0.64313725
v 1.76306698 27.26977714 -7.33777974 0.54117647 0.42352941 0.64313725
v -13.84495070 25.31125022 -2.48816589 0.54117647 0.42352941 0.64313725
v -25.35299039 14.21660429 -3.90172996 0.54117647 0.42352941 0.64313725
v -25.29870571 14.21660429 -4.60851304 0.54117647 0.42352941 0.64313725
v -25.08476642 14.20557073 -7.33777974 0.54117647 0.42352941 0.64313725
v -25.46155553 13.46077825 -7.33777974 0.54117647 0.42352941 0.64313725
v -25.48071408 13.42215975 -7.33777974 0.54117647 0.42352941 0.64313725
v -15.50857078 24.36232851 -6.72886020 0.54117647 0.42352941 0.64313725
v -16.05459589 24.00924205 -7.33777974 0.54117647 0.42352941 0.64313725
v -16.44096639 23.78856249 -7.33777974 0.54117647 0.42352941 0.64313725
v -16.58784864 23.88786871 -4.60851304 0.54117647 0.42352941 0.64313725
v -15.33294859 24.63266014 -3.90172996 0.54117647 0.42352941 0.64313725
v -13.72041905 25.25608033 -7.33777974 0.54117647 0.42352941 0.64313725
v -15.15413331 24.56094097 -6.72886020 0.54117647 0.42352941 0.64313725
v -13.86410926 25.32779950 -3.19494793 0.54117647 0.42352941 0.64313725
v -17.84274868 23.07135601 -4.60851304 0.54117647 0.42352941 0.64313725
v -18.19718615 22.77895517 -4.60851304 0.54117647 0.42352941 0.64313725
v -19.74585490 21.44384633 -4.60851304 0.54117647 0.42352941 0.64313725
v -19.39141744 21.77486568 -4.60851304 0.54117647 0.42352941 0.64313725
v -21.39350952 19.43566735 -7.33777974 0.54117647 0.42352941 0.64313725
v -21.69685751 19.13223295 -7.33777974 0.54117647 0.42352941 0.64313725
v -22.04171359 18.78466221 -7.33777974 0.54117647 0.42352941 0.64313725
v -18.97311602 22.12795214 -4.60851304 0.54117647 0.42352941 0.64313725
v -22.61009245 18.04538862 -7.33777974 0.54117647 0.42352941 0.64313725
v -23.54248596 16.77648323 -7.33777974 0.54117647 0.42352941 0.64313725
v -23.79793545 16.40132860 -7.33777974 0.54117647 0.42352941 0.64313725
v -23.84263874 16.33512410 -7.33777974 0.54117647 0.42352941 0.64313725
v -24.26094016 16.09789420 -3.90172996 0.54117647 0.42352941 0.64313725
v -24.55470887 15.62895118 -3.90172996 0.54117647 0.42352941 0.64313725
v -24.83570311 15.16552494 -3.90172996 0.54117647 0.42352941 0.64313725
v -22.30993756 18.43709358 -7.33777974 0.54117647 0.42352941 0.64313725
v 1.76306698 26.85600296 5.29368889 0.54117647 0.42352941 0.64313725
v 1.62256881 26.87255435 5.29368889 0.54117647 0.42352941 0.64313725
v 1.76306698 27.13185241 3.72064514 0.54117647 0.42352941 0.64313725
v 1.76306698 27.21460725 3.16971763 0.54117647 0.42352941 0.64313725
v 0.59438148 27.30839564 2.86525733 0.54117647 0.42352941 0.64313725
v -2.62110045 27.41321759 -1.78138386 0.54117647 0.42352941 0.64313725
v -3.32997538 27.39115048 -1.78138386 0.54117647 0.42352941 0.64313725
v -3.83448924 27.33046276 -1.19421001 0.54117647 0.42352941 0.64313725
v -4.74453109 27.21460725 -1.07097667 0.54117647 0.42352941 0.64313725
v -7.57364357 26.88358790 -2.48816589 0.54117647 0.42352941 0.64313725
v -8.27932541 26.78979951 -3.19494793 0.54117647 0.42352941 0.64313725
v -8.96584870 26.68497756 -3.90172996 0.54117647 0.42352941 0.64313725
v -10.39956402 26.35947605 -3.90172996 0.54117647 0.42352941 0.64313725
v -11.10843895 26.13879648 -6.02207711 0.54117647 0.42352941 0.64313725
v -11.10843895 26.18293282 -3.90172996 0.54117647 0.42352941 0.64313725
v -11.10843895 26.18293282 -3.19494793 0.54117647 0.42352941 0.64313725
v -13.22867650 25.57606401 -3.19494793 0.54117647 0.42352941 0.64313725
v -25.70423476 12.94769890 -7.33777974 0.54117647 0.42352941 0.64313725
v -30.82601389 -4.16596957 -3.19494793 0.54117647 0.42352941 0.64313725
v -30.55459894 -5.24729739 -7.33777974 0.54117647 0.42352941 0.64313725
v -30.78131060 -4.87214328 -3.19494793 0.54117647 0.42352941 0.64313725
v -30.72063974 -5.57831621 -3.19494793 0.54117647 0.42352941 0.64313725
v -30.69509500 -5.57831621 -3.90172996 0.54117647 0.42352941 0.64313725
v -30.27360259 -8.40852625 -7.33777974 0.54117647 0.42352941 0.64313725
v 1.50123024 27.31942920 -7.33777974 0.54117647 0.42352941 0.64313725
v 1.76306698 27.26977714 2.47018381 0.54117647 0.42352941 0.64313725
v -24.16514739 15.83859614 -7.33777974 0.54117647 0.42352941 0.64313725
v -15.44790203 24.34026140 -7.33777974 0.54117647 0.42352941 0.64313725
v -16.74431227 23.54581581 -7.33777974 0.54117647 0.42352941 0.64313725
v -17.82359013 23.05480462 -4.96734075 0.54117647 0.42352941 0.64313725
v -15.39681255 24.36784635 -7.33777974 0.54117647 0.42352941 0.64313725
v -13.22867650 25.47124206 -6.72886020 0.54117647 0.42352941 0.64313725
v -13.30211868 25.42159000 -7.33777974 0.54117647 0.42352941 0.64313725
v -18.58036144 22.38725020 -5.31529508 0.54117647 0.42352941 0.64313725
v -19.33074657 21.73072934 -5.31529508 0.54117647 0.42352941 0.64313725
v -18.93479891 22.08381580 -5.31529508 0.54117647 0.42352941 0.64313725
v -21.32964767 19.49635296 -7.33777974 0.54117647 0.42352941 0.64313725
v -24.13640745 15.88824925 -7.33777974 0.54117647 0.42352941 0.64313725
v 1.76306698 27.24219220 2.96311929 0.54117647 0.42352941 0.64313725
v 0.08667347 27.44080254 -7.33777974 0.54117647 0.42352941 0.64313725
v -3.84726161 27.33598059 -5.13044454 0.54117647 0.42352941 0.64313725
v -3.84726161 27.33598059 -4.86585416 0.54117647 0.42352941 0.64313725
v -6.15908786 27.08220036 -4.60851304 0.54117647 0.42352941 0.64313725
v -6.15908786 27.06564897 -5.31529508 0.54117647 0.42352941 0.64313725
v -6.86476970 26.96082702 -5.31529508 0.54117647 0.42352941 0.64313725
v -8.27932541 26.76221457 -4.60851304 0.54117647 0.42352941 0.64313725
v -8.89560067 26.65739261 -4.60851304 0.54117647 0.42352941 0.64313725
v -10.39956402 26.23258487 -6.72886020 0.54117647 0.42352941 0.64313725
v -11.10843895 26.08914442 -6.72886020 0.54117647 0.42352941 0.64313725
v -12.52299572 25.69192163 -6.72886020 0.54117647 0.42352941 0.64313725
v -12.18133062 25.89053197 -4.28230547 0.54117647 0.42352941 0.64313725
v -12.18133062 25.89053197 -3.90172996 0.54117647 0.42352941 0.64313725
v -12.17494444 25.88501625 -3.51753034 0.54117647 0.42352941 0.64313725
v -30.75576586 -4.87214328 -3.90172996 0.54117647 0.42352941 0.64313725
v 0.91369387 27.38563265 -7.33777974 0.54117647 0.42352941 0.64313725
v 0.20801309 27.43528682 -7.33777974 0.54117647 0.42352941 0.64313725
v -17.22008935 23.14859302 -7.33777974 0.54117647 0.42352941 0.64313725
v -18.54204433 22.35966526 -5.71036807 0.54117647 0.42352941 0.64313725
v -13.22867650 25.44917284 -7.33777974 0.54117647 0.42352941 0.64313725
v -19.52552731 21.19558393 -7.33777974 0.54117647 0.42352941 0.64313725
v -19.82887530 20.91421664 -7.33777974 0.54117647 0.42352941 0.64313725
v -0.50086184 27.41873543 -7.33777974 0.54117647 0.42352941 0.64313725
v -0.60304185 27.41321759 -7.33777974 0.54117647 0.42352941 0.64313725
v -1.21612296 27.34701415 -7.33777974 0.54117647 0.42352941 0.64313725
v -8.03664829 26.60773845 -7.16380153 0.54117647 0.42352941 0.64313725
v -8.98500725 26.45878016 -7.33777974 0.54117647 0.42352941 0.64313725
v -9.08718831 26.44223088 -7.33777974 0.54117647 0.42352941 0.64313725
v -9.79606324 26.30430615 -7.33777974 0.54117647 0.42352941 0.64313725
v -10.50174403 26.14431221 -7.33777974 0.54117647 0.42352941 0.64313725
v -11.52673826 25.90156553 -7.33777974 0.54117647 0.42352941 0.64313725
v -11.55547715 25.90708336 -7.23991726 0.54117647 0.42352941 0.64313725
v -12.52299572 25.64226746 -7.33777974 0.54117647 0.42352941 0.64313725
v -19.12000037 21.54867039 -7.33777974 0.54117647 0.42352941 0.64313725
v -8.19949810 26.56360422 -7.33777974 0.54117647 0.42352941 0.64313725
f 1618 1619 1620
f 1618 1620 1621
f 1618 1621 1628
f 1618 1628 1640
f 1618 1640 1661
f 1618 1661 1694
f 1618 1694 1727
f 1618 1727 1767
f 1618 1767 1818
f 1618 1818 1817
f 1618 1817 1815
f 1618 1815 1877
f 1618 1877 1935
f 1618 1935 1934
f 1618 1934 1936
f 1618 1936 1932
f 1618 1932 2002
f 1618 2002 2081
f 1618 2081 2180
f 1618 2180 2179
f 1618 2179 2282
f 1618 2282 2281
f 1618 2281 2386
f 1618 2386 2384
f 1618 2384 2487
f 1618 2487 2486
f 1618 2486 2596
f 1618 2596 2705
f 1618 2705 2704
f 1618 2704 2703
f 1618 2703 2805
f 1618 2805 2804
f 1618 2804 2698
f 1618 2698 2697
f 1618 2697 2694
f 1618 2694 2801
f 1618 2801 2802
f 1618 2802 2868
f 1618 2868 2924
f 1618 2924 2937
f 1618 2937 2902
f 1618 2902 2901
f 1618 2901 2899
f 1618 2899 2833
f 1618 2833 2832
f 1618 2832 2735
f 1618 2735 2734
f 1618 2734 2733
f 1618 2733 2831
f 1618 2831 2829
f 1618 2829 2730
f 1618 2730 2626
f 1618 2626 2518
f 1618 2518 2514
f 1618 2514 2513
f 1618 2513 2512
f 1618 2512 2417
f 1618 2417 2416
f 1618 2416 2414
f 1618 2414 2308
f 1618 2308 2202
f 1618 2202 2108
f 1618 2108 2107
f 1618 2107 2104
f 1618 2104 2017
f 1618 2017 2016
f 1618 2016 1949
f 1618 1949 1885
f 1618 1885 1884
f 1618 1884 1883
f 1618 1883 1882
f 1618 1882 1823
f 1618 1823 1772
f 1618 1772 1733
f 1618 1733 1700
f 1618 1700 1664
f 1618 1664 1642
f 1618 1642 1641
f 1618 1641 1629
f 1618 1629 1622
f 1618 1622 1619
f 1619 1622 1623
f 1619 1623 1624
f 1619 1624 1620
f 1620 1624 1625
f 1620 1625 1626
f 1620 1626 1627
f 1620 1627 1621
f 1621 1627 1628
f 1622 1629 1630
f 1622 1630 1631
f 1622 1631 1623
f 1623 1632 1633
f 1623 1633 1624
f 1623 1631 1634
f 1623 1634 1632
f 1624 1633 1625
f 1625 1633 1635
f 1625 1635 1636
f 1625 1636 1626
f 1626 1636 1637
f 1626 1637 1627
f 1627 1637 1638
f 1627 1638 1639
f 1627 1639 1628
f 1628 1639 1640
f 1629 1641 1630
f 1630 1641 1642
f 1630 1642 1631
f 1631 1642 1643
f 1631 1643 1644
f 1631 1644 1645
f 1631 1645 1634
f 1632 1634 1646
f 1632 1646 1647
f 1632 1647 1633
f 1633 1647 1635
f 1634 1645 1646
f 1635 1647 1648
f 1635 1648 1636
f 1636 1649 1650
f 1636 1650 1637
f 1636 1648 1651
f 1636 1651 1649
f 1637 1650 1652
f 1637 1652 1653
f 1637 1653 1638
f 1638 1653 1654
f 1638 1654 1655
f 1638 1655 1656
f 1638 1656 1657
f 1638 1657 1639
f 1639 1657 1658
f 1639 1658 1659
f 1639 1659 1640
f 1640 1659 1660
f 1640 1660 1661
f 1642 1662 1663
f 1642 1663 1643
f 1642 1664 1665
f 1642 1665 1662
f 1643 1663 1644
f 1644 1663 1645
f 1645 1666 1667
f 1645 1667 1646
f 1645 1663 1668
f 1645 1668 1669
f 1645 1669 1666
f 1646 1670 1671
f 1646 1671 1647
f 1646 1667 1666
f 1646 1666 1670
f 1647 1671 1651
f 1647 1651 1648
f 1649 1672 1673
f 1649 1673 1650
f 1649 1651 1672
f 1650 1673 1674
f 1650 1674 1652
f 1651 1671 1675
f 1651 1675 1676
f 1651 1676 1677
f 1651 1677 1678
f 1651 1678 1679
f 1651 1679 1680
f 1651 1680 1672
f 1652 1674 1681
f 1652 1681 1682
f 1652 1682 1653
f 1653 1682 1683
f 1653 1683 1684
f 1653 1684 1685
f 1653 1685 1686
f 1653 1686 1687
f 1653 1687 1688
f 1653 1688 1654
f 1654 1688 1656
f 1654 1656 1655
f 1656 1688 1689
f 1656 1689 1657
f 1657 1689 1690
f 1657 1690 1691
f 1657 1691 1692
f 1657 1692 1658
f 1658 1692 1659
f 1659 1692 1660
f 1660 1692 1693
f 1660 1693 1694
f 1660 1694 1661
f 1662 1665 1663
f 1663 1669 1668
f 1663 1665 1695
f 1663 1695 1696
f 1663 1696 1697
f 1663 1697 1698
f 1663 1698 1699
f 1663 1699 1669
f 1664 1700 1665
f 1665 1700 1701
f 1665 1701 1695
f 1666 1669 1702
f 1666 1702 1671
f 1666 1671 1670
f 1669 1699 1703
f 1669 1703 1704
f 1669 1704 1702
f 1671 1702 1705
f 1671 1705 1706
f 1671 1706 1707
f 1671 1707 1708
f 1671 1708 1675
f 1672 1680 1673
f 1673 1680 1709
f 1673 1709 1681
f 1673 1681 1674
f 1675 1708 1676
f 1676 1708 1710
f 1676 1710 1677
f 1677 1711 1712
f 1677 1712 1713
f 1677 1713 1679
f 1677 1679 1678
f 1677 1710 1714
f 1677 1714 1711
f 1679 1713 1709
f 1679 1709 1680
f 1681 1683 1682
f 1681 1709 1715
f 1681 1715 1683
f 1683 1715 1716
f 1683 1716 1717
f 1683 1717 1684
f 1684 1717 1718
f 1684 1718 1686
f 1684 1686 1685
f 1686 1688 1687
f 1686 1718 1719
f 1686 1719 1720
f 1686 1720 1721
f 1686 1721 1722
f 1686 1722 1689
f 1686 1689 1688
f 1689 1722 1690
f 1690 1722 1723
f 1690 1723 1724
f 1690 1724 1725
f 1690 1725 1691
f 1691 1725 1726
f 1691 1726 1693
f 1691 1693 1692
f 1693 1726 1694
f 1694 1726 1727
f 1695 1701 1728
f 1695 1728 1696
f 1696 1728 1697
f 1697 1728 1729
f 1697 1729 1698
f 1698 1729 1730
f 1698 1730 1731
f 1698 1731 1699
f 1699 1731 1732
f 1699 1732 1703
f 1700 1733 1701
f 1701 1733 1734
f 1701 1734 1735
f 1701 1735 1736
f 1701 1736 1737
f 1701 1737 1728
f 1702 1704 1705
f 1703 1738 1739
f 1703 1739 1740
f 1703 1740 1741
f 1703 1741 1706
f 1703 1706 1705
f 1703 1705 1704
f 1703 1732 1738
f 1706 1741 1707
f 1707 1742 1743
f 1707 1743 1708
f 1707 1741 1740
f 1707 1740 1744
f 1707 1744 1742
f 1708 1743 1710
f 1709 1713 1715
f 1710 1743 1745
f 1710 1745 1714
f 1711 1714 1745
f 1711 1745 1712
f 1712 1745 1746
f 1712 1746 1715
f 1712 1715 1713
f 1715 1747 1748
f 1715 1748 1749
f 1715 1749 1716
f 1715 1746 1747
f 1716 1749 1750
f 1716 1750 1717
f 1717 1750 1751
f 1717 1751 1718
f 1718 1751 1752
f 1718 1752 1753
f 1718 1753 1719
f 1719 1753 1754
f 1719 1754 1755
f 1719 1755 1756
f 1719 1756 1757
f 1719 1757 1758
f 1719 1758 1759
f 1719 1759 1720
f 1720 1759 1758
f 1720 1758 1721
f 1721 1758 1760
f 1721 1760 1723
f 1721 1723 1722
f 1723 1760 1761
f 1723 1761 1724
f 1724 1761 1762
f 1724 1762 1725
f 1725 1763 1764
f 1725 1764 1726
f 1725 1762 1765
f 1725 1765 1763
f 1726 1764 1766
f 1726 1766 1727
f 1727 1766 1767
f 1728 1737 1729
f 1729 1737 1736
f 1729 1736 1730
f 1730 1736 1768
f 1730 1768 1731
f 1731 1768 1769
f 1731 1769 1732
f 1732 1769 1770
f 1732 1770 1771
f 1732 1771 1740
f 1732 1740 1739
f 1732 1739 1738
f 1733 1772 1734
f 1734 1773 1774
f 1734 1774 1735
f 1734 1772 1773
f 1735 1774 1775
f 1735 1775 1736
f 1736 1775 1776
f 1736 1776 1777
f 1736 1777 1778
f 1736 1778 1779
f 1736 1779 1768
f 1740 1771 1780
f 1740 1780 1744
f 1742 1781 1782
f 1742 1782 1783
f 1742 1783 1743
f 1742 1744 1784
f 1742 1784 1785
f 1742 1785 1781
f 1743 1783 1745
f 1744 1780 1784
f 1745 1783 1786
f 1745 1786 1787
f 1745 1787 1788
f 1745 1788 1746
f 1746 1788 1747
f 1747 1788 1787
f 1747 1787 1789
f 1747 1789 1790
f 1747 1790 1791
f 1747 1791 1792
f 1747 1792 1793
f 1747 1793 1748
f 1748 1793 1749
f 1749 1793 1794
f 1749 1794 1750
f 1750 1794 1795
f 1750 1795 1751
f 1751 1796 1752
f 1751 1795 1797
f 1751 1797 1798
f 1751 1798 1796
f 1752 1796 1799
f 1752 1799 1754
f 1752 1754 1753
f 1754 1800 1801
f 1754 1801 1756
f 1754 1756 1755
f 1754 1799 1800
f 1756 1801 1802
f 1756 1802 1757
f 1757 1802 1803
f 1757 1803 1804
f 1757 1804 1758
f 1758 1804 1805
f 1758 1805 1806
f 1758 1806 1807
f 1758 1807 1760
f 1760 1807 1808
f 1760 1808 1809
f 1760 1809 1810
f 1760 1810 1761
f 1761 1810 1762
f 1762 1811 1765
f 1762 1810 1812
f 1762 1812 1813
f 1762 1813 1811
f 1763 1765 1814
f 1763 1814 1764
f 1764 1814 1815
f 1764 1815 1766
f 1765 1811 1816
f 1765 1816 1814
f 1766 1817 1818
f 1766 1818 1767
f 1766 1815 1817
f 1768 1779 1769
f 1769 1779 1819
f 1769 1819 1770
f 1770 1820 1780
f 1770 1780 1771
f 1770 1819 1821
f 1770 1821 1822
f 1770 1822 1820
f 1772 1823 1824
f 1772 1824 1773
f 1773 1824 1774
f 1774 1825 1775
f 1774 1824 1826
f 1774 1826 1827
f 1774 1827 1828
f 1774 1828 1825
f 1775 1825 1776
f 1776 1778 1777
f 1776 1825 1829
f 1776 1829 1830
f 1776 1830 1831
f 1776 1831 1778
f 1778 1832 1833
f 1778 1833 1821
f 1778 1821 1819
f 1778 1819 1779
f 1778 1831 1834
f 1778 1834 1835
f 1778 1835 1832
f 1780 1820 1784
f 1781 1785 1782
f 1782 1836 1837
f 1782 1837 1838
f 1782 1838 1839
f 1782 1839 1783
f 1782 1785 1840
f 1782 1840 1841
f 1782 1841 1836
f 1783 1839 1842
f 1783 1842 1843
f 1783 1843 1786
f 1784 1820 1785
f 1785 1820 1841
f 1785 1841 1840
f 1786 1843 1844
f 1786 1844 1845
f 1786 1845 1846
f 1786 1846 1787
f 1787 1846 1847
f 1787 1847 1789
f 1789 1847 1848
f 1789 1848 1849
f 1789 1849 1850
f 1789 1850 1790
f 1790 1850 1851
f 1790 1851 1791
f 1791 1851 1854
f 1791 1854 1852
f 1791 1852 1792
f 1792 1852 1793
f 1793 1852 1794
f 1794 1852 1795
f 1795 1852 1797
f 1796 1798 1853
f 1796 1853 1801
f 1796 1801 1799
f 1797 1854 1798
f 1797 1852 1854
f 1798 1854 1855
f 1798 1855 1853
f 1799 1801 1800
f 1801 1856 1857
f 1801 1857 1858
f 1801 1858 1802
f 1801 1853 1856
f 1802 1859 1860
f 1802 1860 1861
f 1802 1861 1808
f 1802 1808 1805
f 1802 1805 1804
f 1802 1804 1803
f 1802 1858 1859
f 1805 1808 1806
f 1806 1808 1807
f 1808 1861 1862
f 1808 1862 1863
f 1808 1863 1864
f 1808 1864 1865
f 1808 1865 1809
f 1809 1865 1810
f 1810 1865 1864
f 1810 1864 1866
f 1810 1866 1867
f 1810 1867 1812
f 1811 1868 1816
f 1811 1813 1868
f 1812 1869 1870
f 1812 1870 1813
f 1812 1867 1869
f 1813 1870 1871
f 1813 1871 1872
f 1813 1872 1873
f 1813 1873 1874
f 1813 1874 1875
f 1813 1875 1868
f 1814 1816 1876
f 1814 1876 1877
f 1814 1877 1815
f 1816 1868 1876
f 1820 1878 1879
f 1820 1879 1841
f 1820 1822 1878
f 1821 1833 1880
f 1821 1880 1822
f 1822 1880 1881
f 1822 1881 1878
f 1823 1882 1824
f 1824 1882 1883
f 1824 1883 1884
f 1824 1884 1885
f 1824 1885 1826
f 1825 1828 1886
f 1825 1886 1829
f 1826 1885 1827
f 1827 1885 1828
f 1828 1885 1887
f 1828 1887 1888
f 1828 1888 1886
f 1829 1886 1830
f 1830 1889 1831
f 1830 1886 1888
f 1830 1888 1889
f 1831 1889 1834
f 1832 1890 1833
f 1832 1835 1891
f 1832 1891 1892
f 1832 1892 1880
f 1832 1880 1890
f 1833 1890 1880
f 1834 1889 1893
f 1834 1893 1835
f 1835 1893 1894
f 1835 1894 1891
f 1836 1841 1837
f 1837 1895 1896
f 1837 1896 1897
f 1837 1897 1843
f 1837 1843 1838
f 1837 1841 1879
f 1837 1879 1895
f 1838 1843 1839
f 1839 1843 1842
f 1843 1898 1899
f 1843 1899 1900
f 1843 1900 1901
f 1843 1901 1844
f 1843 1897 1898
f 1844 1901 1902
f 1844 1902 1845
f 1845 1902 1903
f 1845 1903 1848
f 1845 1848 1847
f 1845 1847 1846
f 1848 1903 1850
f 1848 1850 1849
f 1850 1904 1905
f 1850 1905 1906
f 1850 1906 1907
f 1850 1907 1851
f 1850 1903 1904
f 1851 1907 1906
f 1851 1906 1854
f 1853 1855 1906
f 1853 1906 1908
f 1853 1908 1909
f 1853 1909 1856
f 1854 1906 1855
f 1856 1910 1857
f 1856 1909 1911
f 1856 1911 1912
f 1856 1912 1910
f 1857 1910 1913
f 1857 1913 1858
f 1858 1913 1859
f 1859 1913 1914
f 1859 1914 1860
f 1860 1914 1915
f 1860 1915 1916
f 1860 1916 1862
f 1860 1862 1861
f 1862 1916 1917
f 1862 1917 1918
f 1862 1918 1863
f 1863 1918 1919
f 1863 1919 1867
f 1863 1867 1866
f 1863 1866 1864
f 1867 1919 1920
f 1867 1920 1921
f 1867 1921 1869
f 1868 1875 1876
f 1869 1921 1922
f 1869 1922 1923
f 1869 1923 1924
f 1869 1924 1925
f 1869 1925 1926
f 1869 1926 1927
f 1869 1927 1928
f 1869 1928 1870
f 1870 1928 1871
f 1871 1928 1929
f 1871 1929 1872
f 1872 1929 1930
f 1872 1930 1873
f 1873 1930 1931
f 1873 1931 1874
f 1874 1931 1932
f 1874 1932 1933
f 1874 1933 1875
f 1875 1933 1876
f 1876 1934 1935
f 1876 1935 1877
f 1876 1933 1936
f 1876 1936 1934
f 1878 1881 1937
f 1878 1937 1938
f 1878 1938 1879
f 1879 1939 1895
f 1879 1938 1940
f 1879 1940 1941
f 1879 1941 1942
f 1879 1942 1939
f 1880 1892 1943
f 1880 1943 1944
f 1880 1944 1945
f 1880 1945 1881
f 1881 1946 1938
f 1881 1938 1937
f 1881 1945 1947
f 1881 1947 1948
f 1881 1948 1946
f 1885 1949 1950
f 1885 1950 1951
f 1885 1951 1887
f 1887 1951 1952
f 1887 1952 1888
f 1888 1894 1889
f 1888 1952 1953
f 1888 1953 1894
f 1889 1894 1893
f 1891 1947 1892
f 1891 1894 1954
f 1891 1954 1955
f 1891 1955 1947
f 1892 1947 1943
f 1894 1956 1957
f 1894 1957 1958
f 1894 1958 1955
f 1894 1955 1954
f 1894 1953 1956
f 1895 1939 1896
f 1896 1959 1960
f 1896 1960 1961
f 1896 1961 1962
f 1896 1962 1963
f 1896 1963 1964
f 1896 1964 1897
f 1896 1939 1965
f 1896 1965 1959
f 1897 1964 1966
f 1897 1966 1967
f 1897 1967 1898
f 1898 1901 1899
f 1898 1967 1968
f 1898 1968 1969
f 1898 1969 1970
f 1898 1970 1901
f 1899 1901 1900
f 1901 1970 1971
f 1901 1971 1972
f 1901 1972 1904
f 1901 1904 1902
f 1902 1904 1903
f 1904 1972 1973
f 1904 1973 1908
f 1904 1908 1906
f 1904 1906 1905
f 1908 1973 1909
f 1909 1974 1912
f 1909 1912 1911
f 1909 1973 1974
f 1910 1975 1976
f 1910 1976 1977
f 1910 1977 1978
f 1910 1978 1979
f 1910 1979 1914
f 1910 1914 1913
f 1910 1912 1980
f 1910 1980 1975
f 1912 1974 1973
f 1912 1973 1981
f 1912 1981 1980
f 1914 1979 1982
f 1914 1982 1983
f 1914 1983 1915
f 1915 1983 1916
f 1916 1984 1919
f 1916 1919 1917
f 1916 1983 1984
f 1917 1919 1918
f 1919 1984 1985
f 1919 1985 1986
f 1919 1986 1920
f 1920 1986 1923
f 1920 1923 1921
f 1921 1923 1922
f 1923 1986 1924
f 1924 1986 1925
f 1925 1986 1926
f 1926 1986 1987
f 1926 1987 1988
f 1926 1988 1927
f 1927 1989 1990
f 1927 1990 1991
f 1927 1991 1992
f 1927 1992 1993
f 1927 1993 1928
f 1927 1988 1994
f 1927 1994 1995
f 1927 1995 1989
f 1928 1993 1929
f 1929 1992 1996
f 1929 1996 1930
f 1929 1993 1992
f 1930 1996 1997
f 1930 1997 1998
f 1930 1998 1931
f 1931 1998 1999
f 1931 1999 2000
f 1931 2000 2001
f 1931 2001 1932
f 1932 2001 2002
f 1932 1936 1933
f 1938 1946 1940
f 1939 1942 2003
f 1939 2003 1965
f 1940 2004 2005
f 1940 2005 1941
f 1940 1946 2006
f 1940 2006 2004
f 1941 2005 1942
f 1942 2007 2008
f 1942 2008 2009
f 1942 2009 2003
f 1942 2005 2010
f 1942 2010 2011
f 1942 2011 2012
f 1942 2012 2013
f 1942 2013 2007
f 1943 1947 1944
f 1944 1947 1945
f 1946 1948 2006
f 1947 1955 2014
f 1947 2014 1948
f 1948 2014 1955
f 1948 1955 2015
f 1948 2015 2006
f 1949 2016 1950
f 1950 2016 2017
f 1950 2017 2018
f 1950 2018 2019
f 1950 2019 2020
f 1950 2020 2021
f 1950 2021 1951
f 1951 2021 1952
f 1952 2021 2020
f 1952 2020 2019
f 1952 2019 2022
f 1952 2022 1953
f 1953 2022 2023
f 1953 2023 2024
f 1953 2024 1956
f 1955 2025 2015
f 1955 1958 2026
f 1955 2026 2027
f 1955 2027 2025
f 1956 1958 1957
f 1956 2024 2028
f 1956 2028 2029
f 1956 2029 2030
f 1956 2030 2031
f 1956 2031 1958
f 1958 2032 2026
f 1958 2031 2033
f 1958 2033 2034
f 1958 2034 2035
f 1958 2035 2032
f 1959 2036 2037
f 1959 2037 2038
f 1959 2038 2039
f 1959 2039 2040
f 1959 2040 1960
f 1959 1965 2003
f 1959 2003 2041
f 1959 2041 2036
f 1960 2040 2042
f 1960 2042 1961
f 1961 2042 2043
f 1961 2043 2044
f 1961 2044 1962
f 1962 2044 2045
f 1962 2045 2046
f 1962 2046 2047
f 1962 2047 1963
f 1963 1966 1964
f 1963 2047 1966
f 1966 1968 1967
f 1966 2047 1968
f 1968 2047 2048
f 1968 2048 1969
f 1969 2048 2049
f 1969 2049 1970
f 1970 2049 2050
f 1970 2050 1971
f 1971 2050 1973
f 1971 1973 1972
f 1973 2050 2051
f 1973 2051 1981
f 1975 2052 2053
f 1975 2053 2054
f 1975 2054 2055
f 1975 2055 1976
f 1975 1980 1981
f 1975 1981 2052
f 1976 2055 2056
f 1976 2056 1978
f 1976 1978 1977
f 1978 2056 2057
f 1978 2057 2058
f 1978 2058 1979
f 1979 2058 2059
f 1979 2059 2060
f 1979 2060 1982
f 1981 2051 2061
f 1981 2061 2053
f 1981 2053 2052
f 1982 2060 2059
f 1982 2059 2062
f 1982 2062 1983
f 1983 2062 1984
f 1984 2062 2063
f 1984 2063 2064
f 1984 2064 2065
f 1984 2065 1988
f 1984 1988 1987
f 1984 1987 1985
f 1985 1987 1986
f 1988 2065 2066
f 1988 2066 1989
f 1988 1989 1995
f 1988 1995 1994
f 1989 2067 2068
f 1989 2068 2069
f 1989 2069 1990
f 1989 2066 2067
f 1990 2069 2070
f 1990 2070 2071
f 1990 2071 2072
f 1990 2072 2073
f 1990 2073 2074
f 1990 2074 1991
f 1991 2074 2075
f 1991 2075 2076
f 1991 2076 2077
f 1991 2077 1992
f 1992 2077 1996
f 1996 2077 2078
f 1996 2078 2079
f 1996 2079 1997
f 1997 2079 1998
f 1998 2079 2076
f 1998 2076 2080
f 1998 2080 1999
f 1999 2080 2000
f 2000 2080 2001
f 2001 2080 2081
f 2001 2081 2002
f 2003 2009 2082
f 2003 2082 2041
f 2004 2083 2005
f 2004 2006 2083
f 2005 2083 2084
f 2005 2084 2085
f 2005 2085 2010
f 2006 2015 2025
f 2006 2025 2086
f 2006 2086 2087
f 2006 2087 2088
f 2006 2088 2084
f 2006 2084 2083
f 2007 2013 2008
f 2008 2089 2009
f 2008 2013 2090
f 2008 2090 2091
f 2008 2091 2089
f 2009 2092 2041
f 2009 2041 2082
f 2009 2089 2092
f 2010 2085 2093
f 2010 2093 2011
f 2011 2093 2094
f 2011 2094 2095
f 2011 2095 2013
f 2011 2013 2012
f 2013 2091 2090
f 2013 2095 2093
f 2013 2093 2096
f 2013 2096 2097
f 2013 2097 2098
f 2013 2098 2099
f 2013 2099 2100
f 2013 2100 2101
f 2013 2101 2102
f 2013 2102 2103
f 2013 2103 2089
f 2013 2089 2091
f 2017 2104 2018
f 2018 2105 2106
f 2018 2106 2019
f 2018 2104 2107
f 2018 2107 2108
f 2018 2108 2109
f 2018 2109 2105
f 2019 2106 2022
f 2022 2106 2023
f 2023 2106 2110
f 2023 2110 2024
f 2024 2110 2111
f 2024 2111 2112
f 2024 2112 2028
f 2025 2027 2086
f 2026 2032 2086
f 2026 2086 2113
f 2026 2113 2027
f 2027 2113 2086
f 2028 2112 2029
f 2029 2112 2114
f 2029 2114 2115
f 2029 2115 2030
f 2030 2116 2117
f 2030 2117 2118
f 2030 2118 2119
f 2030 2119 2031
f 2030 2115 2120
f 2030 2120 2121
f 2030 2121 2122
f 2030 2122 2123
f 2030 2123 2116
f 2031 2119 2034
f 2031 2034 2033
f 2032 2035 2124
f 2032 2124 2125
f 2032 2125 2086
f 2034 2119 2126
f 2034 2126 2035
f 2035 2126 2127
f 2035 2127 2128
f 2035 2128 2129
f 2035 2129 2124
f 2036 2041 2130
f 2036 2130 2131
f 2036 2131 2037
f 2037 2132 2133
f 2037 2133 2134
f 2037 2134 2135
f 2037 2135 2136
f 2037 2136 2038
f 2037 2131 2132
f 2038 2136 2039
f 2039 2136 2135
f 2039 2135 2040
f 2040 2135 2137
f 2040 2137 2138
f 2040 2138 2042
f 2041 2092 2139
f 2041 2139 2131
f 2041 2131 2130
f 2042 2138 2140
f 2042 2140 2043
f 2043 2140 2141
f 2043 2141 2045
f 2043 2045 2044
f 2045 2141 2142
f 2045 2142 2046
f 2046 2142 2143
f 2046 2143 2047
f 2047 2144 2145
f 2047 2145 2146
f 2047 2146 2049
f 2047 2049 2048
f 2047 2143 2144
f 2049 2146 2050
f 2050 2147 2051
f 2050 2146 2147
f 2051 2147 2148
f 2051 2148 2149
f 2051 2149 2150
f 2051 2150 2151
f 2051 2151 2053
f 2051 2053 2061
f 2053 2151 2054
f 2054 2151 2152
f 2054 2152 2055
f 2055 2152 2153
f 2055 2153 2057
f 2055 2057 2056
f 2057 2153 2154
f 2057 2154 2155
f 2057 2155 2156
f 2057 2156 2058
f 2058 2156 2157
f 2058 2157 2158
f 2058 2158 2059
f 2059 2159 2160
f 2059 2160 2161
f 2059 2161 2062
f 2059 2158 2162
f 2059 2162 2159
f 2062 2161 2160
f 2062 2160 2063
f 2063 2160 2163
f 2063 2163 2164
f 2063 2164 2165
f 2063 2165 2065
f 2063 2065 2064
f 2065 2165 2166
f 2065 2166 2066
f 2066 2166 2067
f 2067 2167 2068
f 2067 2166 2168
f 2067 2168 2167
f 2068 2167 2069
f 2069 2167 2169
f 2069 2169 2170
f 2069 2170 2070
f 2070 2170 2071
f 2071 2171 2172
f 2071 2172 2073
f 2071 2073 2072
f 2071 2170 2171
f 2073 2172 2173
f 2073 2173 2076
f 2073 2076 2075
f 2073 2075 2074
f 2076 2079 2078
f 2076 2078 2077
f 2076 2173 2174
f 2076 2174 2175
f 2076 2175 2176
f 2076 2176 2177
f 2076 2177 2080
f 2080 2177 2178
f 2080 2178 2179
f 2080 2179 2180
f 2080 2180 2081
f 2084 2088 2181
f 2084 2181 2085
f 2085 2181 2182
f 2085 2182 2183
f 2085 2183 2093
f 2086 2125 2184
f 2086 2184 2087
f 2087 2184 2185
f 2087 2185 2186
f 2087 2186 2088
f 2088 2186 2182
f 2088 2182 2181
f 2089 2103 2102
f 2089 2102 2187
f 2089 2187 2188
f 2089 2188 2131
f 2089 2131 2139
f 2089 2139 2092
f 2093 2095 2094
f 2093 2183 2189
f 2093 2189 2190
f 2093 2190 2191
f 2093 2191 2192
f 2093 2192 2096
f 2096 2192 2097
f 2097 2192 2193
f 2097 2193 2194
f 2097 2194 2098
f 2098 2194 2195
f 2098 2195 2196
f 2098 2196 2099
f 2099 2196 2100
f 2100 2196 2195
f 2100 2195 2197
f 2100 2197 2198
f 2100 2198 2199
f 2100 2199 2187
f 2100 2187 2102
f 2100 2102 2101
f 2105 2109 2200
f 2105 2200 2106
f 2106 2200 2201
f 2106 2201 2111
f 2106 2111 2110
f 2108 2202 2203
f 2108 2203 2109
f 2109 2203 2204
f 2109 2204 2200
f 2111 2205 2112
f 2111 2201 2204
f 2111 2204 2206
f 2111 2206 2207
f 2111 2207 2208
f 2111 2208 2205
f 2112 2205 2114
f 2114 2205 2115
f 2115 2205 2208
f 2115 2208 2209
f 2115 2209 2120
f 2116 2210 2211
f 2116 2211 2212
f 2116 2212 2127
f 2116 2127 2117
f 2116 2123 2213
f 2116 2213 2214
f 2116 2214 2215
f 2116 2215 2216
f 2116 2216 2210
f 2117 2127 2126
f 2117 2126 2118
f 2118 2126 2119
f 2120 2209 2217
f 2120 2217 2218
f 2120 2218 2121
f 2121 2218 2219
f 2121 2219 2220
f 2121 2220 2221
f 2121 2221 2222
f 2121 2222 2223
f 2121 2223 2123
f 2121 2123 2122
f 2123 2223 2215
f 2123 2215 2213
f 2124 2129 2224
f 2124 2224 2184
f 2124 2184 2125
f 2127 2225 2128
f 2127 2212 2211
f 2127 2211 2226
f 2127 2226 2225
f 2128 2225 2129
f 2129 2225 2227
f 2129 2227 2224
f 2131 2188 2228
f 2131 2228 2229
f 2131 2229 2133
f 2131 2133 2132
f 2133 2229 2228
f 2133 2228 2230
f 2133 2230 2231
f 2133 2231 2232
f 2133 2232 2134
f 2134 2232 2233
f 2134 2233 2234
f 2134 2234 2235
f 2134 2235 2135
f 2135 2235 2236
f 2135 2236 2137
f 2137 2236 2138
f 2138 2237 2142
f 2138 2142 2238
f 2138 2238 2141
f 2138 2141 2140
f 2138 2236 2239
f 2138 2239 2240
f 2138 2240 2237
f 2141 2238 2142
f 2142 2241 2242
f 2142 2242 2143
f 2142 2237 2241
f 2143 2242 2144
f 2144 2242 2145
f 2145 2243 2244
f 2145 2244 2245
f 2145 2245 2246
f 2145 2246 2247
f 2145 2247 2146
f 2145 2242 2248
f 2145 2248 2243
f 2146 2247 2147
f 2147 2249 2250
f 2147 2250 2148
f 2147 2247 2246
f 2147 2246 2249
f 2148 2250 2251
f 2148 2251 2149
f 2149 2251 2150
f 2150 2251 2252
f 2150 2252 2151
f 2151 2252 2253
f 2151 2253 2254
f 2151 2254 2152
f 2152 2254 2255
f 2152 2255 2256
f 2152 2256 2153
f 2153 2256 2257
f 2153 2257 2154
f 2154 2258 2259
f 2154 2259 2260
f 2154 2260 2155
f 2154 2257 2261
f 2154 2261 2262
f 2154 2262 2258
f 2155 2260 2263
f 2155 2263 2264
f 2155 2264 2265
f 2155 2265 2156
f 2156 2265 2266
f 2156 2266 2267
f 2156 2267 2268
f 2156 2268 2163
f 2156 2163 2157
f 2157 2163 2158
f 2158 2163 2162
f 2159 2162 2160
f 2160 2162 2163
f 2163 2268 2269
f 2163 2269 2166
f 2163 2166 2164
f 2164 2166 2165
f 2166 2270 2271
f 2166 2271 2168
f 2166 2269 2270
f 2167 2272 2169
f 2167 2168 2272
f 2168 2271 2270
f 2168 2270 2268
f 2168 2268 2272
f 2169 2272 2273
f 2169 2273 2274
f 2169 2274 2275
f 2169 2275 2170
f 2170 2275 2175
f 2170 2175 2174
f 2170 2174 2172
f 2170 2172 2171
f 2172 2174 2173
f 2175 2276 2277
f 2175 2277 2278
f 2175 2278 2176
f 2175 2275 2276
f 2176 2278 2279
f 2176 2279 2177
f 2177 2279 2280
f 2177 2280 2281
f 2177 2281 2282
f 2177 2282 2178
f 2178 2282 2179
f 2182 2283 2189
f 2182 2189 2183
f 2182 2186 2284
f 2182 2284 2283
f 2184 2224 2185
f 2185 2224 2186
f 2186 2224 2285
f 2186 2285 2284
f 2187 2286 2188
f 2187 2199 2286
f 2188 2286 2287
f 2188 2287 2288
f 2188 2288 2289
f 2188 2289 2290
f 2188 2290 2291
f 2188 2291 2292
f 2188 2292 2293
f 2188 2293 2228
f 2189 2283 2294
f 2189 2294 2190
f 2190 2294 2191
f 2191 2294 2192
f 2192 2294 2295
f 2192 2295 2296
f 2192 2296 2194
f 2192 2194 2193
f 2194 2296 2297
f 2194 2297 2298
f 2194 2298 2195
f 2195 2298 2299
f 2195 2299 2300
f 2195 2300 2197
f 2197 2301 2302
f 2197 2302 2199
f 2197 2199 2198
f 2197 2300 2301
f 2199 2302 2303
f 2199 2303 2304
f 2199 2304 2305
f 2199 2305 2306
f 2199 2306 2307
f 2199 2307 2286
f 2200 2204 2201
f 2202 2308 2203
f 2203 2308 2309
f 2203 2309 2204
f 2204 2309 2310
f 2204 2310 2311
f 2204 2311 2312
f 2204 2312 2313
f 2204 2313 2206
f 2206 2313 2207
f 2207 2313 2312
f 2207 2312 2209
f 2207 2209 2208
f 2209 2312 2314
f 2209 2314 2315
f 2209 2315 2217
f 2210 2316 2211
f 2210 2216 2317
f 2210 2317 2316
f 2211 2316 2226
f 2213 2215 2214
f 2215 2223 2318
f 2215 2318 2319
f 2215 2319 2216
f 2216 2319 2320
f 2216 2320 2317
f 2217 2315 2321
f 2217 2321 2218
f 2218 2321 2219
f 2219 2321 2315
f 2219 2315 2220
f 2220 2315 2322
f 2220 2322 2323
f 2220 2323 2324
f 2220 2324 2325
f 2220 2325 2326
f 2220 2326 2327
f 2220 2327 2221
f 2221 2328 2318
f 2221 2318 2222
f 2221 2327 2328
f 2222 2318 2223
f 2224 2227 2329
f 2224 2329 2330
f 2224 2330 2331
f 2224 2331 2285
f 2225 2329 2227
f 2225 2226 2329
f 2226 2316 2332
f 2226 2332 2329
f 2228 2293 2292
f 2228 2292 2231
f 2228 2231 2230
f 2231 2333 2334
f 2231 2334 2335
f 2231 2335 2232
f 2231 2292 2291
f 2231 2291 2333
f 2232 2335 2233
f 2233 2335 2336
f 2233 2336 2337
f 2233 2337 2338
f 2233 2338 2235
f 2233 2235 2234
f 2235 2339 2240
f 2235 2240 2236
f 2235 2338 2339
f 2236 2240 2239
f 2237 2240 2241
f 2240 2339 2248
f 2240 2248 2242
f 2240 2242 2241
f 2243 2248 2244
f 2244 2248 2340
f 2244 2340 2341
f 2244 2341 2245
f 2245 2341 2342
f 2245 2342 2343
f 2245 2343 2344
f 2245 2344 2246
f 2246 2344 2345
f 2246 2345 2346
f 2246 2346 2250
f 2246 2250 2249
f 2248 2339 2347
f 2248 2347 2348
f 2248 2348 2340
f 2250 2346 2252
f 2250 2252 2251
f 2252 2346 2349
f 2252 2349 2253
f 2253 2349 2350
f 2253 2350 2254
f 2254 2350 2351
f 2254 2351 2352
f 2254 2352 2255
f 2255 2352 2351
f 2255 2351 2256
f 2256 2351 2257
f 2257 2351 2353
f 2257 2353 2354
f 2257 2354 2355
f 2257 2355 2262
f 2257 2262 2261
f 2258 2356 2259
f 2258 2262 2356
f 2259 2263 2260
f 2259 2356 2357
f 2259 2357 2358
f 2259 2358 2359
f 2259 2359 2360
f 2259 2360 2263
f 2262 2355 2361
f 2262 2361 2356
f 2263 2360 2264
f 2264 2360 2362
f 2264 2362 2265
f 2265 2362 2363
f 2265 2363 2266
f 2266 2364 2365
f 2266 2365 2366
f 2266 2366 2267
f 2266 2363 2364
f 2267 2366 2268
f 2268 2270 2269
f 2268 2366 2365
f 2268 2365 2272
f 2272 2367 2273
f 2272 2365 2367
f 2273 2368 2369
f 2273 2369 2370
f 2273 2370 2274
f 2273 2367 2368
f 2274 2370 2275
f 2275 2371 2372
f 2275 2372 2276
f 2275 2370 2369
f 2275 2369 2373
f 2275 2373 2371
f 2276 2372 2371
f 2276 2371 2374
f 2276 2374 2375
f 2276 2375 2277
f 2277 2376 2377
f 2277 2377 2378
f 2277 2378 2379
f 2277 2379 2380
f 2277 2380 2278
f 2277 2375 2376
f 2278 2380 2279
f 2279 2380 2381
f 2279 2381 2382
f 2279 2382 2383
f 2279 2383 2384
f 2279 2384 2385
f 2279 2385 2280
f 2280 2385 2281
f 2281 2385 2386
f 2283 2284 2294
f 2284 2387 2294
f 2284 2285 2387
f 2285 2331 2330
f 2285 2330 2387
f 2286 2307 2287
f 2287 2307 2306
f 2287 2306 2388
f 2287 2388 2389
f 2287 2389 2288
f 2288 2389 2289
f 2289 2389 2390
f 2289 2390 2333
f 2289 2333 2291
f 2289 2291 2290
f 2294 2391 2295
f 2294 2387 2392
f 2294 2392 2391
f 2295 2391 2393
f 2295 2393 2394
f 2295 2394 2296
f 2296 2394 2395
f 2296 2395 2396
f 2296 2396 2297
f 2297 2397 2298
f 2297 2396 2397
f 2298 2397 2398
f 2298 2398 2399
f 2298 2399 2400
f 2298 2400 2299
f 2299 2400 2401
f 2299 2401 2300
f 2300 2401 2402
f 2300 2402 2403
f 2300 2403 2301
f 2301 2403 2302
f 2302 2404 2405
f 2302 2405 2406
f 2302 2406 2303
f 2302 2403 2407
f 2302 2407 2404
f 2303 2406 2408
f 2303 2408 2409
f 2303 2409 2304
f 2304 2409 2410
f 2304 2410 2411
f 2304 2411 2305
f 2305 2412 2388
f 2305 2388 2306
f 2305 2411 2413
f 2305 2413 2412
f 2308 2414 2309
f 2309 2414 2310
f 2310 2312 2415
f 2310 2415 2311
f 2310 2414 2416
f 2310 2416 2417
f 2310 2417 2418
f 2310 2418 2419
f 2310 2419 2312
f 2311 2415 2312
f 2312 2419 2420
f 2312 2420 2314
f 2314 2420 2421
f 2314 2421 2422
f 2314 2422 2315
f 2315 2422 2423
f 2315 2423 2322
f 2316 2424 2332
f 2316 2317 2424
f 2317 2320 2425
f 2317 2425 2424
f 2318 2328 2426
f 2318 2426 2319
f 2319 2426 2320
f 2320 2426 2427
f 2320 2427 2425
f 2322 2423 2428
f 2322 2428 2429
f 2322 2429 2430
f 2322 2430 2323
f 2323 2430 2324
f 2324 2431 2325
f 2324 2430 2432
f 2324 2432 2433
f 2324 2433 2431
f 2325 2431 2326
f 2326 2431 2434
f 2326 2434 2435
f 2326 2435 2427
f 2326 2427 2436
f 2326 2436 2426
f 2326 2426 2327
f 2327 2426 2328
f 2329 2332 2424
f 2329 2424 2437
f 2329 2437 2330
f 2330 2437 2387
f 2333 2438 2439
f 2333 2439 2334
f 2333 2390 2440
f 2333 2440 2438
f 2334 2439 2441
f 2334 2441 2337
f 2334 2337 2336
f 2334 2336 2335
f 2337 2441 2439
f 2337 2439 2438
f 2337 2438 2338
f 2338 2442 2443
f 2338 2443 2339
f 2338 2438 2444
f 2338 2444 2445
f 2338 2445 2446
f 2338 2446 2442
f 2339 2443 2347
f 2340 2348 2341
f 2341 2348 2447
f 2341 2447 2342
f 2342 2447 2448
f 2342 2448 2343
f 2343 2448 2449
f 2343 2449 2450
f 2343 2450 2451
f 2343 2451 2344
f 2344 2451 2345
f 2345 2451 2349
f 2345 2349 2346
f 2347 2443 2452
f 2347 2452 2348
f 2348 2452 2453
f 2348 2453 2447
f 2349 2451 2354
f 2349 2354 2350
f 2350 2354 2351
f 2351 2354 2353
f 2354 2451 2450
f 2354 2450 2355
f 2355 2450 2454
f 2355 2454 2361
f 2356 2455 2456
f 2356 2456 2457
f 2356 2457 2458
f 2356 2458 2459
f 2356 2459 2460
f 2356 2460 2461
f 2356 2461 2462
f 2356 2462 2463
f 2356 2463 2357
f 2356 2361 2454
f 2356 2454 2455
f 2357 2463 2464
f 2357 2464 2358
f 2358 2465 2466
f 2358 2466 2467
f 2358 2467 2468
f 2358 2468 2469
f 2358 2469 2470
f 2358 2470 2359
f 2358 2464 2471
f 2358 2471 2465
f 2359 2470 2360
f 2360 2469 2362
f 2360 2470 2469
f 2362 2469 2472
f 2362 2472 2473
f 2362 2473 2474
f 2362 2474 2363
f 2363 2474 2475
f 2363 2475 2364
f 2364 2475 2365
f 2365 2475 2474
f 2365 2474 2373
f 2365 2373 2367
f 2367 2373 2368
f 2368 2373 2369
f 2371 2373 2374
f 2373 2474 2473
f 2373 2473 2476
f 2373 2476 2374
f 2374 2376 2375
f 2374 2476 2376
f 2376 2477 2377
f 2376 2476 2478
f 2376 2478 2477
f 2377 2477 2378
f 2378 2479 2480
f 2378 2480 2481
f 2378 2481 2482
f 2378 2482 2483
f 2378 2483 2379
f 2378 2477 2478
f 2378 2478 2479
f 2379 2483 2381
f 2379 2381 2380
f 2381 2483 2484
f 2381 2484 2382
f 2382 2484 2383
f 2383 2484 2482
f 2383 2482 2485
f 2383 2485 2486
f 2383 2486 2487
f 2383 2487 2384
f 2384 2386 2385
f 2387 2425 2488
f 2387 2488 2489
f 2387 2489 2490
f 2387 2490 2491
f 2387 2491 2392
f 2387 2437 2424
f 2387 2424 2425
f 2388 2412 2389
f 2389 2492 2440
f 2389 2440 2390
f 2389 2412 2410
f 2389 2410 2492
f 2391 2392 2393
f 2392 2491 2393
f 2393 2493 2394
f 2393 2491 2494
f 2393 2494 2495
f 2393 2495 2493
f 2394 2493 2395
f 2395 2496 2396
f 2395 2493 2495
f 2395 2495 2497
f 2395 2497 2498
f 2395 2498 2496
f 2396 2496 2499
f 2396 2499 2399
f 2396 2399 2398
f 2396 2398 2397
f 2399 2499 2500
f 2399 2500 2400
f 2400 2500 2501
f 2400 2501 2502
f 2400 2502 2401
f 2401 2502 2503
f 2401 2503 2402
f 2402 2503 2504
f 2402 2504 2407
f 2402 2407 2403
f 2404 2505 2506
f 2404 2506 2507
f 2404 2507 2405
f 2404 2407 2505
f 2405 2507 2406
f 2406 2507 2508
f 2406 2508 2409
f 2406 2409 2408
f 2407 2509 2505
f 2407 2504 2509
f 2409 2510 2511
f 2409 2511 2410
f 2409 2508 2510
f 2410 2412 2413
f 2410 2413 2411
f 2410 2511 2492
f 2417 2512 2418
f 2418 2512 2513
f 2418 2513 2419
f 2419 2513 2421
f 2419 2421 2420
f 2421 2514 2515
f 2421 2515 2516
f 2421 2516 2423
f 2421 2423 2422
f 2421 2513 2517
f 2421 2517 2514
f 2423 2516 2518
f 2423 2518 2519
f 2423 2519 2520
f 2423 2520 2521
f 2423 2521 2522
f 2423 2522 2428
f 2425 2427 2488
f 2426 2436 2427
f 2427 2435 2523
f 2427 2523 2488
f 2428 2522 2524
f 2428 2524 2525
f 2428 2525 2526
f 2428 2526 2429
f 2429 2526 2432
f 2429 2432 2430
f 2431 2433 2434
f 2432 2526 2527
f 2432 2527 2433
f 2433 2527 2434
f 2434 2528 2435
f 2434 2527 2529
f 2434 2529 2528
f 2435 2530 2523
f 2435 2528 2531
f 2435 2531 2532
f 2435 2532 2530
f 2438 2533 2534
f 2438 2534 2535
f 2438 2535 2536
f 2438 2536 2537
f 2438 2537 2538
f 2438 2538 2444
f 2438 2440 2533
f 2440 2492 2533
f 2442 2446 2539
f 2442 2539 2443
f 2443 2539 2540
f 2443 2540 2452
f 2444 2538 2541
f 2444 2541 2542
f 2444 2542 2543
f 2444 2543 2445
f 2445 2543 2544
f 2445 2544 2446
f 2446 2545 2539
f 2446 2544 2545
f 2447 2453 2546
f 2447 2546 2547
f 2447 2547 2448
f 2448 2547 2454
f 2448 2454 2449
f 2449 2454 2548
f 2449 2548 2450
f 2450 2548 2454
f 2452 2540 2549
f 2452 2549 2550
f 2452 2550 2453
f 2453 2550 2551
f 2453 2551 2552
f 2453 2552 2546
f 2454 2547 2553
f 2454 2553 2554
f 2454 2554 2555
f 2454 2555 2556
f 2454 2556 2557
f 2454 2557 2558
f 2454 2558 2455
f 2455 2559 2456
f 2455 2558 2559
f 2456 2559 2459
f 2456 2459 2458
f 2456 2458 2457
f 2459 2560 2460
f 2459 2559 2558
f 2459 2558 2557
f 2459 2557 2561
f 2459 2561 2560
f 2460 2560 2461
f 2461 2560 2562
f 2461 2562 2462
f 2462 2563 2464
f 2462 2464 2564
f 2462 2564 2463
f 2462 2562 2563
f 2463 2564 2464
f 2464 2563 2565
f 2464 2565 2566
f 2464 2566 2471
f 2465 2471 2566
f 2465 2566 2565
f 2465 2565 2567
f 2465 2567 2568
f 2465 2568 2466
f 2466 2568 2467
f 2467 2568 2569
f 2467 2569 2570
f 2467 2570 2468
f 2468 2570 2472
f 2468 2472 2469
f 2472 2570 2571
f 2472 2571 2478
f 2472 2478 2473
f 2473 2478 2476
f 2478 2571 2572
f 2478 2572 2573
f 2478 2573 2574
f 2478 2574 2575
f 2478 2575 2576
f 2478 2576 2577
f 2478 2577 2578
f 2478 2578 2579
f 2478 2579 2580
f 2478 2580 2581
f 2478 2581 2479
f 2479 2581 2580
f 2479 2580 2582
f 2479 2582 2583
f 2479 2583 2584
f 2479 2584 2585
f 2479 2585 2586
f 2479 2586 2480
f 2480 2586 2587
f 2480 2587 2481
f 2481 2587 2482
f 2482 2587 2588
f 2482 2588 2589
f 2482 2589 2590
f 2482 2590 2591
f 2482 2591 2592
f 2482 2592 2593
f 2482 2593 2594
f 2482 2594 2485
f 2482 2484 2483
f 2485 2595 2705
f 2485 2705 2596
f 2485 2596 2486
f 2485 2594 2593
f 2485 2593 2595
f 2488 2523 2530
f 2488 2530 2597
f 2488 2597 2489
f 2489 2597 2490
f 2490 2597 2532
f 2490 2532 2598
f 2490 2598 2599
f 2490 2599 2600
f 2490 2600 2601
f 2490 2601 2602
f 2490 2602 2491
f 2491 2602 2603
f 2491 2603 2494
f 2492 2511 2604
f 2492 2604 2534
f 2492 2534 2533
f 2494 2603 2602
f 2494 2602 2605
f 2494 2605 2495
f 2495 2605 2497
f 2496 2498 2499
f 2497 2605 2600
f 2497 2600 2606
f 2497 2606 2607
f 2497 2607 2608
f 2497 2608 2609
f 2497 2609 2498
f 2498 2609 2610
f 2498 2610 2611
f 2498 2611 2612
f 2498 2612 2499
f 2499 2612 2500
f 2500 2612 2611
f 2500 2611 2613
f 2500 2613 2614
f 2500 2614 2615
f 2500 2615 2616
f 2500 2616 2502
f 2500 2502 2501
f 2502 2616 2504
f 2502 2504 2503
f 2504 2616 2617
f 2504 2617 2614
f 2504 2614 2618
f 2504 2618 2619
f 2504 2619 2509
f 2505 2620 2506
f 2505 2509 2621
f 2505 2621 2622
f 2505 2622 2620
f 2506 2620 2623
f 2506 2623 2507
f 2507 2623 2624
f 2507 2624 2604
f 2507 2604 2510
f 2507 2510 2508
f 2509 2619 2625
f 2509 2625 2621
f 2510 2604 2511
f 2513 2514 2517
f 2514 2518 2515
f 2515 2518 2516
f 2518 2626 2627
f 2518 2627 2520
f 2518 2520 2519
f 2520 2627 2628
f 2520 2628 2629
f 2520 2629 2521
f 2521 2629 2524
f 2521 2524 2522
f 2524 2629 2630
f 2524 2630 2631
f 2524 2631 2526
f 2524 2526 2525
f 2526 2631 2632
f 2526 2632 2633
f 2526 2633 2634
f 2526 2634 2527
f 2527 2634 2529
f 2528 2529 2635
f 2528 2635 2636
f 2528 2636 2637
f 2528 2637 2638
f 2528 2638 2531
f 2529 2634 2639
f 2529 2639 2635
f 2530 2532 2597
f 2531 2599 2532
f 2531 2638 2640
f 2531 2640 2599
f 2532 2599 2598
f 2534 2604 2535
f 2535 2641 2642
f 2535 2642 2536
f 2535 2604 2641
f 2536 2642 2643
f 2536 2643 2644
f 2536 2644 2645
f 2536 2645 2537
f 2537 2646 2647
f 2537 2647 2648
f 2537 2648 2541
f 2537 2541 2538
f 2537 2645 2649
f 2537 2649 2650
f 2537 2650 2646
f 2539 2545 2651
f 2539 2651 2540
f 2540 2651 2549
f 2541 2648 2652
f 2541 2652 2542
f 2542 2652 2545
f 2542 2545 2543
f 2543 2545 2544
f 2545 2653 2654
f 2545 2654 2655
f 2545 2655 2651
f 2545 2652 2653
f 2546 2552 2656
f 2546 2656 2547
f 2547 2656 2657
f 2547 2657 2658
f 2547 2658 2659
f 2547 2659 2553
f 2549 2651 2660
f 2549 2660 2661
f 2549 2661 2662
f 2549 2662 2663
f 2549 2663 2664
f 2549 2664 2552
f 2549 2552 2551
f 2549 2551 2550
f 2552 2664 2658
f 2552 2658 2657
f 2552 2657 2656
f 2553 2659 2554
f 2554 2561 2555
f 2554 2659 2665
f 2554 2665 2561
f 2555 2561 2557
f 2555 2557 2556
f 2560 2666 2667
f 2560 2667 2668
f 2560 2668 2669
f 2560 2669 2670
f 2560 2670 2671
f 2560 2671 2565
f 2560 2565 2672
f 2560 2672 2562
f 2560 2561 2673
f 2560 2673 2666
f 2561 2665 2674
f 2561 2674 2673
f 2562 2672 2565
f 2562 2565 2563
f 2565 2671 2675
f 2565 2675 2676
f 2565 2676 2567
f 2567 2677 2568
f 2567 2676 2677
f 2568 2678 2679
f 2568 2679 2569
f 2568 2677 2678
f 2569 2679 2680
f 2569 2680 2570
f 2570 2680 2573
f 2570 2573 2572
f 2570 2572 2571
f 2573 2680 2681
f 2573 2681 2574
f 2574 2681 2576
f 2574 2576 2575
f 2576 2682 2577
f 2576 2681 2683
f 2576 2683 2684
f 2576 2684 2682
f 2577 2685 2578
f 2577 2682 2686
f 2577 2686 2795
f 2577 2795 2797
f 2577 2797 2866
f 2577 2866 2865
f 2577 2865 2787
f 2577 2787 2785
f 2577 2785 2784
f 2577 2784 2862
f 2577 2862 2922
f 2577 2922 2918
f 2577 2918 2854
f 2577 2854 2764
f 2577 2764 2763
f 2577 2763 2762
f 2577 2762 2756
f 2577 2756 2755
f 2577 2755 2849
f 2577 2849 2848
f 2577 2848 2916
f 2577 2916 2874
f 2577 2874 2873
f 2577 2873 2872
f 2577 2872 2925
f 2577 2925 2936
f 2577 2936 2894
f 2577 2894 2893
f 2577 2893 2892
f 2577 2892 2891
f 2577 2891 2898
f 2577 2898 2889
f 2577 2889 2888
f 2577 2888 2887
f 2577 2887 2935
f 2577 2935 2959
f 2577 2959 2958
f 2577 2958 2971
f 2577 2971 2955
f 2577 2955 2927
f 2577 2927 2877
f 2577 2877 2876
f 2577 2876 2926
f 2577 2926 2929
f 2577 2929 2880
f 2577 2880 2931
f 2577 2931 2957
f 2577 2957 2970
f 2577 2970 2968
f 2577 2968 2967
f 2577 2967 2966
f 2577 2966 2965
f 2577 2965 2964
f 2577 2964 2972
f 2577 2972 2962
f 2577 2962 2961
f 2577 2961 2960
f 2577 2960 2938
f 2577 2938 2954
f 2577 2954 2953
f 2577 2953 2923
f 2577 2923 2868
f 2577 2868 2802
f 2577 2802 2803
f 2577 2803 2800
f 2577 2800 2799
f 2577 2799 2692
f 2577 2692 2689
f 2577 2689 2580
f 2577 2580 2579
f 2577 2579 2688
f 2577 2688 2687
f 2577 2687 2685
f 2578 2685 2687
f 2578 2687 2688
f 2578 2688 2579
f 2580 2689 2582
f 2582 2690 2691
f 2582 2691 2583
f 2582 2689 2692
f 2582 2692 2690
f 2583 2693 2694
f 2583 2694 2695
f 2583 2695 2590
f 2583 2590 2589
f 2583 2589 2584
f 2583 2691 2696
f 2583 2696 2693
f 2584 2589 2588
f 2584 2588 2587
f 2584 2587 2585
f 2585 2587 2586
f 2590 2695 2694
f 2590 2694 2697
f 2590 2697 2698
f 2590 2698 2804
f 2590 2804 2699
f 2590 2699 2700
f 2590 2700 2701
f 2590 2701 2591
f 2591 2701 2592
f 2592 2701 2702
f 2592 2702 2593
f 2593 2702 2703
f 2593 2703 2704
f 2593 2704 2705
f 2593 2705 2595
f 2599 2640 2600
f 2600 2640 2706
f 2600 2706 2606
f 2600 2605 2602
f 2600 2602 2601
f 2604 2707 2641
f 2604 2624 2707
f 2606 2708 2709
f 2606 2709 2607
f 2606 2706 2708
f 2607 2709 2608
f 2608 2709 2710
f 2608 2710 2711
f 2608 2711 2712
f 2608 2712 2713
f 2608 2713 2714
f 2608 2714 2609
f 2609 2714 2610
f 2610 2714 2715
f 2610 2715 2716
f 2610 2716 2717
f 2610 2717 2613
f 2610 2613 2611
f 2613 2718 2614
f 2613 2717 2719
f 2613 2719 2718
f 2614 2718 2720
f 2614 2720 2721
f 2614 2721 2722
f 2614 2722 2723
f 2614 2723 2618
f 2614 2617 2615
f 2615 2617 2616
f 2618 2723 2724
f 2618 2724 2619
f 2619 2724 2625
f 2620 2725 2726
f 2620 2726 2727
f 2620 2727 2623
f 2620 2622 2725
f 2621 2625 2622
f 2622 2625 2722
f 2622 2722 2728
f 2622 2728 2725
f 2623 2727 2624
f 2624 2727 2729
f 2624 2729 2707
f 2625 2724 2722
f 2626 2730 2627
f 2627 2731 2628
f 2627 2730 2731
f 2628 2731 2732
f 2628 2732 2733
f 2628 2733 2734
f 2628 2734 2735
f 2628 2735 2736
f 2628 2736 2737
f 2628 2737 2629
f 2629 2737 2738
f 2629 2738 2630
f 2630 2738 2739
f 2630 2739 2632
f 2630 2632 2631
f 2632 2740 2633
f 2632 2739 2741
f 2632 2741 2742
f 2632 2742 2743
f 2632 2743 2744
f 2632 2744 2745
f 2632 2745 2740
f 2633 2740 2634
f 2634 2740 2746
f 2634 2746 2639
f 2635 2639 2636
f 2636 2639 2746
f 2636 2746 2747
f 2636 2747 2638
f 2636 2638 2637
f 2638 2747 2748
f 2638 2748 2749
f 2638 2749 2640
f 2640 2749 2706
f 2641 2750 2642
f 2641 2707 2751
f 2641 2751 2752
f 2641 2752 2750
f 2642 2750 2644
f 2642 2644 2643
f 2644 2750 2753
f 2644 2753 2645
f 2645 2753 2754
f 2645 2754 2755
f 2645 2755 2756
f 2645 2756 2649
f 2646 2650 2647
f 2647 2757 2758
f 2647 2758 2648
f 2647 2650 2757
f 2648 2758 2757
f 2648 2757 2759
f 2648 2759 2760
f 2648 2760 2761
f 2648 2761 2653
f 2648 2653 2652
f 2649 2756 2762
f 2649 2762 2763
f 2649 2763 2764
f 2649 2764 2765
f 2649 2765 2650
f 2650 2766 2767
f 2650 2767 2757
f 2650 2765 2766
f 2651 2655 2768
f 2651 2768 2769
f 2651 2769 2660
f 2653 2761 2654
f 2654 2761 2770
f 2654 2770 2655
f 2655 2770 2768
f 2658 2771 2663
f 2658 2663 2772
f 2658 2772 2773
f 2658 2773 2665
f 2658 2665 2659
f 2658 2664 2771
f 2660 2769 2774
f 2660 2774 2661
f 2661 2774 2662
f 2662 2775 2776
f 2662 2776 2777
f 2662 2777 2772
f 2662 2772 2663
f 2662 2774 2775
f 2663 2771 2664
f 2665 2773 2778
f 2665 2778 2674
f 2666 2673 2778
f 2666 2778 2667
f 2667 2778 2668
f 2668 2778 2779
f 2668 2779 2780
f 2668 2780 2781
f 2668 2781 2775
f 2668 2775 2782
f 2668 2782 2783
f 2668 2783 2671
f 2668 2671 2669
f 2669 2671 2670
f 2671 2783 2675
f 2673 2674 2778
f 2675 2784 2785
f 2675 2785 2676
f 2675 2783 2786
f 2675 2786 2784
f 2676 2785 2787
f 2676 2787 2677
f 2677 2787 2788
f 2677 2788 2789
f 2677 2789 2790
f 2677 2790 2791
f 2677 2791 2792
f 2677 2792 2678
f 2678 2792 2679
f 2679 2792 2793
f 2679 2793 2681
f 2679 2681 2680
f 2681 2793 2683
f 2682 2684 2794
f 2682 2794 2795
f 2682 2795 2686
f 2683 2793 2792
f 2683 2792 2791
f 2683 2791 2684
f 2684 2795 2794
f 2684 2791 2796
f 2684 2796 2797
f 2684 2797 2795
f 2690 2692 2798
f 2690 2798 2799
f 2690 2799 2800
f 2690 2800 2691
f 2691 2800 2696
f 2692 2799 2798
f 2693 2801 2694
f 2693 2696 2802
f 2693 2802 2801
f 2696 2803 2802
f 2696 2800 2803
f 2699 2804 2805
f 2699 2805 2700
f 2700 2805 2703
f 2700 2703 2702
f 2700 2702 2701
f 2706 2806 2708
f 2706 2749 2807
f 2706 2807 2806
f 2707 2729 2808
f 2707 2808 2751
f 2708 2806 2809
f 2708 2809 2810
f 2708 2810 2709
f 2709 2810 2710
f 2710 2810 2711
f 2711 2811 2812
f 2711 2812 2712
f 2711 2810 2809
f 2711 2809 2813
f 2711 2813 2811
f 2712 2814 2815
f 2712 2815 2715
f 2712 2715 2713
f 2712 2812 2816
f 2712 2816 2814
f 2713 2715 2714
f 2715 2815 2716
f 2716 2817 2818
f 2716 2818 2719
f 2716 2719 2717
f 2716 2815 2817
f 2718 2819 2820
f 2718 2820 2720
f 2718 2719 2821
f 2718 2821 2819
f 2719 2818 2821
f 2720 2820 2721
f 2721 2822 2722
f 2721 2820 2822
f 2722 2822 2728
f 2722 2724 2723
f 2725 2823 2824
f 2725 2824 2726
f 2725 2728 2823
f 2726 2824 2727
f 2727 2824 2825
f 2727 2825 2826
f 2727 2826 2827
f 2727 2827 2808
f 2727 2808 2729
f 2728 2822 2828
f 2728 2828 2823
f 2730 2829 2830
f 2730 2830 2731
f 2731 2830 2732
f 2732 2831 2733
f 2732 2830 2829
f 2732 2829 2831
f 2735 2832 2736
f 2736 2833 2834
f 2736 2834 2835
f 2736 2835 2737
f 2736 2832 2833
f 2737 2835 2741
f 2737 2741 2739
f 2737 2739 2738
f 2740 2745 2836
f 2740 2836 2748
f 2740 2748 2746
f 2741 2835 2837
f 2741 2837 2744
f 2741 2744 2742
f 2742 2744 2743
f 2744 2837 2838
f 2744 2838 2839
f 2744 2839 2748
f 2744 2748 2836
f 2744 2836 2745
f 2746 2748 2747
f 2748 2839 2840
f 2748 2840 2841
f 2748 2841 2842
f 2748 2842 2843
f 2748 2843 2844
f 2748 2844 2845
f 2748 2845 2846
f 2748 2846 2847
f 2748 2847 2749
f 2749 2847 2807
f 2750 2848 2849
f 2750 2849 2754
f 2750 2754 2753
f 2750 2752 2850
f 2750 2850 2848
f 2751 2808 2752
f 2752 2808 2851
f 2752 2851 2850
f 2754 2849 2755
f 2757 2767 2759
f 2759 2767 2760
f 2760 2767 2852
f 2760 2852 2853
f 2760 2853 2769
f 2760 2769 2761
f 2761 2769 2770
f 2764 2854 2855
f 2764 2855 2766
f 2764 2766 2765
f 2766 2855 2767
f 2767 2855 2852
f 2768 2770 2769
f 2769 2853 2856
f 2769 2856 2774
f 2772 2777 2857
f 2772 2857 2773
f 2773 2857 2778
f 2774 2856 2858
f 2774 2858 2859
f 2774 2859 2860
f 2774 2860 2775
f 2775 2860 2786
f 2775 2786 2782
f 2775 2781 2776
f 2776 2781 2780
f 2776 2780 2777
f 2777 2780 2779
f 2777 2779 2778
f 2777 2778 2857
f 2782 2861 2783
f 2782 2786 2861
f 2783 2861 2786
f 2784 2786 2862
f 2786 2860 2859
f 2786 2859 2863
f 2786 2863 2864
f 2786 2864 2862
f 2787 2865 2788
f 2788 2865 2866
f 2788 2866 2789
f 2789 2867 2790
f 2789 2866 2796
f 2789 2796 2791
f 2789 2791 2867
f 2790 2867 2791
f 2796 2866 2797
f 2806 2807 2869
f 2806 2869 2809
f 2807 2847 2869
f 2808 2870 2871
f 2808 2871 2872
f 2808 2872 2873
f 2808 2873 2874
f 2808 2874 2850
f 2808 2850 2851
f 2808 2827 2870
f 2809 2869 2813
f 2811 2875 2876
f 2811 2876 2877
f 2811 2877 2878
f 2811 2878 2812
f 2811 2813 2879
f 2811 2879 2880
f 2811 2880 2881
f 2811 2881 2875
f 2812 2878 2816
f 2813 2869 2882
f 2813 2882 2879
f 2814 2883 2817
f 2814 2817 2815
f 2814 2816 2878
f 2814 2878 2883
f 2817 2821 2818
f 2817 2883 2884
f 2817 2884 2821
f 2819 2885 2820
f 2819 2821 2886
f 2819 2886 2885
f 2820 2885 2887
f 2820 2887 2888
f 2820 2888 2889
f 2820 2889 2822
f 2821 2884 2890
f 2821 2890 2886
f 2822 2889 2828
f 2823 2891 2892
f 2823 2892 2893
f 2823 2893 2894
f 2823 2894 2895
f 2823 2895 2824
f 2823 2828 2891
f 2824 2895 2896
f 2824 2896 2825
f 2825 2896 2897
f 2825 2897 2826
f 2826 2897 2827
f 2827 2897 2870
f 2828 2889 2898
f 2828 2898 2891
f 2833 2899 2900
f 2833 2900 2834
f 2834 2900 2901
f 2834 2901 2902
f 2834 2902 2903
f 2834 2903 2835
f 2835 2903 2838
f 2835 2838 2837
f 2838 2903 2904
f 2838 2904 2839
f 2839 2904 2905
f 2839 2905 2906
f 2839 2906 2907
f 2839 2907 2840
f 2840 2908 2841
f 2840 2907 2908
f 2841 2909 2842
f 2841 2908 2909
f 2842 2909 2910
f 2842 2910 2843
f 2843 2911 2912
f 2843 2912 2913
f 2843 2913 2914
f 2843 2914 2845
f 2843 2845 2844
f 2843 2910 2911
f 2845 2914 2915
f 2845 2915 2846
f 2846 2915 2869
f 2846 2869 2847
f 2848 2850 2916
f 2850 2874 2916
f 2852 2855 2917
f 2852 2917 2856
f 2852 2856 2853
f 2854 2918 2855
f 2855 2918 2917
f 2856 2917 2919
f 2856 2919 2859
f 2856 2859 2858
f 2859 2919 2864
f 2859 2864 2863
f 2862 2864 2920
f 2862 2920 2921
f 2862 2921 2922
f 2864 2919 2920
f 2868 2923 2924
f 2869 2915 2882
f 2870 2897 2871
f 2871 2897 2872
f 2872 2897 2925
f 2875 2881 2876
f 2876 2881 2926
f 2877 2927 2928
f 2877 2928 2883
f 2877 2883 2878
f 2879 2882 2880
f 2880 2929 2881
f 2880 2882 2930
f 2880 2930 2931
f 2881 2929 2926
f 2882 2915 2930
f 2883 2928 2884
f 2884 2928 2932
f 2884 2932 2890
f 2885 2886 2933
f 2885 2933 2887
f 2886 2890 2932
f 2886 2932 2934
f 2886 2934 2933
f 2887 2933 2935
f 2894 2936 2895
f 2895 2936 2896
f 2896 2936 2897
f 2897 2936 2925
f 2899 2901 2900
f 2902 2937 2903
f 2903 2937 2924
f 2903 2924 2938
f 2903 2938 2904
f 2904 2938 2905
f 2905 2938 2939
f 2905 2939 2940
f 2905 2940 2941
f 2905 2941 2906
f 2906 2941 2908
f 2906 2908 2907
f 2908 2941 2909
f 2909 2941 2910
f 2910 2941 2942
f 2910 2942 2943
f 2910 2943 2944
f 2910 2944 2945
f 2910 2945 2912
f 2910 2912 2911
f 2912 2946 2947
f 2912 2947 2948
f 2912 2948 2949
f 2912 2949 2913
f 2912 2945 2946
f 2913 2949 2950
f 2913 2950 2914
f 2914 2950 2951
f 2914 2951 2915
f 2915 2951 2950
f 2915 2950 2949
f 2915 2949 2930
f 2917 2918 2952
f 2917 2952 2919
f 2918 2921 2952
f 2918 2922 2921
f 2919 2952 2921
f 2919 2921 2920
f 2923 2953 2924
f 2924 2953 2954
f 2924 2954 2938
f 2927 2955 2956
f 2927 2956 2928
f 2928 2956 2932
f 2930 2957 2931
f 2930 2949 2957
f 2932 2956 2934
f 2933 2958 2959
f 2933 2959 2935
f 2933 2934 2958
f 2934 2956 2958
f 2938 2960 2939
f 2939 2960 2961
f 2939 2961 2942
f 2939 2942 2941
f 2939 2941 2940
f 2942 2961 2962
f 2942 2962 2963
f 2942 2963 2964
f 2942 2964 2943
f 2943 2945 2944
f 2943 2964 2965
f 2943 2965 2945
f 2945 2965 2946
f 2946 2965 2966
f 2946 2966 2947
f 2947 2966 2967
f 2947 2967 2968
f 2947 2968 2969
f 2947 2969 2970
f 2947 2970 2957
f 2947 2957 2948
f 2948 2957 2949
f 2955 2971 2956
f 2956 2971 2958
f 2962 2972 2963
f 2963 2972 2964
f 2968 2970 2969

o geometry_2
v 2.33127407 -29.41713640 -21.58455686 0.43529412 0.89019608 0.96078431
v 2.34142136 -29.42272589 -21.58455686 0.43529412 0.89019608 0.96078431
v 2.33127407 -29.41713640 -21.56576926 0.43529412 0.89019608 0.96078431
v 2.33127407 -29.36123936 -22.11063411 0.43529412 0.89019608 0.96078431
v 2.33127407 -29.40595741 -20.21836649 0.43529412 0.89019608 0.96078431
v 2.45304681 -29.39477843 -22.29315148 0.43529412 0.89019608 0.96078431
v 7.49986098 -30.03760377 -19.26552244 0.43529412 0.89019608 0.96078431
v 7.44573965 -30.04319326 -18.75554976 0.43529412 0.89019608 0.96078431
v 2.33127407 -29.38359733 -18.04964030 0.43529412 0.89019608 0.96078431
v 2.33127407 -29.33887929 -22.29315148 0.43529412 0.89019608 0.96078431
v 7.28337564 -29.89786014 -20.17005384 0.43529412 0.89019608 0.96078431
v 6.57641552 -29.87550006 -20.17005384 0.43529412 0.89019608 0.96078431
v 2.59511518 -29.32211081 -22.72796951 0.43529412 0.89019608 0.96078431
v 7.78738051 -30.03760377 -19.26552244 0.43529412 0.89019608 0.96078431
v 8.01063141 -30.03201428 -18.70455302 0.43529412 0.89019608 0.96078431
v 8.47742778 -30.00965420 -16.85791501 0.43529412 0.89019608 0.96078431
v 8.20682111 -30.00965420 -16.85791501 0.43529412 0.89019608 0.96078431
v 2.33127407 -29.02585086 -13.90275652 0.43529412 0.89019608 0.96078431
v 2.33127407 -28.59543676 -24.41356291 0.43529412 0.89019608 0.96078431
v 2.48687251 -28.69046445 -24.41356291 0.43529412 0.89019608 0.96078431
v 6.57641552 -29.75252490 -20.87864740 0.43529412 0.89019608 0.96078431
v 7.28337564 -29.75252490 -20.87864740 0.43529412 0.89019608 0.96078431
v 2.76086196 -29.32211081 -22.72796951 0.43529412 0.89019608 0.96078431
v 2.62555810 -28.60102836 -24.81617286 0.43529412 0.89019608 0.96078431
v 3.03823314 -28.82461859 -24.41356291 0.43529412 0.89019608 0.96078431
v 12.23209655 -29.57365061 -16.63513727 0.43529412 0.89019608 0.96078431
v 11.52513589 -29.67426780 -16.63513727 0.43529412 0.89019608 0.96078431
v 7.99033577 -29.66867830 -20.87864740 0.43529412 0.89019608 0.96078431
v 9.40425603 -29.48421452 -20.87864740 0.43529412 0.89019608 0.96078431
v 12.23209655 -29.50098300 -17.34104674 0.43529412 0.89019608 0.96078431
v 8.47742778 -30.00965420 -17.15047814 0.43529412 0.89019608 0.96078431
v 12.23209655 -29.68544678 -13.90275652 0.43529412 0.89019608 0.96078431
v 7.28337564 -29.52893257 -13.90275652 0.43529412 0.89019608 0.96078431
v 6.57641552 -29.50098300 -13.90275652 0.43529412 0.89019608 0.96078431
v 2.33127407 25.86591460 -13.90275652 0.43529412 0.89019608 0.96078431
v 2.33127407 -28.52277125 -24.57729162 0.43529412 0.89019608 0.96078431
v 7.63854763 -29.27180327 -22.64744773 0.43529412 0.89019608 0.96078431
v 3.03823314 -28.64574641 -24.89938084 0.43529412 0.89019608 0.96078431
v 2.33127407 -26.06885134 -30.06889407 0.43529412 0.89019608 0.96078431
v 3.74519327 -28.62897582 -24.89669570 0.43529412 0.89019608 0.96078431
v 12.83757851 -29.36682886 -17.34104674 0.43529412 0.89019608 0.96078431
v 14.08236921 -29.29416124 -13.90275652 0.43529412 0.89019608 0.96078431
v 12.93905562 -29.55129264 -13.90275652 0.43529412 0.89019608 0.96078431
v 9.40425603 -29.34446878 -21.44766910 0.43529412 0.89019608 0.96078431
v 9.88796526 -29.30534023 -21.33762228 0.43529412 0.89019608 0.96078431
v 12.70904021 -29.32211081 -17.81612619 0.43529412 0.89019608 0.96078431
v 2.43613396 25.89945366 -13.90275652 0.43529412 0.89019608 0.96078431
v 2.33127407 25.89386206 -14.19800375 0.43529412 0.89019608 0.96078431
v 7.04659467 -27.90789337 -26.24141332 0.43529412 0.89019608 0.96078431
v 8.69729590 -28.13707521 -25.11947237 0.43529412 0.89019608 0.96078431
v 10.69302077 -27.91348287 -24.91280026 0.43529412 0.89019608 0.96078431
v 3.74519327 -28.47246161 -25.25099195 0.43529412 0.89019608 0.96078431
v 2.33127407 -25.79495146 -30.49834497 0.43529412 0.89019608 0.96078431
v 7.99033577 -26.42100832 -28.97110892 0.43529412 0.89019608 0.96078431
v 7.99033577 -26.63900906 -28.61949782 0.43529412 0.89019608 0.96078431
v 14.33944476 -29.22149363 -13.90275652 0.43529412 0.89019608 0.96078431
v 13.64601575 -29.00908238 -18.04964030 0.43529412 0.89019608 0.96078431
v 14.35297588 -28.89169672 -17.34104674 0.43529412 0.89019608 0.96078431
v 18.31736336 -27.88553330 -15.65008409 0.43529412 0.89019608 0.96078431
v 10.81817576 -28.50041118 -23.14936812 0.43529412 0.89019608 0.96078431
v 10.81817576 -28.61779684 -22.79507187 0.43529412 0.89019608 0.96078431
v 11.19702510 -28.57307879 -22.67697171 0.43529412 0.89019608 0.96078431
v 11.52513589 -28.78549004 -21.58455686 0.43529412 0.89019608 0.96078431
v 12.17459190 -28.62338633 -21.51745556 0.43529412 0.89019608 0.96078431
v 12.93905562 -28.94759375 -19.46414332 0.43529412 0.89019608 0.96078431
v 3.74519327 26.29073920 -13.90275652 0.43529412 0.89019608 0.96078431
v 2.33127407 25.89945366 -14.51203964 0.43529412 0.89019608 0.96078431
v 10.11121616 -27.81286568 -25.38787971 0.43529412 0.89019608 0.96078431
v 11.16319940 -27.85758584 -24.75980793 0.43529412 0.89019608 0.96078431
v 9.43131617 -26.67813762 -27.99947727 0.43529412 0.89019608 0.96078431
v 2.33127407 -25.54341166 -30.85264122 0.43529412 0.89019608 0.96078431
v 6.57641552 -25.88438755 -29.94274268 0.43529412 0.89019608 0.96078431
v 6.57641552 -25.63284775 -30.29435590 0.43529412 0.89019608 0.96078431
v 7.28337564 -25.85643798 -29.85953681 0.43529412 0.89019608 0.96078431
v 8.69729590 -26.35951969 -28.86374725 0.43529412 0.89019608 0.96078431
v 15.06331774 -29.00349289 -13.90275652 0.43529412 0.89019608 0.96078431
v 13.64601575 -28.86933664 -18.75554976 0.43529412 0.89019608 0.96078431
v 14.42401006 -28.73518250 -18.11942675 0.43529412 0.89019608 0.96078431
v 18.71989112 -27.76255814 -15.22063320 0.43529412 0.89019608 0.96078431
v 18.36472019 -27.90230388 -15.22063320 0.43529412 0.89019608 0.96078431
v 13.98089105 -28.55630821 -19.75939160 0.43529412 0.89019608 0.96078431
v 14.35297588 -28.17620376 -20.87864740 0.43529412 0.89019608 0.96078431
v 14.88742366 -27.95820091 -20.87864740 0.43529412 0.89019608 0.96078431
v 14.76226920 -27.89671439 -21.29467782 0.43529412 0.89019608 0.96078431
v 20.29279260 -25.71110486 -19.70570971 0.43529412 0.89019608 0.96078431
v 20.01880315 -26.56634355 -17.29810123 0.43529412 0.89019608 0.96078431
v 20.38073963 -26.45454738 -17.03237904 0.43529412 0.89019608 0.96078431
v 19.69745792 -27.17562983 -15.65276819 0.43529412 0.89019608 0.96078431
v 22.60648096 -25.80613044 -15.08643058 0.43529412 0.89019608 0.96078431
v 22.09571054 -26.32039114 -13.90275652 0.43529412 0.89019608 0.96078431
v 11.52513589 -28.13707521 -23.70765345 0.43529412 0.89019608 0.96078431
v 11.47101456 -28.41097508 -22.94806315 0.43529412 0.89019608 0.96078431
v 13.50733016 -28.64574641 -20.01437742 0.43529412 0.89019608 0.96078431
v 13.70690265 -28.70164344 -19.49903655 0.43529412 0.89019608 0.96078431
v 3.84667143 26.30750768 -13.90275652 0.43529412 0.89019608 0.96078431
v 7.99033577 27.00623216 -15.22063320 0.43529412 0.89019608 0.96078431
v 3.74519327 26.21807158 -14.51203964 0.43529412 0.89019608 0.96078431
v 2.33127407 25.83796503 -15.21258197 0.43529412 0.89019608 0.96078431
v 11.52513589 -27.80168670 -24.62560532 0.43529412 0.89019608 0.96078431
v 11.91751583 -27.87994381 -24.11294855 0.43529412 0.89019608 0.96078431
v 10.11121616 -26.57193305 -27.77938363 0.43529412 0.89019608 0.96078431
v 11.35600685 -25.81171994 -28.40208722 0.43529412 0.89019608 0.96078431
v 2.33127407 -25.19125467 -31.34650828 0.43529412 0.89019608 0.96078431
v 7.28337564 -25.18566307 -30.56544627 0.43529412 0.89019608 0.96078431
v 7.28337564 -25.53782006 -30.21115002 0.43529412 0.89019608 0.96078431
v 8.34888948 -25.73905443 -29.71728086 0.43529412 0.89019608 0.96078431
v 2.33127407 -24.91735479 -31.70080664 0.43529412 0.89019608 0.96078431
v 2.33127407 -23.55344490 -33.19583144 0.43529412 0.89019608 0.96078431
v 3.74519327 -23.43605923 -33.07504824 0.43529412 0.89019608 0.96078431
v 8.62964450 -25.95146567 -29.38445525 0.43529412 0.89019608 0.96078431
v 10.59154261 -25.07386901 -29.75754122 0.43529412 0.89019608 0.96078431
v 10.82494132 -25.26392018 -29.40324497 0.43529412 0.89019608 0.96078431
v 10.81817576 -25.64402673 -28.88522001 0.43529412 0.89019608 0.96078431
v 18.41545874 -27.92466185 -13.90275652 0.43529412 0.89019608 0.96078431
v 19.22727876 -27.58927545 -13.90275652 0.43529412 0.89019608 0.96078431
v 18.76724794 -27.78491822 -13.90275652 0.43529412 0.89019608 0.96078431
v 12.66844895 -27.19798991 -24.85911837 0.43529412 0.89019608 0.96078431
v 16.02397274 -26.40423774 -23.25673085 0.43529412 0.89019608 0.96078431
v 17.89115825 -25.90115814 -22.29046633 0.43529412 0.89019608 0.96078431
v 18.31398164 -25.79495146 -22.05158508 0.43529412 0.89019608 0.96078431
v 20.76297176 -25.26392018 -20.21568345 0.43529412 0.89019608 0.96078431
v 21.19594349 -25.11299756 -20.00900923 0.43529412 0.89019608 0.96078431
v 20.68517201 -25.58254021 -19.46682847 0.43529412 0.89019608 0.96078431
v 22.14983082 -26.29244368 -13.90275652 0.43529412 0.89019608 0.96078431
v 21.42934062 -25.18566307 -19.42656705 0.43529412 0.89019608 0.96078431
v 21.81157380 -25.05150893 -19.16621200 0.43529412 0.89019608 0.96078431
v 26.41526895 -23.84411325 -14.53082830 0.43529412 0.89019608 0.96078431
v 26.37806047 -24.03416653 -13.90275652 0.43529412 0.89019608 0.96078431
v 10.81817576 26.87207591 -13.90275652 0.43529412 0.89019608 0.96078431
v 7.99033577 26.70997220 -13.99669877 0.43529412 0.89019608 0.96078431
v 7.99033577 26.92797505 -14.51203964 0.43529412 0.89019608 0.96078431
v 8.69729590 27.06212919 -15.22063320 0.43529412 0.89019608 0.96078431
v 10.31417143 26.64289619 -18.59987439 0.43529412 0.89019608 0.96078431
v 2.33127407 24.69205798 -22.99906094 0.43529412 0.89019608 0.96078431
v 2.33127407 24.83180161 -22.29315148 0.43529412 0.89019608 0.96078431
v 11.56572715 -25.95705517 -27.99679423 0.43529412 0.89019608 0.96078431
v 11.82618601 -25.71110486 -28.26519946 0.43529412 0.89019608 0.96078431
v 12.16444409 -27.27624702 -25.10605296 0.43529412 0.89019608 0.96078431
v 11.06172177 -24.98443081 -29.66896716 0.43529412 0.89019608 0.96078431
v 11.52513589 -25.15771561 -29.18583437 0.43529412 0.89019608 0.96078431
v 11.56572715 -25.54341166 -28.64633876 0.43529412 0.89019608 0.96078431
v 4.33038066 -23.00005565 -33.31661464 0.43529412 0.89019608 0.96078431
v 2.33127407 -23.20128791 -33.46423878 0.43529412 0.89019608 0.96078431
v 3.03823314 -22.69820620 -33.79974742 0.43529412 0.89019608 0.96078431
v 3.03823314 -23.13979928 -33.44545117 0.43529412 0.89019608 0.96078431
v 3.74519327 -23.08390225 -33.39176928 0.43529412 0.89019608 0.96078431
v 7.28337564 -22.13363797 -33.20119963 0.43529412 0.89019608 0.96078431
v 7.99033577 -22.01066070 -33.10188919 0.43529412 0.89019608 0.96078431
v 9.40425603 -20.64116131 -33.84269293 0.43529412 0.89019608 0.96078431
v 11.52513589 -22.98887455 -31.20693747 0.43529412 0.89019608 0.96078431
v 11.89383742 -22.91620905 -31.13983616 0.43529412 0.89019608 0.96078431
v 12.07987983 -25.85084849 -27.79280516 0.43529412 0.89019608 0.96078431
v 16.96433106 -25.81171994 -23.49024496 0.43529412 0.89019608 0.96078431
v 18.36810297 -25.10181647 -23.47414039 0.43529412 0.89019608 0.96078431
v 18.12793922 -25.67756580 -22.52398044 0.43529412 0.89019608 0.96078431
v 18.60150116 -25.20802315 -22.99100760 0.43529412 0.89019608 0.96078431
v 21.03019565 -25.00679089 -20.48140563 0.43529412 0.89019608 0.96078431
v 24.59205749 -23.60375243 -18.37709666 0.43529412 0.89019608 0.96078431
v 26.09054095 -23.65964946 -15.68766142 0.43529412 0.89019608 0.96078431
v 26.21569752 -23.74349817 -15.22063320 0.43529412 0.89019608 0.96078431
v 27.06810775 -23.45282771 -14.53082830 0.43529412 0.89019608 0.96078431
v 26.95309952 -23.70436962 -13.90275652 0.43529412 0.89019608 0.96078431
v 10.91627061 26.87207591 -13.90275652 0.43529412 0.89019608 0.96078431
v 10.81817576 26.98946157 -14.51203964 0.43529412 0.89019608 0.96078431
v 11.52513589 26.98387208 -14.51203964 0.43529412 0.89019608 0.96078431
v 10.81817576 26.98387208 -15.22063320 0.43529412 0.89019608 0.96078431
v 10.63889943 26.64289619 -18.59987439 0.43529412 0.89019608 0.96078431
v 10.11121616 26.39135428 -19.46414332 0.43529412 0.89019608 0.96078431
v 2.33127407 24.52995427 -23.49561314 0.43529412 0.89019608 0.96078431
v 10.11121616 26.16217245 -20.17005384 0.43529412 0.89019608 0.96078431
v 11.95134153 -25.06827741 -29.05699995 0.43529412 0.89019608 0.96078431
v 12.20503535 -25.24715170 -28.66244122 0.43529412 0.89019608 0.96078431
v 12.75301320 -25.14094502 -28.43429636 0.43529412 0.89019608 0.96078431
v 12.28283405 -25.63284775 -27.99679423 0.43529412 0.89019608 0.96078431
v 13.29760933 -24.32483488 -29.01137139 0.43529412 0.89019608 0.96078431
v 6.57641552 -19.52879332 -35.49876130 0.43529412 0.89019608 0.96078431
v 7.81782448 -20.13249011 -34.71769719 0.43529412 0.89019608 0.96078431
v 8.28800364 -20.05423511 -34.65059588 0.43529412 0.89019608 0.96078431
v 2.33127407 -22.35163871 -34.10304693 0.43529412 0.89019608 0.96078431
v 3.03823314 -22.34604921 -34.06546961 0.43529412 0.89019608 0.96078431
v 9.98267786 -20.18279976 -34.03594352 0.43529412 0.89019608 0.96078431
v 10.11121616 -20.92624228 -33.37834775 0.43529412 0.89019608 0.96078431
v 10.17548478 -20.42316057 -33.77290648 0.43529412 0.89019608 0.96078431
v 10.45623980 -20.07659308 -33.95542279 0.43529412 0.89019608 0.96078431
v 11.04819170 -20.73059951 -33.20388478 0.43529412 0.89019608 0.96078431
v 11.52513589 -20.24987577 -33.38640109 0.43529412 0.89019608 0.96078431
v 11.94795875 -20.12690062 -33.28977369 0.43529412 0.89019608 0.96078431
v 13.05744663 -17.82390648 -34.56202182 0.43529412 0.89019608 0.96078431
v 13.42953041 -17.35436383 -34.73916994 0.43529412 0.89019608 0.96078431
v 16.08147580 -20.75854698 -30.39634938 0.43529412 0.89019608 0.96078431
v 17.45142201 -21.43491349 -28.95500646 0.43529412 0.89019608 0.96078431
v 19.00402786 -24.35837394 -24.10221217 0.43529412 0.89019608 0.96078431
v 18.84166491 -24.96207284 -23.21915352 0.43529412 0.89019608 0.96078431
v 19.47420702 -24.20185973 -23.82843664 0.43529412 0.89019608 0.96078431
v 21.14182110 -23.67083056 -22.74675817 0.43529412 0.89019608 0.96078431
v 23.94936493 -23.65405997 -19.17694838 0.43529412 0.89019608 0.96078431
v 26.02965510 -22.91620905 -17.70876346 0.43529412 0.89019608 0.96078431
v 27.53152134 -22.98328506 -15.04348507 0.43529412 0.89019608 0.96078431
v 27.26091573 -23.51431634 -13.90275652 0.43529412 0.89019608 0.96078431
v 27.65667792 -23.07831275 -14.51203964 0.43529412 0.89019608 0.96078431
v 11.56910941 26.83853896 -13.90275652 0.43529412 0.89019608 0.96078431
v 11.96825438 26.73792177 -13.90275652 0.43529412 0.89019608 0.96078431
v 12.05281917 26.72115329 -13.94033384 0.43529412 0.89019608 0.96078431
v 12.26592225 26.74910076 -14.53619649 0.43529412 0.89019608 0.96078431
v 12.23209655 26.78822931 -15.22063320 0.43529412 0.89019608 0.96078431
v 12.23209655 26.74910076 -15.92654372 0.43529412 0.89019608 0.96078431
v 11.52513589 26.92797505 -15.22063320 0.43529412 0.89019608 0.96078431
v 11.52513589 26.86648642 -15.92654372 0.43529412 0.89019608 0.96078431
v 11.52513589 26.78822931 -16.63513727 0.43529412 0.89019608 0.96078431
v 11.99193227 26.64289619 -17.17731909 0.43529412 0.89019608 0.96078431
v 10.85200199 26.53110002 -18.80386346 0.43529412 0.89019608 0.96078431
v 10.81817576 26.36340471 -19.46414332 0.43529412 0.89019608 0.96078431
v 10.81817576 26.15099346 -20.17005384 0.43529412 0.89019608 0.96078431
v 10.81817576 25.96652968 -20.76054830 0.43529412 0.89019608 0.96078431
v 10.11121616 25.96652968 -20.76323239 0.43529412 0.89019608 0.96078431
v 2.33127407 23.66912608 -25.90858982 0.43529412 0.89019608 0.96078431
v 18.26662481 -22.92179854 -26.90706242 0.43529412 0.89019608 0.96078431
v 17.39730173 -23.53108482 -26.76749161 0.43529412 0.89019608 0.96078431
v 16.68357604 -22.79882338 -28.19809815 0.43529412 0.89019608 0.96078431
v 5.86945644 -19.59587145 -35.54438985 0.43529412 0.89019608 0.96078431
v 5.16249631 -17.85744554 -36.72537876 0.43529412 0.89019608 0.96078431
v 6.50538133 -18.94745661 -35.86916212 0.43529412 0.89019608 0.96078431
v 7.99033577 -16.72830697 -36.91326327 0.43529412 0.89019608 0.96078431
v 9.91502645 -17.31523528 -36.12951612 0.43529412 0.89019608 0.96078431
v 9.40425603 -19.48407528 -34.74990632 0.43529412 0.89019608 0.96078431
v 9.82369664 -19.40022868 -34.68817320 0.43529412 0.89019608 0.96078431
v 2.33127407 -21.77029989 -34.49760355 0.43529412 0.89019608 0.96078431
v 2.61879359 -21.48522103 -34.66133226 0.43529412 0.89019608 0.96078431
v 3.03823314 -18.93627552 -36.27177207 0.43529412 0.89019608 0.96078431
v 10.29725858 -19.28843251 -34.60496733 0.43529412 0.89019608 0.96078431
v 11.25452922 -18.70709369 -34.69890958 0.43529412 0.89019608 0.96078431
v 11.50484026 -18.33257874 -34.88410894 0.43529412 0.89019608 0.96078431
v 11.72470838 -18.57852904 -34.59691399 0.43529412 0.89019608 0.96078431
v 12.23209655 -18.06985784 -34.75795755 0.43529412 0.89019608 0.96078431
v 11.98855001 -17.32641532 -35.42629180 0.43529412 0.89019608 0.96078431
v 13.28746204 -16.53825474 -35.36992687 0.43529412 0.89019608 0.96078431
v 13.65616304 -16.91836024 -34.91631807 0.43529412 0.89019608 0.96078431
v 13.89970957 -17.16990110 -34.60228218 0.43529412 0.89019608 0.96078431
v 19.60951088 -17.20902965 -31.09689065 0.43529412 0.89019608 0.96078431
v 19.65686666 -17.95806167 -30.42319032 0.43529412 0.89019608 0.96078431
v 22.49823619 -17.25933719 -29.01942262 0.43529412 0.89019608 0.96078431
v 20.27587975 -20.71941842 -27.53781724 0.43529412 0.89019608 0.96078431
v 19.69745792 -22.93856702 -25.52208443 0.43529412 0.89019608 0.96078431
v 19.79555330 -23.73231708 -24.23104659 0.43529412 0.89019608 0.96078431
v 21.74053961 -22.87708049 -23.30236045 0.43529412 0.89019608 0.96078431
v 24.71721195 -22.28456058 -20.64781738 0.43529412 0.89019608 0.96078431
v 27.45710438 -22.21748457 -17.01895857 0.43529412 0.89019608 0.96078431
v 28.01184885 -22.79323178 -14.51203964 0.43529412 0.89019608 0.96078431
v 27.55520081 -22.30133117 -16.63513727 0.43529412 0.89019608 0.96078431
v 28.79999045 -21.44609247 -16.17079315 0.43529412 0.89019608 0.96078431
v 27.98478871 -22.98887455 -13.90275652 0.43529412 0.89019608 0.96078431
v 28.10317761 -22.87708049 -14.00206696 0.43529412 0.89019608 0.96078431
v 22.12277068 22.79711891 -13.90275652 0.43529412 0.89019608 0.96078431
v 12.67521451 26.64289619 -15.22063320 0.43529412 0.89019608 0.96078431
v 12.65153610 26.62612560 -15.92654372 0.43529412 0.89019608 0.96078431
v 12.59403304 26.59817603 -16.29426044 0.43529412 0.89019608 0.96078431
v 12.22871324 26.67084365 -16.57340310 0.43529412 0.89019608 0.96078431
v 11.25791200 25.91622214 -20.62902978 0.43529412 0.89019608 0.96078431
v 18.27677315 23.07660828 -19.87212146 0.43529412 0.89019608 0.96078431
v 10.81817576 25.84355452 -21.11484560 0.43529412 0.89019608 0.96078431
v 10.11121616 25.83237554 -21.11484560 0.43529412 0.89019608 0.96078431
v 2.33127407 23.42317367 -26.53666160 0.43529412 0.89019608 0.96078431
v 20.58031212 -20.94860025 -27.06542294 0.43529412 0.89019608 0.96078431
v 21.05049128 -20.76972807 -26.87217024 0.43529412 0.89019608 0.96078431
v 20.25558411 -22.11686738 -26.08036976 0.43529412 0.89019608 0.96078431
v 4.10712976 -17.95806167 -36.78711399 0.43529412 0.89019608 0.96078431
v 4.58069170 -17.91893312 -36.75758790 0.43529412 0.89019608 0.96078431
v 4.38788478 -17.65062273 -36.94010632 0.43529412 0.89019608 0.96078431
v 5.16249631 -17.50528856 -36.93205298 0.43529412 0.89019608 0.96078431
v 7.99033577 -16.18609776 -37.23266945 0.43529412 0.89019608 0.96078431
v 11.05833951 -17.91893312 -35.34576897 0.43529412 0.89019608 0.96078431
v 11.00421818 -15.76686265 -36.75222181 0.43529412 0.89019608 0.96078431
v 11.55557934 -16.24199584 -36.31203454 0.43529412 0.89019608 0.96078431
v 10.38520561 -17.20902965 -36.05436358 0.43529412 0.89019608 0.96078431
v 11.52513589 -17.81272749 -35.26793128 0.43529412 0.89019608 0.96078431
v 2.33127407 -19.32756106 -36.05436358 0.43529412 0.89019608 0.96078431
v 3.03823314 -18.37170518 -36.62607043 0.43529412 0.89019608 0.96078431
v 11.81265541 -16.51030517 -36.05704662 0.43529412 0.89019608 0.96078431
v 12.23209655 -16.35938150 -35.96578952 0.43529412 0.89019608 0.96078431
v 12.23209655 -16.00163397 -36.18856619 0.43529412 0.89019608 0.96078431
v 12.61432761 -15.85629979 -36.09194090 0.43529412 0.89019608 0.96078431
v 14.03839622 -15.87306933 -35.39408267 0.43529412 0.89019608 0.96078431
v 13.64601575 -16.38733002 -35.27598462 0.43529412 0.89019608 0.96078431
v 14.17708181 -16.69476896 -34.77406422 0.43529412 0.89019608 0.96078431
v 19.60274532 -14.38059478 -33.22267238 0.43529412 0.89019608 0.96078431
v 19.71775355 -15.17993434 -32.58386423 0.43529412 0.89019608 0.96078431
v 20.37059235 -16.54943373 -31.13715102 0.43529412 0.89019608 0.96078431
v 22.43735034 -16.49912619 -29.68507172 0.43529412 0.89019608 0.96078431
v 22.66736681 -16.89600122 -29.17241495 0.43529412 0.89019608 0.96078431
v 24.69691737 -16.65004986 -27.66665377 0.43529412 0.89019608 0.96078431
v 24.45336979 -17.11959251 -27.47608412 0.43529412 0.89019608 0.96078431
v 21.04034399 -20.05423511 -27.57271152 0.43529412 0.89019608 0.96078431
v 20.81032753 -20.50700718 -27.32040875 0.43529412 0.89019608 0.96078431
v 21.76759975 -21.48522103 -25.46303436 0.43529412 0.89019608 0.96078431
v 21.96040562 -21.64173524 -24.99063795 0.43529412 0.89019608 0.96078431
v 26.76705710 -21.52993907 -19.15547562 0.43529412 0.89019608 0.96078431
v 23.95274771 -20.12690062 -24.82690924 0.43529412 0.89019608 0.96078431
v 27.42666146 -20.07100359 -20.51361477 0.43529412 0.89019608 0.96078431
v 27.39960132 -21.45727146 -18.34488753 0.43529412 0.89019608 0.96078431
v 28.90823312 -20.84239568 -17.07800864 0.43529412 0.89019608 0.96078431
v 28.41775938 -22.44107480 -14.51203964 0.43529412 0.89019608 0.96078431
v 28.84734728 -22.20071398 -14.15774339 0.43529412 0.89019608 0.96078431
v 28.60718458 -21.99389223 -15.22063320 0.43529412 0.89019608 0.96078431
v 29.00632744 -20.97096033 -16.63513727 0.43529412 0.89019608 0.96078431
v 30.25450197 -18.65678615 -18.38246485 0.43529412 0.89019608 0.96078431
v 30.25111919 -20.05982460 -15.54272137 0.43529412 0.89019608 0.96078431
v 29.57460093 -20.80885662 -15.61519192 0.43529412 0.89019608 0.96078431
v 28.89808688 -21.54111806 -15.70108189 0.43529412 0.89019608 0.96078431
v 28.77293031 -22.12804637 -14.51203964 0.43529412 0.89019608 0.96078431
v 28.11670873 -22.88266998 -13.90275652 0.43529412 0.89019608 0.96078431
v 28.35349076 -22.68702721 -13.90275652 0.43529412 0.89019608 0.96078431
v 28.88455576 -22.23425304 -13.90275652 0.43529412 0.89019608 0.96078431
v 22.80605240 22.50085895 -13.90275652 0.43529412 0.89019608 0.96078431
v 22.94135521 22.43937032 -13.90275652 0.43529412 0.89019608 0.96078431
v 17.87086262 22.92568356 -20.88133149 0.43529412 0.89019608 0.96078431
v 18.42560603 22.45055142 -21.58455686 0.43529412 0.89019608 0.96078431
v 11.50822304 25.72616886 -20.87059512 0.43529412 0.89019608 0.96078431
v 11.99531505 24.53554376 -23.47682343 0.43529412 0.89019608 0.96078431
v 11.48454515 24.59144079 -23.71033859 0.43529412 0.89019608 0.96078431
v 23.60772512 22.13193349 -13.90275652 0.43529412 0.89019608 0.96078431
v 24.60896928 20.93571679 -16.28620816 0.43529412 0.89019608 0.96078431
v 23.37770866 21.03633398 -18.04964030 0.43529412 0.89019608 0.96078431
v 23.24578863 20.96925586 -18.47372301 0.43529412 0.89019608 0.96078431
v 18.64885693 22.55116649 -20.91353957 0.43529412 0.89019608 0.96078431
v 11.22070352 24.48523622 -24.09684398 0.43529412 0.89019608 0.96078431
v 11.29173770 23.82564030 -25.55697661 0.43529412 0.89019608 0.96078431
v 10.81817576 24.03805155 -25.11947237 0.43529412 0.89019608 0.96078431
v 2.33127407 23.00953016 -27.49487383 0.43529412 0.89019608 0.96078431
v 2.33127407 23.16604437 -27.14057547 0.43529412 0.89019608 0.96078431
v 23.26946599 -20.14926070 -25.55429146 0.43529412 0.89019608 0.96078431
v 3.74519327 -17.60031519 -37.00720552 0.43529412 0.89019608 0.96078431
v 2.33127407 -15.66624652 -38.12378038 0.43529412 0.89019608 0.96078431
v 3.03823314 -14.15700244 -38.78942737 0.43529412 0.89019608 0.96078431
v 5.16249631 -16.89600122 -37.22998430 0.43529412 0.89019608 0.96078431
v 7.53706947 -15.83394077 -37.49302345 0.43529412 0.89019608 0.96078431
v 7.99033577 -15.76686265 -37.46081432 0.43529412 0.89019608 0.96078431
v 8.69729590 -15.62152847 -37.37760844 0.43529412 0.89019608 0.96078431
v 9.13703214 -15.16875535 -37.51449621 0.43529412 0.89019608 0.96078431
v 10.59154261 -14.48121091 -37.52791563 0.43529412 0.89019608 0.96078431
v 11.06510455 -14.36941474 -37.46618251 0.43529412 0.89019608 0.96078431
v 11.52513589 -15.63829800 -36.68243536 0.43529412 0.89019608 0.96078431
v 11.33909400 -16.62769084 -36.13220126 0.43529412 0.89019608 0.96078431
v 10.81817576 -17.10282298 -35.98457712 0.43529412 0.89019608 0.96078431
v 11.52513589 -17.45497996 -35.51218071 0.43529412 0.89019608 0.96078431
v 2.33127407 -18.97540408 -36.25835265 0.43529412 0.89019608 0.96078431
v 2.51731543 -18.00837132 -36.81395493 0.43529412 0.89019608 0.96078431
v 11.55557934 -16.87364220 -35.89600306 0.43529412 0.89019608 0.96078431
v 11.92428086 -15.16875535 -36.80858464 0.43529412 0.89019608 0.96078431
v 12.18812250 -15.43706469 -36.53481122 0.43529412 0.89019608 0.96078431
v 14.35297588 -14.07874533 -36.27714026 0.43529412 0.89019608 0.96078431
v 14.86374630 -13.84956350 -36.15904221 0.43529412 0.89019608 0.96078431
v 16.08485858 -12.97196684 -36.06241481 0.43529412 0.89019608 0.96078431
v 19.73804918 -13.07817246 -34.00105134 0.43529412 0.89019608 0.96078431
v 19.86320470 -13.90546159 -33.38103290 0.43529412 0.89019608 0.96078431
v 20.33338386 -13.68745979 -33.23340876 0.43529412 0.89019608 0.96078431
v 20.06277719 -14.11228440 -33.11262557 0.43529412 0.89019608 0.96078431
v 19.97483015 -14.74952024 -32.72612018 0.43529412 0.89019608 0.96078431
v 20.44162653 -14.49798044 -32.59728575 0.43529412 0.89019608 0.96078431
v 21.09108360 -15.85629979 -31.14520435 0.43529412 0.89019608 0.96078431
v 23.12063206 -15.75568366 -29.65823078 0.43529412 0.89019608 0.96078431
v 20.91180569 -14.26320912 -32.42818886 0.43529412 0.89019608 0.96078431
v 22.48808995 -14.42531283 -31.13446798 0.43529412 0.89019608 0.96078431
v 23.24917141 -14.48680040 -30.47418706 0.43529412 0.89019608 0.96078431
v 25.17047721 -16.36497100 -27.46266470 0.43529412 0.89019608 0.96078431
v 25.41402479 -16.66122990 -26.99295133 0.43529412 0.89019608 0.96078431
v 24.94722841 -16.89041173 -27.23451773 0.43529412 0.89019608 0.96078431
v 24.55146622 -15.05695918 -28.96037255 0.43529412 0.89019608 0.96078431
v 24.72397751 -17.34877434 -27.00368771 0.43529412 0.89019608 0.96078431
v 27.58564373 -20.22751780 -20.04121836 0.43529412 0.89019608 0.96078431
v 24.46351813 -19.24371446 -25.31541022 0.43529412 0.89019608 0.96078431
v 24.65632611 -19.42817825 -24.84301381 0.43529412 0.89019608 0.96078431
v 27.62961778 -19.57351137 -20.87864740 0.43529412 0.89019608 0.96078431
v 28.12685708 -19.35551063 -20.50287839 0.43529412 0.89019608 0.96078431
v 30.18346779 -17.85185605 -19.70839381 0.43529412 0.89019608 0.96078431
v 30.34583284 -18.04190827 -19.23599845 0.43529412 0.89019608 0.96078431
v 28.93191048 -19.45612571 -19.23331436 0.43529412 0.89019608 0.96078431
v 28.84734728 -20.07659308 -18.39856942 0.43529412 0.89019608 0.96078431
v 28.98941565 -21.63614575 -15.22063320 0.43529412 0.89019608 0.96078431
v 30.00757160 -21.04362795 -13.90275652 0.43529412 0.89019608 0.96078431
v 29.88241714 -21.17778209 -13.90275652 0.43529412 0.89019608 0.96078431
v 29.21604722 -21.88768555 -13.90275652 0.43529412 0.89019608 0.96078431
v 30.45745619 -18.19283300 -18.75554976 0.43529412 0.89019608 0.96078431
v 32.32464380 -17.87980456 -14.70529233 0.43529412 0.89019608 0.96078431
v 30.33906728 -20.17161867 -15.07032602 0.43529412 0.89019608 0.96078431
v 30.04816498 -20.41757108 -15.27163099 0.43529412 0.89019608 0.96078431
v 29.65240278 -20.89270322 -15.22063320 0.43529412 0.89019608 0.96078431
v 30.13949374 -20.64675291 -14.51203964 0.43529412 0.89019608 0.96078431
v 30.22405694 -20.74177850 -14.06380113 0.43529412 0.89019608 0.96078431
v 30.25450197 -20.77531756 -13.90275652 0.43529412 0.89019608 0.96078431
v 18.28015593 22.36670482 -21.97911559 0.43529412 0.89019608 0.96078431
v 17.89115825 22.68532274 -21.58455686 0.43529412 0.89019608 0.96078431
v 18.77739523 22.24931915 -21.58455686 0.43529412 0.89019608 0.96078431
v 15.06331774 22.73563028 -24.41356291 0.43529412 0.89019608 0.96078431
v 15.01258024 22.45614091 -25.07116078 0.43529412 0.89019608 0.96078431
v 14.74535529 22.36670482 -25.50329472 0.43529412 0.89019608 0.96078431
v 24.24365001 21.80213447 -13.90275652 0.43529412 0.89019608 0.96078431
v 23.86141894 20.91335672 -17.62287350 0.43529412 0.89019608 0.96078431
v 24.69353459 20.99161383 -15.92654372 0.43529412 0.89019608 0.96078431
v 27.01060469 20.10283818 -13.90275652 0.43529412 0.89019608 0.96078431
v 27.07825609 20.05812013 -13.90275652 0.43529412 0.89019608 0.96078431
v 27.64652958 19.67801357 -13.90275652 0.43529412 0.89019608 0.96078431
v 25.19753945 20.15314571 -17.34104674 0.43529412 0.89019608 0.96078431
v 24.95061120 20.04134954 -18.06306077 0.43529412 0.89019608 0.96078431
v 18.98035050 21.66239084 -22.68233990 0.43529412 0.89019608 0.96078431
v 24.97090577 19.72273162 -18.73407806 0.43529412 0.89019608 0.96078431
v 21.65935708 20.15873521 -22.48908721 0.43529412 0.89019608 0.96078431
v 14.35297588 22.25490865 -26.01058330 0.43529412 0.89019608 0.96078431
v 13.96397925 22.33875525 -26.16089259 0.43529412 0.89019608 0.96078431
v 11.75176904 22.30521618 -27.53244905 0.43529412 0.89019608 0.96078431
v 11.27820710 22.38347329 -27.63981283 0.43529412 0.89019608 0.96078431
v 10.81817576 22.42260185 -27.69349472 0.43529412 0.89019608 0.96078431
v 8.53154912 21.68474881 -29.06505118 0.43529412 0.89019608 0.96078431
v 4.45215340 22.19900951 -28.78322442 0.43529412 0.89019608 0.96078431
v 4.45215340 22.43378083 -28.42892817 0.43529412 0.89019608 0.96078431
v 4.45215340 22.71886180 -27.94579538 0.43529412 0.89019608 0.96078431
v 3.74519327 22.44496192 -28.45040092 0.43529412 0.89019608 0.96078431
v 3.03823314 22.21019060 -28.78054138 0.43529412 0.89019608 0.96078431
v 2.33127407 22.71886180 -27.94848053 0.43529412 0.89019608 0.96078431
v 24.70368294 -18.76858021 -25.57576422 0.43529412 0.89019608 0.96078431
v 2.33127407 -13.84397401 -38.96926065 0.43529412 0.89019608 0.96078431
v 3.03823314 -13.79925596 -38.94510274 0.43529412 0.89019608 0.96078431
v 5.16249631 -11.23913042 -39.92210469 0.43529412 0.89019608 0.96078431
v 5.16249631 -11.75898166 -39.69395983 0.43529412 0.89019608 0.96078431
v 5.86945644 -12.65334786 -39.20814189 0.43529412 0.89019608 0.96078431
v 6.57641552 -13.05581344 -38.93436637 0.43529412 0.89019608 0.96078431
v 6.94173479 -13.01109539 -38.91289361 0.43529412 0.89019608 0.96078431
v 8.69729590 -15.26937148 -37.56012476 0.43529412 0.89019608 0.96078431
v 9.40425603 -11.83723877 -39.02562558 0.43529412 0.89019608 0.96078431
v 10.11121616 -11.70308358 -38.96389246 0.43529412 0.89019608 0.96078431
v 10.82494132 -14.10669490 -37.65943520 0.43529412 0.89019608 0.96078431
v 11.52513589 -13.88869206 -37.58428056 0.43529412 0.89019608 0.96078431
v 11.52513589 -15.28614102 -36.86495167 0.43529412 0.89019608 0.96078431
v 11.95134153 -13.76571690 -37.51986229 0.43529412 0.89019608 0.96078431
v 12.42152069 -13.59243315 -37.43129033 0.43529412 0.89019608 0.96078431
v 13.19613222 -12.92165824 -37.45276309 0.43529412 0.89019608 0.96078431
v 14.17708181 -13.16760961 -36.87837320 0.43529412 0.89019608 0.96078431
v 17.52922176 -11.58569792 -36.07583633 0.43529412 0.89019608 0.96078431
v 20.20822834 -12.85458117 -33.86416358 0.43529412 0.89019608 0.96078431
v 20.55325198 -13.21232765 -33.39445232 0.43529412 0.89019608 0.96078431
v 21.13843832 -13.78807592 -32.59728575 0.43529412 0.89019608 0.96078431
v 22.98871203 -14.06756635 -30.96537108 0.43529412 0.89019608 0.96078431
v 21.82510281 -13.06140293 -32.57849604 0.43529412 0.89019608 0.96078431
v 23.24578863 -12.36826900 -31.88600599 0.43529412 0.89019608 0.96078431
v 25.29225100 -15.09608774 -28.28130403 0.43529412 0.89019608 0.96078431
v 25.51211912 -15.48178379 -27.78743697 0.43529412 0.89019608 0.96078431
v 26.00935842 -15.11285727 -27.58344790 0.43529412 0.89019608 0.96078431
v 26.74676252 -15.86188929 -26.20383599 0.43529412 0.89019608 0.96078431
v 26.09054095 -16.62769084 -26.26557122 0.43529412 0.89019608 0.96078431
v 25.64742193 -16.87923169 -26.51250370 0.43529412 0.89019608 0.96078431
v 25.19415667 -17.13077255 -26.76212343 0.43529412 0.89019608 0.96078431
v 24.63602942 -13.76012741 -29.74680484 0.43529412 0.89019608 0.96078431
v 27.47401828 -19.41140766 -21.27588916 0.43529412 0.89019608 0.96078431
v 25.39372811 -18.04749776 -25.56234480 0.43529412 0.89019608 0.96078431
v 26.07362704 -17.30964579 -25.54355719 0.43529412 0.89019608 0.96078431
v 26.74676252 -16.56620326 -25.49792653 0.43529412 0.89019608 0.96078431
v 26.56410289 -16.33702143 -25.97032294 0.43529412 0.89019608 0.96078431
v 30.34583284 -17.38231340 -19.91238288 0.43529412 0.89019608 0.96078431
v 30.49128189 -17.61149418 -19.46951151 0.43529412 0.89019608 0.96078431
v 30.95469548 -17.20902965 -19.07226975 0.43529412 0.89019608 0.96078431
v 30.83292380 -17.61708472 -18.80386346 0.43529412 0.89019608 0.96078431
v 33.04851678 -16.47676717 -15.47562006 0.43529412 0.89019608 0.96078431
v 33.14999178 -16.62210134 -15.00322471 0.43529412 0.89019608 0.96078431
v 32.40920701 -17.98600913 -14.23289698 0.43529412 0.89019608 0.96078431
v 30.43716161 -20.29459593 -14.51203964 0.43529412 0.89019608 0.96078431
v 30.51834414 -20.45669964 -13.90275652 0.43529412 0.89019608 0.96078431
v 18.99049779 20.95807687 -24.10489521 0.43529412 0.89019608 0.96078431
v 15.21891723 22.26608763 -25.27514985 0.43529412 0.89019608 0.96078431
v 15.08023164 22.00895623 -25.84148851 0.43529412 0.89019608 0.96078431
v 24.39586673 21.71828787 -13.90275652 0.43529412 0.89019608 0.96078431
v 24.53455232 21.60090221 -14.02890791 0.43529412 0.89019608 0.96078431
v 24.74427209 21.50587663 -13.90275652 0.43529412 0.89019608 0.96078431
v 27.99155216 19.40970319 -13.90275652 0.43529412 0.89019608 0.96078431
v 28.06596913 18.76128835 -15.40046647 0.43529412 0.89019608 0.96078431
v 26.70278848 19.49913928 -16.20568638 0.43529412 0.89019608 0.96078431
v 25.70830988 19.77863076 -17.35446721 0.43529412 0.89019608 0.96078431
v 25.49182454 19.66683459 -18.04964030 0.43529412 0.89019608 0.96078431
v 25.36666797 19.56062791 -18.48714348 0.43529412 0.89019608 0.96078431
v 25.40725923 18.87308242 -19.94459201 0.43529412 0.89019608 0.96078431
v 19.66363222 20.94130629 -23.36409357 0.43529412 0.89019608 0.96078431
v 19.25772168 21.03633398 -23.64323729 0.43529412 0.89019608 0.96078431
v 24.74427209 19.61652494 -19.28431215 0.43529412 0.89019608 0.96078431
v 22.49485551 19.52708885 -22.66086715 0.43529412 0.89019608 0.96078431
v 22.09232776 19.65006400 -22.93732677 0.43529412 0.89019608 0.96078431
v 21.42257506 20.04134954 -23.01248036 0.43529412 0.89019608 0.96078431
v 15.41172521 21.64003077 -26.17968020 0.43529412 0.89019608 0.96078431
v 14.94154605 21.75741643 -26.34877710 0.43529412 0.89019608 0.96078431
v 14.36650595 21.89157057 -26.56618558 0.43529412 0.89019608 0.96078431
v 14.13987332 21.71269838 -26.97684887 0.43529412 0.89019608 0.96078431
v 11.91413305 21.65679924 -28.32693468 0.43529412 0.89019608 0.96078431
v 11.52513589 21.46115647 -28.76443681 0.43529412 0.89019608 0.96078431
v 10.81817576 22.15429146 -28.04779097 0.43529412 0.89019608 0.96078431
v 4.45215340 21.84685252 -29.27977662 0.43529412 0.89019608 0.96078431
v 10.81817576 20.89099875 -29.66628412 0.43529412 0.89019608 0.96078431
v 8.69729590 21.03074238 -29.81659130 0.43529412 0.89019608 0.96078431
v 4.88174130 20.95248527 -30.44197793 0.43529412 0.89019608 0.96078431
v 3.74519327 21.86362311 -29.31467091 0.43529412 0.89019608 0.96078431
v 3.74519327 22.21578009 -28.80469717 0.43529412 0.89019608 0.96078431
v 3.03823314 21.85803361 -29.32809032 0.43529412 0.89019608 0.96078431
v 2.33127407 21.82449455 -29.28514481 0.43529412 0.89019608 0.96078431
v 2.33127407 -13.35766183 -39.15714515 0.43529412 0.89019608 0.96078431
v 4.45215340 -11.23913042 -39.95967991 0.43529412 0.89019608 0.96078431
v 5.16249631 -10.52922696 -40.16367109 0.43529412 0.89019608 0.96078431
v 5.86945644 -10.52922696 -40.11535528 0.43529412 0.89019608 0.96078431
v 6.57641552 -10.52922696 -40.04557093 0.43529412 0.89019608 0.96078431
v 7.28337564 -10.52922696 -39.96505021 0.43529412 0.89019608 0.96078431
v 5.86945644 -11.23913042 -39.83889882 0.43529412 0.89019608 0.96078431
v 5.86945644 -12.01611201 -39.49533684 0.43529412 0.89019608 0.96078431
v 7.28337564 -11.08261621 -39.72884989 0.43529412 0.89019608 0.96078431
v 7.99033577 -10.97082109 -39.66711678 0.43529412 0.89019608 0.96078431
v 7.99033577 -10.52922696 -39.85500128 0.43529412 0.89019608 0.96078431
v 10.11121616 -11.23913042 -39.15714515 0.43529412 0.89019608 0.96078431
v 10.49683001 -11.61364643 -38.91826391 0.43529412 0.89019608 0.96078431
v 11.52513589 -13.35766183 -37.83926848 0.43529412 0.89019608 0.96078431
v 12.20503535 -13.35766183 -37.62454092 0.43529412 0.89019608 0.96078431
v 12.72257028 -13.12289051 -37.54938838 0.43529412 0.89019608 0.96078431
v 12.95258675 -12.67570794 -37.66480339 0.43529412 0.89019608 0.96078431
v 13.44982604 -12.45211560 -37.56817810 0.43529412 0.89019608 0.96078431
v 13.66969416 -12.67570794 -37.35882084 0.43529412 0.89019608 0.96078431
v 16.77152308 -10.81989637 -36.76564123 0.43529412 0.89019608 0.96078431
v 17.72202974 -11.11056578 -36.17782982 0.43529412 0.89019608 0.96078431
v 18.19559062 -10.81430687 -36.05167843 0.43529412 0.89019608 0.96078431
v 17.93174951 -11.30620855 -35.97652589 0.43529412 0.89019608 0.96078431
v 20.43147924 -12.37944798 -33.99836830 0.43529412 0.89019608 0.96078431
v 20.72914605 -12.66452790 -33.61722900 0.43529412 0.89019608 0.96078431
v 21.39551492 -13.32412382 -32.71806684 0.43529412 0.89019608 0.96078431
v 21.21623806 -12.48006517 -33.36761138 0.43529412 0.89019608 0.96078431
v 21.98408509 -12.65334786 -32.69659409 0.43529412 0.89019608 0.96078431
v 22.47455883 -12.28442240 -32.53555053 0.43529412 0.89019608 0.96078431
v 22.50162108 -10.90933246 -33.26293275 0.43529412 0.89019608 0.96078431
v 23.11724928 -10.04850427 -33.19046325 0.43529412 0.89019608 0.96078431
v 26.12436665 -10.33358419 -30.51176439 0.43529412 0.89019608 0.96078431
v 26.69940570 -10.83666590 -29.68507172 0.43529412 0.89019608 0.96078431
v 25.72860446 -14.86690591 -28.01289880 0.43529412 0.89019608 0.96078431
v 26.70617126 -12.97196684 -28.27593584 0.43529412 0.89019608 0.96078431
v 27.12223014 -12.71483649 -27.98874089 0.43529412 0.89019608 0.96078431
v 28.14038609 -11.58569792 -27.59149913 0.43529412 0.89019608 0.96078431
v 31.02234689 -14.51474892 -21.30273011 0.43529412 0.89019608 0.96078431
v 25.87743839 -17.09723348 -26.01595149 0.43529412 0.89019608 0.96078431
v 31.16103459 -14.76070028 -20.87327921 0.43529412 0.89019608 0.96078431
v 31.76313377 -13.87192358 -20.66392195 0.43529412 0.89019608 0.96078431
v 32.37876409 -14.40295380 -19.09374250 0.43529412 0.89019608 0.96078431
v 33.34618465 -15.53209132 -15.97485636 0.43529412 0.89019608 0.96078431
v 33.19058516 -16.00163397 -15.76818320 0.43529412 0.89019608 0.96078431
v 33.30897617 -16.21963577 -15.23136958 0.43529412 0.89019608 0.96078431
v 33.76562420 -15.76127316 -14.75360603 0.43529412 0.89019608 0.96078431
v 33.60664193 -16.15814819 -14.51472373 0.43529412 0.89019608 0.96078431
v 33.23117431 -16.72271747 -14.51203964 0.43529412 0.89019608 0.96078431
v 32.45994661 -18.04749776 -13.90275652 0.43529412 0.89019608 0.96078431
v 19.46405973 20.81274164 -23.83648998 0.43529412 0.89019608 0.96078431
v 19.62980651 20.21463434 -24.74102033 0.43529412 0.89019608 0.96078431
v 18.75033509 20.82392062 -24.57460858 0.43529412 0.89019608 0.96078431
v 18.28015593 20.95248527 -24.79738525 0.43529412 0.89019608 0.96078431
v 28.05920356 19.35380616 -13.90275652 0.43529412 0.89019608 0.96078431
v 28.82028503 18.07933235 -15.49977691 0.43529412 0.89019608 0.96078431
v 28.36701977 18.29733520 -15.92654372 0.43529412 0.89019608 0.96078431
v 27.92728354 18.64949218 -15.92654372 0.43529412 0.89019608 0.96078431
v 26.39497437 18.34764274 -19.45072390 0.43529412 0.89019608 0.96078431
v 25.90788131 18.72774929 -19.46414332 0.43529412 0.89019608 0.96078431
v 26.14466333 18.20789700 -20.17005384 0.43529412 0.89019608 0.96078431
v 25.65080471 18.57682457 -20.17542097 0.43529412 0.89019608 0.96078431
v 25.22798238 18.75569675 -20.41698737 0.43529412 0.89019608 0.96078431
v 23.12739762 18.76687785 -23.27283541 0.43529412 0.89019608 0.96078431
v 21.83186838 19.56062791 -23.41509031 0.43529412 0.89019608 0.96078431
v 18.01293099 20.81274164 -25.26709652 0.43529412 0.89019608 0.96078431
v 18.34780734 19.58857748 -26.99026829 0.43529412 0.89019608 0.96078431
v 17.43112743 20.18109528 -26.81312017 0.43529412 0.89019608 0.96078431
v 17.84718421 19.68919256 -27.23183469 0.43529412 0.89019608 0.96078431
v 13.84897102 20.89099875 -28.23567547 0.43529412 0.89019608 0.96078431
v 17.57996031 19.54385943 -27.62102311 0.43529412 0.89019608 0.96078431
v 14.35297588 20.41586661 -28.53897499 0.43529412 0.89019608 0.96078431
v 13.99780495 20.22581333 -29.00600320 0.43529412 0.89019608 0.96078431
v 12.01222790 21.01397390 -29.09189212 0.43529412 0.89019608 0.96078431
v 11.52513589 21.10340999 -29.20730713 0.43529412 0.89019608 0.96078431
v 3.74519327 21.60649170 -29.66896716 0.43529412 0.89019608 0.96078431
v 11.52513589 20.79597105 -29.56160549 0.43529412 0.89019608 0.96078431
v 11.52513589 20.44381407 -29.93468935 0.43529412 0.89019608 0.96078431
v 10.47653543 18.81718539 -31.84037744 0.43529412 0.89019608 0.96078431
v 9.40425603 19.63888502 -31.25793421 0.43529412 0.89019608 0.96078431
v 8.69729590 19.68919256 -31.31698429 0.43529412 0.89019608 0.96078431
v 4.45215340 20.32642841 -31.23646357 0.43529412 0.89019608 0.96078431
v 4.45215340 20.68417699 -30.81774905 0.43529412 0.89019608 0.96078431
v 4.45215340 20.96366636 -30.46345069 0.43529412 0.89019608 0.96078431
v 3.03823314 21.61767069 -29.67970354 0.43529412 0.89019608 0.96078431
v 2.33127407 21.58413374 -29.63944317 0.43529412 0.89019608 0.96078431
v 2.33127407 -10.24973759 -40.35155559 0.43529412 0.89019608 0.96078431
v 2.82851337 -10.22178907 -40.34350225 0.43529412 0.89019608 0.96078431
v 2.33127407 -9.82491299 -40.48844336 0.43529412 0.89019608 0.96078431
v 5.86945644 -10.02055576 -40.27908610 0.43529412 0.89019608 0.96078431
v 6.57641552 -9.91993962 -40.24956000 0.43529412 0.89019608 0.96078431
v 7.23940265 -9.76901490 -40.21198268 0.43529412 0.89019608 0.96078431
v 7.99033577 -9.82491299 -40.09388463 0.43529412 0.89019608 0.96078431
v 9.78648815 -10.19942899 -39.62417126 0.43529412 0.89019608 0.96078431
v 8.69729590 -9.82491299 -39.97846962 0.43529412 0.89019608 0.96078431
v 11.52513589 -9.82491299 -39.32892509 0.43529412 0.89019608 0.96078431
v 12.05958420 -10.33917368 -38.97999703 0.43529412 0.89019608 0.96078431
v 12.23209655 -11.23913042 -38.54786098 0.43529412 0.89019608 0.96078431
v 12.90861270 -11.22236089 -38.32508430 0.43529412 0.89019608 0.96078431
v 13.39232193 -10.97641058 -38.24187843 0.43529412 0.89019608 0.96078431
v 16.95079993 -10.35035372 -36.84079377 0.43529412 0.89019608 0.96078431
v 17.18419812 -10.56276602 -36.66096260 0.43529412 0.89019608 0.96078431
v 13.86250109 -10.70251070 -38.13988284 0.43529412 0.89019608 0.96078431
v 13.23334071 -9.39449889 -38.88605477 0.43529412 0.89019608 0.96078431
v 17.93174951 -10.55717653 -36.28519359 0.43529412 0.89019608 0.96078431
v 18.36133741 -10.33917368 -36.14025249 0.43529412 0.89019608 0.96078431
v 18.59811838 -10.55717653 -35.91479278 0.43529412 0.89019608 0.96078431
v 20.93886583 -11.94344439 -33.86416358 0.43529412 0.89019608 0.96078431
v 21.21623806 -11.10497523 -34.05473323 0.43529412 0.89019608 0.96078431
v 21.06063962 -11.57451788 -33.95005460 0.43529412 0.89019608 0.96078431
v 21.68641722 -10.74163926 -33.89637272 0.43529412 0.89019608 0.96078431
v 22.09571054 -10.51804797 -33.71385640 0.43529412 0.89019608 0.96078431
v 22.62000998 -10.52922696 -33.34613862 0.43529412 0.89019608 0.96078431
v 22.86355546 -9.81932349 -33.47229001 0.43529412 0.89019608 0.96078431
v 23.24240585 -9.57896162 -33.29514188 0.43529412 0.89019608 0.96078431
v 25.36328519 -8.86346867 -31.88869114 0.43529412 0.89019608 0.96078431
v 26.81779671 -10.36153376 -29.81390615 0.43529412 0.89019608 0.96078431
v 26.59454581 -9.82491299 -30.28361952 0.43529412 0.89019608 0.96078431
v 27.46048716 -11.63600651 -28.32961773 0.43529412 0.89019608 0.96078431
v 27.32518435 -12.11113865 -28.17125721 0.43529412 0.89019608 0.96078431
v 26.85500519 -12.50242419 -28.43161331 0.43529412 0.89019608 0.96078431
v 27.48416452 -10.27209661 -29.07042147 0.43529412 0.89019608 0.96078431
v 28.24524598 -11.11615527 -27.70959928 0.43529412 0.89019608 0.96078431
v 28.70865958 -10.52922696 -27.39287825 0.43529412 0.89019608 0.96078431
v 28.87440742 -10.93728203 -26.92585003 0.43529412 0.89019608 0.96078431
v 30.45069273 -11.20559241 -24.41624806 0.43529412 0.89019608 0.96078431
v 31.61429984 -13.55330460 -21.13631836 0.43529412 0.89019608 0.96078431
v 32.39229521 -11.60805694 -21.24099699 0.43529412 0.89019608 0.96078431
v 33.87386476 -13.89987209 -16.44456868 0.43529412 0.89019608 0.96078431
v 33.77915533 -14.37500423 -16.23789551 0.43529412 0.89019608 0.96078431
v 33.69797280 -14.81100887 -15.97217227 0.43529412 0.89019608 0.96078431
v 33.76562420 -13.59802370 -16.91427994 0.43529412 0.89019608 0.96078431
v 33.68444167 -15.50973230 -15.25552643 0.43529412 0.89019608 0.96078431
v 33.83665628 -15.90101784 -14.28121068 0.43529412 0.89019608 0.96078431
v 33.87386476 -15.29173051 -15.04348507 0.43529412 0.89019608 0.96078431
v 34.45566937 -14.28556814 -14.69724110 0.43529412 0.89019608 0.96078431
v 34.52332078 -14.45885189 -14.22484469 0.43529412 0.89019608 0.96078431
v 33.88739589 -15.97927495 -13.90275652 0.43529412 0.89019608 0.96078431
v 33.66076431 -16.32584244 -13.90275652 0.43529412 0.89019608 0.96078431
v 20.94224861 19.44324225 -24.62828836 0.43529412 0.89019608 0.96078431
v 21.36845478 18.92339206 -25.05505621 0.43529412 0.89019608 0.96078431
v 21.09446427 18.82836437 -25.50061168 0.43529412 0.89019608 0.96078431
v 28.71204447 18.78364632 -13.90275652 0.43529412 0.89019608 0.96078431
v 28.95220716 17.50917463 -16.49288132 0.43529412 0.89019608 0.96078431
v 28.71881003 17.98989626 -15.92654372 0.43529412 0.89019608 0.96078431
v 28.75601851 18.72774929 -13.93764975 0.43529412 0.89019608 0.96078431
v 28.81351947 18.68303125 -13.90275652 0.43529412 0.89019608 0.96078431
v 29.06044983 18.43148934 -13.90275652 0.43529412 0.89019608 0.96078431
v 29.86550323 17.59861072 -13.90275652 0.43529412 0.89019608 0.96078431
v 30.13272818 17.31912135 -13.90275652 0.43529412 0.89019608 0.96078431
v 30.19023335 17.25763272 -13.90275652 0.43529412 0.89019608 0.96078431
v 29.64563722 16.78250058 -16.50898589 0.43529412 0.89019608 0.96078431
v 29.55430635 16.68747499 -16.97869820 0.43529412 0.89019608 0.96078431
v 28.23509975 18.17994954 -16.42578001 0.43529412 0.89019608 0.96078431
v 26.77720544 18.14641047 -19.20378932 0.43529412 0.89019608 0.96078431
v 26.64866820 18.03461431 -19.67618573 0.43529412 0.89019608 0.96078431
v 26.02965510 18.11287141 -20.53508647 0.43529412 0.89019608 0.96078431
v 23.89524465 18.10169243 -23.34530491 0.43529412 0.89019608 0.96078431
v 23.39462257 18.27497512 -23.70765345 0.43529412 0.89019608 0.96078431
v 23.23225751 18.14082098 -24.10758036 0.43529412 0.89019608 0.96078431
v 21.78112877 18.81718539 -24.77322946 0.43529412 0.89019608 0.96078431
v 20.65472909 18.92898156 -25.77170206 0.43529412 0.89019608 0.96078431
v 20.37735685 18.82277488 -26.19846781 0.43529412 0.89019608 0.96078431
v 21.20947250 18.20230751 -26.31925100 0.43529412 0.89019608 0.96078431
v 20.66825916 18.43148934 -26.49371609 0.43529412 0.89019608 0.96078431
v 20.48559952 18.19112852 -27.00368771 0.43529412 0.89019608 0.96078431
v 18.92284639 18.79482531 -27.57002637 0.43529412 0.89019608 0.96078431
v 18.05352225 19.41529268 -27.46266470 0.43529412 0.89019608 0.96078431
v 17.65437728 18.88426351 -28.38866780 0.43529412 0.89019608 0.96078431
v 17.11654672 18.97369960 -28.63560239 0.43529412 0.89019608 0.96078431
v 17.18419812 19.36498514 -28.09878771 0.43529412 0.89019608 0.96078431
v 16.83579170 18.81718539 -29.01137139 0.43529412 0.89019608 0.96078431
v 13.71704994 20.05252853 -29.36566765 0.43529412 0.89019608 0.96078431
v 13.08112399 20.14196673 -29.60186585 0.43529412 0.89019608 0.96078431
v 12.61094483 20.23699231 -29.72533209 0.43529412 0.89019608 0.96078431
v 3.74519327 21.30464226 -30.06889407 0.43529412 0.89019608 0.96078431
v 12.23209655 19.60534596 -30.51176439 0.43529412 0.89019608 0.96078431
v 11.52513589 19.73950220 -30.63791577 0.43529412 0.89019608 0.96078431
v 10.95009684 18.75010726 -31.77864432 0.43529412 0.89019608 0.96078431
v 10.43932695 18.10169243 -32.54091872 0.43529412 0.89019608 0.96078431
v 8.69729590 17.94517821 -33.08310158 0.43529412 0.89019608 0.96078431
v 8.69729590 19.00164917 -32.02557890 0.43529412 0.89019608 0.96078431
v 8.69729590 19.35380616 -31.67128054 0.43529412 0.89019608 0.96078431
v 7.99033577 18.34764274 -32.77979996 0.43529412 0.89019608 0.96078431
v 7.99033577 17.97871727 -33.13409832 0.43529412 0.89019608 0.96078431
v 7.99033577 17.62656029 -33.45081725 0.43529412 0.89019608 0.96078431
v 7.28337564 17.23527475 -33.81853503 0.43529412 0.89019608 0.96078431
v 4.45215340 19.91278490 -31.58807467 0.43529412 0.89019608 0.96078431
v 3.74519327 19.92396388 -31.58002344 0.43529412 0.89019608 0.96078431
v 3.74519327 20.32083891 -31.22841023 0.43529412 0.89019608 0.96078431
v 3.74519327 20.67858539 -30.83922180 0.43529412 0.89019608 0.96078431
v 3.74519327 20.98602433 -30.48492344 0.43529412 0.89019608 0.96078431
v 3.03823314 21.31582335 -30.06889407 0.43529412 0.89019608 0.96078431
v 2.57481955 20.96366636 -30.45003127 0.43529412 0.89019608 0.96078431
v 2.33127407 21.18725660 -30.11720566 0.43529412 0.89019608 0.96078431
v 2.33127407 -9.11500952 -40.67095756 0.43529412 0.89019608 0.96078431
v 5.86945644 -9.66839877 -40.37839443 0.43529412 0.89019608 0.96078431
v 6.57641552 -9.56778264 -40.34887044 0.43529412 0.89019608 0.96078431
v 6.97556049 -9.49511502 -40.33008284 0.43529412 0.89019608 0.96078431
v 7.99033577 -9.21562565 -40.26029638 0.43529412 0.89019608 0.96078431
v 8.62964450 -9.04793192 -40.20929964 0.43529412 0.89019608 0.96078431
v 9.40425603 -9.82491299 -39.82816244 0.43529412 0.89019608 0.96078431
v 11.07186958 -9.40567893 -39.59733243 0.43529412 0.89019608 0.96078431
v 9.40425603 -9.11500952 -40.04288578 0.43529412 0.89019608 0.96078431
v 11.55896159 -9.14854753 -39.54096539 0.43529412 0.89019608 0.96078431
v 12.26930503 -9.85286150 -39.07662232 0.43529412 0.89019608 0.96078431
v 12.93905562 -10.52922696 -38.58812134 0.43529412 0.89019608 0.96078431
v 12.26930503 -10.55717653 -38.81895136 0.43529412 0.89019608 0.96078431
v 17.42436187 -9.99819673 -36.73611514 0.43529412 0.89019608 0.96078431
v 12.23209655 -9.11500952 -39.32892509 0.43529412 0.89019608 0.96078431
v 12.97288132 -9.14295804 -39.05246652 0.43529412 0.89019608 0.96078431
v 12.93905562 -8.41069555 -39.26182378 0.43529412 0.89019608 0.96078431
v 13.37540908 -8.91936675 -38.95315608 0.43529412 0.89019608 0.96078431
v 16.08147580 -7.24801844 -38.18551350 0.43529412 0.89019608 0.96078431
v 17.84041970 -9.78578443 -36.58849100 0.43529412 0.89019608 0.96078431
v 18.59811838 -9.75224642 -36.19393438 0.43529412 0.89019608 0.96078431
v 18.83151657 -9.94229865 -36.00873503 0.43529412 0.89019608 0.96078431
v 21.13505554 -9.57337213 -34.71232900 0.43529412 0.89019608 0.96078431
v 21.83525116 -10.27209661 -33.99836830 0.43529412 0.89019608 0.96078431
v 22.31895933 -9.82491299 -33.84805901 0.43529412 0.89019608 0.96078431
v 22.44073313 -9.38331885 -33.93126489 0.43529412 0.89019608 0.96078431
v 23.35741408 -9.11500952 -33.37566471 0.43529412 0.89019608 0.96078431
v 23.94936493 -8.15356520 -33.28709065 0.43529412 0.89019608 0.96078431
v 24.72736030 -8.27095086 -32.64559735 0.43529412 0.89019608 0.96078431
v 24.83898575 -7.70079208 -32.74222475 0.43529412 0.89019608 0.96078431
v 25.19415667 -7.70079208 -32.42818886 0.43529412 0.89019608 0.96078431
v 25.44108493 -8.41069555 -31.96921397 0.43529412 0.89019608 0.96078431
v 26.92265660 -9.82491299 -29.93200631 0.43529412 0.89019608 0.96078431
v 27.27782752 -9.82491299 -29.52402817 0.43529412 0.89019608 0.96078431
v 26.68249390 -9.28270378 -30.37487662 0.43529412 0.89019608 0.96078431
v 27.44695603 -8.80198109 -29.73070028 0.43529412 0.89019608 0.96078431
v 27.56872983 -9.82491299 -29.17241495 0.43529412 0.89019608 0.96078431
v 28.35349076 -10.52922696 -27.84648494 0.43529412 0.89019608 0.96078431
v 28.79322700 -9.95347869 -27.52171267 0.43529412 0.89019608 0.96078431
v 28.94882438 -10.52922696 -27.03858199 0.43529412 0.89019608 0.96078431
v 28.21480306 -9.67957881 -28.39940418 0.43529412 0.89019608 0.96078431
v 30.93101813 -10.73045922 -23.98679716 0.43529412 0.89019608 0.96078431
v 32.22993015 -11.23913042 -21.70534006 0.43529412 0.89019608 0.96078431
v 32.45656383 -11.23913042 -21.35104381 0.43529412 0.89019608 0.96078431
v 34.62479999 -12.65334786 -15.81112871 0.43529412 0.89019608 0.96078431
v 34.34404392 -13.35207234 -15.90507096 0.43529412 0.89019608 0.96078431
v 33.88401521 -14.60418607 -15.76549910 0.43529412 0.89019608 0.96078431
v 34.46243493 -13.58125417 -15.44877912 0.43529412 0.89019608 0.96078431
v 33.77577044 -15.07372871 -15.51588148 0.43529412 0.89019608 0.96078431
v 34.11741235 -15.48737328 -13.90275652 0.43529412 0.89019608 0.96078431
v 34.00578690 -14.81100887 -15.25552643 0.43529412 0.89019608 0.96078431
v 34.35757505 -14.05638631 -15.21526606 0.43529412 0.89019608 0.96078431
v 34.54361746 -13.81602549 -14.97906786 0.43529412 0.89019608 0.96078431
v 34.59435707 -14.05638631 -14.48251565 0.43529412 0.89019608 0.96078431
v 35.31146449 -11.83164928 -14.51203964 0.43529412 0.89019608 0.96078431
v 35.64295595 -11.23913042 -13.90275652 0.43529412 0.89019608 0.96078431
v 34.70598252 -14.06756635 -13.90275652 0.43529412 0.89019608 0.96078431
v 34.54700024 -14.52033947 -13.90275652 0.43529412 0.89019608 0.96078431
v 34.17153263 -15.36998762 -13.90275652 0.43529412 0.89019608 0.96078431
v 21.56802621 18.66067117 -25.24562376 0.43529412 0.89019608 0.96078431
v 21.38874936 18.43148934 -25.78512148 0.43529412 0.89019608 0.96078431
v 20.85091879 18.67185015 -25.97032294 0.43529412 0.89019608 0.96078431
v 28.83719893 17.38619736 -16.96527773 0.43529412 0.89019608 0.96078431
v 29.10780666 16.94460429 -17.34104674 0.43529412 0.89019608 0.96078431
v 30.42363048 16.98932233 -13.90275652 0.43529412 0.89019608 0.96078431
v 30.82954102 16.51419019 -13.90275652 0.43529412 0.89019608 0.96078431
v 31.04264358 16.07259711 -14.32683923 0.43529412 0.89019608 0.96078431
v 30.29847391 16.03346856 -16.36404584 0.43529412 0.89019608 0.96078431
v 30.20376447 15.88813438 -16.83644225 0.43529412 0.89019608 0.96078431
v 29.73020042 16.21793234 -17.34104674 0.43529412 0.89019608 0.96078431
v 29.45959481 16.57008933 -17.34104674 0.43529412 0.89019608 0.96078431
v 28.96235340 16.80486065 -17.88054446 0.43529412 0.89019608 0.96078431
v 27.37592396 17.34706881 -19.69229030 0.43529412 0.89019608 0.96078431
v 27.45034092 16.70424347 -20.54850694 0.43529412 0.89019608 0.96078431
v 26.82117949 16.77691108 -21.35104381 0.43529412 0.89019608 0.96078431
v 25.27872198 17.36383939 -22.59376584 0.43529412 0.89019608 0.96078431
v 24.62926597 17.41973643 -23.38288118 0.43529412 0.89019608 0.96078431
v 23.97642718 17.46445447 -24.15052587 0.43529412 0.89019608 0.96078431
v 23.74979349 17.97312567 -23.70765345 0.43529412 0.89019608 0.96078431
v 21.87922520 18.19112852 -25.59992212 0.43529412 0.89019608 0.96078431
v 23.78023642 17.29676127 -24.62292017 0.43529412 0.89019608 0.96078431
v 23.31005726 17.49799353 -24.89669570 0.43529412 0.89019608 0.96078431
v 21.67965166 18.02343532 -26.07231642 0.43529412 0.89019608 0.96078431
v 21.47331467 17.78866400 -26.58229015 0.43529412 0.89019608 0.96078431
v 20.95577868 18.02343532 -26.79164741 0.43529412 0.89019608 0.96078431
v 20.20484556 18.00666474 -27.47608412 0.43529412 0.89019608 0.96078431
v 18.97696772 18.12405040 -28.32156650 0.43529412 0.89019608 0.96078431
v 18.25309474 17.40296795 -29.72264905 0.43529412 0.89019608 0.96078431
v 18.44928445 18.94575003 -27.73912327 0.43529412 0.89019608 0.96078431
v 16.93050430 17.45886498 -30.48224040 0.43529412 0.89019608 0.96078431
v 14.04854350 19.54944893 -29.74948999 0.43529412 0.89019608 0.96078431
v 13.64601575 19.65565350 -29.85416862 0.43529412 0.89019608 0.96078431
v 13.08450677 19.43765276 -30.33729930 0.43529412 0.89019608 0.96078431
v 12.61094483 19.53267834 -30.43392670 0.43529412 0.89019608 0.96078431
v 12.29636517 19.15816339 -30.91705949 0.43529412 0.89019608 0.96078431
v 11.52513589 19.38175362 -30.99221202 0.43529412 0.89019608 0.96078431
v 11.52513589 19.02400714 -31.32772067 0.43529412 0.89019608 0.96078431
v 12.93905562 16.92224632 -32.74759293 0.43529412 0.89019608 0.96078431
v 8.69729590 17.59302123 -33.42129327 0.43529412 0.89019608 0.96078431
v 11.92428086 16.70983296 -33.26561790 0.43529412 0.89019608 0.96078431
v 11.52513589 16.77691108 -33.33003616 0.43529412 0.89019608 0.96078431
v 9.23512647 16.76014261 -34.01178772 0.43529412 0.89019608 0.96078431
v 7.99033577 17.20173569 -33.80511561 0.43529412 0.89019608 0.96078431
v 7.28337564 16.88311776 -34.10841512 0.43529412 0.89019608 0.96078431
v 6.57641552 16.88311776 -34.11646635 0.43529412 0.89019608 0.96078431
v 4.45215340 16.10613617 -34.77943031 0.43529412 0.89019608 0.96078431
v 2.58496684 19.53826783 -31.85111382 0.43529412 0.89019608 0.96078431
v 3.74519327 15.33474408 -35.41823846 0.43529412 0.89019608 0.96078431
v 2.33127407 20.23699231 -31.14520435 0.43529412 0.89019608 0.96078431
v 3.03823314 20.98602433 -30.47955525 0.43529412 0.89019608 0.96078431
v 2.33465580 20.64504844 -30.72112165 0.43529412 0.89019608 0.96078431
v 2.33127407 20.64504844 -30.71843650 0.43529412 0.89019608 0.96078431
v 2.33127407 -8.41069555 -40.84005446 0.43529412 0.89019608 0.96078431
v 3.03823314 -8.41069555 -40.80516229 0.43529412 0.89019608 0.96078431
v 5.86945644 -9.11500952 -40.49380944 0.43529412 0.89019608 0.96078431
v 7.23940265 -9.12059901 -40.37571139 0.43529412 0.89019608 0.96078431
v 7.99033577 -8.86346867 -40.34887044 0.43529412 0.89019608 0.96078431
v 8.35227226 -8.76844255 -40.32471254 0.43529412 0.89019608 0.96078431
v 8.82245142 -8.57279978 -40.28445218 0.43529412 0.89019608 0.96078431
v 9.36704755 -8.36597698 -40.22808725 0.43529412 0.89019608 0.96078431
v 11.34585904 -8.93054626 -39.66443373 0.43529412 0.89019608 0.96078431
v 10.81817576 -8.41069555 -39.91136832 0.43529412 0.89019608 0.96078431
v 11.81603820 -8.69018545 -39.59733243 0.43529412 0.89019608 0.96078431
v 17.56981302 -9.52865408 -36.80321855 0.43529412 0.89019608 0.96078431
v 12.23209655 -8.43864459 -39.51680959 0.43529412 0.89019608 0.96078431
v 11.99531505 -8.22064280 -39.65638040 0.43529412 0.89019608 0.96078431
v 12.13738342 -7.70079208 -39.72079866 0.43529412 0.89019608 0.96078431
v 13.20966335 -6.45985787 -39.58391090 0.43529412 0.89019608 0.96078431
v 18.92961195 -6.55488451 -36.77369457 0.43529412 0.89019608 0.96078431
v 18.95328931 -9.47275600 -36.08120452 0.43529412 0.89019608 0.96078431
v 13.31452324 -5.99031522 -39.62417126 0.43529412 0.89019608 0.96078431
v 15.77027892 -6.28657412 -38.48075967 0.43529412 0.89019608 0.96078431
v 16.16604111 -6.77847632 -38.22308871 0.43529412 0.89019608 0.96078431
v 16.60577629 -6.28657412 -38.09157125 0.43529412 0.89019608 0.96078431
v 18.11102637 -5.58226068 -37.42860519 0.43529412 0.89019608 0.96078431
v 20.67164194 -9.09265050 -35.15788446 0.43529412 0.89019608 0.96078431
v 21.25006377 -9.11500952 -34.78748364 0.43529412 0.89019608 0.96078431
v 22.80605240 -9.13177905 -33.75948495 0.43529412 0.89019608 0.96078431
v 22.55235857 -8.90818724 -34.00373649 0.43529412 0.89019608 0.96078431
v 24.04407858 -7.70079208 -33.36224319 0.43529412 0.89019608 0.96078431
v 24.39924951 -7.70079208 -33.09652100 0.43529412 0.89019608 0.96078431
v 24.49734383 -6.99647811 -33.16899049 0.43529412 0.89019608 0.96078431
v 25.00134870 -6.95734956 -32.76906569 0.43529412 0.89019608 0.96078431
v 25.32945948 -6.70021921 -32.55702328 0.43529412 0.89019608 0.96078431
v 25.26857364 -7.16976133 -32.50065835 0.43529412 0.89019608 0.96078431
v 26.04656690 -6.74493726 -31.86721838 0.43529412 0.89019608 0.96078431
v 25.98229828 -7.21447991 -31.79474889 0.43529412 0.89019608 0.96078431
v 27.36915839 -9.27152374 -29.63675802 0.43529412 0.89019608 0.96078431
v 27.50446120 -8.41069555 -29.78975035 0.43529412 0.89019608 0.96078431
v 28.18436014 -8.18151424 -29.05699995 0.43529412 0.89019608 0.96078431
v 27.63976401 -9.07029095 -29.38445525 0.43529412 0.89019608 0.96078431
v 28.03552621 -9.11500952 -28.86911544 0.43529412 0.89019608 0.96078431
v 30.21052793 -9.99260724 -25.40666943 0.43529412 0.89019608 0.96078431
v 28.87440742 -7.42689221 -28.33498591 0.43529412 0.89019608 0.96078431
v 30.97160939 -8.76844255 -24.77054431 0.43529412 0.89019608 0.96078431
v 30.44392717 -9.78578443 -25.14899847 0.43529412 0.89019608 0.96078431
v 30.36951020 -10.52922696 -24.92085149 0.43529412 0.89019608 0.96078431
v 30.74835849 -10.51245743 -24.36256617 0.43529412 0.89019608 0.96078431
v 30.83292380 -9.82491299 -24.54239944 0.43529412 0.89019608 0.96078431
v 32.47009285 -9.70193783 -22.08110907 0.43529412 0.89019608 0.96078431
v 35.23366474 -10.94846101 -15.60982373 0.43529412 0.89019608 0.96078431
v 34.73304266 -12.01611201 -15.99632912 0.43529412 0.89019608 0.96078431
v 32.56818928 -10.52922696 -21.52013860 0.43529412 0.89019608 0.96078431
v 33.01130830 -9.82491299 -21.03969096 0.43529412 0.89019608 0.96078431
v 35.16263056 -11.42359421 -15.43267455 0.43529412 0.89019608 0.96078431
v 34.54023468 -13.11171152 -15.65545228 0.43529412 0.89019608 0.96078431
v 34.84805089 -12.65334786 -15.22063320 0.43529412 0.89019608 0.96078431
v 34.61803443 -13.35207234 -15.21526606 0.43529412 0.89019608 0.96078431
v 35.24719376 -11.68631405 -14.96027920 0.43529412 0.89019608 0.96078431
v 35.50088758 -11.23913042 -14.51203964 0.43529412 0.89019608 0.96078431
v 35.83914882 -10.55717653 -13.90275652 0.43529412 0.89019608 0.96078431
v 31.11706054 16.16762375 -13.90275652 0.43529412 0.89019608 0.96078431
v 31.47561425 15.66454204 -13.90275652 0.43529412 0.89019608 0.96078431
v 31.54664844 15.56392591 -13.90275652 0.43529412 0.89019608 0.96078431
v 31.23545155 15.68131157 -14.54156468 0.43529412 0.89019608 0.96078431
v 31.02573178 15.35151361 -15.71181827 0.43529412 0.89019608 0.96078431
v 30.93101813 15.22294896 -16.18421362 0.43529412 0.89019608 0.96078431
v 30.25450197 13.84785903 -19.77549617 0.43529412 0.89019608 0.96078431
v 29.67608014 14.00996379 -20.72834022 0.43529412 0.89019608 0.96078431
v 29.61180941 16.06141707 -17.80539086 0.43529412 0.89019608 0.96078431
v 29.22281278 16.35767598 -18.07916534 0.43529412 0.89019608 0.96078431
v 28.81690435 16.65393593 -18.35293981 0.43529412 0.89019608 0.96078431
v 27.55858148 16.83839972 -20.17005384 0.43529412 0.89019608 0.96078431
v 29.52724621 13.82550000 -21.19805148 0.43529412 0.89019608 0.96078431
v 27.29474143 16.52537128 -21.01821820 0.43529412 0.89019608 0.96078431
v 26.75352808 14.60248159 -24.09684398 0.43529412 0.89019608 0.96078431
v 24.51764052 16.59803679 -24.63902474 0.43529412 0.89019608 0.96078431
v 25.34299061 16.72101405 -23.38556633 0.43529412 0.89019608 0.96078431
v 25.12650527 17.21850416 -22.99906094 0.43529412 0.89019608 0.96078431
v 24.24703279 17.03404249 -24.39477530 0.43529412 0.89019608 0.96078431
v 21.73715683 17.36383939 -26.84801234 0.43529412 0.89019608 0.96078431
v 24.04407858 16.82162913 -24.92890483 0.43529412 0.89019608 0.96078431
v 21.05725684 16.68188550 -28.28935736 0.43529412 0.89019608 0.96078431
v 19.78540496 17.49240404 -28.41014056 0.43529412 0.89019608 0.96078431
v 18.49664127 16.96696436 -29.99105638 0.43529412 0.89019608 0.96078431
v 18.26324308 16.70424347 -30.43392670 0.43529412 0.89019608 0.96078431
v 14.08913372 18.15199997 -31.18009653 0.43529412 0.89019608 0.96078431
v 18.22603460 15.97198098 -31.12104856 0.43529412 0.89019608 0.96078431
v 16.84594004 15.99434000 -31.84574563 0.43529412 0.89019608 0.96078431
v 15.45231542 16.70983296 -31.85379897 0.43529412 0.89019608 0.96078431
v 13.64601575 19.30908811 -30.20846487 0.43529412 0.89019608 0.96078431
v 12.10355772 18.91780257 -31.21499081 0.43529412 0.89019608 0.96078431
v 13.48365175 16.79927116 -32.64559735 0.43529412 0.89019608 0.96078431
v 12.93905562 16.47506164 -33.10188919 0.43529412 0.89019608 0.96078431
v 8.69729590 17.16819662 -33.77290648 0.43529412 0.89019608 0.96078431
v 11.52513589 15.12792232 -34.56470696 0.43529412 0.89019608 0.96078431
v 10.60169095 15.33474408 -34.70964596 0.43529412 0.89019608 0.96078431
v 10.11121616 16.24587981 -34.16478005 0.43529412 0.89019608 0.96078431
v 10.11121616 15.77633821 -34.51907631 0.43529412 0.89019608 0.96078431
v 10.11121616 15.42418123 -34.76332785 0.43529412 0.89019608 0.96078431
v 7.99033577 14.82048338 -35.55244319 0.43529412 0.89019608 0.96078431
v 8.69729590 16.81603964 -34.05473323 0.43529412 0.89019608 0.96078431
v 7.28337564 15.23971744 -35.34308593 0.43529412 0.89019608 0.96078431
v 4.45215340 15.31797455 -35.40481904 0.43529412 0.89019608 0.96078431
v 2.33127407 19.80098873 -31.56391887 0.43529412 0.89019608 0.96078431
v 2.33127407 15.22294896 -35.33234955 0.43529412 0.89019608 0.96078431
v 3.74519327 14.92109952 -35.68396276 0.43529412 0.89019608 0.96078431
v 2.33127407 14.02114277 -36.19661953 0.43529412 0.89019608 0.96078431
v 7.28337564 14.36771027 -35.94699980 0.43529412 0.89019608 0.96078431
v 5.60223150 13.16590513 -36.79516522 0.43529412 0.89019608 0.96078431
v 2.33127407 20.33202001 -31.04589391 0.43529412 0.89019608 0.96078431
v 2.33127407 -7.67284304 -40.98231041 0.43529412 0.89019608 0.96078431
v 3.03823314 -7.70079208 -40.93399671 0.43529412 0.89019608 0.96078431
v 3.74519327 -7.70079208 -40.88031482 0.43529412 0.89019608 0.96078431
v 7.99033577 -5.58226068 -40.88031482 0.43529412 0.89019608 0.96078431
v 8.69729590 -6.28657412 -40.67901090 0.43529412 0.89019608 0.96078431
v 8.62964450 -8.36597698 -40.35423863 0.43529412 0.89019608 0.96078431
v 9.10658816 -8.09766712 -40.33276588 0.43529412 0.89019608 0.96078431
v 10.77081999 -6.94058003 -40.23077029 0.43529412 0.89019608 0.96078431
v 10.81817576 -7.70079208 -40.06704369 0.43529412 0.89019608 0.96078431
v 11.52513589 -7.70079208 -39.91941955 0.43529412 0.89019608 0.96078431
v 11.55896159 -8.43864459 -39.73422019 0.43529412 0.89019608 0.96078431
v 11.52513589 -6.99647811 -40.05093912 0.43529412 0.89019608 0.96078431
v 12.23209655 -6.28657412 -39.95162868 0.43529412 0.89019608 0.96078431
v 12.95935125 -6.25303559 -39.71274744 0.43529412 0.89019608 0.96078431
v 19.25772168 -6.30893367 -36.61801709 0.43529412 0.89019608 0.96078431
v 21.82510281 -8.16474471 -34.69890958 0.43529412 0.89019608 0.96078431
v 20.84077150 -8.41069555 -35.23572215 0.43529412 0.89019608 0.96078431
v 20.48559952 -8.41069555 -35.44507941 0.43529412 0.89019608 0.96078431
v 20.40441805 -8.84110964 -35.39676571 0.43529412 0.89019608 0.96078431
v 12.23209655 -5.58226068 -40.05362216 0.43529412 0.89019608 0.96078431
v 12.93905562 -5.58226068 -39.80668969 0.43529412 0.89019608 0.96078431
v 13.34496616 -5.58226068 -39.64027794 0.43529412 0.89019608 0.96078431
v 15.25612571 -4.87235668 -38.84579441 0.43529412 0.89019608 0.96078431
v 17.18419812 -4.87235668 -37.99225870 0.43529412 0.89019608 0.96078431
v 16.70725445 -5.58226068 -38.14525103 0.43529412 0.89019608 0.96078431
v 16.25398815 -6.28657412 -38.25798299 0.43529412 0.89019608 0.96078431
v 17.86409811 -4.87235668 -37.66748643 0.43529412 0.89019608 0.96078431
v 18.21588626 -4.87235668 -37.47960193 0.43529412 0.89019608 0.96078431
v 18.59811838 -5.58226068 -37.13604205 0.43529412 0.89019608 0.96078431
v 23.49609967 -7.67284304 -33.73532916 0.43529412 0.89019608 0.96078431
v 23.22549195 -7.41571269 -33.97689555 0.43529412 0.89019608 0.96078431
v 23.63140248 -6.99647811 -33.79169409 0.43529412 0.89019608 0.96078431
v 24.14555569 -6.99647811 -33.43739783 0.43529412 0.89019608 0.96078431
v 25.37681631 -6.28657412 -32.59728575 0.43529412 0.89019608 0.96078431
v 25.72860446 -6.28657412 -32.25909196 0.43529412 0.89019608 0.96078431
v 26.08377538 -6.28657412 -31.90479571 0.43529412 0.89019608 0.96078431
v 27.45372160 -6.01826426 -30.44197793 0.43529412 0.89019608 0.96078431
v 26.72646794 -6.64432113 -31.12909979 0.43529412 0.89019608 0.96078431
v 27.93743188 -7.70079208 -29.47839961 0.43529412 0.89019608 0.96078431
v 28.23848253 -7.70079208 -29.12410125 0.43529412 0.89019608 0.96078431
v 28.66130486 -6.99647811 -28.75906862 0.43529412 0.89019608 0.96078431
v 28.92176424 -6.99647811 -28.40477237 0.43529412 0.89019608 0.96078431
v 31.60753639 -6.28657412 -24.65512930 0.43529412 0.89019608 0.96078431
v 32.55804094 -9.11500952 -22.20457636 0.43529412 0.89019608 0.96078431
v 30.91072144 -9.24357522 -24.66855083 0.43529412 0.89019608 0.96078431
v 32.93350645 -9.12059901 -21.54966469 0.43529412 0.89019608 0.96078431
v 35.47382955 -10.52922696 -15.22063320 0.43529412 0.89019608 0.96078431
v 35.30469893 -11.20559241 -15.20452968 0.43529412 0.89019608 0.96078431
v 34.70598252 -9.86404154 -17.38936044 0.43529412 0.89019608 0.96078431
v 34.93261409 -9.11500952 -17.34104674 0.43529412 0.89019608 0.96078431
v 35.20660460 -8.72931400 -16.96527773 0.43529412 0.89019608 0.96078431
v 35.63619250 -9.82491299 -15.22063320 0.43529412 0.89019608 0.96078431
v 33.06881136 -9.36096088 -21.17926282 0.43529412 0.89019608 0.96078431
v 35.08483081 -11.93226541 -15.20452968 0.43529412 0.89019608 0.96078431
v 35.68692999 -10.52922696 -14.51203964 0.43529412 0.89019608 0.96078431
v 35.91018089 -10.10999290 -14.10942969 0.43529412 0.89019608 0.96078431
v 35.93385825 -10.21619853 -13.90275652 0.43529412 0.89019608 0.96078431
v 35.86620685 -10.46214989 -13.90275652 0.43529412 0.89019608 0.96078431
v 31.86123021 15.02730619 -13.90275652 0.43529412 0.89019608 0.96078431
v 31.66842223 15.25648697 -14.13090244 0.43529412 0.89019608 0.96078431
v 31.18471195 14.96022807 -15.93996419 0.43529412 0.89019608 0.96078431
v 31.05617470 14.70868721 -16.63513727 0.43529412 0.89019608 0.96078431
v 31.68533403 13.87580860 -16.29426044 0.43529412 0.89019608 0.96078431
v 31.69886515 13.19944314 -17.03237904 0.43529412 0.89019608 0.96078431
v 30.36274464 13.37272689 -20.04121836 0.43529412 0.89019608 0.96078431
v 30.18684846 13.56836966 -20.23447105 0.43529412 0.89019608 0.96078431
v 29.82153130 13.55719067 -20.92964414 0.43529412 0.89019608 0.96078431
v 26.72646794 13.85903907 -24.76517612 0.43529412 0.89019608 0.96078431
v 29.64563722 13.35595736 -21.34030743 0.43529412 0.89019608 0.96078431
v 26.71631960 11.00824517 -26.87485329 0.43529412 0.89019608 0.96078431
v 26.06348081 11.10327075 -27.65054921 0.43529412 0.89019608 0.96078431
v 26.07362704 13.92052664 -25.53282081 0.43529412 0.89019608 0.96078431
v 23.20519737 14.58012257 -28.31351316 0.43529412 0.89019608 0.96078431
v 24.75780322 15.44095076 -25.65091886 0.43529412 0.89019608 0.96078431
v 24.72736030 16.12849520 -24.91816845 0.43529412 0.89019608 0.96078431
v 24.28762406 16.37444656 -25.15973484 0.43529412 0.89019608 0.96078431
v 22.46779327 16.67629390 -26.86680206 0.43529412 0.89019608 0.96078431
v 23.83097602 16.62039687 -25.39861609 0.43529412 0.89019608 0.96078431
v 22.48470717 15.98315997 -27.59686732 0.43529412 0.89019608 0.96078431
v 21.78112877 15.98875051 -28.30277678 0.43529412 0.89019608 0.96078431
v 21.28388947 15.48007931 -29.19120256 0.43529412 0.89019608 0.96078431
v 21.03019565 15.94962196 -28.97647711 0.43529412 0.89019608 0.96078431
v 19.01755898 16.04464860 -30.47418706 0.43529412 0.89019608 0.96078431
v 18.73680397 16.51419019 -30.25946161 0.43529412 0.89019608 0.96078431
v 19.03108905 16.76014261 -29.78975035 0.43529412 0.89019608 0.96078431
v 18.54061426 16.30177894 -30.59765541 0.43529412 0.89019608 0.96078431
v 18.17529499 15.22853846 -31.80011708 0.43529412 0.89019608 0.96078431
v 17.12331228 15.61982400 -32.01215738 0.43529412 0.89019608 0.96078431
v 16.72754903 15.23412795 -32.51407777 0.43529412 0.89019608 0.96078431
v 13.34496616 16.02228852 -33.27366912 0.43529412 0.89019608 0.96078431
v 12.00546287 14.65837968 -34.72038234 0.43529412 0.89019608 0.96078431
v 11.52513589 14.77576534 -34.79553487 0.43529412 0.89019608 0.96078431
v 10.28034467 14.50186546 -35.33234955 0.43529412 0.89019608 0.96078431
v 10.53742127 13.19385365 -36.10536032 0.43529412 0.89019608 0.96078431
v 10.07062490 14.85961194 -35.14446504 0.43529412 0.89019608 0.96078431
v 9.80678379 14.58571206 -35.38334629 0.43529412 0.89019608 0.96078431
v 7.85503296 13.95406570 -36.14025249 0.43529412 0.89019608 0.96078431
v 7.28337564 14.88197096 -35.59538659 0.43529412 0.89019608 0.96078431
v 5.47707598 13.16590513 -36.79516522 0.43529412 0.89019608 0.96078431
v 3.74519327 14.42360835 -35.99262835 0.43529412 0.89019608 0.96078431
v 2.33127407 13.50688208 -36.52407484 0.43529412 0.89019608 0.96078431
v 7.28337564 14.01555328 -36.17782982 0.43529412 0.89019608 0.96078431
v 6.07241065 13.12118603 -36.77100942 0.43529412 0.89019608 0.96078431
v 5.16249631 10.42131686 -38.25798299 0.43529412 0.89019608 0.96078431
v 4.45215340 10.44367588 -38.27408545 0.43529412 0.89019608 0.96078431
v 2.33127407 -5.58226068 -41.21314253 0.43529412 0.89019608 0.96078431
v 3.03823314 -5.58226068 -41.19703586 0.43529412 0.89019608 0.96078431
v 3.74519327 -6.23626606 -41.07625477 0.43529412 0.89019608 0.96078431
v 4.25934648 -6.13005990 -41.05746295 0.43529412 0.89019608 0.96078431
v 4.45215340 -4.16804271 -41.23729622 0.43529412 0.89019608 0.96078431
v 7.99033577 -4.87235668 -40.93668186 0.43529412 0.89019608 0.96078431
v 8.69729590 -5.58226068 -40.78368953 0.43529412 0.89019608 0.96078431
v 10.50021279 -6.67227017 -40.33008284 0.43529412 0.89019608 0.96078431
v 10.95009684 -6.28657412 -40.28445218 0.43529412 0.89019608 0.96078431
v 11.52513589 -6.28657412 -40.15293471 0.43529412 0.89019608 0.96078431
v 20.71561598 -5.58226068 -35.83426994 0.43529412 0.89019608 0.96078431
v 11.52513589 -5.58226068 -40.22808725 0.43529412 0.89019608 0.96078431
v 12.23209655 -4.87235668 -40.09388463 0.43529412 0.89019608 0.96078431
v 12.93905562 -3.45813925 -39.92478774 0.43529412 0.89019608 0.96078431
v 13.48026897 -3.45813925 -39.72079866 0.43529412 0.89019608 0.96078431
v 16.84594004 -3.89973285 -38.20966929 0.43529412 0.89019608 0.96078431
v 17.12331228 -4.14568369 -38.06741334 0.43529412 0.89019608 0.96078431
v 17.96219244 -4.22953055 -37.65406701 0.43529412 0.89019608 0.96078431
v 18.24294745 -4.51460994 -37.49302345 0.43529412 0.89019608 0.96078431
v 21.25682933 -5.58226068 -35.49876130 0.43529412 0.89019608 0.96078431
v 20.91518847 -3.45813925 -35.99531350 0.43529412 0.89019608 0.96078431
v 21.42257506 -3.45813925 -35.67322638 0.43529412 0.89019608 0.96078431
v 23.83097602 -4.87235668 -33.91784547 0.43529412 0.89019608 0.96078431
v 24.96075743 -6.28657412 -32.91132164 0.43529412 0.89019608 0.96078431
v 23.88171352 -4.29660815 -33.94737156 0.43529412 0.89019608 0.96078431
v 24.25379836 -4.87235668 -33.60380958 0.43529412 0.89019608 0.96078431
v 24.70706361 -4.16804271 -33.33540224 0.43529412 0.89019608 0.96078431
v 25.09267957 -3.45813925 -33.07236520 0.43529412 0.89019608 0.96078431
v 25.40725923 -5.58226068 -32.62949278 0.43529412 0.89019608 0.96078431
v 25.81316977 -4.16804271 -32.36377059 0.43529412 0.89019608 0.96078431
v 26.15480957 -4.87235668 -31.97189701 0.43529412 0.89019608 0.96078431
v 27.52137300 -4.87235668 -30.51444953 0.43529412 0.89019608 0.96078431
v 27.48078384 -5.58226068 -30.47418706 0.43529412 0.89019608 0.96078431
v 28.16068278 -5.31953978 -29.73606847 0.43529412 0.89019608 0.96078431
v 28.72895626 -6.28657412 -28.84764269 0.43529412 0.89019608 0.96078431
v 28.37716812 -6.28657412 -29.27172539 0.43529412 0.89019608 0.96078431
v 28.97588452 -6.28657412 -28.49334643 0.43529412 0.89019608 0.96078431
v 31.66842223 -5.58226068 -24.75443974 0.43529412 0.89019608 0.96078431
v 31.88828824 -5.58226068 -24.40014349 0.43529412 0.89019608 0.96078431
v 32.98086538 -8.41069555 -21.72949586 0.43529412 0.89019608 0.96078431
v 33.11954886 -8.89141771 -21.28930963 0.43529412 0.89019608 0.96078431
v 35.85606061 -9.85286150 -14.53888058 0.43529412 0.89019608 0.96078431
v 35.25395932 -8.25418133 -17.05653589 0.43529412 0.89019608 0.96078431
v 36.44801146 -6.99647811 -14.51203964 0.43529412 0.89019608 0.96078431
v 36.60699373 -6.99647811 -14.08258874 0.43529412 0.89019608 0.96078431
v 35.90680022 -9.23798468 -14.79118335 0.43529412 0.89019608 0.96078431
v 36.66788168 -6.99647811 -13.90275652 0.43529412 0.89019608 0.96078431
v 32.44303482 13.97083523 -13.90275652 0.43529412 0.89019608 0.96078431
v 32.39906077 13.88698758 -14.18995147 0.43529412 0.89019608 0.96078431
v 32.49377232 13.47893356 -14.46104290 0.43529412 0.89019608 0.96078431
v 32.37199852 12.41128257 -16.23789551 0.43529412 0.89019608 0.96078431
v 32.38891243 11.04178318 -17.70071223 0.43529412 0.89019608 0.96078431
v 32.42611880 8.30278545 -19.89091118 0.43529412 0.89019608 0.96078431
v 30.25788475 13.02056990 -20.51092962 0.43529412 0.89019608 0.96078431
v 31.67180290 8.17980924 -21.21952423 0.43529412 0.89019608 0.96078431
v 29.62872332 7.64877902 -24.87253990 0.43529412 0.89019608 0.96078431
v 28.84058171 7.46431629 -26.16625867 0.43529412 0.89019608 0.96078431
v 25.27195642 9.49900109 -29.67702050 0.43529412 0.89019608 0.96078431
v 25.39711089 11.14239931 -28.38329961 0.43529412 0.89019608 0.96078431
v 24.61573485 12.46159116 -28.31083012 0.43529412 0.89019608 0.96078431
v 23.12063206 13.75283344 -28.94158494 0.43529412 0.89019608 0.96078431
v 22.86693824 14.27827312 -28.82885508 0.43529412 0.89019608 0.96078431
v 22.47117605 14.55776354 -28.99794987 0.43529412 0.89019608 0.96078431
v 22.77222669 14.85961194 -28.45040092 0.43529412 0.89019608 0.96078431
v 22.49485551 15.28443654 -28.31083012 0.43529412 0.89019608 0.96078431
v 22.19380487 14.98258709 -28.85569392 0.43529412 0.89019608 0.96078431
v 21.00313551 15.20058889 -29.66359897 0.43529412 0.89019608 0.96078431
v 20.52957357 15.42418123 -29.84611528 0.43529412 0.89019608 0.96078431
v 19.75834482 15.36269365 -30.50102801 0.43529412 0.89019608 0.96078431
v 19.44038132 15.06643475 -30.97342442 0.43529412 0.89019608 0.96078431
v 19.67716229 14.59689210 -31.14520435 0.43529412 0.89019608 0.96078431
v 20.37397513 13.87580860 -31.13715102 0.43529412 0.89019608 0.96078431
v 18.30383329 13.92611613 -32.58386423 0.43529412 0.89019608 0.96078431
v 18.02307933 14.39565878 -32.42818886 0.43529412 0.89019608 0.96078431
v 17.54951739 14.58012257 -32.55165509 0.43529412 0.89019608 0.96078431
v 17.18419812 15.07761373 -32.40403095 0.43529412 0.89019608 0.96078431
v 17.18419812 14.72545675 -32.63754612 0.43529412 0.89019608 0.96078431
v 12.68197902 13.21621267 -35.41287238 0.43529412 0.89019608 0.96078431
v 11.13613873 11.72932762 -36.78174580 0.43529412 0.89019608 0.96078431
v 10.11121616 12.24917886 -36.69316963 0.43529412 0.89019608 0.96078431
v 10.11121616 12.80256811 -36.39255526 0.43529412 0.89019608 0.96078431
v 9.40425603 12.36656452 -36.74953667 0.43529412 0.89019608 0.96078431
v 7.99033577 10.12505796 -38.11035885 0.43529412 0.89019608 0.96078431
v 7.28337564 10.20890456 -38.15330437 0.43529412 0.89019608 0.96078431
v 2.33127407 13.10441755 -36.76295819 0.43529412 0.89019608 0.96078431
v 4.45215340 9.97413323 -38.51028577 0.43529412 0.89019608 0.96078431
v 5.16249631 8.96797087 -38.93436637 0.43529412 0.89019608 0.96078431
v 4.45215340 9.37043539 -38.79211252 0.43529412 0.89019608 0.96078431
v 3.74519327 9.00709942 -38.95583912 0.43529412 0.89019608 0.96078431
v 2.65261930 10.33746920 -38.20698625 0.43529412 0.89019608 0.96078431
v 2.33127407 -4.87235668 -41.25071775 0.43529412 0.89019608 0.96078431
v 3.03823314 -4.87235668 -41.25608383 0.43529412 0.89019608 0.96078431
v 4.45215340 -3.45813925 -41.28829296 0.43529412 0.89019608 0.96078431
v 8.69729590 -2.04392155 -40.93936701 0.43529412 0.89019608 0.96078431
v 9.40425603 -2.75382528 -40.80516229 0.43529412 0.89019608 0.96078431
v 10.11121616 -2.75382528 -40.66559148 0.43529412 0.89019608 0.96078431
v 11.29512048 -4.16804271 -40.35155559 0.43529412 0.89019608 0.96078431
v 11.38306752 -3.45813925 -40.37034320 0.43529412 0.89019608 0.96078431
v 11.73823845 -3.45813925 -40.28982247 0.43529412 0.89019608 0.96078431
v 12.23209655 -2.75382528 -40.16367109 0.43529412 0.89019608 0.96078431
v 12.93905562 -2.75382528 -39.94357745 0.43529412 0.89019608 0.96078431
v 13.49718287 -2.75382528 -39.72348381 0.43529412 0.89019608 0.96078431
v 16.84594004 -3.72644911 -38.20966929 0.43529412 0.89019608 0.96078431
v 18.25309474 -3.45813925 -37.50107468 0.43529412 0.89019608 0.96078431
v 18.24971196 -4.03947754 -37.49839164 0.43529412 0.89019608 0.96078431
v 20.95239695 -2.75382528 -36.02215445 0.43529412 0.89019608 0.96078431
v 21.42257506 -2.75382528 -35.73764254 0.43529412 0.89019608 0.96078431
v 21.87584242 -2.75382528 -35.44239637 0.43529412 0.89019608 0.96078431
v 23.92230479 -3.45813925 -33.97689555 0.43529412 0.89019608 0.96078431
v 24.18276417 -4.10655514 -33.73532916 0.43529412 0.89019608 0.96078431
v 24.73750653 -3.45813925 -33.34882377 0.43529412 0.89019608 0.96078431
v 23.92568757 -2.99418636 -33.98226374 0.43529412 0.89019608 0.96078431
v 23.90539299 -1.66381565 -33.96615917 0.43529412 0.89019608 0.96078431
v 25.06223665 -2.75382528 -33.07504824 0.43529412 0.89019608 0.96078431
v 25.47491064 -2.75382528 -32.72075199 0.43529412 0.89019608 0.96078431
v 25.50197288 -3.45813925 -32.72075199 0.43529412 0.89019608 0.96078431
v 26.17510626 -4.16804271 -32.00947434 0.43529412 0.89019608 0.96078431
v 27.22370724 -3.45813925 -30.87948216 0.43529412 0.89019608 0.96078431
v 27.52813856 -4.16804271 -30.52518591 0.43529412 0.89019608 0.96078431
v 27.87654604 -4.87235668 -30.10378624 0.43529412 0.89019608 0.96078431
v 28.77631309 -5.58226068 -28.89595639 0.43529412 0.89019608 0.96078431
v 28.38055090 -5.56549114 -29.41398135 0.43529412 0.89019608 0.96078431
v 28.17082901 -4.87235668 -29.75217303 0.43529412 0.89019608 0.96078431
v 30.23082250 -5.58226068 -26.83190777 0.43529412 0.89019608 0.96078431
v 30.51495925 -4.87235668 -26.53129341 0.43529412 0.89019608 0.96078431
v 30.86674950 -4.87235668 -26.01058330 0.43529412 0.89019608 0.96078431
v 30.88366341 -4.16804271 -26.04816062 0.43529412 0.89019608 0.96078431
v 31.67856846 -5.18538512 -24.76517612 0.43529412 0.89019608 0.96078431
v 31.85446465 -4.91707526 -24.48334937 0.43529412 0.89019608 0.96078431
v 32.24684195 -4.87235668 -23.79622751 0.43529412 0.89019608 0.96078431
v 32.99101162 -4.87235668 -22.45151094 0.43529412 0.89019608 0.96078431
v 32.24007849 -5.58226068 -23.76402048 0.43529412 0.89019608 0.96078431
v 33.02822010 -7.70079208 -21.82075507 0.43529412 0.89019608 0.96078431
v 33.22102808 -7.70079208 -21.46914186 0.43529412 0.89019608 0.96078431
v 33.16690569 -8.41069555 -21.37519960 0.43529412 0.89019608 0.96078431
v 34.51655732 -6.69462919 -19.13131982 0.43529412 0.89019608 0.96078431
v 35.26749044 -5.58226068 -17.80539086 0.43529412 0.89019608 0.96078431
v 35.46706398 -5.58226068 -17.34104674 0.43529412 0.89019608 0.96078431
v 36.25858837 -6.28657412 -15.22063320 0.43529412 0.89019608 0.96078431
v 36.66111612 -6.15241945 -14.24094926 0.43529412 0.89019608 0.96078431
v 36.75582767 -6.33129269 -13.90275652 0.43529412 0.89019608 0.96078431
v 32.61892678 13.60749821 -13.90275652 0.43529412 0.89019608 0.96078431
v 33.08234038 12.42246261 -14.12285016 0.43529412 0.89019608 0.96078431
v 32.78129184 12.80256811 -14.51203964 0.43529412 0.89019608 0.96078431
v 33.12631442 11.10886130 -15.66887276 0.43529412 0.89019608 0.96078431
v 33.04175122 10.89644900 -16.14126916 0.43529412 0.89019608 0.96078431
v 33.12631442 10.42690635 -16.36941403 0.43529412 0.89019608 0.96078431
v 32.81850032 8.55991580 -18.75554976 0.43529412 0.89019608 0.96078431
v 32.53098080 8.54873576 -19.45609209 0.43529412 0.89019608 0.96078431
v 32.76776072 7.85001128 -19.46414332 0.43529412 0.89019608 0.96078431
v 32.49377232 7.85001128 -20.01974560 0.43529412 0.89019608 0.96078431
v 32.29420088 7.85001128 -20.37135882 0.43529412 0.89019608 0.96078431
v 29.72681975 7.14569783 -25.01211070 0.43529412 0.89019608 0.96078431
v 28.92514492 5.53024761 -26.97953192 0.43529412 0.89019608 0.96078431
v 28.82366992 4.55762378 -27.56197514 0.43529412 0.89019608 0.96078431
v 27.48416452 4.78121559 -29.05431690 0.43529412 0.89019608 0.96078431
v 26.80426558 4.83152366 -29.81927434 0.43529412 0.89019608 0.96078431
v 25.38358187 3.43966524 -31.89405933 0.43529412 0.89019608 0.96078431
v 25.28548755 3.90920789 -31.81085346 0.43529412 0.89019608 0.96078431
v 23.21534571 2.59001683 -33.97689555 0.43529412 0.89019608 0.96078431
v 20.30632267 6.69851474 -34.63717646 0.43529412 0.89019608 0.96078431
v 20.38073963 8.23570733 -33.97421040 0.43529412 0.89019608 0.96078431
v 21.08770082 10.35423874 -32.55434024 0.43529412 0.89019608 0.96078431
v 20.94224861 10.82378138 -32.44160827 0.43529412 0.89019608 0.96078431
v 21.83186838 11.81876476 -31.18009653 0.43529412 0.89019608 0.96078431
v 21.03357843 13.10441755 -31.10225884 0.43529412 0.89019608 0.96078431
v 23.17475445 12.42246261 -29.69849114 0.43529412 0.89019608 0.96078431
v 22.65045290 14.08263035 -29.14289097 0.43529412 0.89019608 0.96078431
v 20.51942628 13.50688208 -31.24451479 0.43529412 0.89019608 0.96078431
v 19.11227158 12.80256811 -32.66438706 0.43529412 0.89019608 0.96078431
v 17.82688963 14.18324754 -32.65901887 0.43529412 0.89019608 0.96078431
v 18.81122094 12.27712737 -33.16899049 0.43529412 0.89019608 0.96078431
v 18.34104178 12.54543776 -33.30319311 0.43529412 0.89019608 0.96078431
v 17.64422999 13.24416224 -33.30856341 0.43529412 0.89019608 0.96078431
v 17.13345957 13.49011255 -33.39176928 0.43529412 0.89019608 0.96078431
v 16.43664778 13.45657454 -33.71117125 0.43529412 0.89019608 0.96078431
v 15.45908098 12.48953967 -34.68817320 0.43529412 0.89019608 0.96078431
v 12.92552555 12.80815760 -35.54975804 0.43529412 0.89019608 0.96078431
v 12.37754770 12.34420550 -36.02483749 0.43529412 0.89019608 0.96078431
v 11.52513589 11.59517348 -36.72001268 0.43529412 0.89019608 0.96078431
v 11.33232844 8.33073397 -38.25261270 0.43529412 0.89019608 0.96078431
v 10.11121616 9.97413323 -37.80974449 0.43529412 0.89019608 0.96078431
v 9.04908510 9.61638676 -38.20161596 0.43529412 0.89019608 0.96078431
v 8.57552316 9.70023336 -38.24187843 0.43529412 0.89019608 0.96078431
v 7.28337564 8.35868248 -38.98268007 0.43529412 0.89019608 0.96078431
v 5.54811016 8.92325177 -38.91557876 0.43529412 0.89019608 0.96078431
v 2.33127407 8.50960720 -39.07662232 0.43529412 0.89019608 0.96078431
v 5.16249631 8.55991580 -39.11419964 0.43529412 0.89019608 0.96078431
v 4.25596370 7.54816289 -39.63759279 0.43529412 0.89019608 0.96078431
v 4.45215340 9.01827841 -38.95583912 0.43529412 0.89019608 0.96078431
v 4.02933107 7.54816289 -39.63759279 0.43529412 0.89019608 0.96078431
v 2.33127407 7.85001128 -39.38260698 0.43529412 0.89019608 0.96078431
v 3.16677145 8.95679083 -38.93705151 0.43529412 0.89019608 0.96078431
v 2.33127407 -3.45813925 -41.28024173 0.43529412 0.89019608 0.96078431
v 3.03823314 -2.75382528 -41.32318725 0.43529412 0.89019608 0.96078431
v 3.03823314 -3.45813925 -41.30708479 0.43529412 0.89019608 0.96078431
v 3.74519327 -3.45813925 -41.31781695 0.43529412 0.89019608 0.96078431
v 3.74519327 -2.75382528 -41.30976572 0.43529412 0.89019608 0.96078431
v 6.97556049 -0.20487964 -41.04136049 0.43529412 0.89019608 0.96078431
v 7.99033577 -1.34519746 -40.99036375 0.43529412 0.89019608 0.96078431
v 7.99033577 -2.04392155 -40.99572983 0.43529412 0.89019608 0.96078431
v 8.69729590 -1.34519746 -40.93131367 0.43529412 0.89019608 0.96078431
v 9.40425603 -1.34519746 -40.81858170 0.43529412 0.89019608 0.96078431
v 9.40425603 -2.04392155 -40.81858170 0.43529412 0.89019608 0.96078431
v 10.81817576 -2.04392155 -40.54480618 0.43529412 0.89019608 0.96078431
v 10.81817576 -2.75382528 -40.52065249 0.43529412 0.89019608 0.96078431
v 11.42704104 -2.75382528 -40.38644777 0.43529412 0.89019608 0.96078431
v 11.78221249 -2.75382528 -40.29787370 0.43529412 0.89019608 0.96078431
v 11.78897753 -2.04392155 -40.29518855 0.43529412 0.89019608 0.96078431
v 12.23209655 -2.04392155 -40.16098594 0.43529412 0.89019608 0.96078431
v 12.23209655 -1.34519746 -40.14219833 0.43529412 0.89019608 0.96078431
v 12.93905562 -2.04392155 -39.90868317 0.43529412 0.89019608 0.96078431
v 12.93905562 -1.34519746 -39.86305462 0.43529412 0.89019608 0.96078431
v 13.45659161 -2.04392155 -39.69127468 0.43529412 0.89019608 0.96078431
v 15.77027892 0.77892383 -38.46196996 0.43529412 0.89019608 0.96078431
v 16.22354417 0.77892383 -38.25529785 0.43529412 0.89019608 0.96078431
v 16.26751822 0.06902011 -38.27945575 0.43529412 0.89019608 0.96078431
v 18.24971196 -3.02213513 -37.49839164 0.43529412 0.89019608 0.96078431
v 18.22941633 -2.54700299 -37.48765526 0.43529412 0.89019608 0.96078431
v 21.42257506 -2.04392155 -35.71080160 0.43529412 0.89019608 0.96078431
v 21.88260798 -2.04392155 -35.43971122 0.43529412 0.89019608 0.96078431
v 19.22389598 -2.04392155 -36.94547240 0.43529412 0.89019608 0.96078431
v 19.56215511 -1.34519746 -36.73880029 0.43529412 0.89019608 0.96078431
v 22.23439613 -2.04392155 -35.19277874 0.43529412 0.89019608 0.96078431
v 22.70119251 -1.34519746 -34.85458495 0.43529412 0.89019608 0.96078431
v 22.69104417 -0.63529374 -34.83311219 0.43529412 0.89019608 0.96078431
v 22.66060124 0.06902011 -34.79822002 0.43529412 0.89019608 0.96078431
v 24.62250041 -0.21046953 -33.26561790 0.43529412 0.89019608 0.96078431
v 24.63941221 -0.63529374 -33.28440550 0.43529412 0.89019608 0.96078431
v 26.83470850 -2.75382528 -31.23377842 0.43529412 0.89019608 0.96078431
v 26.86853631 -3.45813925 -31.26598755 0.43529412 0.89019608 0.96078431
v 25.85376103 -3.45813925 -32.36108544 0.43529412 0.89019608 0.96078431
v 26.02288954 -0.25518784 -31.84037744 0.43529412 0.89019608 0.96078431
v 26.04318412 -0.63529374 -31.86185020 0.43529412 0.89019608 0.96078431
v 27.51460955 -3.45813925 -30.52518591 0.43529412 0.89019608 0.96078431
v 27.88331160 -4.16804271 -30.10110110 0.43529412 0.89019608 0.96078431
v 28.00170050 0.77892383 -29.55355215 0.43529412 0.89019608 0.96078431
v 29.32090711 0.06902011 -28.01558184 0.43529412 0.89019608 0.96078431
v 28.45835065 -4.87235668 -29.36029946 0.43529412 0.89019608 0.96078431
v 30.28156211 -3.45813925 -26.91511365 0.43529412 0.89019608 0.96078431
v 30.26126543 -4.87235668 -26.88558966 0.43529412 0.89019608 0.96078431
v 28.16406556 -4.16804271 -29.74680484 0.43529412 0.89019608 0.96078431
v 29.67269736 -2.04392155 -27.73643812 0.43529412 0.89019608 0.96078431
v 29.67608014 -2.75382528 -27.73643812 0.43529412 0.89019608 0.96078431
v 30.03125107 -2.75382528 -27.25867563 0.43529412 0.89019608 0.96078431
v 30.48451633 -4.21276102 -26.60376291 0.43529412 0.89019608 0.96078431
v 31.10691431 -4.16804271 -25.69386437 0.43529412 0.89019608 0.96078431
v 31.68195335 -4.71584247 -24.77322946 0.43529412 0.89019608 0.96078431
v 30.27479655 -2.75382528 -26.90437727 0.43529412 0.89019608 0.96078431
v 30.87013228 -3.45813925 -26.03474121 0.43529412 0.89019608 0.96078431
v 31.10352942 -3.45813925 -25.68044285 0.43529412 0.89019608 0.96078431
v 31.68195335 -4.46989163 -24.77322946 0.43529412 0.89019608 0.96078431
v 32.70687487 -2.75382528 -22.99906094 0.43529412 0.89019608 0.96078431
v 33.00792341 -2.75382528 -22.46493141 0.43529412 0.89019608 0.96078431
v 33.00115996 -3.45813925 -22.46493141 0.43529412 0.89019608 0.96078431
v 33.17705403 -4.87235668 -22.09989773 0.43529412 0.89019608 0.96078431
v 32.96733426 -5.58226068 -22.38977677 0.43529412 0.89019608 0.96078431
v 34.36434061 -6.28657412 -19.50977293 0.43529412 0.89019608 0.96078431
v 35.12542207 -4.87235668 -18.22678842 0.43529412 0.89019608 0.96078431
v 35.29793336 -4.87235668 -17.87517627 0.43529412 0.89019608 0.96078431
v 35.95753772 -4.16804271 -16.36404584 0.43529412 0.89019608 0.96078431
v 36.67802792 -5.58226068 -14.27315839 0.43529412 0.89019608 0.96078431
v 36.88774770 -4.16804271 -13.90275652 0.43529412 0.89019608 0.96078431
v 36.80995006 -5.58226068 -13.90275652 0.43529412 0.89019608 0.96078431
v 36.75921045 -6.28657412 -13.90275652 0.43529412 0.89019608 0.96078431
v 36.12666623 -4.16804271 -15.92654372 0.43529412 0.89019608 0.96078431
v 32.97409982 12.80815760 -13.90275652 0.43529412 0.89019608 0.96078431
v 33.27176768 12.13179320 -13.90275652 0.43529412 0.89019608 0.96078431
v 33.45780799 10.67844721 -15.22063320 0.43529412 0.89019608 0.96078431
v 34.57406038 8.39222154 -14.30268238 0.43529412 0.89019608 0.96078431
v 35.22351640 3.27756101 -17.01359038 0.43529412 0.89019608 0.96078431
v 33.02483732 7.91149991 -18.78507480 0.43529412 0.89019608 0.96078431
v 33.75885864 5.19486015 -18.99174797 0.43529412 0.89019608 0.96078431
v 33.77577044 3.81977127 -19.75939160 0.43529412 0.89019608 0.96078431
v 33.41383606 4.31726296 -20.17005384 0.43529412 0.89019608 0.96078431
v 32.96395147 4.31726296 -20.99406241 0.43529412 0.89019608 0.96078431
v 32.59863220 4.33962198 -21.63018541 0.43529412 0.89019608 0.96078431
v 32.43964993 4.11603017 -22.02474414 0.43529412 0.89019608 0.96078431
v 30.09551970 7.15128785 -24.39477530 0.43529412 0.89019608 0.96078431
v 30.30862436 4.08808113 -25.54355719 0.43529412 0.89019608 0.96078431
v 29.69299194 4.31726296 -26.39708869 0.43529412 0.89019608 0.96078431
v 29.47989149 5.73148040 -26.05889700 0.43529412 0.89019608 0.96078431
v 29.00294677 5.02157641 -27.10836634 0.43529412 0.89019608 0.96078431
v 29.46297759 4.31726296 -26.74870190 0.43529412 0.89019608 0.96078431
v 29.07397885 4.32285245 -27.29356780 0.43529412 0.89019608 0.96078431
v 29.52048065 1.48882756 -27.54318543 0.43529412 0.89019608 0.96078431
v 28.85411284 1.85216406 -28.30546193 0.43529412 0.89019608 0.96078431
v 28.21142239 2.02544754 -29.07310451 0.43529412 0.89019608 0.96078431
v 27.93404910 1.48882756 -29.48645084 0.43529412 0.89019608 0.96078431
v 26.22246097 1.48882756 -31.35187857 0.43529412 0.89019608 0.96078431
v 25.59330165 0.77892383 -32.11683601 0.43529412 0.89019608 0.96078431
v 22.60309818 0.77892383 -34.76601089 0.43529412 0.89019608 0.96078431
v 21.19256071 2.19314153 -35.44507941 0.43529412 0.89019608 0.96078431
v 21.10799540 2.61237585 -35.39676571 0.43529412 0.89019608 0.96078431
v 18.96005487 6.80472036 -35.37797810 0.43529412 0.89019608 0.96078431
v 18.79430808 7.27426301 -35.30014041 0.43529412 0.89019608 0.96078431
v 19.05815025 8.34750350 -34.73916994 0.43529412 0.89019608 0.96078431
v 19.61627644 9.53253910 -33.93126489 0.43529412 0.89019608 0.96078431
v 19.66701500 11.05296322 -33.26024971 0.43529412 0.89019608 0.96078431
v 20.70885042 10.62813861 -32.70733046 0.43529412 0.89019608 0.96078431
v 20.46868667 11.15916884 -32.62412459 0.43529412 0.89019608 0.96078431
v 19.97144737 11.34363262 -32.87911251 0.43529412 0.89019608 0.96078431
v 19.47420702 11.52250586 -33.13141528 0.43529412 0.89019608 0.96078431
v 18.33427727 11.13680982 -34.00910468 0.43529412 0.89019608 0.96078431
v 17.64761277 11.84671328 -34.01984106 0.43529412 0.89019608 0.96078431
v 16.20663237 11.80758473 -34.70696081 0.43529412 0.89019608 0.96078431
v 15.72292209 12.06471613 -34.79016668 0.43529412 0.89019608 0.96078431
v 12.71580472 11.86907336 -36.14562068 0.43529412 0.89019608 0.96078431
v 12.94582118 9.99090276 -36.96694515 0.43529412 0.89019608 0.96078431
v 12.19488754 10.66167768 -36.91863356 0.43529412 0.89019608 0.96078431
v 12.23209655 9.97413323 -37.21656278 0.43529412 0.89019608 0.96078431
v 12.90522992 9.23069071 -37.31587533 0.43529412 0.89019608 0.96078431
v 11.80250760 8.11273217 -38.17209197 0.43529412 0.89019608 0.96078431
v 11.33232844 6.24574109 -38.96657550 0.43529412 0.89019608 0.96078431
v 11.06510455 6.71528374 -38.88068448 0.43529412 0.89019608 0.96078431
v 10.82494132 6.46374341 -39.03367892 0.43529412 0.89019608 0.96078431
v 10.05032926 7.12892830 -38.99341644 0.43529412 0.89019608 0.96078431
v 10.05032926 7.78293421 -38.74648186 0.43529412 0.89019608 0.96078431
v 10.81817576 8.45370912 -38.31434792 0.43529412 0.89019608 0.96078431
v 9.40425603 9.53253910 -38.16404074 0.43529412 0.89019608 0.96078431
v 9.40425603 7.14569783 -39.12762117 0.43529412 0.89019608 0.96078431
v 7.56413066 6.75441229 -39.60538366 0.43529412 0.89019608 0.96078431
v 7.31043684 7.11215930 -39.50339018 0.43529412 0.89019608 0.96078431
v 7.28337564 7.85001128 -39.20277370 0.43529412 0.89019608 0.96078431
v 7.09056872 6.85502843 -39.63759279 0.43529412 0.89019608 0.96078431
v 3.10926733 5.09424402 -40.43476147 0.43529412 0.89019608 0.96078431
v 2.91984319 5.42404146 -40.34887044 0.43529412 0.89019608 0.96078431
v 2.53084550 5.42404146 -40.34887044 0.43529412 0.89019608 0.96078431
v 2.33127407 5.66440280 -40.23077029 0.43529412 0.89019608 0.96078431
v 2.33127407 -2.75382528 -41.27219051 0.43529412 0.89019608 0.96078431
v 2.33127407 -1.34519746 -41.24534745 0.43529412 0.89019608 0.96078431
v 3.21074549 1.48882756 -41.14335397 0.43529412 0.89019608 0.96078431
v 3.63018610 1.48882756 -41.14335397 0.43529412 0.89019608 0.96078431
v 7.23940265 0.04666095 -40.99304679 0.43529412 0.89019608 0.96078431
v 8.69729590 -0.63529374 -40.87763178 0.43529412 0.89019608 0.96078431
v 9.40425603 -0.63529374 -40.79442591 0.43529412 0.89019608 0.96078431
v 10.11121616 -1.34519746 -40.68974728 0.43529412 0.89019608 0.96078431
v 10.81817576 -1.34519746 -40.54749133 0.43529412 0.89019608 0.96078431
v 11.43718885 -2.04392155 -40.39986718 0.43529412 0.89019608 0.96078431
v 11.76529911 -1.34519746 -40.28982247 0.43529412 0.89019608 0.96078431
v 12.23209655 -0.63529374 -40.06972884 0.43529412 0.89019608 0.96078431
v 12.99994252 -0.60734476 -39.76374418 0.43529412 0.89019608 0.96078431
v 14.74535529 0.52738324 -38.92362999 0.43529412 0.89019608 0.96078431
v 15.01258024 0.76774432 -38.77869100 0.43529412 0.89019608 0.96078431
v 13.64601575 1.48882756 -39.24303617 0.43529412 0.89019608 0.96078431
v 14.22105585 1.48882756 -39.00146978 0.43529412 0.89019608 0.96078431
v 14.57622678 1.48882756 -38.85116049 0.43529412 0.89019608 0.96078431
v 15.06331774 1.48882756 -38.64180323 0.43529412 0.89019608 0.96078431
v 16.15589277 1.19815842 -38.21503748 0.43529412 0.89019608 0.96078431
v 16.42311771 1.45528876 -38.03788936 0.43529412 0.89019608 0.96078431
v 18.99049779 1.22051744 -36.80590160 0.43529412 0.89019608 0.96078431
v 19.05815025 0.77892383 -36.84079377 0.43529412 0.89019608 0.96078431
v 19.11227158 0.06902011 -36.87300290 0.43529412 0.89019608 0.96078431
v 19.20698313 -1.34519746 -36.91863356 0.43529412 0.89019608 0.96078431
v 20.00865586 -1.34519746 -36.48112933 0.43529412 0.89019608 0.96078431
v 20.37397513 1.15344011 -36.08388756 0.43529412 0.89019608 0.96078431
v 22.19042208 -1.34519746 -35.20619816 0.43529412 0.89019608 0.96078431
v 19.41332118 0.77892383 -36.65559441 0.43529412 0.89019608 0.96078431
v 21.27036045 1.48882756 -35.51218071 0.43529412 0.89019608 0.96078431
v 25.71845822 0.01312228 -32.11146782 0.43529412 0.89019608 0.96078431
v 29.60842874 0.06902011 -27.66396862 0.43529412 0.89019608 0.96078431
v 28.25201154 1.48882756 -29.13215459 0.43529412 0.89019608 0.96078431
v 28.94544160 0.77892383 -28.40477237 0.43529412 0.89019608 0.96078431
v 30.85998394 -2.75382528 -26.01595149 0.43529412 0.89019608 0.96078431
v 30.84307003 -2.04392155 -25.98642751 0.43529412 0.89019608 0.96078431
v 31.08661762 -2.75382528 -25.66165524 0.43529412 0.89019608 0.96078431
v 31.63459442 -1.34519746 -24.69539177 0.43529412 0.89019608 0.96078431
v 31.84769908 -1.34519746 -24.34377856 0.43529412 0.89019608 0.96078431
v 32.20287001 -1.34519746 -23.72644316 0.43529412 0.89019608 0.96078431
v 32.38891243 -0.95950168 -23.35872538 0.43529412 0.89019608 0.96078431
v 34.63494623 -2.75382528 -19.35678165 0.43529412 0.89019608 0.96078431
v 33.66752988 0.06902011 -20.97258965 0.43529412 0.89019608 0.96078431
v 34.40831465 0.06902011 -19.63592431 0.43529412 0.89019608 0.96078431
v 34.42861134 -0.63529374 -19.66544935 0.43529412 0.89019608 0.96078431
v 34.44890592 -1.34519746 -19.69497334 0.43529412 0.89019608 0.96078431
v 34.45566937 -2.04392155 -19.70839381 0.43529412 0.89019608 0.96078431
v 35.14909943 -4.16804271 -18.26436575 0.43529412 0.89019608 0.96078431
v 35.31146449 -4.16804271 -17.91006949 0.43529412 0.89019608 0.96078431
v 35.98121719 -3.45813925 -16.39893907 0.43529412 0.89019608 0.96078431
v 36.88436702 -4.02829803 -13.90275652 0.43529412 0.89019608 0.96078431
v 34.42861134 9.12448508 -13.90275652 0.43529412 0.89019608 0.96078431
v 34.48611229 8.86176419 -14.06916932 0.43529412 0.89019608 0.96078431
v 35.50088758 5.82650704 -13.90275652 0.43529412 0.89019608 0.96078431
v 35.71737292 5.11660304 -13.90275652 0.43529412 0.89019608 0.96078431
v 35.93385825 4.31726296 -13.90275652 0.43529412 0.89019608 0.96078431
v 36.06578039 3.82536076 -13.90275652 0.43529412 0.89019608 0.96078431
v 36.11990067 3.61853848 -13.90275652 0.43529412 0.89019608 0.96078431
v 36.28903129 2.89745524 -13.90275652 0.43529412 0.89019608 0.96078431
v 35.26410766 2.90304526 -17.12095310 0.43529412 0.89019608 0.96078431
v 35.11527584 2.90304526 -17.47256631 0.43529412 0.89019608 0.96078431
v 33.68444167 2.90304526 -20.29083598 0.43529412 0.89019608 0.96078431
v 33.63032139 3.59058944 -20.11905604 0.43529412 0.89019608 0.96078431
v 33.22102808 3.54028137 -20.89206787 0.43529412 0.89019608 0.96078431
v 33.03836844 3.73033465 -21.13631836 0.43529412 0.89019608 0.96078431
v 32.87600549 3.54028137 -21.51477146 0.43529412 0.89019608 0.96078431
v 32.50730133 3.60735897 -22.13210686 0.43529412 0.89019608 0.96078431
v 32.54789470 2.85832669 -22.32535956 0.43529412 0.89019608 0.96078431
v 32.39567588 2.59560658 -22.66086715 0.43529412 0.89019608 0.96078431
v 30.13949374 3.60735897 -25.97837417 0.43529412 0.89019608 0.96078431
v 29.78770559 3.60735897 -26.50713551 0.43529412 0.89019608 0.96078431
v 29.55092357 1.10313178 -27.58881609 0.43529412 0.89019608 0.96078431
v 29.20928377 1.48882756 -27.94579538 0.43529412 0.89019608 0.96078431
v 30.21052793 2.90304526 -26.08573795 0.43529412 0.89019608 0.96078431
v 31.07308650 2.19314153 -24.89132751 0.43529412 0.89019608 0.96078431
v 28.89132132 1.48882756 -28.34840533 0.43529412 0.89019608 0.96078431
v 28.60379969 1.48882756 -28.70270369 0.43529412 0.89019608 0.96078431
v 18.32751171 2.78006958 -36.84347892 0.43529412 0.89019608 0.96078431
v 18.24294745 3.25520198 -36.78711399 0.43529412 0.89019608 0.96078431
v 17.54275183 6.79913087 -36.08388756 0.43529412 0.89019608 0.96078431
v 17.78968114 3.60735897 -36.91594841 0.43529412 0.89019608 0.96078431
v 17.63746443 4.11044015 -36.84347892 0.43529412 0.89019608 0.96078431
v 18.57443997 7.85001128 -35.20888120 0.43529412 0.89019608 0.96078431
v 18.16514770 8.07919311 -35.33234955 0.43529412 0.89019608 0.96078431
v 19.11565331 9.97413323 -34.05473323 0.43529412 0.89019608 0.96078431
v 18.80783815 10.82937088 -33.86684873 0.43529412 0.89019608 0.96078431
v 16.91020867 11.12004028 -34.70696081 0.43529412 0.89019608 0.96078431
v 17.88777547 11.37717063 -34.12183454 0.43529412 0.89019608 0.96078431
v 17.69158576 8.38104256 -35.44776456 0.43529412 0.89019608 0.96078431
v 15.40495965 9.61079621 -36.07583633 0.43529412 0.89019608 0.96078431
v 16.45694341 11.36599165 -34.80358821 0.43529412 0.89019608 0.96078431
v 13.47012168 9.76731043 -36.86495167 0.43529412 0.89019608 0.96078431
v 13.94030084 9.53812965 -36.76027304 0.43529412 0.89019608 0.96078431
v 14.01471675 7.50903433 -37.50107468 0.43529412 0.89019608 0.96078431
v 12.67521451 6.89415698 -38.23919539 0.43529412 0.89019608 0.96078431
v 11.55219656 6.46374341 -38.81090013 0.43529412 0.89019608 0.96078431
v 11.80589038 5.94948219 -38.88068448 0.43529412 0.89019608 0.96078431
v 11.55219656 5.72030089 -39.02830862 0.43529412 0.89019608 0.96078431
v 10.81817576 5.73148040 -39.24840226 0.43529412 0.89019608 0.96078431
v 10.11121616 6.43579437 -39.21887827 0.43529412 0.89019608 0.96078431
v 9.40425603 6.43579437 -39.36650241 0.43529412 0.89019608 0.96078431
v 7.99033577 6.63702663 -39.57049148 0.43529412 0.89019608 0.96078431
v 8.44021930 6.15630447 -39.63759279 0.43529412 0.89019608 0.96078431
v 7.99033577 6.28486965 -39.66980192 0.43529412 0.89019608 0.96078431
v 7.99033577 5.73148040 -39.81742606 0.43529412 0.89019608 0.96078431
v 7.31043684 6.48610244 -39.70737714 0.43529412 0.89019608 0.96078431
v 7.28337564 5.73148040 -39.90063194 0.43529412 0.89019608 0.96078431
v 3.40016963 2.55088827 -41.03330926 0.43529412 0.89019608 0.96078431
v 3.37310949 2.55088827 -41.03330926 0.43529412 0.89019608 0.96078431
v 2.33127407 3.60735897 -40.74342706 0.43529412 0.89019608 0.96078431
v 2.33127407 -0.63529374 -41.19703586 0.43529412 0.89019608 0.96078431
v 2.33127407 2.89745524 -40.86957844 0.43529412 0.89019608 0.96078431
v 7.99033577 0.06902011 -40.88836816 0.43529412 0.89019608 0.96078431
v 7.28337564 0.77892383 -40.88568512 0.43529412 0.89019608 0.96078431
v 7.99033577 0.77892383 -40.78905772 0.43529412 0.89019608 0.96078431
v 9.40425603 0.06902011 -40.67901090 0.43529412 0.89019608 0.96078431
v 10.11121616 0.06902011 -40.56091285 0.43529412 0.89019608 0.96078431
v 10.11121616 -0.63529374 -40.66290633 0.43529412 0.89019608 0.96078431
v 10.81817576 -0.63529374 -40.48575821 0.43529412 0.89019608 0.96078431
v 11.41012819 -1.34519746 -40.39181595 0.43529412 0.89019608 0.96078431
v 11.63676134 -0.63529374 -40.25492819 0.43529412 0.89019608 0.96078431
v 11.52513589 0.77892383 -40.09120159 0.43529412 0.89019608 0.96078431
v 12.23209655 0.77892383 -39.87110795 0.43529412 0.89019608 0.96078431
v 12.67521451 1.27082550 -39.64564402 0.43529412 0.89019608 0.96078431
v 12.75977877 0.77892383 -39.68322345 0.43529412 0.89019608 0.96078431
v 13.11156691 0.77892383 -39.54901873 0.43529412 0.89019608 0.96078431
v 13.64601575 0.77892383 -39.33429328 0.43529412 0.89019608 0.96078431
v 12.92214277 1.49441732 -39.51412655 0.43529412 0.89019608 0.96078431
v 13.98089105 2.51175972 -38.90215723 0.43529412 0.89019608 0.96078431
v 14.10604762 2.04221707 -38.95047304 0.43529412 0.89019608 0.96078431
v 15.06331774 2.19314153 -38.50760062 0.43529412 0.89019608 0.96078431
v 15.47937661 2.65709416 -38.22845901 0.43529412 0.89019608 0.96078431
v 15.92926014 2.19314153 -38.11841008 0.43529412 0.89019608 0.96078431
v 16.47723799 2.19314153 -37.86610731 0.43529412 0.89019608 0.96078431
v 29.34796936 0.82923190 -27.89748379 0.43529412 0.89019608 0.96078431
v 29.58136649 0.63358926 -27.62907645 0.43529412 0.89019608 0.96078431
v 30.41348425 0.06902011 -26.41051021 0.43529412 0.89019608 0.96078431
v 31.06970582 -2.04392155 -25.63481429 0.43529412 0.89019608 0.96078431
v 31.60753639 -0.63529374 -24.64170988 0.43529412 0.89019608 0.96078431
v 33.28867948 0.77892383 -21.53892831 0.43529412 0.89019608 0.96078431
v 34.92246786 -2.75382528 -18.75554976 0.43529412 0.89019608 0.96078431
v 34.91908297 -3.45813925 -18.75554976 0.43529412 0.89019608 0.96078431
v 34.38125241 0.77892383 -19.58224348 0.43529412 0.89019608 0.96078431
v 34.56729482 0.77892383 -19.23063027 0.43529412 0.89019608 0.96078431
v 34.59435707 0.06902011 -19.28162701 0.43529412 0.89019608 0.96078431
v 34.60450331 -0.63529374 -19.31383614 0.43529412 0.89019608 0.96078431
v 35.15248432 -3.45813925 -18.25899756 0.43529412 0.89019608 0.96078431
v 35.96430328 -2.94387803 -16.36136175 0.43529412 0.89019608 0.96078431
v 36.65773123 -1.55201974 -14.22484469 0.43529412 0.89019608 0.96078431
v 36.86068756 -3.45813925 -13.90275652 0.43529412 0.89019608 0.96078431
v 35.14571876 -2.75382528 -18.24826118 0.43529412 0.89019608 0.96078431
v 34.83451977 0.06902011 -18.75554976 0.43529412 0.89019608 0.96078431
v 35.23028196 0.49943420 -17.73560441 0.43529412 0.89019608 0.96078431
v 34.58420873 8.68848044 -13.90275652 0.43529412 0.89019608 0.96078431
v 36.53257677 0.90748901 -13.90275652 0.43529412 0.89019608 0.96078431
v 36.28903129 1.48882756 -14.51203964 0.43529412 0.89019608 0.96078431
v 36.35668269 0.77892383 -14.51203964 0.43529412 0.89019608 0.96078431
v 34.45905426 2.19314153 -19.01322072 0.43529412 0.89019608 0.96078431
v 34.53008634 1.28759504 -19.15547562 0.43529412 0.89019608 0.96078431
v 34.49287786 1.75713768 -19.08300612 0.43529412 0.89019608 0.96078431
v 33.74532752 2.19314153 -20.40356795 0.43529412 0.89019608 0.96078431
v 33.36309645 2.90304526 -20.87864740 0.43529412 0.89019608 0.96078431
v 33.09249083 3.26079200 -21.23294365 0.43529412 0.89019608 0.96078431
v 32.93689133 2.90304526 -21.64628998 0.43529412 0.89019608 0.96078431
v 32.98762883 2.19314153 -21.74291738 0.43529412 0.89019608 0.96078431
v 32.66628361 2.19314153 -22.29315148 0.43529412 0.89019608 0.96078431
v 15.73645322 2.89745524 -38.05667696 0.43529412 0.89019608 0.96078431
v 15.06331774 7.14569783 -37.13872720 0.43529412 0.89019608 0.96078431
v 15.93940743 5.02157641 -37.41250273 0.43529412 0.89019608 0.96078431
v 16.07809302 4.56880329 -37.47423585 0.43529412 0.89019608 0.96078431
v 14.60328692 8.79468712 -36.74953667 0.43529412 0.89019608 0.96078431
v 15.45231542 5.41286195 -37.50912802 0.43529412 0.89019608 0.96078431
v 15.58423650 5.02157641 -37.56817810 0.43529412 0.89019608 0.96078431
v 11.52513589 5.02157641 -39.19740552 0.43529412 0.89019608 0.96078431
v 10.81817576 5.02157641 -39.41213096 0.43529412 0.89019608 0.96078431
v 10.43594417 4.60793184 -39.60806881 0.43529412 0.89019608 0.96078431
v 9.96238223 4.83711367 -39.66175069 0.43529412 0.89019608 0.96078431
v 8.27109079 3.19371441 -40.31397827 0.43529412 0.89019608 0.96078431
v 7.79752885 3.38376716 -40.34350225 0.43529412 0.89019608 0.96078431
v 10.60507268 0.58887095 -40.35960682 0.43529412 0.89019608 0.96078431
v 10.83170636 0.00753240 -40.39181595 0.43529412 0.89019608 0.96078431
v 11.07525236 0.20317517 -40.29787370 0.43529412 0.89019608 0.96078431
v 11.52513589 1.48882756 -39.95699687 0.43529412 0.89019608 0.96078431
v 12.26253947 1.49441732 -39.73153504 0.43529412 0.89019608 0.96078431
v 12.51623329 1.74036815 -39.59464728 0.43529412 0.89019608 0.96078431
v 15.34068997 3.13222683 -38.17209197 0.43529412 0.89019608 0.96078431
v 14.34621032 2.24344960 -38.80821498 0.43529412 0.89019608 0.96078431
v 33.02822010 1.48882756 -21.82880735 0.43529412 0.89019608 0.96078431
v 33.23455920 1.48882756 -21.47451004 0.43529412 0.89019608 0.96078431
v 36.75244489 -1.36755662 -13.90275652 0.43529412 0.89019608 0.96078431
v 36.78627059 -1.92653589 -13.90275652 0.43529412 0.89019608 0.96078431
v 36.54272511 0.81246263 -13.90275652 0.43529412 0.89019608 0.96078431
f 2973 2974 2975
f 2973 2975 2977
f 2973 2977 2981
f 2973 2981 2990
f 2973 2990 3007
f 2973 3007 3020
f 2973 3020 3039
f 2973 3039 3070
f 2973 3070 3107
f 2973 3107 3106
f 2973 3106 3141
f 2973 3141 3188
f 2973 3188 3234
f 2973 3234 3301
f 2973 3301 3300
f 2973 3300 3390
f 2973 3390 3471
f 2973 3471 3556
f 2973 3556 3665
f 2973 3665 3777
f 2973 3777 3886
f 2973 3886 3774
f 2973 3774 3880
f 2973 3880 3881
f 2973 3881 3883
f 2973 3883 3987
f 2973 3987 4076
f 2973 4076 4178
f 2973 4178 4183
f 2973 4183 4320
f 2973 4320 4430
f 2973 4430 4432
f 2973 4432 4431
f 2973 4431 4322
f 2973 4322 4321
f 2973 4321 4185
f 2973 4185 4082
f 2973 4082 3992
f 2973 3992 3887
f 2973 3887 3778
f 2973 3778 3666
f 2973 3666 3559
f 2973 3559 3557
f 2973 3557 3472
f 2973 3472 3392
f 2973 3392 3304
f 2973 3304 3317
f 2973 3317 3248
f 2973 3248 3199
f 2973 3199 3151
f 2973 3151 3115
f 2973 3115 3080
f 2973 3080 3079
f 2973 3079 3075
f 2973 3075 3043
f 2973 3043 3025
f 2973 3025 3011
f 2973 3011 3008
f 2973 3008 2991
f 2973 2991 2982
f 2973 2982 2976
f 2973 2976 2974
f 2974 2977 2975
f 2974 2976 2978
f 2974 2978 2979
f 2974 2979 2980
f 2974 2980 2981
f 2974 2981 2977
f 2976 2982 2978
f 2978 2983 2984
f 2978 2984 2979
f 2978 2982 2985
f 2978 2985 2983
f 2979 2986 2980
f 2979 2984 2983
f 2979 2983 2986
f 2980 2986 2987
f 2980 2987 2988
f 2980 2988 2989
f 2980 2989 2981
f 2981 2989 2990
f 2982 2991 2992
f 2982 2992 2985
f 2983 2985 2993
f 2983 2993 2994
f 2983 2994 2986
f 2985 2995 2994
f 2985 2994 2993
f 2985 2992 2996
f 2985 2996 2997
f 2985 2997 2995
f 2986 2998 2999
f 2986 2999 2987
f 2986 2994 3000
f 2986 3000 3001
f 2986 3001 3002
f 2986 3002 2998
f 2987 3003 2988
f 2987 2999 3004
f 2987 3004 3003
f 2988 3003 3004
f 2988 3004 2989
f 2989 3004 3005
f 2989 3005 3006
f 2989 3006 2990
f 2990 3006 3005
f 2990 3005 3004
f 2990 3004 3015
f 2990 3015 3014
f 2990 3014 3028
f 2990 3028 3048
f 2990 3048 3086
f 2990 3086 3088
f 2990 3088 3087
f 2990 3087 3062
f 2990 3062 3096
f 2990 3096 3100
f 2990 3100 3134
f 2990 3134 3171
f 2990 3171 3223
f 2990 3223 3282
f 2990 3282 3283
f 2990 3283 3284
f 2990 3284 3353
f 2990 3353 3352
f 2990 3352 3351
f 2990 3351 3361
f 2990 3361 3437
f 2990 3437 3520
f 2990 3520 3609
f 2990 3609 3608
f 2990 3608 3715
f 2990 3715 3724
f 2990 3724 3723
f 2990 3723 3722
f 2990 3722 3721
f 2990 3721 3836
f 2990 3836 3944
f 2990 3944 3943
f 2990 3943 4038
f 2990 4038 4132
f 2990 4132 4256
f 2990 4256 4255
f 2990 4255 4254
f 2990 4254 4371
f 2990 4371 4470
f 2990 4470 4511
f 2990 4511 4510
f 2990 4510 4512
f 2990 4512 4475
f 2990 4475 4379
f 2990 4379 4378
f 2990 4378 4377
f 2990 4377 4376
f 2990 4376 4375
f 2990 4375 4374
f 2990 4374 4474
f 2990 4474 4372
f 2990 4372 4259
f 2990 4259 4258
f 2990 4258 4133
f 2990 4133 4039
f 2990 4039 3945
f 2990 3945 3839
f 2990 3839 3838
f 2990 3838 3837
f 2990 3837 3731
f 2990 3731 3730
f 2990 3730 3621
f 2990 3621 3620
f 2990 3620 3619
f 2990 3619 3618
f 2990 3618 3617
f 2990 3617 3613
f 2990 3613 3525
f 2990 3525 3444
f 2990 3444 3373
f 2990 3373 3372
f 2990 3372 3371
f 2990 3371 3443
f 2990 3443 3441
f 2990 3441 3368
f 2990 3368 3292
f 2990 3292 3286
f 2990 3286 3285
f 2990 3285 3225
f 2990 3225 3174
f 2990 3174 3173
f 2990 3173 3135
f 2990 3135 3101
f 2990 3101 3067
f 2990 3067 3038
f 2990 3038 3019
f 2990 3019 3007
f 2991 3008 2996
f 2991 2996 2992
f 2994 2995 3009
f 2994 3009 3000
f 2995 2997 3009
f 2996 3010 2997
f 2996 3008 3011
f 2996 3011 3010
f 2997 3010 3012
f 2997 3012 3009
f 2998 3004 2999
f 2998 3002 3013
f 2998 3013 3014
f 2998 3014 3015
f 2998 3015 3004
f 3000 3009 3016
f 3000 3016 3001
f 3001 3016 3017
f 3001 3017 3018
f 3001 3018 3002
f 3002 3018 3013
f 3007 3019 3020
f 3009 3017 3016
f 3009 3012 3021
f 3009 3021 3022
f 3009 3022 3023
f 3009 3023 3017
f 3010 3024 3012
f 3010 3011 3024
f 3011 3025 3026
f 3011 3026 3027
f 3011 3027 3021
f 3011 3021 3024
f 3012 3024 3021
f 3013 3028 3014
f 3013 3018 3029
f 3013 3029 3030
f 3013 3030 3031
f 3013 3031 3028
f 3017 3023 3032
f 3017 3032 3033
f 3017 3033 3034
f 3017 3034 3035
f 3017 3035 3036
f 3017 3036 3037
f 3017 3037 3018
f 3018 3037 3029
f 3019 3038 3020
f 3020 3038 3039
f 3021 3040 3022
f 3021 3027 3040
f 3022 3040 3023
f 3023 3041 3032
f 3023 3040 3042
f 3023 3042 3041
f 3025 3043 3044
f 3025 3044 3026
f 3026 3044 3045
f 3026 3045 3046
f 3026 3046 3047
f 3026 3047 3027
f 3027 3047 3042
f 3027 3042 3040
f 3028 3031 3048
f 3029 3037 3049
f 3029 3049 3050
f 3029 3050 3031
f 3029 3031 3030
f 3031 3051 3052
f 3031 3052 3048
f 3031 3050 3053
f 3031 3053 3054
f 3031 3054 3055
f 3031 3055 3056
f 3031 3056 3057
f 3031 3057 3058
f 3031 3058 3059
f 3031 3059 3060
f 3031 3060 3061
f 3031 3061 3062
f 3031 3062 3051
f 3032 3041 3063
f 3032 3063 3034
f 3032 3034 3033
f 3034 3063 3064
f 3034 3064 3054
f 3034 3054 3036
f 3034 3036 3035
f 3036 3065 3037
f 3036 3054 3065
f 3037 3065 3066
f 3037 3066 3049
f 3038 3067 3068
f 3038 3068 3069
f 3038 3069 3070
f 3038 3070 3039
f 3041 3071 3072
f 3041 3072 3063
f 3041 3042 3073
f 3041 3073 3074
f 3041 3074 3071
f 3042 3047 3074
f 3042 3074 3073
f 3043 3075 3044
f 3044 3075 3045
f 3045 3076 3077
f 3045 3077 3078
f 3045 3078 3046
f 3045 3075 3079
f 3045 3079 3080
f 3045 3080 3081
f 3045 3081 3076
f 3046 3082 3047
f 3046 3078 3082
f 3047 3082 3083
f 3047 3083 3084
f 3047 3084 3085
f 3047 3085 3074
f 3048 3052 3086
f 3049 3066 3050
f 3050 3066 3053
f 3051 3087 3088
f 3051 3088 3086
f 3051 3086 3052
f 3051 3062 3087
f 3053 3066 3065
f 3053 3065 3054
f 3054 3072 3056
f 3054 3056 3055
f 3054 3064 3072
f 3056 3072 3089
f 3056 3089 3090
f 3056 3090 3091
f 3056 3091 3092
f 3056 3092 3057
f 3057 3092 3093
f 3057 3093 3094
f 3057 3094 3095
f 3057 3095 3058
f 3058 3095 3059
f 3059 3095 3061
f 3059 3061 3060
f 3061 3096 3062
f 3061 3095 3097
f 3061 3097 3098
f 3061 3098 3099
f 3061 3099 3100
f 3061 3100 3096
f 3063 3072 3064
f 3067 3101 3102
f 3067 3102 3103
f 3067 3103 3068
f 3068 3070 3069
f 3068 3103 3104
f 3068 3104 3105
f 3068 3105 3106
f 3068 3106 3107
f 3068 3107 3070
f 3071 3074 3108
f 3071 3108 3109
f 3071 3109 3110
f 3071 3110 3089
f 3071 3089 3072
f 3074 3085 3084
f 3074 3084 3111
f 3074 3111 3112
f 3074 3112 3113
f 3074 3113 3109
f 3074 3109 3108
f 3076 3083 3078
f 3076 3078 3077
f 3076 3081 3114
f 3076 3114 3083
f 3078 3083 3082
f 3080 3115 3116
f 3080 3116 3117
f 3080 3117 3118
f 3080 3118 3081
f 3081 3118 3114
f 3083 3111 3084
f 3083 3114 3119
f 3083 3119 3120
f 3083 3120 3121
f 3083 3121 3122
f 3083 3122 3123
f 3083 3123 3111
f 3089 3110 3109
f 3089 3109 3124
f 3089 3124 3125
f 3089 3125 3090
f 3090 3125 3126
f 3090 3126 3127
f 3090 3127 3091
f 3091 3127 3092
f 3092 3127 3128
f 3092 3128 3129
f 3092 3129 3093
f 3093 3129 3094
f 3094 3098 3097
f 3094 3097 3095
f 3094 3129 3130
f 3094 3130 3098
f 3098 3130 3131
f 3098 3131 3132
f 3098 3132 3099
f 3099 3132 3133
f 3099 3133 3134
f 3099 3134 3100
f 3101 3135 3136
f 3101 3136 3103
f 3101 3103 3102
f 3103 3136 3104
f 3104 3136 3137
f 3104 3137 3138
f 3104 3138 3139
f 3104 3139 3105
f 3105 3139 3140
f 3105 3140 3106
f 3106 3140 3142
f 3106 3142 3141
f 3109 3113 3143
f 3109 3143 3144
f 3109 3144 3145
f 3109 3145 3146
f 3109 3146 3124
f 3111 3147 3143
f 3111 3143 3112
f 3111 3123 3147
f 3112 3143 3113
f 3114 3118 3148
f 3114 3148 3149
f 3114 3149 3150
f 3114 3150 3119
f 3115 3151 3152
f 3115 3152 3116
f 3116 3118 3117
f 3116 3152 3118
f 3118 3152 3148
f 3119 3150 3121
f 3119 3121 3120
f 3121 3150 3153
f 3121 3153 3154
f 3121 3154 3122
f 3122 3154 3153
f 3122 3153 3155
f 3122 3155 3123
f 3123 3155 3156
f 3123 3156 3157
f 3123 3157 3158
f 3123 3158 3159
f 3123 3159 3160
f 3123 3160 3161
f 3123 3161 3162
f 3123 3162 3163
f 3123 3163 3147
f 3124 3146 3125
f 3125 3146 3126
f 3126 3128 3127
f 3126 3146 3145
f 3126 3145 3164
f 3126 3164 3165
f 3126 3165 3128
f 3128 3165 3129
f 3129 3165 3166
f 3129 3166 3167
f 3129 3167 3168
f 3129 3168 3130
f 3130 3168 3169
f 3130 3169 3170
f 3130 3170 3131
f 3131 3170 3133
f 3131 3133 3132
f 3133 3171 3134
f 3133 3170 3172
f 3133 3172 3171
f 3135 3173 3137
f 3135 3137 3136
f 3137 3173 3174
f 3137 3174 3175
f 3137 3175 3176
f 3137 3176 3177
f 3137 3177 3178
f 3137 3178 3179
f 3137 3179 3138
f 3138 3179 3180
f 3138 3180 3139
f 3139 3180 3181
f 3139 3181 3182
f 3139 3182 3183
f 3139 3183 3184
f 3139 3184 3185
f 3139 3185 3140
f 3140 3185 3186
f 3140 3186 3142
f 3141 3142 3187
f 3141 3187 3188
f 3142 3186 3187
f 3143 3145 3144
f 3143 3147 3145
f 3145 3147 3189
f 3145 3189 3190
f 3145 3190 3164
f 3147 3163 3191
f 3147 3191 3189
f 3148 3192 3193
f 3148 3193 3194
f 3148 3194 3195
f 3148 3195 3196
f 3148 3196 3197
f 3148 3197 3150
f 3148 3150 3149
f 3148 3152 3192
f 3150 3197 3198
f 3150 3198 3153
f 3151 3199 3152
f 3152 3199 3200
f 3152 3200 3201
f 3152 3201 3192
f 3153 3156 3155
f 3153 3198 3156
f 3156 3198 3202
f 3156 3202 3203
f 3156 3203 3158
f 3156 3158 3157
f 3158 3203 3204
f 3158 3204 3205
f 3158 3205 3159
f 3159 3205 3206
f 3159 3206 3160
f 3160 3206 3207
f 3160 3207 3161
f 3161 3207 3208
f 3161 3208 3209
f 3161 3209 3210
f 3161 3210 3162
f 3162 3210 3211
f 3162 3211 3163
f 3163 3212 3213
f 3163 3213 3214
f 3163 3214 3189
f 3163 3189 3191
f 3163 3211 3212
f 3164 3166 3165
f 3164 3190 3189
f 3164 3189 3215
f 3164 3215 3216
f 3164 3216 3166
f 3166 3216 3167
f 3167 3216 3217
f 3167 3217 3218
f 3167 3218 3168
f 3168 3218 3169
f 3169 3218 3219
f 3169 3219 3170
f 3170 3220 3172
f 3170 3219 3221
f 3170 3221 3222
f 3170 3222 3220
f 3171 3172 3223
f 3172 3220 3224
f 3172 3224 3223
f 3174 3225 3175
f 3175 3225 3176
f 3176 3226 3177
f 3176 3225 3226
f 3177 3226 3227
f 3177 3227 3178
f 3178 3181 3180
f 3178 3180 3179
f 3178 3227 3228
f 3178 3228 3229
f 3178 3229 3182
f 3178 3182 3181
f 3182 3230 3184
f 3182 3184 3183
f 3182 3229 3228
f 3182 3228 3231
f 3182 3231 3230
f 3184 3230 3185
f 3185 3230 3186
f 3186 3230 3232
f 3186 3232 3187
f 3187 3232 3233
f 3187 3233 3188
f 3188 3233 3234
f 3189 3214 3235
f 3189 3235 3236
f 3189 3236 3237
f 3189 3237 3215
f 3192 3201 3238
f 3192 3238 3239
f 3192 3239 3193
f 3193 3239 3240
f 3193 3240 3241
f 3193 3241 3194
f 3194 3241 3242
f 3194 3242 3195
f 3195 3242 3196
f 3196 3243 3198
f 3196 3198 3197
f 3196 3242 3244
f 3196 3244 3245
f 3196 3245 3246
f 3196 3246 3243
f 3198 3243 3247
f 3198 3247 3202
f 3199 3248 3201
f 3199 3201 3200
f 3201 3248 3249
f 3201 3249 3238
f 3202 3247 3203
f 3203 3247 3204
f 3204 3247 3206
f 3204 3206 3205
f 3206 3247 3207
f 3207 3247 3250
f 3207 3250 3208
f 3208 3250 3251
f 3208 3251 3252
f 3208 3252 3253
f 3208 3253 3254
f 3208 3254 3255
f 3208 3255 3209
f 3209 3255 3256
f 3209 3256 3210
f 3210 3256 3257
f 3210 3257 3258
f 3210 3258 3211
f 3211 3258 3259
f 3211 3259 3212
f 3212 3259 3213
f 3213 3259 3260
f 3213 3260 3261
f 3213 3261 3262
f 3213 3262 3263
f 3213 3263 3264
f 3213 3264 3214
f 3214 3236 3235
f 3214 3264 3265
f 3214 3265 3236
f 3215 3237 3266
f 3215 3266 3216
f 3216 3266 3217
f 3217 3266 3267
f 3217 3267 3218
f 3218 3268 3219
f 3218 3267 3266
f 3218 3266 3269
f 3218 3269 3270
f 3218 3270 3268
f 3219 3268 3271
f 3219 3271 3272
f 3219 3272 3222
f 3219 3222 3221
f 3220 3273 3274
f 3220 3274 3224
f 3220 3222 3275
f 3220 3275 3273
f 3222 3272 3276
f 3222 3276 3277
f 3222 3277 3278
f 3222 3278 3279
f 3222 3279 3280
f 3222 3280 3274
f 3222 3274 3281
f 3222 3281 3275
f 3223 3224 3282
f 3224 3283 3282
f 3224 3274 3284
f 3224 3284 3283
f 3225 3285 3227
f 3225 3227 3226
f 3227 3285 3228
f 3228 3285 3286
f 3228 3286 3231
f 3230 3231 3287
f 3230 3287 3288
f 3230 3288 3289
f 3230 3289 3290
f 3230 3290 3291
f 3230 3291 3232
f 3231 3286 3292
f 3231 3292 3293
f 3231 3293 3294
f 3231 3294 3295
f 3231 3295 3296
f 3231 3296 3288
f 3231 3288 3287
f 3232 3291 3297
f 3232 3297 3298
f 3232 3298 3299
f 3232 3299 3300
f 3232 3300 3301
f 3232 3301 3234
f 3232 3234 3233
f 3236 3266 3237
f 3236 3265 3264
f 3236 3264 3263
f 3236 3263 3302
f 3236 3302 3266
f 3238 3249 3240
f 3238 3240 3239
f 3240 3303 3304
f 3240 3304 3241
f 3240 3249 3303
f 3241 3304 3305
f 3241 3305 3306
f 3241 3306 3307
f 3241 3307 3242
f 3242 3307 3308
f 3242 3308 3309
f 3242 3309 3244
f 3243 3246 3247
f 3244 3309 3310
f 3244 3310 3311
f 3244 3311 3312
f 3244 3312 3313
f 3244 3313 3245
f 3245 3313 3250
f 3245 3250 3314
f 3245 3314 3246
f 3246 3314 3250
f 3246 3250 3315
f 3246 3315 3316
f 3246 3316 3247
f 3247 3316 3250
f 3248 3317 3249
f 3249 3317 3318
f 3249 3318 3304
f 3249 3304 3303
f 3250 3319 3315
f 3250 3313 3320
f 3250 3320 3252
f 3250 3252 3251
f 3250 3316 3319
f 3252 3320 3321
f 3252 3321 3253
f 3253 3321 3322
f 3253 3322 3254
f 3254 3257 3256
f 3254 3256 3255
f 3254 3322 3323
f 3254 3323 3324
f 3254 3324 3325
f 3254 3325 3257
f 3257 3326 3327
f 3257 3327 3328
f 3257 3328 3329
f 3257 3329 3258
f 3257 3325 3326
f 3258 3329 3330
f 3258 3330 3259
f 3259 3331 3260
f 3259 3330 3331
f 3260 3332 3262
f 3260 3262 3261
f 3260 3331 3333
f 3260 3333 3334
f 3260 3334 3335
f 3260 3335 3332
f 3262 3336 3337
f 3262 3337 3338
f 3262 3338 3263
f 3262 3332 3339
f 3262 3339 3336
f 3263 3338 3340
f 3263 3340 3302
f 3266 3302 3269
f 3268 3270 3341
f 3268 3341 3271
f 3269 3302 3342
f 3269 3342 3343
f 3269 3343 3270
f 3270 3343 3344
f 3270 3344 3345
f 3270 3345 3346
f 3270 3346 3347
f 3270 3347 3348
f 3270 3348 3341
f 3271 3341 3349
f 3271 3349 3272
f 3272 3349 3347
f 3272 3347 3277
f 3272 3277 3276
f 3273 3275 3281
f 3273 3281 3274
f 3274 3280 3350
f 3274 3350 3351
f 3274 3351 3352
f 3274 3352 3353
f 3274 3353 3284
f 3277 3347 3354
f 3277 3354 3355
f 3277 3355 3278
f 3278 3355 3356
f 3278 3356 3357
f 3278 3357 3279
f 3279 3358 3280
f 3279 3357 3359
f 3279 3359 3358
f 3280 3358 3359
f 3280 3359 3360
f 3280 3360 3361
f 3280 3361 3350
f 3288 3362 3363
f 3288 3363 3289
f 3288 3296 3295
f 3288 3295 3364
f 3288 3364 3362
f 3289 3363 3290
f 3290 3298 3291
f 3290 3363 3362
f 3290 3362 3365
f 3290 3365 3366
f 3290 3366 3367
f 3290 3367 3298
f 3291 3298 3297
f 3292 3368 3293
f 3293 3369 3294
f 3293 3368 3370
f 3293 3370 3371
f 3293 3371 3372
f 3293 3372 3373
f 3293 3373 3374
f 3293 3374 3375
f 3293 3375 3369
f 3294 3369 3295
f 3295 3376 3364
f 3295 3369 3375
f 3295 3375 3377
f 3295 3377 3378
f 3295 3378 3376
f 3298 3367 3379
f 3298 3379 3380
f 3298 3380 3381
f 3298 3381 3382
f 3298 3382 3383
f 3298 3383 3384
f 3298 3384 3385
f 3298 3385 3386
f 3298 3386 3387
f 3298 3387 3300
f 3298 3300 3299
f 3300 3387 3388
f 3300 3388 3389
f 3300 3389 3390
f 3302 3340 3391
f 3302 3391 3342
f 3304 3392 3305
f 3304 3318 3317
f 3305 3307 3306
f 3305 3392 3393
f 3305 3393 3394
f 3305 3394 3395
f 3305 3395 3396
f 3305 3396 3307
f 3307 3396 3397
f 3307 3397 3398
f 3307 3398 3308
f 3308 3399 3310
f 3308 3310 3309
f 3308 3398 3400
f 3308 3400 3401
f 3308 3401 3399
f 3310 3399 3401
f 3310 3401 3402
f 3310 3402 3311
f 3311 3402 3312
f 3312 3402 3403
f 3312 3403 3404
f 3312 3404 3313
f 3313 3404 3320
f 3315 3319 3316
f 3320 3404 3403
f 3320 3403 3405
f 3320 3405 3406
f 3320 3406 3407
f 3320 3407 3408
f 3320 3408 3321
f 3321 3408 3322
f 3322 3408 3323
f 3323 3408 3324
f 3324 3408 3409
f 3324 3409 3325
f 3325 3409 3410
f 3325 3410 3326
f 3326 3410 3327
f 3327 3410 3411
f 3327 3411 3412
f 3327 3412 3330
f 3327 3330 3329
f 3327 3329 3328
f 3330 3412 3333
f 3330 3333 3331
f 3332 3335 3339
f 3333 3412 3334
f 3334 3413 3335
f 3334 3412 3414
f 3334 3414 3415
f 3334 3415 3413
f 3335 3413 3415
f 3335 3415 3339
f 3336 3339 3416
f 3336 3416 3417
f 3336 3417 3418
f 3336 3418 3337
f 3337 3419 3420
f 3337 3420 3421
f 3337 3421 3422
f 3337 3422 3338
f 3337 3418 3419
f 3338 3422 3340
f 3339 3423 3416
f 3339 3415 3423
f 3340 3422 3391
f 3341 3348 3349
f 3342 3424 3344
f 3342 3344 3343
f 3342 3391 3425
f 3342 3425 3346
f 3342 3346 3424
f 3344 3424 3346
f 3344 3346 3345
f 3346 3425 3426
f 3346 3426 3427
f 3346 3427 3428
f 3346 3428 3419
f 3346 3419 3429
f 3346 3429 3430
f 3346 3430 3347
f 3347 3430 3431
f 3347 3431 3432
f 3347 3432 3354
f 3347 3349 3348
f 3350 3361 3351
f 3354 3432 3433
f 3354 3433 3434
f 3354 3434 3355
f 3355 3435 3356
f 3355 3434 3435
f 3356 3436 3361
f 3356 3361 3360
f 3356 3360 3359
f 3356 3359 3357
f 3356 3435 3436
f 3361 3436 3437
f 3362 3364 3376
f 3362 3376 3438
f 3362 3438 3439
f 3362 3439 3366
f 3362 3366 3365
f 3366 3439 3367
f 3367 3439 3440
f 3367 3440 3379
f 3368 3441 3370
f 3370 3441 3442
f 3370 3442 3443
f 3370 3443 3371
f 3373 3444 3445
f 3373 3445 3446
f 3373 3446 3374
f 3374 3446 3447
f 3374 3447 3448
f 3374 3448 3375
f 3375 3448 3449
f 3375 3449 3450
f 3375 3450 3377
f 3376 3378 3451
f 3376 3451 3452
f 3376 3452 3438
f 3377 3453 3378
f 3377 3450 3453
f 3378 3453 3450
f 3378 3450 3454
f 3378 3454 3455
f 3378 3455 3456
f 3378 3456 3451
f 3379 3440 3457
f 3379 3457 3458
f 3379 3458 3459
f 3379 3459 3380
f 3380 3459 3460
f 3380 3460 3381
f 3381 3460 3461
f 3381 3461 3462
f 3381 3462 3382
f 3382 3462 3463
f 3382 3463 3383
f 3383 3463 3384
f 3384 3464 3385
f 3384 3463 3465
f 3384 3465 3466
f 3384 3466 3467
f 3384 3467 3464
f 3385 3464 3468
f 3385 3468 3469
f 3385 3469 3386
f 3386 3469 3388
f 3386 3388 3387
f 3388 3469 3470
f 3388 3470 3389
f 3389 3470 3390
f 3390 3470 3471
f 3391 3422 3425
f 3392 3472 3473
f 3392 3473 3394
f 3392 3394 3393
f 3394 3473 3474
f 3394 3474 3475
f 3394 3475 3476
f 3394 3476 3477
f 3394 3477 3478
f 3394 3478 3395
f 3395 3478 3479
f 3395 3479 3396
f 3396 3479 3398
f 3396 3398 3397
f 3398 3479 3480
f 3398 3480 3481
f 3398 3481 3400
f 3400 3481 3401
f 3401 3481 3482
f 3401 3482 3483
f 3401 3483 3484
f 3401 3484 3402
f 3402 3484 3485
f 3402 3485 3403
f 3403 3485 3405
f 3405 3485 3486
f 3405 3486 3487
f 3405 3487 3406
f 3406 3487 3407
f 3407 3487 3488
f 3407 3488 3489
f 3407 3489 3490
f 3407 3490 3408
f 3408 3490 3409
f 3409 3491 3492
f 3409 3492 3493
f 3409 3493 3494
f 3409 3494 3495
f 3409 3495 3410
f 3409 3490 3489
f 3409 3489 3491
f 3410 3495 3496
f 3410 3496 3411
f 3411 3496 3414
f 3411 3414 3497
f 3411 3497 3412
f 3412 3497 3414
f 3414 3496 3498
f 3414 3498 3499
f 3414 3499 3500
f 3414 3500 3415
f 3415 3500 3501
f 3415 3501 3502
f 3415 3502 3503
f 3415 3503 3504
f 3415 3504 3423
f 3416 3423 3504
f 3416 3504 3505
f 3416 3505 3418
f 3416 3418 3417
f 3418 3505 3504
f 3418 3504 3506
f 3418 3506 3507
f 3418 3507 3419
f 3419 3428 3420
f 3419 3507 3508
f 3419 3508 3509
f 3419 3509 3429
f 3420 3510 3421
f 3420 3428 3427
f 3420 3427 3426
f 3420 3426 3510
f 3421 3510 3425
f 3421 3425 3422
f 3425 3510 3426
f 3429 3509 3511
f 3429 3511 3431
f 3429 3431 3430
f 3431 3511 3512
f 3431 3512 3513
f 3431 3513 3514
f 3431 3514 3515
f 3431 3515 3433
f 3431 3433 3432
f 3433 3515 3516
f 3433 3516 3434
f 3434 3516 3517
f 3434 3517 3518
f 3434 3518 3519
f 3434 3519 3435
f 3435 3520 3437
f 3435 3437 3436
f 3435 3519 3520
f 3438 3452 3451
f 3438 3451 3521
f 3438 3521 3522
f 3438 3522 3523
f 3438 3523 3524
f 3438 3524 3439
f 3439 3524 3440
f 3440 3524 3457
f 3441 3443 3442
f 3444 3525 3445
f 3445 3526 3527
f 3445 3527 3528
f 3445 3528 3446
f 3445 3525 3526
f 3446 3448 3447
f 3446 3528 3448
f 3448 3528 3529
f 3448 3529 3530
f 3448 3530 3449
f 3449 3530 3450
f 3450 3530 3531
f 3450 3531 3532
f 3450 3532 3533
f 3450 3533 3534
f 3450 3534 3454
f 3451 3456 3521
f 3454 3534 3455
f 3455 3535 3456
f 3455 3534 3535
f 3456 3535 3522
f 3456 3522 3521
f 3457 3524 3536
f 3457 3536 3537
f 3457 3537 3538
f 3457 3538 3539
f 3457 3539 3458
f 3458 3539 3459
f 3459 3539 3460
f 3460 3540 3461
f 3460 3539 3541
f 3460 3541 3542
f 3460 3542 3540
f 3461 3540 3543
f 3461 3543 3544
f 3461 3544 3462
f 3462 3544 3545
f 3462 3545 3465
f 3462 3465 3463
f 3464 3467 3546
f 3464 3546 3468
f 3465 3545 3547
f 3465 3547 3548
f 3465 3548 3549
f 3465 3549 3550
f 3465 3550 3551
f 3465 3551 3552
f 3465 3552 3466
f 3466 3552 3553
f 3466 3553 3467
f 3467 3554 3546
f 3467 3553 3554
f 3468 3546 3555
f 3468 3555 3469
f 3469 3555 3470
f 3470 3555 3556
f 3470 3556 3471
f 3472 3557 3473
f 3473 3557 3558
f 3473 3558 3474
f 3474 3558 3559
f 3474 3559 3560
f 3474 3560 3475
f 3475 3560 3561
f 3475 3561 3476
f 3476 3561 3477
f 3477 3482 3481
f 3477 3481 3480
f 3477 3480 3478
f 3477 3561 3562
f 3477 3562 3563
f 3477 3563 3482
f 3478 3480 3479
f 3482 3564 3483
f 3482 3563 3565
f 3482 3565 3564
f 3483 3564 3566
f 3483 3566 3484
f 3484 3566 3567
f 3484 3567 3568
f 3484 3568 3485
f 3485 3568 3486
f 3486 3568 3569
f 3486 3569 3487
f 3487 3569 3488
f 3488 3569 3489
f 3489 3569 3570
f 3489 3570 3491
f 3491 3571 3572
f 3491 3572 3492
f 3491 3570 3573
f 3491 3573 3574
f 3491 3574 3571
f 3492 3572 3575
f 3492 3575 3493
f 3493 3575 3576
f 3493 3576 3577
f 3493 3577 3495
f 3493 3495 3494
f 3495 3578 3498
f 3495 3498 3496
f 3495 3577 3579
f 3495 3579 3580
f 3495 3580 3578
f 3498 3578 3501
f 3498 3501 3500
f 3498 3500 3499
f 3501 3580 3581
f 3501 3581 3582
f 3501 3582 3583
f 3501 3583 3502
f 3501 3578 3580
f 3502 3583 3584
f 3502 3584 3585
f 3502 3585 3586
f 3502 3586 3503
f 3503 3587 3504
f 3503 3586 3588
f 3503 3588 3587
f 3504 3587 3508
f 3504 3508 3589
f 3504 3589 3590
f 3504 3590 3591
f 3504 3591 3506
f 3506 3591 3507
f 3507 3591 3590
f 3507 3590 3508
f 3508 3590 3589
f 3508 3587 3592
f 3508 3592 3593
f 3508 3593 3594
f 3508 3594 3595
f 3508 3595 3596
f 3508 3596 3597
f 3508 3597 3509
f 3509 3597 3512
f 3509 3512 3511
f 3512 3597 3598
f 3512 3598 3513
f 3513 3599 3600
f 3513 3600 3601
f 3513 3601 3514
f 3513 3598 3602
f 3513 3602 3599
f 3514 3603 3515
f 3514 3601 3603
f 3515 3603 3516
f 3516 3603 3517
f 3517 3604 3518
f 3517 3603 3605
f 3517 3605 3606
f 3517 3606 3607
f 3517 3607 3604
f 3518 3604 3608
f 3518 3608 3609
f 3518 3609 3519
f 3519 3609 3520
f 3522 3535 3610
f 3522 3610 3611
f 3522 3611 3612
f 3522 3612 3537
f 3522 3537 3523
f 3523 3537 3524
f 3524 3537 3536
f 3525 3613 3526
f 3526 3614 3615
f 3526 3615 3527
f 3526 3613 3616
f 3526 3616 3617
f 3526 3617 3618
f 3526 3618 3619
f 3526 3619 3620
f 3526 3620 3621
f 3526 3621 3622
f 3526 3622 3623
f 3526 3623 3614
f 3527 3624 3625
f 3527 3625 3529
f 3527 3529 3528
f 3527 3615 3624
f 3529 3625 3626
f 3529 3626 3531
f 3529 3531 3530
f 3531 3627 3532
f 3531 3626 3627
f 3532 3627 3533
f 3533 3627 3534
f 3534 3627 3628
f 3534 3628 3629
f 3534 3629 3630
f 3534 3630 3631
f 3534 3631 3535
f 3535 3611 3610
f 3535 3631 3611
f 3537 3612 3632
f 3537 3632 3633
f 3537 3633 3634
f 3537 3634 3635
f 3537 3635 3636
f 3537 3636 3637
f 3537 3637 3638
f 3537 3638 3539
f 3537 3539 3538
f 3539 3638 3541
f 3540 3542 3543
f 3541 3638 3639
f 3541 3639 3640
f 3541 3640 3641
f 3541 3641 3543
f 3541 3543 3542
f 3543 3641 3642
f 3543 3642 3643
f 3543 3643 3644
f 3543 3644 3544
f 3544 3644 3645
f 3544 3645 3545
f 3545 3645 3547
f 3546 3554 3646
f 3546 3646 3555
f 3547 3645 3548
f 3548 3645 3647
f 3548 3647 3648
f 3548 3648 3549
f 3549 3648 3649
f 3549 3649 3650
f 3549 3650 3651
f 3549 3651 3550
f 3550 3651 3652
f 3550 3652 3653
f 3550 3653 3551
f 3551 3653 3552
f 3552 3653 3654
f 3552 3654 3655
f 3552 3655 3656
f 3552 3656 3657
f 3552 3657 3658
f 3552 3658 3659
f 3552 3659 3660
f 3552 3660 3661
f 3552 3661 3662
f 3552 3662 3553
f 3553 3662 3554
f 3554 3662 3646
f 3555 3646 3662
f 3555 3662 3663
f 3555 3663 3556
f 3556 3663 3664
f 3556 3664 3665
f 3557 3559 3558
f 3559 3666 3667
f 3559 3667 3560
f 3560 3667 3668
f 3560 3668 3561
f 3561 3668 3669
f 3561 3669 3562
f 3562 3669 3563
f 3563 3669 3670
f 3563 3670 3671
f 3563 3671 3565
f 3564 3565 3672
f 3564 3672 3673
f 3564 3673 3566
f 3565 3671 3674
f 3565 3674 3672
f 3566 3673 3675
f 3566 3675 3676
f 3566 3676 3567
f 3567 3677 3678
f 3567 3678 3568
f 3567 3676 3574
f 3567 3574 3677
f 3568 3678 3569
f 3569 3678 3677
f 3569 3677 3570
f 3570 3677 3574
f 3570 3574 3573
f 3571 3679 3572
f 3571 3574 3679
f 3572 3679 3575
f 3574 3676 3680
f 3574 3680 3681
f 3574 3681 3682
f 3574 3682 3683
f 3574 3683 3684
f 3574 3684 3679
f 3575 3679 3576
f 3576 3679 3685
f 3576 3685 3686
f 3576 3686 3687
f 3576 3687 3577
f 3577 3687 3688
f 3577 3688 3689
f 3577 3689 3579
f 3579 3689 3581
f 3579 3581 3580
f 3581 3689 3582
f 3582 3689 3583
f 3583 3689 3584
f 3584 3690 3691
f 3584 3691 3585
f 3584 3689 3690
f 3585 3691 3692
f 3585 3692 3693
f 3585 3693 3694
f 3585 3694 3586
f 3586 3694 3695
f 3586 3695 3696
f 3586 3696 3697
f 3586 3697 3588
f 3587 3588 3698
f 3587 3698 3699
f 3587 3699 3592
f 3588 3697 3700
f 3588 3700 3701
f 3588 3701 3698
f 3592 3699 3702
f 3592 3702 3593
f 3593 3702 3703
f 3593 3703 3594
f 3594 3704 3705
f 3594 3705 3595
f 3594 3703 3702
f 3594 3702 3706
f 3594 3706 3704
f 3595 3705 3707
f 3595 3707 3596
f 3596 3707 3598
f 3596 3598 3597
f 3598 3707 3708
f 3598 3708 3709
f 3598 3709 3710
f 3598 3710 3711
f 3598 3711 3602
f 3599 3602 3711
f 3599 3711 3600
f 3600 3712 3601
f 3600 3711 3713
f 3600 3713 3712
f 3601 3712 3714
f 3601 3714 3603
f 3603 3714 3605
f 3604 3715 3608
f 3604 3607 3715
f 3605 3714 3716
f 3605 3716 3717
f 3605 3717 3606
f 3606 3717 3718
f 3606 3718 3719
f 3606 3719 3607
f 3607 3719 3720
f 3607 3720 3721
f 3607 3721 3722
f 3607 3722 3723
f 3607 3723 3724
f 3607 3724 3715
f 3611 3631 3612
f 3612 3631 3725
f 3612 3725 3726
f 3612 3726 3634
f 3612 3634 3727
f 3612 3727 3633
f 3612 3633 3632
f 3613 3617 3616
f 3614 3728 3615
f 3614 3623 3729
f 3614 3729 3728
f 3615 3626 3625
f 3615 3625 3624
f 3615 3728 3626
f 3621 3730 3622
f 3622 3730 3731
f 3622 3731 3623
f 3623 3731 3732
f 3623 3732 3733
f 3623 3733 3734
f 3623 3734 3735
f 3623 3735 3736
f 3623 3736 3737
f 3623 3737 3729
f 3626 3728 3729
f 3626 3729 3737
f 3626 3737 3738
f 3626 3738 3627
f 3627 3738 3739
f 3627 3739 3740
f 3627 3740 3741
f 3627 3741 3742
f 3627 3742 3628
f 3628 3630 3629
f 3628 3742 3743
f 3628 3743 3744
f 3628 3744 3630
f 3630 3745 3631
f 3630 3744 3743
f 3630 3743 3746
f 3630 3746 3747
f 3630 3747 3748
f 3630 3748 3745
f 3631 3745 3725
f 3633 3727 3634
f 3634 3636 3635
f 3634 3726 3748
f 3634 3748 3749
f 3634 3749 3750
f 3634 3750 3636
f 3636 3750 3751
f 3636 3751 3637
f 3637 3751 3752
f 3637 3752 3753
f 3637 3753 3754
f 3637 3754 3638
f 3638 3754 3639
f 3639 3753 3642
f 3639 3642 3640
f 3639 3754 3753
f 3640 3642 3641
f 3642 3753 3755
f 3642 3755 3756
f 3642 3756 3643
f 3643 3756 3757
f 3643 3757 3644
f 3644 3757 3645
f 3645 3757 3758
f 3645 3758 3759
f 3645 3759 3647
f 3647 3759 3760
f 3647 3760 3761
f 3647 3761 3648
f 3648 3761 3649
f 3649 3761 3762
f 3649 3762 3763
f 3649 3763 3650
f 3650 3764 3651
f 3650 3763 3765
f 3650 3765 3766
f 3650 3766 3767
f 3650 3767 3764
f 3651 3764 3655
f 3651 3655 3654
f 3651 3654 3652
f 3652 3654 3653
f 3655 3764 3656
f 3656 3764 3768
f 3656 3768 3657
f 3657 3768 3769
f 3657 3769 3770
f 3657 3770 3771
f 3657 3771 3658
f 3658 3771 3659
f 3659 3772 3660
f 3659 3771 3773
f 3659 3773 3772
f 3660 3772 3774
f 3660 3774 3664
f 3660 3664 3775
f 3660 3775 3661
f 3661 3775 3662
f 3662 3775 3663
f 3663 3775 3664
f 3664 3774 3776
f 3664 3776 3665
f 3665 3776 3777
f 3666 3778 3667
f 3667 3778 3779
f 3667 3779 3780
f 3667 3780 3668
f 3668 3780 3669
f 3669 3780 3781
f 3669 3781 3782
f 3669 3782 3783
f 3669 3783 3670
f 3670 3783 3671
f 3671 3783 3784
f 3671 3784 3785
f 3671 3785 3674
f 3672 3674 3673
f 3673 3674 3786
f 3673 3786 3675
f 3674 3785 3787
f 3674 3787 3786
f 3675 3680 3676
f 3675 3786 3788
f 3675 3788 3680
f 3679 3684 3789
f 3679 3789 3685
f 3680 3788 3790
f 3680 3790 3681
f 3681 3790 3682
f 3682 3790 3791
f 3682 3791 3792
f 3682 3792 3793
f 3682 3793 3684
f 3682 3684 3683
f 3684 3794 3795
f 3684 3795 3789
f 3684 3793 3796
f 3684 3796 3797
f 3684 3797 3798
f 3684 3798 3799
f 3684 3799 3800
f 3684 3800 3794
f 3685 3789 3686
f 3686 3789 3795
f 3686 3795 3687
f 3687 3795 3801
f 3687 3801 3688
f 3688 3801 3802
f 3688 3802 3691
f 3688 3691 3690
f 3688 3690 3689
f 3691 3803 3692
f 3691 3802 3804
f 3691 3804 3693
f 3691 3693 3803
f 3692 3803 3693
f 3693 3805 3806
f 3693 3806 3694
f 3693 3804 3805
f 3694 3806 3695
f 3695 3806 3807
f 3695 3807 3808
f 3695 3808 3809
f 3695 3809 3810
f 3695 3810 3696
f 3696 3810 3811
f 3696 3811 3812
f 3696 3812 3697
f 3697 3701 3700
f 3697 3812 3701
f 3698 3701 3813
f 3698 3813 3699
f 3699 3813 3702
f 3701 3814 3815
f 3701 3815 3816
f 3701 3816 3702
f 3701 3702 3813
f 3701 3812 3814
f 3702 3816 3815
f 3702 3815 3817
f 3702 3817 3706
f 3704 3818 3705
f 3704 3706 3817
f 3704 3817 3815
f 3704 3815 3819
f 3704 3819 3820
f 3704 3820 3821
f 3704 3821 3818
f 3705 3818 3822
f 3705 3822 3707
f 3707 3709 3708
f 3707 3822 3823
f 3707 3823 3824
f 3707 3824 3825
f 3707 3825 3709
f 3709 3826 3827
f 3709 3827 3710
f 3709 3825 3828
f 3709 3828 3829
f 3709 3829 3826
f 3710 3827 3826
f 3710 3826 3830
f 3710 3830 3831
f 3710 3831 3711
f 3711 3831 3713
f 3712 3713 3717
f 3712 3717 3716
f 3712 3716 3714
f 3713 3831 3832
f 3713 3832 3833
f 3713 3833 3718
f 3713 3718 3717
f 3718 3833 3832
f 3718 3832 3834
f 3718 3834 3719
f 3719 3834 3720
f 3720 3834 3835
f 3720 3835 3721
f 3721 3835 3836
f 3725 3745 3748
f 3725 3748 3726
f 3731 3837 3732
f 3732 3837 3838
f 3732 3838 3839
f 3732 3839 3840
f 3732 3840 3841
f 3732 3841 3733
f 3733 3841 3842
f 3733 3842 3734
f 3734 3842 3843
f 3734 3843 3735
f 3735 3843 3844
f 3735 3844 3845
f 3735 3845 3736
f 3736 3846 3737
f 3736 3845 3844
f 3736 3844 3846
f 3737 3846 3844
f 3737 3844 3847
f 3737 3847 3848
f 3737 3848 3738
f 3738 3848 3739
f 3739 3848 3847
f 3739 3847 3844
f 3739 3844 3849
f 3739 3849 3850
f 3739 3850 3740
f 3740 3850 3851
f 3740 3851 3852
f 3740 3852 3853
f 3740 3853 3854
f 3740 3854 3741
f 3741 3854 3742
f 3742 3854 3853
f 3742 3853 3852
f 3742 3852 3855
f 3742 3855 3743
f 3743 3855 3746
f 3746 3856 3748
f 3746 3748 3747
f 3746 3855 3857
f 3746 3857 3856
f 3748 3856 3749
f 3749 3856 3750
f 3750 3856 3858
f 3750 3858 3751
f 3751 3859 3752
f 3751 3858 3859
f 3752 3859 3753
f 3753 3859 3858
f 3753 3858 3860
f 3753 3860 3861
f 3753 3861 3755
f 3755 3862 3757
f 3755 3757 3756
f 3755 3861 3863
f 3755 3863 3864
f 3755 3864 3865
f 3755 3865 3862
f 3757 3862 3866
f 3757 3866 3758
f 3758 3866 3862
f 3758 3862 3759
f 3759 3862 3760
f 3760 3867 3761
f 3760 3862 3867
f 3761 3867 3762
f 3762 3867 3763
f 3763 3868 3869
f 3763 3869 3765
f 3763 3867 3862
f 3763 3862 3868
f 3764 3767 3870
f 3764 3870 3768
f 3765 3869 3871
f 3765 3871 3872
f 3765 3872 3873
f 3765 3873 3766
f 3766 3873 3767
f 3767 3873 3874
f 3767 3874 3875
f 3767 3875 3876
f 3767 3876 3877
f 3767 3877 3870
f 3768 3870 3877
f 3768 3877 3769
f 3769 3771 3770
f 3769 3877 3878
f 3769 3878 3879
f 3769 3879 3773
f 3769 3773 3771
f 3772 3880 3774
f 3772 3773 3881
f 3772 3881 3880
f 3773 3882 3883
f 3773 3883 3881
f 3773 3879 3884
f 3773 3884 3885
f 3773 3885 3882
f 3774 3886 3776
f 3776 3886 3777
f 3778 3887 3779
f 3779 3887 3888
f 3779 3888 3780
f 3780 3888 3889
f 3780 3889 3890
f 3780 3890 3781
f 3781 3890 3782
f 3782 3890 3783
f 3783 3891 3892
f 3783 3892 3893
f 3783 3893 3784
f 3783 3890 3891
f 3784 3893 3785
f 3785 3893 3894
f 3785 3894 3895
f 3785 3895 3896
f 3785 3896 3787
f 3786 3787 3897
f 3786 3897 3788
f 3787 3896 3897
f 3788 3897 3791
f 3788 3791 3790
f 3791 3896 3792
f 3791 3897 3896
f 3792 3896 3898
f 3792 3898 3899
f 3792 3899 3900
f 3792 3900 3793
f 3793 3900 3796
f 3794 3901 3902
f 3794 3902 3903
f 3794 3903 3904
f 3794 3904 3905
f 3794 3905 3795
f 3794 3800 3901
f 3795 3905 3801
f 3796 3900 3906
f 3796 3906 3907
f 3796 3907 3908
f 3796 3908 3909
f 3796 3909 3910
f 3796 3910 3911
f 3796 3911 3797
f 3797 3912 3798
f 3797 3911 3912
f 3798 3912 3799
f 3799 3912 3911
f 3799 3911 3913
f 3799 3913 3800
f 3800 3913 3914
f 3800 3914 3915
f 3800 3915 3901
f 3801 3905 3902
f 3801 3902 3802
f 3802 3902 3804
f 3804 3902 3916
f 3804 3916 3805
f 3805 3916 3917
f 3805 3917 3918
f 3805 3918 3919
f 3805 3919 3806
f 3806 3919 3807
f 3807 3919 3920
f 3807 3920 3809
f 3807 3809 3808
f 3809 3920 3811
f 3809 3811 3810
f 3811 3920 3921
f 3811 3921 3922
f 3811 3922 3923
f 3811 3923 3924
f 3811 3924 3814
f 3811 3814 3812
f 3814 3924 3925
f 3814 3925 3815
f 3815 3925 3926
f 3815 3926 3927
f 3815 3927 3928
f 3815 3928 3819
f 3818 3823 3822
f 3818 3821 3823
f 3819 3928 3929
f 3819 3929 3820
f 3820 3929 3930
f 3820 3930 3931
f 3820 3931 3821
f 3821 3931 3824
f 3821 3824 3823
f 3824 3931 3930
f 3824 3930 3825
f 3825 3930 3932
f 3825 3932 3828
f 3826 3933 3934
f 3826 3934 3830
f 3826 3829 3935
f 3826 3935 3936
f 3826 3936 3937
f 3826 3937 3938
f 3826 3938 3933
f 3828 3932 3939
f 3828 3939 3829
f 3829 3939 3936
f 3829 3936 3935
f 3830 3934 3834
f 3830 3834 3940
f 3830 3940 3831
f 3831 3940 3832
f 3832 3940 3834
f 3834 3934 3835
f 3835 3934 3941
f 3835 3941 3942
f 3835 3942 3943
f 3835 3943 3944
f 3835 3944 3836
f 3839 3945 3946
f 3839 3946 3840
f 3840 3946 3841
f 3841 3946 3947
f 3841 3947 3842
f 3842 3947 3948
f 3842 3948 3843
f 3843 3948 3949
f 3843 3949 3950
f 3843 3950 3951
f 3843 3951 3952
f 3843 3952 3844
f 3844 3952 3953
f 3844 3953 3849
f 3849 3954 3851
f 3849 3851 3850
f 3849 3953 3955
f 3849 3955 3956
f 3849 3956 3957
f 3849 3957 3954
f 3851 3954 3958
f 3851 3958 3959
f 3851 3959 3960
f 3851 3960 3961
f 3851 3961 3852
f 3852 3961 3962
f 3852 3962 3857
f 3852 3857 3855
f 3856 3857 3963
f 3856 3963 3858
f 3857 3962 3964
f 3857 3964 3963
f 3858 3963 3965
f 3858 3965 3966
f 3858 3966 3967
f 3858 3967 3968
f 3858 3968 3969
f 3858 3969 3970
f 3858 3970 3971
f 3858 3971 3860
f 3860 3971 3861
f 3861 3971 3970
f 3861 3970 3972
f 3861 3972 3863
f 3862 3865 3868
f 3863 3972 3969
f 3863 3969 3973
f 3863 3973 3864
f 3864 3973 3974
f 3864 3974 3975
f 3864 3975 3868
f 3864 3868 3865
f 3868 3975 3869
f 3869 3975 3976
f 3869 3976 3871
f 3871 3977 3978
f 3871 3978 3872
f 3871 3976 3977
f 3872 3979 3875
f 3872 3875 3874
f 3872 3874 3873
f 3872 3978 3980
f 3872 3980 3979
f 3875 3979 3981
f 3875 3981 3982
f 3875 3982 3876
f 3876 3982 3983
f 3876 3983 3884
f 3876 3884 3984
f 3876 3984 3878
f 3876 3878 3877
f 3878 3984 3879
f 3879 3984 3884
f 3882 3885 3985
f 3882 3985 3986
f 3882 3986 3987
f 3882 3987 3883
f 3884 3983 3988
f 3884 3988 3885
f 3885 3989 3990
f 3885 3990 3991
f 3885 3991 3985
f 3885 3988 3989
f 3887 3992 3993
f 3887 3993 3994
f 3887 3994 3995
f 3887 3995 3888
f 3888 3995 3890
f 3888 3890 3889
f 3890 3995 3993
f 3890 3993 3996
f 3890 3996 3997
f 3890 3997 3998
f 3890 3998 3891
f 3891 3999 3893
f 3891 3893 3892
f 3891 3998 3999
f 3893 3999 3894
f 3894 3999 4000
f 3894 4000 3898
f 3894 3898 3896
f 3894 3896 3895
f 3898 4000 4001
f 3898 4001 3906
f 3898 3906 3899
f 3899 3906 3900
f 3901 3917 3902
f 3901 3915 4002
f 3901 4002 3917
f 3902 3917 3916
f 3902 3905 3903
f 3903 3905 3904
f 3906 4001 4003
f 3906 4003 4004
f 3906 4004 3907
f 3907 4004 4005
f 3907 4005 4006
f 3907 4006 3908
f 3908 4006 3909
f 3909 4006 4007
f 3909 4007 3910
f 3910 3913 3911
f 3910 4007 4008
f 3910 4008 3913
f 3913 4008 4009
f 3913 4009 4010
f 3913 4010 3914
f 3914 4011 4002
f 3914 4002 3915
f 3914 4010 4012
f 3914 4012 4011
f 3917 4002 4011
f 3917 4011 3918
f 3918 4011 4013
f 3918 4013 4014
f 3918 4014 3919
f 3919 4015 3920
f 3919 4014 4016
f 3919 4016 4017
f 3919 4017 4015
f 3920 4015 4017
f 3920 4017 4018
f 3920 4018 4019
f 3920 4019 4020
f 3920 4020 4021
f 3920 4021 3921
f 3921 4021 4022
f 3921 4022 3922
f 3922 4022 4023
f 3922 4023 4024
f 3922 4024 3923
f 3923 4024 4025
f 3923 4025 4026
f 3923 4026 4027
f 3923 4027 3926
f 3923 3926 3925
f 3923 3925 3924
f 3926 4027 4026
f 3926 4026 3927
f 3927 4026 3928
f 3928 4026 4028
f 3928 4028 4029
f 3928 4029 3929
f 3929 4029 4030
f 3929 4030 4031
f 3929 4031 3930
f 3930 4031 3932
f 3932 4031 4032
f 3932 4032 3939
f 3933 3938 4033
f 3933 4033 3934
f 3934 4033 3941
f 3936 3939 3937
f 3937 3939 4032
f 3937 4032 4034
f 3937 4034 4035
f 3937 4035 4036
f 3937 4036 3938
f 3938 4036 4037
f 3938 4037 4033
f 3941 4033 3942
f 3942 4033 4038
f 3942 4038 3943
f 3945 4039 3946
f 3946 4039 4040
f 3946 4040 3949
f 3946 3949 3947
f 3947 3949 3948
f 3949 4040 4041
f 3949 4041 4042
f 3949 4042 3950
f 3950 4042 4043
f 3950 4043 3951
f 3951 4043 4044
f 3951 4044 3952
f 3952 4044 4045
f 3952 4045 3953
f 3953 4045 4044
f 3953 4044 4046
f 3953 4046 3955
f 3954 3957 3958
f 3955 4046 4047
f 3955 4047 4048
f 3955 4048 3956
f 3956 4048 4049
f 3956 4049 3957
f 3957 4049 4050
f 3957 4050 4051
f 3957 4051 3958
f 3958 4051 3959
f 3959 4052 4053
f 3959 4053 4054
f 3959 4054 4055
f 3959 4055 4056
f 3959 4056 3965
f 3959 3965 3963
f 3959 3963 3960
f 3959 4051 4049
f 3959 4049 4052
f 3960 3963 3962
f 3960 3962 3961
f 3962 3963 3964
f 3965 4056 3966
f 3966 4056 4054
f 3966 4054 4057
f 3966 4057 3967
f 3967 4057 4054
f 3967 4054 4058
f 3967 4058 4059
f 3967 4059 3968
f 3968 4059 3969
f 3969 3972 3970
f 3969 4059 4060
f 3969 4060 3973
f 3973 4060 4061
f 3973 4061 4062
f 3973 4062 4063
f 3973 4063 4064
f 3973 4064 4065
f 3973 4065 4066
f 3973 4066 4067
f 3973 4067 3975
f 3973 3975 3974
f 3975 3977 3976
f 3975 4067 4068
f 3975 4068 4069
f 3975 4069 3977
f 3977 4069 3980
f 3977 3980 3978
f 3979 3982 3981
f 3979 3980 3982
f 3980 4069 4070
f 3980 4070 4071
f 3980 4071 4072
f 3980 4072 3983
f 3980 3983 3982
f 3983 4072 4073
f 3983 4073 4074
f 3983 4074 4075
f 3983 4075 3988
f 3985 3991 4076
f 3985 4076 3987
f 3985 3987 3986
f 3988 4075 3989
f 3989 4075 3990
f 3990 4077 3991
f 3990 4075 4078
f 3990 4078 4079
f 3990 4079 4077
f 3991 4077 4080
f 3991 4080 4081
f 3991 4081 4076
f 3992 4082 4083
f 3992 4083 3993
f 3993 3995 3994
f 3993 4083 3996
f 3996 4083 4084
f 3996 4084 3997
f 3997 4084 4085
f 3997 4085 4086
f 3997 4086 3998
f 3998 4086 4003
f 3998 4003 4000
f 3998 4000 3999
f 4000 4003 4001
f 4003 4086 4087
f 4003 4087 4088
f 4003 4088 4089
f 4003 4089 4090
f 4003 4090 4004
f 4004 4090 4091
f 4004 4091 4005
f 4005 4091 4092
f 4005 4092 4006
f 4006 4092 4093
f 4006 4093 4007
f 4007 4093 4094
f 4007 4094 4009
f 4007 4009 4008
f 4009 4094 4095
f 4009 4095 4096
f 4009 4096 4010
f 4010 4096 4097
f 4010 4097 4012
f 4011 4012 4013
f 4012 4097 4098
f 4012 4098 4013
f 4013 4098 4099
f 4013 4099 4016
f 4013 4016 4014
f 4016 4018 4017
f 4016 4099 4100
f 4016 4100 4101
f 4016 4101 4018
f 4018 4101 4100
f 4018 4100 4102
f 4018 4102 4019
f 4019 4102 4103
f 4019 4103 4104
f 4019 4104 4105
f 4019 4105 4106
f 4019 4106 4107
f 4019 4107 4020
f 4020 4107 4021
f 4021 4107 4108
f 4021 4108 4022
f 4022 4108 4023
f 4023 4108 4109
f 4023 4109 4110
f 4023 4110 4111
f 4023 4111 4025
f 4023 4025 4024
f 4025 4112 4113
f 4025 4113 4026
f 4025 4111 4114
f 4025 4114 4112
f 4026 4113 4112
f 4026 4112 4115
f 4026 4115 4028
f 4028 4115 4029
f 4029 4115 4116
f 4029 4116 4117
f 4029 4117 4118
f 4029 4118 4119
f 4029 4119 4030
f 4030 4119 4120
f 4030 4120 4121
f 4030 4121 4122
f 4030 4122 4123
f 4030 4123 4124
f 4030 4124 4031
f 4031 4124 4125
f 4031 4125 4126
f 4031 4126 4032
f 4032 4126 4034
f 4033 4037 4038
f 4034 4126 4127
f 4034 4127 4128
f 4034 4128 4129
f 4034 4129 4130
f 4034 4130 4035
f 4035 4130 4131
f 4035 4131 4036
f 4036 4131 4132
f 4036 4132 4038
f 4036 4038 4037
f 4039 4133 4040
f 4040 4133 4134
f 4040 4134 4041
f 4041 4134 4135
f 4041 4135 4042
f 4042 4135 4134
f 4042 4134 4136
f 4042 4136 4137
f 4042 4137 4043
f 4043 4137 4138
f 4043 4138 4139
f 4043 4139 4140
f 4043 4140 4044
f 4044 4140 4141
f 4044 4141 4142
f 4044 4142 4143
f 4044 4143 4046
f 4046 4143 4144
f 4046 4144 4047
f 4047 4144 4048
f 4048 4144 4145
f 4048 4145 4049
f 4049 4051 4050
f 4049 4145 4146
f 4049 4146 4147
f 4049 4147 4148
f 4049 4148 4149
f 4049 4149 4150
f 4049 4150 4151
f 4049 4151 4152
f 4049 4152 4153
f 4049 4153 4154
f 4049 4154 4155
f 4049 4155 4156
f 4049 4156 4157
f 4049 4157 4158
f 4049 4158 4052
f 4052 4159 4054
f 4052 4054 4053
f 4052 4158 4159
f 4054 4056 4055
f 4054 4159 4157
f 4054 4157 4063
f 4054 4063 4062
f 4054 4062 4058
f 4058 4062 4061
f 4058 4061 4060
f 4058 4060 4059
f 4063 4157 4160
f 4063 4160 4161
f 4063 4161 4064
f 4064 4162 4066
f 4064 4066 4065
f 4064 4161 4163
f 4064 4163 4164
f 4064 4164 4165
f 4064 4165 4162
f 4066 4068 4067
f 4066 4162 4068
f 4068 4162 4165
f 4068 4165 4166
f 4068 4166 4167
f 4068 4167 4069
f 4069 4167 4168
f 4069 4168 4169
f 4069 4169 4170
f 4069 4170 4070
f 4070 4170 4171
f 4070 4171 4172
f 4070 4172 4173
f 4070 4173 4174
f 4070 4174 4175
f 4070 4175 4071
f 4071 4073 4072
f 4071 4175 4073
f 4073 4175 4074
f 4074 4175 4075
f 4075 4175 4176
f 4075 4176 4177
f 4075 4177 4078
f 4076 4081 4178
f 4077 4079 4080
f 4078 4177 4179
f 4078 4179 4180
f 4078 4180 4181
f 4078 4181 4079
f 4079 4181 4182
f 4079 4182 4080
f 4080 4182 4183
f 4080 4183 4184
f 4080 4184 4081
f 4081 4184 4178
f 4082 4185 4186
f 4082 4186 4187
f 4082 4187 4188
f 4082 4188 4083
f 4083 4188 4084
f 4084 4188 4189
f 4084 4189 4190
f 4084 4190 4191
f 4084 4191 4192
f 4084 4192 4085
f 4085 4192 4191
f 4085 4191 4193
f 4085 4193 4194
f 4085 4194 4195
f 4085 4195 4086
f 4086 4195 4196
f 4086 4196 4087
f 4087 4196 4197
f 4087 4197 4089
f 4087 4089 4088
f 4089 4197 4198
f 4089 4198 4090
f 4090 4198 4199
f 4090 4199 4091
f 4091 4199 4200
f 4091 4200 4201
f 4091 4201 4092
f 4092 4201 4202
f 4092 4202 4203
f 4092 4203 4093
f 4093 4203 4204
f 4093 4204 4205
f 4093 4205 4206
f 4093 4206 4207
f 4093 4207 4208
f 4093 4208 4094
f 4094 4209 4095
f 4094 4208 4210
f 4094 4210 4209
f 4095 4209 4097
f 4095 4097 4096
f 4097 4211 4212
f 4097 4212 4098
f 4097 4209 4213
f 4097 4213 4214
f 4097 4214 4211
f 4098 4212 4099
f 4099 4212 4215
f 4099 4215 4103
f 4099 4103 4100
f 4100 4103 4102
f 4103 4215 4216
f 4103 4216 4104
f 4104 4216 4217
f 4104 4217 4218
f 4104 4218 4219
f 4104 4219 4220
f 4104 4220 4105
f 4105 4220 4106
f 4106 4221 4109
f 4106 4109 4222
f 4106 4222 4223
f 4106 4223 4107
f 4106 4220 4219
f 4106 4219 4224
f 4106 4224 4225
f 4106 4225 4221
f 4107 4223 4108
f 4108 4223 4222
f 4108 4222 4109
f 4109 4226 4227
f 4109 4227 4110
f 4109 4221 4228
f 4109 4228 4229
f 4109 4229 4226
f 4110 4227 4111
f 4111 4227 4114
f 4112 4114 4230
f 4112 4230 4231
f 4112 4231 4232
f 4112 4232 4116
f 4112 4116 4115
f 4114 4227 4233
f 4114 4233 4234
f 4114 4234 4235
f 4114 4235 4236
f 4114 4236 4231
f 4114 4231 4230
f 4116 4232 4237
f 4116 4237 4118
f 4116 4118 4117
f 4118 4238 4239
f 4118 4239 4119
f 4118 4237 4231
f 4118 4231 4240
f 4118 4240 4241
f 4118 4241 4242
f 4118 4242 4238
f 4119 4239 4120
f 4120 4239 4243
f 4120 4243 4244
f 4120 4244 4121
f 4121 4244 4245
f 4121 4245 4246
f 4121 4246 4122
f 4122 4247 4248
f 4122 4248 4123
f 4122 4246 4247
f 4123 4248 4125
f 4123 4125 4124
f 4125 4127 4126
f 4125 4248 4127
f 4127 4248 4249
f 4127 4249 4250
f 4127 4250 4251
f 4127 4251 4128
f 4128 4251 4129
f 4129 4251 4252
f 4129 4252 4131
f 4129 4131 4130
f 4131 4253 4254
f 4131 4254 4255
f 4131 4255 4256
f 4131 4256 4132
f 4131 4252 4257
f 4131 4257 4253
f 4133 4258 4134
f 4134 4258 4259
f 4134 4259 4260
f 4134 4260 4136
f 4136 4260 4137
f 4137 4260 4138
f 4138 4260 4261
f 4138 4261 4262
f 4138 4262 4263
f 4138 4263 4139
f 4139 4263 4141
f 4139 4141 4140
f 4141 4263 4262
f 4141 4262 4264
f 4141 4264 4265
f 4141 4265 4142
f 4142 4265 4266
f 4142 4266 4267
f 4142 4267 4268
f 4142 4268 4269
f 4142 4269 4143
f 4143 4270 4144
f 4143 4269 4270
f 4144 4270 4269
f 4144 4269 4271
f 4144 4271 4272
f 4144 4272 4273
f 4144 4273 4145
f 4145 4273 4274
f 4145 4274 4146
f 4146 4274 4275
f 4146 4275 4276
f 4146 4276 4277
f 4146 4277 4278
f 4146 4278 4279
f 4146 4279 4147
f 4147 4279 4149
f 4147 4149 4148
f 4149 4151 4150
f 4149 4279 4280
f 4149 4280 4228
f 4149 4228 4281
f 4149 4281 4282
f 4149 4282 4219
f 4149 4219 4151
f 4151 4219 4283
f 4151 4283 4284
f 4151 4284 4285
f 4151 4285 4152
f 4152 4286 4287
f 4152 4287 4288
f 4152 4288 4289
f 4152 4289 4153
f 4152 4285 4286
f 4153 4289 4290
f 4153 4290 4291
f 4153 4291 4154
f 4154 4291 4155
f 4155 4291 4292
f 4155 4292 4157
f 4155 4157 4156
f 4157 4292 4293
f 4157 4293 4160
f 4157 4159 4158
f 4160 4293 4161
f 4161 4293 4290
f 4161 4290 4294
f 4161 4294 4163
f 4163 4294 4290
f 4163 4290 4295
f 4163 4295 4164
f 4164 4295 4296
f 4164 4296 4165
f 4165 4296 4297
f 4165 4297 4168
f 4165 4168 4166
f 4166 4168 4167
f 4168 4297 4298
f 4168 4298 4299
f 4168 4299 4169
f 4169 4299 4170
f 4170 4299 4171
f 4171 4299 4300
f 4171 4300 4301
f 4171 4301 4302
f 4171 4302 4172
f 4172 4303 4304
f 4172 4304 4305
f 4172 4305 4306
f 4172 4306 4307
f 4172 4307 4308
f 4172 4308 4309
f 4172 4309 4310
f 4172 4310 4311
f 4172 4311 4173
f 4172 4302 4300
f 4172 4300 4303
f 4173 4311 4174
f 4174 4311 4309
f 4174 4309 4312
f 4174 4312 4313
f 4174 4313 4314
f 4174 4314 4175
f 4175 4314 4315
f 4175 4315 4176
f 4176 4179 4177
f 4176 4315 4179
f 4178 4184 4183
f 4179 4315 4180
f 4180 4182 4181
f 4180 4315 4316
f 4180 4316 4317
f 4180 4317 4318
f 4180 4318 4319
f 4180 4319 4182
f 4182 4319 4183
f 4183 4319 4320
f 4185 4321 4186
f 4186 4189 4188
f 4186 4188 4187
f 4186 4321 4322
f 4186 4322 4323
f 4186 4323 4324
f 4186 4324 4189
f 4189 4324 4190
f 4190 4324 4325
f 4190 4325 4193
f 4190 4193 4191
f 4193 4325 4326
f 4193 4326 4327
f 4193 4327 4194
f 4194 4327 4328
f 4194 4328 4195
f 4195 4328 4196
f 4196 4328 4329
f 4196 4329 4330
f 4196 4330 4198
f 4196 4198 4197
f 4198 4330 4199
f 4199 4330 4200
f 4200 4330 4331
f 4200 4331 4201
f 4201 4331 4202
f 4202 4331 4332
f 4202 4332 4333
f 4202 4333 4204
f 4202 4204 4203
f 4204 4333 4334
f 4204 4334 4206
f 4204 4206 4205
f 4206 4334 4335
f 4206 4335 4336
f 4206 4336 4337
f 4206 4337 4338
f 4206 4338 4339
f 4206 4339 4340
f 4206 4340 4207
f 4207 4340 4341
f 4207 4341 4342
f 4207 4342 4343
f 4207 4343 4344
f 4207 4344 4210
f 4207 4210 4208
f 4209 4210 4214
f 4209 4214 4213
f 4210 4344 4345
f 4210 4345 4214
f 4211 4214 4346
f 4211 4346 4347
f 4211 4347 4348
f 4211 4348 4212
f 4212 4348 4216
f 4212 4216 4215
f 4214 4345 4344
f 4214 4344 4349
f 4214 4349 4347
f 4214 4347 4346
f 4216 4348 4217
f 4217 4348 4218
f 4218 4347 4350
f 4218 4350 4283
f 4218 4283 4219
f 4218 4348 4347
f 4219 4282 4351
f 4219 4351 4224
f 4221 4225 4228
f 4224 4351 4282
f 4224 4282 4281
f 4224 4281 4228
f 4224 4228 4225
f 4226 4229 4352
f 4226 4352 4234
f 4226 4234 4227
f 4227 4234 4233
f 4228 4280 4279
f 4228 4279 4353
f 4228 4353 4354
f 4228 4354 4229
f 4229 4354 4352
f 4231 4236 4240
f 4231 4237 4232
f 4234 4352 4240
f 4234 4240 4236
f 4234 4236 4235
f 4238 4243 4239
f 4238 4242 4243
f 4240 4355 4242
f 4240 4242 4241
f 4240 4352 4356
f 4240 4356 4355
f 4242 4355 4357
f 4242 4357 4358
f 4242 4358 4244
f 4242 4244 4243
f 4244 4358 4359
f 4244 4359 4360
f 4244 4360 4361
f 4244 4361 4245
f 4245 4362 4246
f 4245 4361 4363
f 4245 4363 4364
f 4245 4364 4365
f 4245 4365 4366
f 4245 4366 4367
f 4245 4367 4362
f 4246 4362 4247
f 4247 4250 4249
f 4247 4249 4248
f 4247 4362 4368
f 4247 4368 4250
f 4250 4368 4251
f 4251 4368 4369
f 4251 4369 4370
f 4251 4370 4252
f 4252 4370 4257
f 4253 4257 4254
f 4254 4257 4370
f 4254 4370 4371
f 4259 4372 4373
f 4259 4373 4260
f 4260 4373 4261
f 4261 4373 4374
f 4261 4374 4262
f 4262 4374 4375
f 4262 4375 4376
f 4262 4376 4377
f 4262 4377 4378
f 4262 4378 4379
f 4262 4379 4380
f 4262 4380 4381
f 4262 4381 4264
f 4264 4381 4265
f 4265 4381 4382
f 4265 4382 4383
f 4265 4383 4384
f 4265 4384 4385
f 4265 4385 4267
f 4265 4267 4266
f 4267 4385 4269
f 4267 4269 4268
f 4269 4385 4386
f 4269 4386 4387
f 4269 4387 4271
f 4271 4387 4388
f 4271 4388 4389
f 4271 4389 4390
f 4271 4390 4275
f 4271 4275 4272
f 4272 4275 4273
f 4273 4275 4274
f 4275 4390 4391
f 4275 4391 4277
f 4275 4277 4276
f 4277 4392 4393
f 4277 4393 4278
f 4277 4391 4394
f 4277 4394 4395
f 4277 4395 4392
f 4278 4393 4396
f 4278 4396 4279
f 4279 4396 4397
f 4279 4397 4353
f 4283 4350 4284
f 4284 4398 4399
f 4284 4399 4285
f 4284 4350 4347
f 4284 4347 4342
f 4284 4342 4398
f 4285 4399 4286
f 4286 4400 4287
f 4286 4399 4401
f 4286 4401 4402
f 4286 4402 4400
f 4287 4403 4288
f 4287 4400 4404
f 4287 4404 4403
f 4288 4403 4405
f 4288 4405 4289
f 4289 4405 4290
f 4290 4405 4406
f 4290 4406 4295
f 4290 4293 4292
f 4290 4292 4291
f 4295 4407 4408
f 4295 4408 4296
f 4295 4406 4405
f 4295 4405 4403
f 4295 4403 4404
f 4295 4404 4409
f 4295 4409 4410
f 4295 4410 4407
f 4296 4408 4407
f 4296 4407 4411
f 4296 4411 4297
f 4297 4411 4412
f 4297 4412 4298
f 4298 4412 4299
f 4299 4412 4300
f 4300 4302 4301
f 4300 4412 4303
f 4303 4412 4413
f 4303 4413 4414
f 4303 4414 4304
f 4304 4414 4415
f 4304 4415 4416
f 4304 4416 4305
f 4305 4307 4306
f 4305 4416 4415
f 4305 4415 4417
f 4305 4417 4418
f 4305 4418 4419
f 4305 4419 4307
f 4307 4419 4420
f 4307 4420 4308
f 4308 4420 4312
f 4308 4312 4309
f 4309 4311 4310
f 4312 4420 4421
f 4312 4421 4422
f 4312 4422 4313
f 4313 4422 4423
f 4313 4423 4424
f 4313 4424 4425
f 4313 4425 4426
f 4313 4426 4316
f 4313 4316 4314
f 4314 4316 4315
f 4316 4426 4427
f 4316 4427 4317
f 4317 4427 4428
f 4317 4428 4429
f 4317 4429 4319
f 4317 4319 4318
f 4319 4429 4430
f 4319 4430 4320
f 4322 4431 4323
f 4323 4431 4432
f 4323 4432 4429
f 4323 4429 4428
f 4323 4428 4324
f 4324 4428 4325
f 4325 4433 4327
f 4325 4327 4326
f 4325 4428 4434
f 4325 4434 4433
f 4327 4433 4434
f 4327 4434 4435
f 4327 4435 4436
f 4327 4436 4437
f 4327 4437 4438
f 4327 4438 4328
f 4328 4438 4329
f 4329 4438 4439
f 4329 4439 4440
f 4329 4440 4330
f 4330 4440 4331
f 4331 4440 4441
f 4331 4441 4332
f 4332 4441 4442
f 4332 4442 4443
f 4332 4443 4444
f 4332 4444 4445
f 4332 4445 4446
f 4332 4446 4333
f 4333 4446 4334
f 4334 4446 4447
f 4334 4447 4336
f 4334 4336 4335
f 4336 4444 4448
f 4336 4448 4449
f 4336 4449 4450
f 4336 4450 4337
f 4336 4447 4446
f 4336 4446 4444
f 4337 4450 4338
f 4338 4450 4339
f 4339 4450 4451
f 4339 4451 4340
f 4340 4451 4452
f 4340 4452 4453
f 4340 4453 4454
f 4340 4454 4341
f 4341 4454 4398
f 4341 4398 4342
f 4342 4347 4349
f 4342 4349 4343
f 4343 4349 4344
f 4352 4354 4455
f 4352 4455 4456
f 4352 4456 4457
f 4352 4457 4358
f 4352 4358 4356
f 4353 4397 4354
f 4354 4397 4396
f 4354 4396 4455
f 4355 4356 4458
f 4355 4458 4357
f 4356 4358 4458
f 4357 4458 4358
f 4358 4457 4459
f 4358 4459 4359
f 4359 4459 4361
f 4359 4361 4360
f 4361 4459 4460
f 4361 4460 4363
f 4362 4461 4462
f 4362 4462 4368
f 4362 4367 4461
f 4363 4460 4463
f 4363 4463 4364
f 4364 4463 4464
f 4364 4464 4465
f 4364 4465 4365
f 4365 4465 4366
f 4366 4465 4466
f 4366 4466 4461
f 4366 4461 4367
f 4368 4462 4461
f 4368 4461 4467
f 4368 4467 4369
f 4369 4467 4370
f 4370 4468 4469
f 4370 4469 4470
f 4370 4470 4371
f 4370 4467 4461
f 4370 4461 4471
f 4370 4471 4472
f 4370 4472 4473
f 4370 4473 4468
f 4372 4474 4373
f 4373 4474 4374
f 4379 4475 4476
f 4379 4476 4380
f 4380 4476 4477
f 4380 4477 4469
f 4380 4469 4473
f 4380 4473 4381
f 4381 4478 4382
f 4381 4473 4464
f 4381 4464 4479
f 4381 4479 4480
f 4381 4480 4478
f 4382 4478 4481
f 4382 4481 4482
f 4382 4482 4384
f 4382 4384 4383
f 4384 4386 4385
f 4384 4482 4483
f 4384 4483 4386
f 4386 4483 4484
f 4386 4484 4387
f 4387 4484 4388
f 4388 4484 4389
f 4389 4485 4486
f 4389 4486 4459
f 4389 4459 4395
f 4389 4395 4394
f 4389 4394 4390
f 4389 4484 4485
f 4390 4394 4391
f 4392 4459 4457
f 4392 4457 4456
f 4392 4456 4455
f 4392 4455 4396
f 4392 4396 4393
f 4392 4395 4459
f 4398 4454 4399
f 4399 4454 4487
f 4399 4487 4401
f 4400 4488 4404
f 4400 4402 4489
f 4400 4489 4488
f 4401 4487 4490
f 4401 4490 4489
f 4401 4489 4402
f 4404 4488 4409
f 4407 4410 4411
f 4409 4488 4414
f 4409 4414 4410
f 4410 4414 4491
f 4410 4491 4413
f 4410 4413 4412
f 4410 4412 4411
f 4413 4491 4414
f 4414 4417 4415
f 4414 4488 4489
f 4414 4489 4492
f 4414 4492 4493
f 4414 4493 4417
f 4417 4493 4449
f 4417 4449 4418
f 4418 4449 4448
f 4418 4448 4494
f 4418 4494 4495
f 4418 4495 4419
f 4419 4495 4496
f 4419 4496 4497
f 4419 4497 4420
f 4420 4497 4421
f 4421 4497 4423
f 4421 4423 4422
f 4423 4497 4425
f 4423 4425 4424
f 4425 4497 4498
f 4425 4498 4499
f 4425 4499 4427
f 4425 4427 4426
f 4427 4499 4428
f 4428 4499 4434
f 4429 4432 4430
f 4434 4499 4498
f 4434 4498 4435
f 4435 4498 4436
f 4436 4498 4437
f 4437 4500 4501
f 4437 4501 4438
f 4437 4498 4497
f 4437 4497 4500
f 4438 4501 4439
f 4439 4501 4502
f 4439 4502 4441
f 4439 4441 4440
f 4441 4502 4442
f 4442 4502 4501
f 4442 4501 4500
f 4442 4500 4503
f 4442 4503 4504
f 4442 4504 4444
f 4442 4444 4443
f 4444 4504 4505
f 4444 4505 4448
f 4444 4446 4445
f 4448 4505 4494
f 4449 4493 4506
f 4449 4506 4452
f 4449 4452 4507
f 4449 4507 4450
f 4450 4507 4451
f 4451 4507 4452
f 4452 4487 4454
f 4452 4454 4453
f 4452 4506 4487
f 4459 4486 4460
f 4460 4508 4485
f 4460 4485 4509
f 4460 4509 4481
f 4460 4481 4463
f 4460 4486 4508
f 4461 4466 4472
f 4461 4472 4471
f 4463 4481 4464
f 4464 4473 4472
f 4464 4472 4465
f 4464 4481 4479
f 4465 4472 4466
f 4468 4473 4469
f 4469 4477 4510
f 4469 4510 4511
f 4469 4511 4470
f 4475 4512 4476
f 4476 4512 4510
f 4476 4510 4477
f 4478 4480 4481
f 4479 4481 4480
f 4481 4509 4485
f 4481 4485 4484
f 4481 4484 4482
f 4482 4484 4483
f 4485 4508 4486
f 4487 4506 4490
f 4489 4490 4493
f 4489 4493 4492
f 4490 4506 4493
f 4494 4505 4504
f 4494 4504 4503
f 4494 4503 4495
f 4495 4503 4496
f 4496 4503 4500
f 4496 4500 4497

o geometry_3
v 2.33227626 -29.02679930 -13.90275705 0.38039216 0.78823529 0.52549020
v 6.57444697 -29.50292204 -13.90275705 0.38039216 0.78823529 0.52549020
v 2.33227626 -29.02099061 -13.80379384 0.38039216 0.78823529 0.52549020
v 2.33227626 25.86689676 -13.90275705 0.38039216 0.78823529 0.52549020
v 7.18290573 -29.52614836 -13.90275705 0.38039216 0.78823529 0.52549020
v 11.52331225 -29.82808211 -12.38939357 0.38039216 0.78823529 0.52549020
v 12.23100900 -29.74098551 -9.56123559 0.38039216 0.78823529 0.52549020
v 7.27211973 -29.35195516 -10.96342597 0.38039216 0.78823529 0.52549020
v 2.33227626 -28.91647638 -12.38939357 0.38039216 0.78823529 0.52549020
v 2.33227626 -28.96873349 -13.09627255 0.38039216 0.78823529 0.52549020
v 2.33227626 26.91785621 -10.26875714 0.38039216 0.78823529 0.52549020
v 10.43770932 29.43202757 -11.35028176 0.38039216 0.78823529 0.52549020
v 3.74566486 26.29076238 -13.90275705 0.38039216 0.78823529 0.52549020
v 12.23100900 -29.68291971 -13.90275705 0.38039216 0.78823529 0.52549020
v 12.23100900 -29.70614603 -13.80379384 0.38039216 0.78823529 0.52549020
v 12.23100900 -29.77001631 -13.09627255 0.38039216 0.78823529 0.52549020
v 12.23100900 -29.79904710 -12.38939357 0.38039216 0.78823529 0.52549020
v 12.57182576 -29.78162947 -12.04880653 0.38039216 0.78823529 0.52549020
v 12.57182576 -29.75259867 -9.56123559 0.38039216 0.78823529 0.52549020
v 12.57182576 -29.74678998 -9.22064855 0.38039216 0.78823529 0.52549020
v 12.57182576 -29.71775919 -8.85371403 0.38039216 0.78823529 0.52549020
v 12.23100900 -29.68291971 -8.85371403 0.38039216 0.78823529 0.52549020
v 12.23100900 -29.54356599 -7.33778027 0.38039216 0.78823529 0.52549020
v 3.96118173 -28.59712499 -8.14683531 0.38039216 0.78823529 0.52549020
v 4.08948925 -28.56808998 -7.78375647 0.38039216 0.78823529 0.52549020
v 2.33227626 -28.17325516 -7.43931376 0.38039216 0.78823529 0.52549020
v 2.33227626 27.12108021 -9.56187816 0.38039216 0.78823529 0.52549020
v 2.33227626 27.32430420 -8.63329634 0.38039216 0.78823529 0.52549020
v 9.40222689 29.24622121 -10.26811431 0.38039216 0.78823529 0.52549020
v 9.91044547 29.38557493 -10.26811431 0.38039216 0.78823529 0.52549020
v 10.39360355 29.44363652 -10.97499329 0.38039216 0.78823529 0.52549020
v 10.81661768 29.49008916 -10.97499329 0.38039216 0.78823529 0.52549020
v 10.81661768 29.45524968 -11.38755347 0.38039216 0.78823529 0.52549020
v 10.81661768 29.17654225 -11.74099296 0.38039216 0.78823529 0.52549020
v 10.10892093 28.77590295 -12.10085868 0.38039216 0.78823529 0.52549020
v 3.84390040 26.30818423 -13.90275705 0.38039216 0.78823529 0.52549020
v 12.57182576 -29.61904943 -13.90275705 0.38039216 0.78823529 0.52549020
v 12.57182576 -29.63066259 -13.85520368 0.38039216 0.78823529 0.52549020
v 12.57182576 -29.64227575 -13.80379384 0.38039216 0.78823529 0.52549020
v 12.57182576 -29.68291971 -13.46320681 0.38039216 0.78823529 0.52549020
v 12.57182576 -29.75259867 -12.75568552 0.38039216 0.78823529 0.52549020
v 12.57182576 -29.77001631 -12.38939357 0.38039216 0.78823529 0.52549020
v 12.57182576 -29.68291971 -8.51312700 0.38039216 0.78823529 0.52549020
v 12.57182576 -29.64227575 -8.14683531 0.38039216 0.78823529 0.52549020
v 12.57182576 -29.54937468 -7.33778027 0.38039216 0.78823529 0.52549020
v 5.33146701 -28.61454262 -7.33778027 0.38039216 0.78823529 0.52549020
v 3.79678753 -28.39390100 -7.33778027 0.38039216 0.78823529 0.52549020
v 2.33227626 -28.15583752 -7.33778027 0.38039216 0.78823529 0.52549020
v 2.33227626 27.37075263 -8.14747788 0.38039216 0.78823529 0.52549020
v 10.26629823 29.44363652 -9.85555413 0.38039216 0.78823529 0.52549020
v 10.26429385 29.44944520 -10.26811431 0.38039216 0.78823529 0.52549020
v 2.33227626 27.34753052 -7.59225682 0.38039216 0.78823529 0.52549020
v 10.82363458 29.46105837 -10.26297374 0.38039216 0.78823529 0.52549020
v 11.24364162 29.46686284 -10.97499329 0.38039216 0.78823529 0.52549020
v 11.22760344 29.45524968 -11.38498319 0.38039216 0.78823529 0.52549020
v 10.81661768 28.82816006 -12.15226800 0.38039216 0.78823529 0.52549020
v 7.98783557 26.64495325 -13.90275705 0.38039216 0.78823529 0.52549020
v 12.57182576 26.17463499 -13.90275705 0.38039216 0.78823529 0.52549020
v 12.57182576 27.59720294 -7.33778027 0.38039216 0.78823529 0.52549020
v 2.33227626 15.90311662 -7.33778027 0.38039216 0.78823529 0.52549020
v 10.59308172 29.44363652 -9.85555413 0.38039216 0.78823529 0.52549020
v 5.55801006 27.99784646 -7.33778027 0.38039216 0.78823529 0.52549020
v 6.57444697 28.14300465 -7.33778027 0.38039216 0.78823529 0.52549020
v 7.28114127 28.24171441 -7.33778027 0.38039216 0.78823529 0.52549020
v 2.33227626 27.28946472 -7.33842284 0.38039216 0.78823529 0.52549020
v 11.21056202 29.44363652 -10.49495823 0.38039216 0.78823529 0.52549020
v 11.64259796 29.00815773 -10.99684226 0.38039216 0.78823529 0.52549020
v 11.88618190 28.72945030 -11.24746313 0.38039216 0.78823529 0.52549020
v 11.88618190 28.72945030 -11.35478001 0.38039216 0.78823529 0.52549020
v 11.27271140 28.79332058 -12.12142199 0.38039216 0.78823529 0.52549020
v 12.37736012 26.37785898 -13.90275705 0.38039216 0.78823529 0.52549020
v 12.08966987 26.66237510 -13.90275705 0.38039216 0.78823529 0.52549020
v 12.03554011 26.70882353 -13.90275705 0.38039216 0.78823529 0.52549020
v 11.56741802 26.84237277 -13.90275705 0.38039216 0.78823529 0.52549020
v 10.91485322 26.87140357 -13.90275705 0.38039216 0.78823529 0.52549020
v 10.81661768 26.87140357 -13.90275705 0.38039216 0.78823529 0.52549020
v 11.06421143 29.37396177 -10.02391994 0.38039216 0.78823529 0.52549020
v 2.81643705 27.34753052 -7.33778027 0.38039216 0.78823529 0.52549020
v 11.96537164 26.73785854 -13.90275705 0.38039216 0.78823529 0.52549020
f 4513 4514 4515
f 4513 4515 4522
f 4513 4522 4521
f 4513 4521 4538
f 4513 4538 4560
f 4513 4560 4572
f 4513 4572 4577
f 4513 4577 4564
f 4513 4564 4561
f 4513 4561 4540
f 4513 4540 4539
f 4513 4539 4523
f 4513 4523 4516
f 4513 4516 4525
f 4513 4525 4548
f 4513 4548 4569
f 4513 4569 4588
f 4513 4588 4587
f 4513 4587 4586
f 4513 4586 4591
f 4513 4591 4585
f 4513 4585 4584
f 4513 4584 4583
f 4513 4583 4570
f 4513 4570 4549
f 4513 4549 4526
f 4513 4526 4517
f 4513 4517 4514
f 4514 4517 4518
f 4514 4518 4519
f 4514 4519 4520
f 4514 4520 4521
f 4514 4521 4522
f 4514 4522 4515
f 4516 4523 4524
f 4516 4524 4525
f 4517 4526 4527
f 4517 4527 4518
f 4518 4527 4528
f 4518 4528 4529
f 4518 4529 4530
f 4518 4530 4531
f 4518 4531 4532
f 4518 4532 4519
f 4519 4532 4533
f 4519 4533 4520
f 4520 4533 4534
f 4520 4534 4535
f 4520 4535 4521
f 4521 4535 4536
f 4521 4536 4537
f 4521 4537 4538
f 4523 4539 4524
f 4524 4539 4540
f 4524 4540 4541
f 4524 4541 4542
f 4524 4542 4543
f 4524 4543 4544
f 4524 4544 4545
f 4524 4545 4546
f 4524 4546 4547
f 4524 4547 4548
f 4524 4548 4525
f 4526 4549 4550
f 4526 4550 4527
f 4527 4550 4551
f 4527 4551 4552
f 4527 4552 4553
f 4527 4553 4528
f 4528 4553 4554
f 4528 4554 4529
f 4529 4554 4530
f 4530 4554 4553
f 4530 4553 4552
f 4530 4552 4551
f 4530 4551 4550
f 4530 4550 4549
f 4530 4549 4570
f 4530 4570 4571
f 4530 4571 4557
f 4530 4557 4556
f 4530 4556 4555
f 4530 4555 4533
f 4530 4533 4532
f 4530 4532 4531
f 4533 4555 4535
f 4533 4535 4534
f 4535 4555 4556
f 4535 4556 4557
f 4535 4557 4571
f 4535 4571 4576
f 4535 4576 4575
f 4535 4575 4574
f 4535 4574 4590
f 4535 4590 4572
f 4535 4572 4560
f 4535 4560 4559
f 4535 4559 4558
f 4535 4558 4537
f 4535 4537 4536
f 4537 4558 4559
f 4537 4559 4560
f 4537 4560 4538
f 4540 4561 4541
f 4541 4561 4542
f 4542 4562 4563
f 4542 4563 4543
f 4542 4561 4564
f 4542 4564 4562
f 4543 4563 4544
f 4544 4565 4566
f 4544 4566 4567
f 4544 4567 4545
f 4544 4563 4562
f 4544 4562 4565
f 4545 4567 4546
f 4546 4568 4547
f 4546 4567 4568
f 4547 4568 4548
f 4548 4568 4569
f 4562 4573 4565
f 4562 4564 4574
f 4562 4574 4575
f 4562 4575 4576
f 4562 4576 4573
f 4564 4577 4574
f 4565 4573 4578
f 4565 4578 4566
f 4566 4578 4571
f 4566 4571 4579
f 4566 4579 4580
f 4566 4580 4581
f 4566 4581 4567
f 4567 4582 4568
f 4567 4581 4570
f 4567 4570 4583
f 4567 4583 4584
f 4567 4584 4585
f 4567 4585 4582
f 4568 4582 4586
f 4568 4586 4587
f 4568 4587 4588
f 4568 4588 4569
f 4570 4581 4571
f 4571 4581 4580
f 4571 4580 4579
f 4571 4578 4589
f 4571 4589 4573
f 4571 4573 4576
f 4572 4590 4577
f 4573 4589 4578
f 4574 4577 4590
f 4582 4585 4591
f 4582 4591 4586

o geometry_4
v 12.57182682 -29.78436098 -12.04880653 0.56470588 0.92549020 0.07058824
v 12.94067746 -29.77311455 -9.56123559 0.56470588 0.92549020 0.07058824
v 12.57182682 -29.75624491 -9.56123559 0.56470588 0.92549020 0.07058824
v 12.57182682 -29.77311455 -12.38939357 0.56470588 0.92549020 0.07058824
v 14.35500871 -29.76186813 -10.26811431 0.56470588 0.92549020 0.07058824
v 12.94067746 -29.76186813 -8.85371403 0.56470588 0.92549020 0.07058824
v 12.57182682 -29.75062170 -9.22064855 0.56470588 0.92549020 0.07058824
v 12.57182682 -29.75624491 -12.75568552 0.56470588 0.92549020 0.07058824
v 15.06095400 -29.64378905 -8.85371403 0.56470588 0.92549020 0.07058824
v 15.06095400 -29.63254262 -8.14683531 0.56470588 0.92549020 0.07058824
v 14.35500871 -29.73375627 -8.85371403 0.56470588 0.92549020 0.07058824
v 13.64662170 -29.75062170 -8.85371403 0.56470588 0.92549020 0.07058824
v 14.35500871 -29.69439376 -10.97499329 0.56470588 0.92549020 0.07058824
v 15.06095400 -29.61567297 -10.26811431 0.56470588 0.92549020 0.07058824
v 16.88321913 -29.28953916 -8.58252986 0.56470588 0.92549020 0.07058824
v 14.35500871 -29.70564019 -8.14683531 0.56470588 0.92549020 0.07058824
v 13.64662170 -29.70564019 -8.14683531 0.56470588 0.92549020 0.07058824
v 12.94067746 -29.68314733 -8.14683531 0.56470588 0.92549020 0.07058824
v 12.57182682 -29.64378905 -8.14683531 0.56470588 0.92549020 0.07058824
v 12.57182682 -29.68314733 -8.51312700 0.56470588 0.92549020 0.07058824
v 12.57182682 -29.71688662 -8.85371403 0.56470588 0.92549020 0.07058824
v 12.57182682 -29.68314733 -13.46320681 0.56470588 0.92549020 0.07058824
v 16.88321913 -29.28953916 -8.26507694 0.56470588 0.92549020 0.07058824
v 15.76934101 -29.46385039 -7.43931376 0.56470588 0.92549020 0.07058824
v 15.06095400 -29.58193368 -7.43931376 0.56470588 0.92549020 0.07058824
v 13.64662170 -29.64378905 -12.38939357 0.56470588 0.92549020 0.07058824
v 14.35500871 -29.50321289 -12.38939357 0.56470588 0.92549020 0.07058824
v 16.18948768 -29.30078559 -10.79249015 0.56470588 0.92549020 0.07058824
v 18.59800562 -28.82845663 -9.56123559 0.56470588 0.92549020 0.07058824
v 17.88961756 -29.03088393 -8.14683531 0.56470588 0.92549020 0.07058824
v 14.35500871 -29.60442654 -7.43931376 0.56470588 0.92549020 0.07058824
v 12.94067746 -29.56506404 -7.33778027 0.56470588 0.92549020 0.07058824
v 12.57182682 -29.54819861 -7.33778027 0.56470588 0.92549020 0.07058824
v 12.57182682 -29.64378905 -13.80379384 0.56470588 0.92549020 0.07058824
v 17.88961756 -29.03088393 -7.43931376 0.56470588 0.92549020 0.07058824
v 17.18367226 -29.18832551 -7.43931376 0.56470588 0.92549020 0.07058824
v 15.87437794 -29.43011532 -7.33778027 0.56470588 0.92549020 0.07058824
v 15.06095400 -29.56506404 -7.33778027 0.56470588 0.92549020 0.07058824
v 12.94067746 -29.57068725 -13.80379384 0.56470588 0.92549020 0.07058824
v 14.39409195 -29.37388317 -13.13290196 0.56470588 0.92549020 0.07058824
v 14.80691137 -29.30640881 -12.92212309 0.56470588 0.92549020 0.07058824
v 16.06246689 -29.26142730 -11.26417101 0.56470588 0.92549020 0.07058824
v 18.95219860 -28.56417818 -10.62219663 0.56470588 0.92549020 0.07058824
v 19.01570952 -28.59791747 -10.26811431 0.56470588 0.92549020 0.07058824
v 20.71828216 -28.13121172 -8.85371403 0.56470588 0.92549020 0.07058824
v 19.94638423 -28.47421096 -8.09349802 0.56470588 0.92549020 0.07058824
v 19.66547220 -28.56417818 -7.82295616 0.56470588 0.92549020 0.07058824
v 14.35500871 -29.58755690 -7.33778027 0.56470588 0.92549020 0.07058824
v 12.57182682 27.59791954 -7.33778027 0.56470588 0.92549020 0.07058824
v 12.57182682 -29.63254262 -13.85520368 0.56470588 0.92549020 0.07058824
v 12.84052607 -29.57068725 -13.90275705 0.56470588 0.92549020 0.07058824
v 17.89206033 -28.99714885 -7.33778027 0.56470588 0.92549020 0.07058824
v 17.18367226 -29.16583687 -7.33778027 0.56470588 0.92549020 0.07058824
v 19.66547220 -28.56417818 -7.78439931 0.56470588 0.92549020 0.07058824
v 19.94638423 -28.41235981 -7.50486067 0.56470588 0.92549020 0.07058824
v 12.94067746 -29.54819861 -13.90275705 0.56470588 0.92549020 0.07058824
v 14.08386775 -29.28953916 -13.90275705 0.56470588 0.92549020 0.07058824
v 14.65546289 -29.26142730 -13.39316164 0.56470588 0.92549020 0.07058824
v 18.41480221 -27.92316120 -13.90275705 0.56470588 0.92549020 0.07058824
v 18.46365547 -27.90629156 -13.90275705 0.56470588 0.92549020 0.07058824
v 19.23555340 -28.38424374 -10.90494812 0.56470588 0.92549020 0.07058824
v 20.01233687 -28.20993251 -10.26811431 0.56470588 0.92549020 0.07058824
v 15.06095400 -29.03088393 -13.80379384 0.56470588 0.92549020 0.07058824
v 20.77202096 -28.00750521 -9.59143850 0.56470588 0.92549020 0.07058824
v 21.13354435 -27.89504513 -9.37616190 0.56470588 0.92549020 0.07058824
v 21.18728315 -27.92878442 -8.85371403 0.56470588 0.92549020 0.07058824
v 20.71828216 -28.17619322 -8.14683531 0.56470588 0.92549020 0.07058824
v 12.83808330 27.64290526 -7.33778027 0.56470588 0.92549020 0.07058824
v 12.57182682 26.17531365 -13.90275705 0.56470588 0.92549020 0.07058824
v 12.57182682 -29.62129619 -13.90275705 0.56470588 0.92549020 0.07058824
v 20.11248826 -28.27740687 -7.33778027 0.56470588 0.92549020 0.07058824
v 20.73293772 -28.04686771 -7.46180530 0.56470588 0.92549020 0.07058824
v 20.67919787 -28.02999807 -7.33778027 0.56470588 0.92549020 0.07058824
v 14.33791038 -29.22206480 -13.90275705 0.56470588 0.92549020 0.07058824
v 14.39409195 -29.21644158 -13.86612764 0.56470588 0.92549020 0.07058824
v 15.06095400 -29.00276785 -13.90275705 0.56470588 0.92549020 0.07058824
v 18.76899519 -27.78821248 -13.90275705 0.56470588 0.92549020 0.07058824
v 21.93231063 -26.51180174 -13.61036621 0.56470588 0.92549020 0.07058824
v 20.45446845 -27.90629156 -10.72308729 0.56470588 0.92549020 0.07058824
v 20.58637478 -27.96252371 -10.26811431 0.56470588 0.92549020 0.07058824
v 21.04316298 -27.84444041 -9.84784276 0.56470588 0.92549020 0.07058824
v 26.37316650 -24.06581292 -13.80379384 0.56470588 0.92549020 0.07058824
v 26.93743334 -23.74530654 -13.80379384 0.56470588 0.92549020 0.07058824
v 27.39177982 -23.58223753 -13.09627255 0.56470588 0.92549020 0.07058824
v 27.42841924 -23.61035360 -12.70299054 0.56470588 0.92549020 0.07058824
v 21.17751207 -27.92878442 -8.14683531 0.56470588 0.92549020 0.07058824
v 28.84030983 -22.90186226 -10.54058414 0.56470588 0.92549020 0.07058824
v 28.86229474 -22.91873191 -10.06890328 0.56470588 0.92549020 0.07058824
v 28.86229474 -22.91873191 -9.84462965 0.56470588 0.92549020 0.07058824
v 27.08155457 -24.07143613 -8.14683531 0.56470588 0.92549020 0.07058824
v 21.12133051 -27.89504513 -7.71242616 0.56470588 0.92549020 0.07058824
v 12.94067746 27.65977069 -7.33778027 0.56470588 0.92549020 0.07058824
v 15.76934101 26.20342551 -11.68187228 0.56470588 0.92549020 0.07058824
v 16.47528631 26.08534643 -11.68187228 0.56470588 0.92549020 0.07058824
v 16.84413589 25.88854235 -12.04687856 0.56470588 0.92549020 0.07058824
v 18.11923356 25.14631172 -12.65929260 0.56470588 0.92549020 0.07058824
v 18.63953057 24.70209883 -13.14960984 0.56470588 0.92549020 0.07058824
v 18.43190053 24.53902982 -13.52361316 0.56470588 0.92549020 0.07058824
v 19.16715800 23.92050570 -13.90275705 0.56470588 0.92549020 0.07058824
v 27.57986877 -23.71719046 -7.33778027 0.56470588 0.92549020 0.07058824
v 22.09841466 -26.32062087 -13.90275705 0.56470588 0.92549020 0.07058824
v 22.15215556 -26.29250480 -13.90275705 0.56470588 0.92549020 0.07058824
v 26.38049481 -24.03769684 -13.90275705 0.56470588 0.92549020 0.07058824
v 26.91545053 -23.72843689 -13.90275705 0.56470588 0.92549020 0.07058824
v 27.25987244 -23.51476316 -13.90275705 0.56470588 0.92549020 0.07058824
v 27.28918566 -23.52600959 -13.80379384 0.56470588 0.92549020 0.07058824
v 27.83635312 -23.12677821 -13.78001742 0.56470588 0.92549020 0.07058824
v 28.30291133 -23.03118777 -12.38939357 0.56470588 0.92549020 0.07058824
v 28.74504397 -22.82314147 -11.68187228 0.56470588 0.92549020 0.07058824
v 28.39084888 -23.07617349 -11.68187228 0.56470588 0.92549020 0.07058824
v 28.80611107 -22.87936940 -10.97499329 0.56470588 0.92549020 0.07058824
v 27.58719707 -23.72843689 -7.43931376 0.56470588 0.92549020 0.07058824
v 29.55358343 -22.19898992 -11.28473484 0.56470588 0.92549020 0.07058824
v 29.57068070 -22.21585957 -10.81305398 0.56470588 0.92549020 0.07058824
v 30.30105367 -21.52986109 -10.26811431 0.56470588 0.92549020 0.07058824
v 30.30349644 -21.52986109 -9.56123559 0.56470588 0.92549020 0.07058824
v 28.69374583 -22.85687654 -7.33778027 0.56470588 0.92549020 0.07058824
v 28.39573442 -23.10990856 -7.43931376 0.56470588 0.92549020 0.07058824
v 27.94139005 -23.46415845 -7.43931376 0.56470588 0.92549020 0.07058824
v 27.57986877 -23.74530654 -8.14683531 0.56470588 0.92549020 0.07058824
v 30.28639706 -21.51299144 -9.10176435 0.56470588 0.92549020 0.07058824
v 28.74748674 -22.81751825 -7.43931376 0.56470588 0.92549020 0.07058824
v 13.56356968 27.50232911 -7.33778027 0.56470588 0.92549020 0.07058824
v 16.89543192 25.91665421 -11.68187228 0.56470588 0.92549020 0.07058824
v 13.64417893 27.47983625 -7.33778027 0.56470588 0.92549020 0.07058824
v 18.59800562 25.48931096 -8.14683531 0.56470588 0.92549020 0.07058824
v 17.24718424 25.77045905 -11.68187228 0.56470588 0.92549020 0.07058824
v 18.36838961 25.23065573 -12.18761173 0.56470588 0.92549020 0.07058824
v 19.69966885 24.49404832 -12.78588870 0.56470588 0.92549020 0.07058824
v 19.30394986 24.57839232 -12.92983498 0.56470588 0.92549020 0.07058824
v 18.90334428 24.44906260 -13.42079453 0.56470588 0.92549020 0.07058824
v 22.12772788 22.79591333 -13.90275705 0.56470588 0.92549020 0.07058824
v 27.93406174 -23.45853523 -7.33778027 0.56470588 0.92549020 0.07058824
v 27.80703990 -23.12115499 -13.90275705 0.56470588 0.92549020 0.07058824
v 27.98535988 -22.98620627 -13.90275705 0.56470588 0.92549020 0.07058824
v 28.11726515 -22.88499262 -13.90275705 0.56470588 0.92549020 0.07058824
v 28.16123498 -22.92435090 -13.52875372 0.56470588 0.92549020 0.07058824
v 28.91847631 -22.26084529 -13.68490964 0.56470588 0.92549020 0.07058824
v 29.15541851 -22.46889159 -11.68187228 0.56470588 0.92549020 0.07058824
v 29.81739608 -21.72666096 -12.38939357 0.56470588 0.92549020 0.07058824
v 30.17158906 -21.40053136 -12.38939357 0.56470588 0.92549020 0.07058824
v 30.23754170 -21.46800573 -11.68187228 0.56470588 0.92549020 0.07058824
v 30.26196938 -21.49049859 -11.29373135 0.56470588 0.92549020 0.07058824
v 30.28151153 -21.50736823 -10.82205049 0.56470588 0.92549020 0.07058824
v 30.62104790 -21.14187613 -10.99298684 0.56470588 0.92549020 0.07058824
v 30.97524298 -20.79325368 -10.69288464 0.56470588 0.92549020 0.07058824
v 30.98012852 -20.79887689 -9.35881118 0.56470588 0.92549020 0.07058824
v 30.98012852 -20.79887689 -9.05099761 0.56470588 0.92549020 0.07058824
v 30.96547191 -20.78200725 -8.57931675 0.56470588 0.92549020 0.07058824
v 28.38840612 -23.10428535 -7.33778027 0.56470588 0.92549020 0.07058824
v 28.74260120 -22.81189504 -7.33778027 0.56470588 0.92549020 0.07058824
v 28.00001649 -23.40792630 -7.33778027 0.56470588 0.92549020 0.07058824
v 18.59800562 25.52305025 -7.43931376 0.56470588 0.92549020 0.07058824
v 18.59800562 25.48931096 -7.33778027 0.56470588 0.92549020 0.07058824
v 21.08224622 24.47717867 -7.82681185 0.56470588 0.92549020 0.07058824
v 17.88961756 25.49493418 -11.68187228 0.56470588 0.92549020 0.07058824
v 19.30394986 24.76957319 -12.38939357 0.56470588 0.92549020 0.07058824
v 19.30394986 24.37034181 -13.28327448 0.56470588 0.92549020 0.07058824
v 21.15064162 23.80242241 -12.83472720 0.56470588 0.92549020 0.07058824
v 22.80924549 22.50351881 -13.90275705 0.56470588 0.92549020 0.07058824
v 28.88672032 -22.23272921 -13.90275705 0.56470588 0.92549020 0.07058824
v 30.06899490 -21.28807128 -13.09627255 0.56470588 0.92549020 0.07058824
v 30.39631953 -20.93944883 -13.09627255 0.56470588 0.92549020 0.07058824
v 30.49647093 -21.04628570 -12.38939357 0.56470588 0.92549020 0.07058824
v 30.57219464 -21.11376006 -11.68187228 0.56470588 0.92549020 0.07058824
v 30.96058637 -20.77076082 -11.16392266 0.56470588 0.92549020 0.07058824
v 31.20485688 -20.49523594 -10.94671809 0.56470588 0.92549020 0.07058824
v 31.61279076 -19.98916769 -10.97499329 0.56470588 0.92549020 0.07058824
v 31.89858833 -19.64054523 -10.26811431 0.56470588 0.92549020 0.07058824
v 32.25522619 -19.19070913 -9.56123559 0.56470588 0.92549020 0.07058824
v 32.24301024 -19.18508591 -8.85371403 0.56470588 0.92549020 0.07058824
v 31.88881726 -19.63492202 -8.85371403 0.56470588 0.92549020 0.07058824
v 32.49216839 -18.80272417 -8.14683531 0.56470588 0.92549020 0.07058824
v 32.44087237 -18.73524981 -7.43931376 0.56470588 0.92549020 0.07058824
v 31.21462795 -20.38277586 -8.14683531 0.56470588 0.92549020 0.07058824
v 30.92150208 -20.73139831 -8.14683531 0.56470588 0.92549020 0.07058824
v 29.09435141 -22.45764937 -7.33778027 0.56470588 0.92549020 0.07058824
v 28.79389723 -22.76128611 -7.33778027 0.56470588 0.92549020 0.07058824
v 21.09201729 24.48280189 -7.33778027 0.56470588 0.92549020 0.07058824
v 20.71828216 24.64024347 -7.43931376 0.56470588 0.92549020 0.07058824
v 21.09201729 24.48280189 -7.43931376 0.56470588 0.92549020 0.07058824
v 22.35245835 23.84740812 -7.33778027 0.56470588 0.92549020 0.07058824
v 22.66024084 23.68996654 -7.33778027 0.56470588 0.92549020 0.07058824
v 26.57346929 21.57011153 -8.14683531 0.56470588 0.92549020 0.07058824
v 24.59242843 22.34045401 -11.20569263 0.56470588 0.92549020 0.07058824
v 22.78237714 23.22326079 -11.68187228 0.56470588 0.92549020 0.07058824
v 23.03641873 22.98147099 -12.38939357 0.56470588 0.92549020 0.07058824
v 23.94266470 22.37419330 -12.81480620 0.56470588 0.92549020 0.07058824
v 23.77656067 22.28984930 -13.28584476 0.56470588 0.92549020 0.07058824
v 23.61045664 22.13240350 -13.90275705 0.56470588 0.92549020 0.07058824
v 29.23114433 -21.87286033 -13.90275705 0.56470588 0.92549020 0.07058824
v 30.31571028 -20.84385839 -13.58980238 0.56470588 0.92549020 0.07058824
v 32.46285517 -18.04924712 -13.90275705 0.56470588 0.92549020 0.07058824
v 30.85066390 -20.62456145 -12.38939357 0.56470588 0.92549020 0.07058824
v 30.92638761 -20.72577510 -11.68187228 0.56470588 0.92549020 0.07058824
v 32.25034065 -19.18508591 -10.26811431 0.56470588 0.92549020 0.07058824
v 31.20729965 -20.37152943 -11.68187228 0.56470588 0.92549020 0.07058824
v 32.45796964 -18.75774267 -11.68187228 0.56470588 0.92549020 0.07058824
v 32.49461116 -18.81397060 -10.97499329 0.56470588 0.92549020 0.07058824
v 33.76238053 -17.19455957 -10.26811431 0.56470588 0.92549020 0.07058824
v 32.50926777 -18.83646346 -8.85371403 0.56470588 0.92549020 0.07058824
v 32.82926199 -18.30790446 -8.14683531 0.56470588 0.92549020 0.07058824
v 33.04177862 -17.88056016 -7.43931376 0.56470588 0.92549020 0.07058824
v 32.71934163 -18.31915089 -7.33778027 0.56470588 0.92549020 0.07058824
v 33.74039561 -17.16082134 -9.56123559 0.56470588 0.92549020 0.07058824
v 32.43110129 -18.71838017 -7.33778027 0.56470588 0.92549020 0.07058824
v 32.14530372 -19.06700262 -7.33778027 0.56470588 0.92549020 0.07058824
v 31.53218151 -19.79798682 -7.33778027 0.56470588 0.92549020 0.07058824
v 32.08912005 -19.13448120 -7.33778027 0.56470588 0.92549020 0.07058824
v 31.14378978 -20.28156221 -7.43931376 0.56470588 0.92549020 0.07058824
v 30.82379345 -20.63580788 -7.43931376 0.56470588 0.92549020 0.07058824
v 30.76028358 -20.67517038 -7.33778027 0.56470588 0.92549020 0.07058824
v 26.17286371 21.81189712 -7.33778027 0.56470588 0.92549020 0.07058824
v 26.25835850 21.76691140 -7.43931376 0.56470588 0.92549020 0.07058824
v 26.61255358 21.57573474 -7.43931376 0.56470588 0.92549020 0.07058824
v 27.08155457 21.28334022 -8.14683531 0.56470588 0.92549020 0.07058824
v 27.08155457 21.22710807 -8.85371403 0.56470588 0.92549020 0.07058824
v 27.46261799 20.95158320 -9.25984798 0.56470588 0.92549020 0.07058824
v 26.20706247 21.05279685 -12.38939357 0.56470588 0.92549020 0.07058824
v 23.54694677 22.70032290 -12.38939357 0.56470588 0.92549020 0.07058824
v 27.30384227 20.15312464 -13.09627255 0.56470588 0.92549020 0.07058824
v 27.07422626 20.08002706 -13.85584599 0.56470588 0.92549020 0.07058824
v 27.01315916 20.10251992 -13.90275705 0.56470588 0.92549020 0.07058824
v 24.74631862 21.50825617 -13.90275705 0.56470588 0.92549020 0.07058824
v 24.39701118 21.71630668 -13.90275705 0.56470588 0.92549020 0.07058824
v 24.24800442 21.80065069 -13.90275705 0.56470588 0.92549020 0.07058824
v 30.00792780 -21.04628570 -13.90275705 0.56470588 0.92549020 0.07058824
v 29.92487578 -21.15874578 -13.84299353 0.56470588 0.92549020 0.07058824
v 30.25708384 -20.77638403 -13.90275705 0.56470588 0.92549020 0.07058824
v 30.48181432 -20.50085915 -13.90275705 0.56470588 0.92549020 0.07058824
v 30.51845373 -20.45587344 -13.90275705 0.56470588 0.92549020 0.07058824
v 32.47751178 -18.06611676 -13.80379384 0.56470588 0.92549020 0.07058824
v 33.66222913 -16.32300027 -13.90275705 0.56470588 0.92549020 0.07058824
v 33.82344763 -16.57603335 -12.81352106 0.56470588 0.92549020 0.07058824
v 32.57277764 -18.18982327 -13.09627255 0.56470588 0.92549020 0.07058824
v 32.41888745 -18.70151052 -12.15355314 0.56470588 0.92549020 0.07058824
v 33.68665682 -17.08209949 -11.68187228 0.56470588 0.92549020 0.07058824
v 33.73795284 -17.15519812 -10.97499329 0.56470588 0.92549020 0.07058824
v 33.97978269 -16.84031285 -10.26811431 0.56470588 0.92549020 0.07058824
v 33.96756674 -16.80657461 -9.56123559 0.56470588 0.92549020 0.07058824
v 33.26406632 -17.52631343 -7.43931376 0.56470588 0.92549020 0.07058824
v 33.06620631 -17.81308474 -7.33778027 0.56470588 0.92549020 0.07058824
v 33.03200966 -17.86369157 -7.33778027 0.56470588 0.92549020 0.07058824
v 31.13157594 -20.26469257 -7.33778027 0.56470588 0.92549020 0.07058824
v 30.85799221 -20.56833352 -7.33778027 0.56470588 0.92549020 0.07058824
v 26.60522528 21.57573474 -7.33778027 0.56470588 0.92549020 0.07058824
v 27.08155457 21.28334022 -7.43931376 0.56470588 0.92549020 0.07058824
v 27.52368510 20.99656891 -8.14683531 0.56470588 0.92549020 0.07058824
v 27.50170229 20.97969927 -8.85371403 0.56470588 0.92549020 0.07058824
v 27.85589527 20.70417439 -8.85371403 0.56470588 0.92549020 0.07058824
v 28.87939201 19.54584695 -10.71023483 0.56470588 0.92549020 0.07058824
v 28.29069960 19.64705639 -12.38939357 0.56470588 0.92549020 0.07058824
v 28.21253101 19.57958202 -12.94718517 0.56470588 0.92549020 0.07058824
v 27.85345250 19.77638611 -13.14832470 0.56470588 0.92549020 0.07058824
v 26.56125545 20.82225769 -12.38939357 0.56470588 0.92549020 0.07058824
v 28.12947900 19.51210766 -13.41886603 0.56470588 0.92549020 0.07058824
v 27.67269186 19.69766532 -13.80379384 0.56470588 0.92549020 0.07058824
v 27.64582140 19.67517246 -13.90275705 0.56470588 0.92549020 0.07058824
v 33.88695750 -15.97999998 -13.90275705 0.56470588 0.92549020 0.07058824
v 33.95779778 -16.21054125 -13.06799735 0.56470588 0.92549020 0.07058824
v 34.09947623 -16.18804944 -12.38939357 0.56470588 0.92549020 0.07058824
v 33.86008915 -16.63788660 -12.38939357 0.56470588 0.92549020 0.07058824
v 33.60849034 -16.99213227 -12.38939357 0.56470588 0.92549020 0.07058824
v 33.90649964 -16.72785382 -11.68187228 0.56470588 0.92549020 0.07058824
v 33.94802670 -16.80095245 -10.97499329 0.56470588 0.92549020 0.07058824
v 34.31931906 -16.21054125 -9.56123559 0.56470588 0.92549020 0.07058824
v 34.36573166 -16.13182046 -10.30345857 0.56470588 0.92549020 0.07058824
v 34.51962185 -15.85629558 -10.09139456 0.56470588 0.92549020 0.07058824
v 34.51717908 -15.85629558 -9.56123559 0.56470588 0.92549020 0.07058824
v 33.87963130 -16.66600162 -8.14683531 0.56470588 0.92549020 0.07058824
v 34.50740801 -15.83942593 -9.19751418 0.56470588 0.92549020 0.07058824
v 34.30954799 -16.12057403 -8.91861864 0.56470588 0.92549020 0.07058824
v 33.25429525 -17.50944484 -7.33778027 0.56470588 0.92549020 0.07058824
v 34.17275507 -16.18804944 -8.14683531 0.56470588 0.92549020 0.07058824
v 33.83810424 -16.60414837 -7.57940436 0.56470588 0.92549020 0.07058824
v 33.62070207 -16.90216505 -7.33778027 0.56470588 0.92549020 0.07058824
v 27.08155457 21.27209379 -7.33778027 0.56470588 0.92549020 0.07058824
v 27.51147125 20.99094570 -7.33778027 0.56470588 0.92549020 0.07058824
v 27.86566634 20.73229047 -7.33778027 0.56470588 0.92549020 0.07058824
v 27.87788018 20.73229047 -8.14683531 0.56470588 0.92549020 0.07058824
v 28.32489625 20.37804480 -8.14683531 0.56470588 0.92549020 0.07058824
v 28.28581406 20.34992872 -8.85371403 0.56470588 0.92549020 0.07058824
v 28.64000704 20.03504134 -8.85371403 0.56470588 0.92549020 0.07058824
v 29.01129939 19.68641889 -8.85371403 0.56470588 0.92549020 0.07058824
v 29.62930714 18.89358354 -10.26811431 0.56470588 0.92549020 0.07058824
v 29.54625301 18.80361632 -11.27316752 0.56470588 0.92549020 0.07058824
v 29.49495699 18.75300739 -11.68187228 0.56470588 0.92549020 0.07058824
v 29.04794092 18.98355077 -12.38939357 0.56470588 0.92549020 0.07058824
v 29.40213390 18.66304017 -12.38939357 0.56470588 0.92549020 0.07058824
v 28.92824738 18.88233712 -13.09627255 0.56470588 0.92549020 0.07058824
v 28.46657470 19.28718750 -13.14832470 0.56470588 0.92549020 0.07058824
v 28.06108359 19.35466608 -13.90275705 0.56470588 0.92549020 0.07058824
v 28.02688483 19.42776366 -13.80379384 0.56470588 0.92549020 0.07058824
v 28.85496644 18.82048175 -13.46577709 0.56470588 0.92549020 0.07058824
v 28.71084521 18.78112346 -13.90275705 0.56470588 0.92549020 0.07058824
v 27.99268608 19.41089401 -13.90275705 0.56470588 0.92549020 0.07058824
v 34.17275507 -15.37272124 -13.90275705 0.56470588 0.92549020 0.07058824
v 34.14588672 -15.47955705 -13.80379384 0.56470588 0.92549020 0.07058824
v 34.34130398 -15.42895023 -13.05450258 0.56470588 0.92549020 0.07058824
v 34.39504488 -15.58639286 -12.38939357 0.56470588 0.92549020 0.07058824
v 34.19229721 -16.18804944 -11.68187228 0.56470588 0.92549020 0.07058824
v 34.43901260 -15.69322973 -11.68187228 0.56470588 0.92549020 0.07058824
v 34.27535134 -16.18804944 -10.97499329 0.56470588 0.92549020 0.07058824
v 34.50252247 -15.82818056 -10.56307595 0.56470588 0.92549020 0.07058824
v 35.21579607 -14.42806437 -9.95001908 0.56470588 0.92549020 0.07058824
v 35.40877055 -14.06257227 -8.85371403 0.56470588 0.92549020 0.07058824
v 34.48298032 -15.78882016 -8.72583332 0.56470588 0.92549020 0.07058824
v 35.39167117 -14.02321082 -8.14683531 0.56470588 0.92549020 0.07058824
v 34.44389814 -15.72134475 -8.14683531 0.56470588 0.92549020 0.07058824
v 34.38771447 -15.62575431 -7.43931376 0.56470588 0.92549020 0.07058824
v 34.32909013 -15.69885294 -7.33778027 0.56470588 0.92549020 0.07058824
v 34.00909591 -16.25552486 -7.38212078 0.56470588 0.92549020 0.07058824
v 28.31268241 20.37804480 -7.33778027 0.56470588 0.92549020 0.07058824
v 28.67664856 20.07440385 -8.14683531 0.56470588 0.92549020 0.07058824
v 29.04549815 19.72015818 -8.14683531 0.56470588 0.92549020 0.07058824
v 30.40120507 18.25256657 -8.85371403 0.56470588 0.92549020 0.07058824
v 30.34990693 18.19633442 -9.56123559 0.56470588 0.92549020 0.07058824
v 30.97768575 17.40912229 -9.95258936 0.56470588 0.92549020 0.07058824
v 30.42563275 17.58343352 -12.38939357 0.56470588 0.92549020 0.07058824
v 30.10563642 17.93767919 -12.38939357 0.56470588 0.92549020 0.07058824
v 29.75388411 18.30879450 -12.38939357 0.56470588 0.92549020 0.07058824
v 29.66350379 18.21320407 -12.97417523 0.56470588 0.92549020 0.07058824
v 28.81343938 18.68553303 -13.90275705 0.56470588 0.92549020 0.07058824
v 34.54893296 -14.51803159 -13.90275705 0.56470588 0.92549020 0.07058824
v 34.51962185 -15.15342535 -12.79102926 0.56470588 0.92549020 0.07058824
v 34.55626337 -15.23214719 -12.38939357 0.56470588 0.92549020 0.07058824
v 34.61000217 -15.33898301 -11.68187228 0.56470588 0.92549020 0.07058824
v 34.65152923 -15.42332701 -10.97499329 0.56470588 0.92549020 0.07058824
v 35.20113946 -14.38308076 -10.42169994 0.56470588 0.92549020 0.07058824
v 35.06190588 -14.70921140 -10.21863297 0.56470588 0.92549020 0.07058824
v 35.92418413 -13.01107853 -8.51698295 0.56470588 0.92549020 0.07058824
v 35.92418413 -13.01107853 -8.47392731 0.56470588 0.92549020 0.07058824
v 35.77029184 -13.29222662 -8.20145774 0.56470588 0.92549020 0.07058824
v 35.90708265 -12.97171813 -8.00224645 0.56470588 0.92549020 0.07058824
v 35.62372995 -13.35970204 -7.43931376 0.56470588 0.92549020 0.07058824
v 35.32816131 -13.93324360 -7.43931376 0.56470588 0.92549020 0.07058824
v 35.14495579 -14.28749032 -7.43931376 0.56470588 0.92549020 0.07058824
v 34.87381483 -14.77668787 -7.43931376 0.56470588 0.92549020 0.07058824
v 34.85183202 -14.78231004 -7.33778027 0.56470588 0.92549020 0.07058824
v 28.66687749 20.05191099 -7.33778027 0.56470588 0.92549020 0.07058824
v 28.66687749 20.05753420 -7.43931376 0.56470588 0.92549020 0.07058824
v 29.03816985 19.70328853 -7.43931376 0.56470588 0.92549020 0.07058824
v 30.49891369 18.23569692 -7.33778027 0.56470588 0.92549020 0.07058824
v 30.44761556 18.28630164 -7.43931376 0.56470588 0.92549020 0.07058824
v 30.80181064 17.91518633 -7.43931376 0.56470588 0.92549020 0.07058824
v 30.42807341 18.26943200 -8.14683531 0.56470588 0.92549020 0.07058824
v 29.08702311 19.65267960 -7.33778027 0.56470588 0.92549020 0.07058824
v 29.38992006 19.34904286 -7.33778027 0.56470588 0.92549020 0.07058824
v 30.78226850 17.88707447 -8.14683531 0.56470588 0.92549020 0.07058824
v 30.75539805 17.84208875 -8.85371403 0.56470588 0.92549020 0.07058824
v 30.70409991 17.79148403 -9.56123559 0.56470588 0.92549020 0.07058824
v 31.13890424 16.87494113 -11.68187228 0.56470588 0.92549020 0.07058824
v 31.00211343 17.43723415 -9.56123559 0.56470588 0.92549020 0.07058824
v 31.66164402 16.66126740 -9.01372590 0.56470588 0.92549020 0.07058824
v 31.53706705 16.50382476 -10.97499329 0.56470588 0.92549020 0.07058824
v 31.49309722 16.43634934 -11.68187228 0.56470588 0.92549020 0.07058824
v 30.77982573 17.16171033 -12.38939357 0.56470588 0.92549020 0.07058824
v 31.00943963 16.74561140 -12.86300240 0.56470588 0.92549020 0.07058824
v 30.33525032 17.47659665 -13.09627255 0.56470588 0.92549020 0.07058824
v 30.26441215 17.39787481 -13.45164002 0.56470588 0.92549020 0.07058824
v 29.06015265 18.43250101 -13.90275705 0.56470588 0.92549020 0.07058824
v 34.70526803 -14.06819443 -13.90275705 0.56470588 0.92549020 0.07058824
v 36.59593067 -10.76751911 -10.43519471 0.56470588 0.92549020 0.07058824
v 36.63745562 -10.90809316 -9.96415668 0.56470588 0.92549020 0.07058824
v 35.15961240 -14.27624389 -10.97499329 0.56470588 0.92549020 0.07058824
v 36.65455500 -10.94745356 -9.56123559 0.56470588 0.92549020 0.07058824
v 36.54218977 -11.32981424 -8.85371403 0.56470588 0.92549020 0.07058824
v 36.31745930 -11.94271725 -8.14683531 0.56470588 0.92549020 0.07058824
v 36.02677619 -12.70181647 -8.20145774 0.56470588 0.92549020 0.07058824
v 35.86067216 -12.87050448 -7.43931376 0.56470588 0.92549020 0.07058824
v 36.01211958 -12.52188098 -7.43931376 0.56470588 0.92549020 0.07058824
v 35.80449059 -12.94360311 -7.33778027 0.56470588 0.92549020 0.07058824
v 35.56998905 -13.42155424 -7.33778027 0.56470588 0.92549020 0.07058824
v 35.31839023 -13.91637501 -7.33778027 0.56470588 0.92549020 0.07058824
v 35.13762959 -14.27062173 -7.33778027 0.56470588 0.92549020 0.07058824
v 30.80181064 17.91518633 -7.33778027 0.56470588 0.92549020 0.07058824
v 31.06318053 17.61154959 -7.33778027 0.56470588 0.92549020 0.07058824
v 31.10470549 17.56094066 -7.43931376 0.56470588 0.92549020 0.07058824
v 31.08516334 17.53282459 -8.14683531 0.56470588 0.92549020 0.07058824
v 31.04363839 17.48784308 -8.85371403 0.56470588 0.92549020 0.07058824
v 31.06806607 16.80746466 -12.38939357 0.56470588 0.92549020 0.07058824
v 31.44424396 16.97615267 -8.80808838 0.56470588 0.92549020 0.07058824
v 31.68118617 16.69500669 -8.54204477 0.56470588 0.92549020 0.07058824
v 31.86194681 16.39136573 -8.80808838 0.56470588 0.92549020 0.07058824
v 32.25766685 15.78970915 -8.85371403 0.56470588 0.92549020 0.07058824
v 32.45552898 15.37923344 -9.56123559 0.56470588 0.92549020 0.07058824
v 31.79110864 16.14957909 -10.97499329 0.56470588 0.92549020 0.07058824
v 31.74714091 16.08210368 -11.68187228 0.56470588 0.92549020 0.07058824
v 31.65676059 15.95839822 -12.62137858 0.56470588 0.92549020 0.07058824
v 30.72119929 17.00426874 -13.09820053 0.56470588 0.92549020 0.07058824
v 31.59813415 15.86280778 -13.09627255 0.56470588 0.92549020 0.07058824
v 31.21218519 16.38012036 -13.09820053 0.56470588 0.92549020 0.07058824
v 31.13646148 16.18893949 -13.80379384 0.56470588 0.92549020 0.07058824
v 30.93127315 16.64439986 -13.33468326 0.56470588 0.92549020 0.07058824
v 31.11936210 16.16644768 -13.90275705 0.56470588 0.92549020 0.07058824
v 30.84333560 16.54318621 -13.80379384 0.56470588 0.92549020 0.07058824
v 30.42318788 16.98739910 -13.90275705 0.56470588 0.92549020 0.07058824
v 30.19113121 17.25730076 -13.90275705 0.56470588 0.92549020 0.07058824
v 29.86869211 17.60030316 -13.90275705 0.56470588 0.92549020 0.07058824
v 30.82867899 16.51507119 -13.90275705 0.56470588 0.92549020 0.07058824
v 35.64327210 -11.23984702 -13.90275705 0.56470588 0.92549020 0.07058824
v 35.96326632 -10.98681395 -12.90541520 0.56470588 0.92549020 0.07058824
v 36.39806854 -10.53135463 -11.68187228 0.56470588 0.92549020 0.07058824
v 36.54951807 -10.53135463 -10.99812740 0.56470588 0.92549020 0.07058824
v 36.65944054 -10.29519015 -10.77835255 0.56470588 0.92549020 0.07058824
v 36.69608206 -10.53135463 -10.22698717 0.56470588 0.92549020 0.07058824
v 36.77913197 -10.53135463 -9.56123559 0.56470588 0.92549020 0.07058824
v 36.65944054 -10.97556858 -8.85371403 0.56470588 0.92549020 0.07058824
v 36.53974700 -11.29045385 -8.14683531 0.56470588 0.92549020 0.07058824
v 36.73760702 -10.59320683 -7.45666447 0.56470588 0.92549020 0.07058824
v 36.73760702 -10.57071503 -7.33778027 0.56470588 0.92549020 0.07058824
v 36.67653992 -10.73940409 -7.33778027 0.56470588 0.92549020 0.07058824
v 36.57394576 -11.01492897 -7.33778027 0.56470588 0.92549020 0.07058824
v 35.85334385 -12.84239052 -7.33778027 0.56470588 0.92549020 0.07058824
v 36.18066848 -12.03268448 -7.33778027 0.56470588 0.92549020 0.07058824
v 36.00234850 -12.49376701 -7.33778027 0.56470588 0.92549020 0.07058824
v 35.88021430 -12.78053726 -7.33778027 0.56470588 0.92549020 0.07058824
v 31.10226483 17.56094066 -7.33778027 0.56470588 0.92549020 0.07058824
v 31.15356085 17.49346630 -7.33778027 0.56470588 0.92549020 0.07058824
v 31.45890057 17.08861275 -7.43931376 0.56470588 0.92549020 0.07058824
v 31.43935843 17.06611989 -8.14683531 0.56470588 0.92549020 0.07058824
v 31.69340001 16.71187422 -8.14683531 0.56470588 0.92549020 0.07058824
v 31.94500093 16.33513675 -8.14683531 0.56470588 0.92549020 0.07058824
v 32.28209453 15.82344739 -8.14683531 0.56470588 0.92549020 0.07058824
v 32.48728286 15.43546348 -8.85371403 0.56470588 0.92549020 0.07058824
v 32.78773704 14.92377413 -8.85371403 0.56470588 0.92549020 0.07058824
v 32.72178440 14.92377413 -9.56123559 0.56470588 0.92549020 0.07058824
v 32.60209086 14.90128232 -10.97499329 0.56470588 0.92549020 0.07058824
v 32.13064711 15.63226652 -10.97499329 0.56470588 0.92549020 0.07058824
v 32.04270956 15.63226652 -11.68187228 0.56470588 0.92549020 0.07058824
v 31.88148896 15.68287334 -12.38682329 0.56470588 0.92549020 0.07058824
v 31.83752123 15.50856212 -13.09627255 0.56470588 0.92549020 0.07058824
v 31.47599784 15.66600475 -13.90275705 0.56470588 0.92549020 0.07058824
v 31.52241044 15.62102114 -13.85713113 0.56470588 0.92549020 0.07058824
v 35.83868935 -10.55946965 -13.90275705 0.56470588 0.92549020 0.07058824
v 35.85334385 -10.56509181 -13.84492150 0.56470588 0.92549020 0.07058824
v 35.90219711 -10.81812489 -13.37645376 0.56470588 0.92549020 0.07058824
v 35.96570909 -10.34579698 -13.63671344 0.56470588 0.92549020 0.07058824
v 35.93395521 -10.21646936 -13.90275705 0.56470588 0.92549020 0.07058824
v 36.61302794 -10.09276390 -11.25003341 0.56470588 0.92549020 0.07058824
v 36.84264395 -9.82286119 -10.26811431 0.56470588 0.92549020 0.07058824
v 37.05516058 -6.99451431 -12.38939357 0.56470588 0.92549020 0.07058824
v 36.78646238 -10.53135463 -8.85371403 0.56470588 0.92549020 0.07058824
v 36.93058150 -9.82286119 -9.56123559 0.56470588 0.92549020 0.07058824
v 36.98432030 -9.82286119 -7.43931376 0.56470588 0.92549020 0.07058824
v 36.97943476 -9.82286119 -7.33778027 0.56470588 0.92549020 0.07058824
v 31.45645780 17.08861275 -7.33778027 0.56470588 0.92549020 0.07058824
v 31.71049939 16.73999030 -7.33778027 0.56470588 0.92549020 0.07058824
v 31.71049939 16.73436708 -7.43931376 0.56470588 0.92549020 0.07058824
v 32.50682500 15.46920067 -8.14683531 0.56470588 0.92549020 0.07058824
v 32.82926199 14.92377413 -8.14683531 0.56470588 0.92549020 0.07058824
v 33.06132077 14.51329842 -8.14683531 0.56470588 0.92549020 0.07058824
v 33.03933585 14.47393697 -8.85371403 0.56470588 0.92549020 0.07058824
v 32.99048259 14.32774076 -10.26811431 0.56470588 0.92549020 0.07058824
v 32.27232346 15.04185637 -12.38939357 0.56470588 0.92549020 0.07058824
v 32.32606436 15.17118398 -11.68187228 0.56470588 0.92549020 0.07058824
v 33.86253192 12.55088604 -10.97499329 0.56470588 0.92549020 0.07058824
v 32.20392805 14.87316730 -13.06735504 0.56470588 0.92549020 0.07058824
v 31.74225538 15.37923344 -13.65727727 0.56470588 0.92549020 0.07058824
v 31.50286829 15.62664330 -13.90275705 0.56470588 0.92549020 0.07058824
v 31.54683812 15.55916789 -13.90275705 0.56470588 0.92549020 0.07058824
v 35.86555769 -10.46387922 -13.90275705 0.56470588 0.92549020 0.07058824
v 36.56417468 -9.84535405 -11.69600988 0.56470588 0.92549020 0.07058824
v 36.63012732 -7.17444875 -13.90275705 0.56470588 0.92549020 0.07058824
v 36.66676884 -7.47808865 -13.59108752 0.56470588 0.92549020 0.07058824
v 36.90859659 -6.99451431 -13.09627255 0.56470588 0.92549020 0.07058824
v 36.96233749 -9.11436932 -10.26811431 0.56470588 0.92549020 0.07058824
v 37.00386244 -6.28602139 -13.09627255 0.56470588 0.92549020 0.07058824
v 37.14798367 -6.28602139 -12.38939357 0.56470588 0.92549020 0.07058824
v 37.13576983 -6.99451431 -11.68187228 0.56470588 0.92549020 0.07058824
v 37.04294674 -9.11436932 -9.56123559 0.56470588 0.92549020 0.07058824
v 37.18462308 -8.41149962 -8.85371403 0.56470588 0.92549020 0.07058824
v 37.20905077 -8.41149962 -8.14683531 0.56470588 0.92549020 0.07058824
v 37.09424276 -9.11436932 -8.14683531 0.56470588 0.92549020 0.07058824
v 37.11134214 -9.11436932 -7.43931376 0.56470588 0.92549020 0.07058824
v 37.10645871 -9.11436932 -7.33778027 0.56470588 0.92549020 0.07058824
v 32.50926777 15.46920067 -7.43931376 0.56470588 0.92549020 0.07058824
v 32.55323549 15.39047987 -7.33778027 0.56470588 0.92549020 0.07058824
v 32.83903307 14.92377413 -7.43931376 0.56470588 0.92549020 0.07058824
v 33.27628017 14.17592028 -7.43931376 0.56470588 0.92549020 0.07058824
v 33.25185248 14.15905169 -8.14683531 0.56470588 0.92549020 0.07058824
v 33.23475310 14.11969130 -8.85371403 0.56470588 0.92549020 0.07058824
v 32.40423084 14.60888885 -12.81223592 0.56470588 0.92549020 0.07058824
v 34.52695015 9.67193181 -12.82380271 0.56470588 0.92549020 0.07058824
v 33.80879312 12.46654203 -11.35927827 0.56470588 0.92549020 0.07058824
v 32.52880992 14.23777354 -13.06735504 0.56470588 0.92549020 0.07058824
v 33.65978636 13.45055930 -7.42838927 0.56470588 0.92549020 0.07058824
v 33.93092733 12.86014915 -7.42838927 0.56470588 0.92549020 0.07058824
v 34.40481384 11.49939335 -9.56123559 0.56470588 0.92549020 0.07058824
v 34.55870403 11.14514663 -9.56123559 0.56470588 0.92549020 0.07058824
v 35.55289178 8.55858587 -9.56123559 0.56470588 0.92549020 0.07058824
v 35.69456812 7.85009348 -10.26811431 0.56470588 0.92549020 0.07058824
v 34.92267019 9.26707931 -11.68187228 0.56470588 0.92549020 0.07058824
v 32.46041240 14.00160906 -13.80379384 0.56470588 0.92549020 0.07058824
v 32.44575790 13.97349404 -13.90275705 0.56470588 0.92549020 0.07058824
v 31.90103110 14.98562633 -13.85713113 0.56470588 0.92549020 0.07058824
v 31.86194681 15.03060994 -13.90275705 0.56470588 0.92549020 0.07058824
v 36.66921161 -6.99451431 -13.90275705 0.56470588 0.92549020 0.07058824
v 36.72783594 -6.99451431 -13.72796528 0.56470588 0.92549020 0.07058824
v 36.75714916 -6.33100500 -13.90275705 0.56470588 0.92549020 0.07058824
v 37.06248888 -5.58315169 -13.09627255 0.56470588 0.92549020 0.07058824
v 37.21393630 -5.58315169 -12.38939357 0.56470588 0.92549020 0.07058824
v 37.21637907 -6.28602139 -11.68187228 0.56470588 0.92549020 0.07058824
v 37.29454555 -5.53816807 -11.65809533 0.56470588 0.92549020 0.07058824
v 37.14798367 -8.41149962 -9.56123559 0.56470588 0.92549020 0.07058824
v 37.34584369 -7.44435094 -7.85444448 0.56470588 0.92549020 0.07058824
v 37.31408770 -7.82108894 -7.43931376 0.56470588 0.92549020 0.07058824
v 37.29699043 -7.90543347 -7.33778027 0.56470588 0.92549020 0.07058824
v 32.87078905 14.86754409 -7.33778027 0.56470588 0.92549020 0.07058824
v 33.24696695 14.22652711 -7.33778027 0.56470588 0.92549020 0.07058824
v 33.27628017 14.17592028 -7.33778027 0.56470588 0.92549020 0.07058824
v 34.47076859 9.48637415 -13.29484127 0.56470588 0.92549020 0.07058824
v 34.36817232 9.93621026 -13.07442358 0.56470588 0.92549020 0.07058824
v 35.24266652 7.58019181 -12.86364524 0.56470588 0.92549020 0.07058824
v 35.18648285 7.40025685 -13.33532610 0.56470588 0.92549020 0.07058824
v 33.50345341 12.09542672 -13.09627255 0.56470588 0.92549020 0.07058824
v 33.15658663 12.57900106 -13.64956590 0.56470588 0.92549020 0.07058824
v 32.69247118 13.50678829 -13.80379384 0.56470588 0.92549020 0.07058824
v 33.72818177 11.54437697 -13.09627255 0.56470588 0.92549020 0.07058824
v 33.71352516 13.34372349 -7.33778027 0.56470588 0.92549020 0.07058824
v 33.88451684 12.97260818 -7.33778027 0.56470588 0.92549020 0.07058824
v 34.26069473 12.09542672 -7.43931376 0.56470588 0.92549020 0.07058824
v 34.58313172 11.18450703 -8.85371403 0.56470588 0.92549020 0.07058824
v 34.79076281 10.67844088 -8.85371403 0.56470588 0.92549020 0.07058824
v 35.94372628 7.68702763 -7.33778027 0.56470588 0.92549020 0.07058824
v 35.75319456 7.85009348 -9.56123559 0.56470588 0.92549020 0.07058824
v 36.66921161 4.08271189 -11.42611085 0.56470588 0.92549020 0.07058824
v 35.93884074 6.84920709 -10.74172314 0.56470588 0.92549020 0.07058824
v 35.90464199 6.73112485 -11.21276170 0.56470588 0.92549020 0.07058824
v 32.61674747 13.60800194 -13.90275705 0.56470588 0.92549020 0.07058824
v 36.81089007 -5.58315169 -13.90275705 0.56470588 0.92549020 0.07058824
v 36.84752949 -5.58315169 -13.80379384 0.56470588 0.92549020 0.07058824
v 37.16019540 -4.16616664 -13.09627255 0.56470588 0.92549020 0.07058824
v 37.25057783 -4.87465929 -12.38939357 0.56470588 0.92549020 0.07058824
v 37.31653047 -4.87465929 -11.85794919 0.56470588 0.92549020 0.07058824
v 37.35805753 -4.87465929 -11.50450970 0.56470588 0.92549020 0.07058824
v 37.34340092 -5.27388910 -11.40618932 0.56470588 0.92549020 0.07058824
v 37.34828646 -7.46684274 -7.43931376 0.56470588 0.92549020 0.07058824
v 37.49729111 -5.58315169 -7.43931376 0.56470588 0.92549020 0.07058824
v 37.32141600 -7.72549850 -7.33778027 0.56470588 0.92549020 0.07058824
v 37.31164493 -7.79859714 -7.33778027 0.56470588 0.92549020 0.07058824
v 34.58313172 8.68791454 -13.90275705 0.56470588 0.92549020 0.07058824
v 34.42924153 9.12650527 -13.90275705 0.56470588 0.92549020 0.07058824
v 33.28116570 12.14603355 -13.85263287 0.56470588 0.92549020 0.07058824
v 35.95593801 5.45471359 -12.83922598 0.56470588 0.92549020 0.07058824
v 36.04143280 5.01612286 -13.08342009 0.56470588 0.92549020 0.07058824
v 36.26616327 4.31325315 -13.09627255 0.56470588 0.92549020 0.07058824
v 33.00758197 12.73644370 -13.90275705 0.56470588 0.92549020 0.07058824
v 32.99048259 12.80954233 -13.85263287 0.56470588 0.92549020 0.07058824
v 32.66315796 13.50678829 -13.90275705 0.56470588 0.92549020 0.07058824
v 34.25580919 12.09542672 -7.33778027 0.56470588 0.92549020 0.07058824
v 34.61244494 11.26885209 -7.43931376 0.56470588 0.92549020 0.07058824
v 34.83228987 10.67844088 -7.43931376 0.56470588 0.92549020 0.07058824
v 37.14798367 2.19339840 -7.33778027 0.56470588 0.92549020 0.07058824
v 36.88416890 3.61038345 -8.85371403 0.56470588 0.92549020 0.07058824
v 34.60755940 11.25760566 -7.33778027 0.56470588 0.92549020 0.07058824
v 37.36294307 0.55149465 -8.57738877 0.56470588 0.92549020 0.07058824
v 36.91348212 2.19339840 -11.68187228 0.56470588 0.92549020 0.07058824
v 36.63745562 3.28425201 -12.77946246 0.56470588 0.92549020 0.07058824
v 36.88661378 -4.16616664 -13.90275705 0.56470588 0.92549020 0.07058824
v 36.92813873 -4.16616664 -13.80379384 0.56470588 0.92549020 0.07058824
v 37.14309813 -3.45767398 -13.09627255 0.56470588 0.92549020 0.07058824
v 37.38737075 -3.45767398 -11.47045110 0.56470588 0.92549020 0.07058824
v 37.38737075 -4.16616664 -11.53728315 0.56470588 0.92549020 0.07058824
v 37.34584369 -7.45559684 -7.33778027 0.56470588 0.92549020 0.07058824
v 37.52660433 -4.87465929 -7.43931376 0.56470588 0.92549020 0.07058824
v 37.51683326 -4.97587242 -7.33778027 0.56470588 0.92549020 0.07058824
v 37.48996280 -5.58315169 -7.33778027 0.56470588 0.92549020 0.07058824
v 37.48507727 -5.68436534 -7.33778027 0.56470588 0.92549020 0.07058824
v 35.96326632 4.77433569 -13.55445864 0.56470588 0.92549020 0.07058824
v 35.50159364 5.82582890 -13.90275705 0.56470588 0.92549020 0.07058824
v 33.27139463 12.12916390 -13.90275705 0.56470588 0.92549020 0.07058824
v 36.49333440 3.55415394 -13.04743352 0.56470588 0.92549020 0.07058824
v 37.16264028 2.09218502 -7.33778027 0.56470588 0.92549020 0.07058824
v 37.14798367 2.19339840 -7.43931376 0.56470588 0.92549020 0.07058824
v 37.43622401 0.10728110 -7.44124173 0.56470588 0.92549020 0.07058824
v 37.42645293 0.10728110 -8.14105165 0.56470588 0.92549020 0.07058824
v 37.48996280 -0.63494933 -8.14683531 0.56470588 0.92549020 0.07058824
v 37.39958248 -1.55149138 -10.71666106 0.56470588 0.92549020 0.07058824
v 37.06248888 0.77641296 -11.68187228 0.56470588 0.92549020 0.07058824
v 36.82554457 2.19339840 -12.38939357 0.56470588 0.92549020 0.07058824
v 36.95989472 0.77641296 -12.38939357 0.56470588 0.92549020 0.07058824
v 36.98676517 -1.33781897 -13.09627255 0.56470588 0.92549020 0.07058824
v 36.67165438 0.60772429 -13.57566478 0.56470588 0.92549020 0.07058824
v 36.53241869 0.90574097 -13.90275705 0.56470588 0.92549020 0.07058824
v 36.33211591 2.90189106 -13.80379384 0.56470588 0.92549020 0.07058824
v 36.88416890 -4.02559259 -13.90275705 0.56470588 0.92549020 0.07058824
v 36.90127039 -3.45767398 -13.80379384 0.56470588 0.92549020 0.07058824
v 36.78646238 -1.92822952 -13.90275705 0.56470588 0.92549020 0.07058824
v 36.75226363 -1.36031084 -13.90275705 0.56470588 0.92549020 0.07058824
v 36.76692024 -1.32657307 -13.84684895 0.56470588 0.92549020 0.07058824
v 37.01607629 0.07354326 -12.38939357 0.56470588 0.92549020 0.07058824
v 37.13576983 0.07354326 -11.68187228 0.56470588 0.92549020 0.07058824
v 37.52171879 -0.63494933 -7.43931376 0.56470588 0.92549020 0.07058824
v 37.51683326 -4.87465929 -7.33778027 0.56470588 0.92549020 0.07058824
v 37.51439049 -0.73616255 -7.33778027 0.56470588 0.92549020 0.07058824
v 36.03899214 4.31325315 -13.67976908 0.56470588 0.92549020 0.07058824
v 35.71899581 5.11733598 -13.90275705 0.56470588 0.92549020 0.07058824
v 35.53334963 5.72461578 -13.90275705 0.56470588 0.92549020 0.07058824
v 36.13669865 3.64412116 -13.85391802 0.56470588 0.92549020 0.07058824
v 37.43133847 0.10165815 -7.33778027 0.56470588 0.92549020 0.07058824
v 36.54218977 0.81015080 -13.90275705 0.56470588 0.92549020 0.07058824
v 36.29059095 2.89626784 -13.90275705 0.56470588 0.92549020 0.07058824
v 36.86218610 -3.45767398 -13.90275705 0.56470588 0.92549020 0.07058824
v 37.51194772 -0.63494933 -7.33778027 0.56470588 0.92549020 0.07058824
v 36.06586048 3.82405613 -13.90275705 0.56470588 0.92549020 0.07058824
v 36.11960138 3.61600666 -13.90275705 0.56470588 0.92549020 0.07058824
f 4592 4593 4594
f 4592 4594 4598
f 4592 4598 4612
f 4592 4612 4611
f 4592 4611 4610
f 4592 4610 4624
f 4592 4624 4640
f 4592 4640 4660
f 4592 4660 4661
f 4592 4661 4641
f 4592 4641 4625
f 4592 4625 4613
f 4592 4613 4599
f 4592 4599 4595
f 4592 4595 4596
f 4592 4596 4593
f 4593 4597 4594
f 4593 4596 4597
f 4594 4597 4598
f 4595 4599 4596
f 4596 4600 4601
f 4596 4601 4602
f 4596 4602 4603
f 4596 4603 4597
f 4596 4599 4604
f 4596 4604 4605
f 4596 4605 4606
f 4596 4606 4600
f 4597 4603 4607
f 4597 4607 4608
f 4597 4608 4609
f 4597 4609 4610
f 4597 4610 4611
f 4597 4611 4612
f 4597 4612 4598
f 4599 4613 4604
f 4600 4606 4614
f 4600 4614 4601
f 4601 4615 4616
f 4601 4616 4607
f 4601 4607 4602
f 4601 4614 4615
f 4602 4607 4603
f 4604 4613 4617
f 4604 4617 4618
f 4604 4618 4619
f 4604 4619 4605
f 4605 4619 4620
f 4605 4620 4606
f 4606 4620 4621
f 4606 4621 4626
f 4606 4626 4614
f 4607 4616 4622
f 4607 4622 4608
f 4608 4622 4623
f 4608 4623 4609
f 4609 4623 4624
f 4609 4624 4610
f 4613 4625 4617
f 4614 4626 4627
f 4614 4627 4615
f 4615 4627 4628
f 4615 4628 4616
f 4616 4628 4629
f 4616 4629 4639
f 4616 4639 4622
f 4617 4625 4630
f 4617 4630 4618
f 4618 4630 4631
f 4618 4631 4632
f 4618 4632 4633
f 4618 4633 4619
f 4619 4633 4634
f 4619 4634 4620
f 4620 4634 4635
f 4620 4635 4636
f 4620 4636 4637
f 4620 4637 4638
f 4620 4638 4621
f 4621 4638 4645
f 4621 4645 4626
f 4622 4639 4623
f 4623 4639 4629
f 4623 4629 4628
f 4623 4628 4644
f 4623 4644 4643
f 4623 4643 4662
f 4623 4662 4664
f 4623 4664 4691
f 4623 4691 4724
f 4623 4724 4743
f 4623 4743 4741
f 4623 4741 4708
f 4623 4708 4742
f 4623 4742 4769
f 4623 4769 4768
f 4623 4768 4803
f 4623 4803 4836
f 4623 4836 4835
f 4623 4835 4799
f 4623 4799 4800
f 4623 4800 4798
f 4623 4798 4797
f 4623 4797 4795
f 4623 4795 4834
f 4623 4834 4833
f 4623 4833 4864
f 4623 4864 4867
f 4623 4867 4902
f 4623 4902 4930
f 4623 4930 4966
f 4623 4966 4965
f 4623 4965 4964
f 4623 4964 4963
f 4623 4963 5005
f 4623 5005 5008
f 4623 5008 5007
f 4623 5007 5006
f 4623 5006 5004
f 4623 5004 5003
f 4623 5003 5002
f 4623 5002 5037
f 4623 5037 5067
f 4623 5067 5099
f 4623 5099 5132
f 4623 5132 5131
f 4623 5131 5156
f 4623 5156 5160
f 4623 5160 5159
f 4623 5159 5158
f 4623 5158 5186
f 4623 5186 5187
f 4623 5187 5196
f 4623 5196 5192
f 4623 5192 5165
f 4623 5165 5145
f 4623 5145 5116
f 4623 5116 5147
f 4623 5147 5142
f 4623 5142 5112
f 4623 5112 5111
f 4623 5111 5102
f 4623 5102 5101
f 4623 5101 5100
f 4623 5100 5069
f 4623 5069 5039
f 4623 5039 5038
f 4623 5038 5010
f 4623 5010 5009
f 4623 5009 4968
f 4623 4968 4967
f 4623 4967 4934
f 4623 4934 4939
f 4623 4939 4938
f 4623 4938 4931
f 4623 4931 4904
f 4623 4904 4870
f 4623 4870 4869
f 4623 4869 4868
f 4623 4868 4837
f 4623 4837 4804
f 4623 4804 4774
f 4623 4774 4773
f 4623 4773 4770
f 4623 4770 4745
f 4623 4745 4716
f 4623 4716 4714
f 4623 4714 4683
f 4623 4683 4659
f 4623 4659 4640
f 4623 4640 4624
f 4625 4641 4642
f 4625 4642 4630
f 4626 4643 4644
f 4626 4644 4627
f 4626 4645 4646
f 4626 4646 4643
f 4627 4644 4628
f 4630 4642 4647
f 4630 4647 4648
f 4630 4648 4631
f 4631 4648 4649
f 4631 4649 4632
f 4632 4649 4633
f 4633 4649 4634
f 4634 4650 4651
f 4634 4651 4652
f 4634 4652 4653
f 4634 4653 4635
f 4634 4649 4654
f 4634 4654 4650
f 4635 4653 4636
f 4636 4653 4655
f 4636 4655 4656
f 4636 4656 4657
f 4636 4657 4658
f 4636 4658 4637
f 4637 4658 4645
f 4637 4645 4638
f 4640 4659 4660
f 4641 4661 4642
f 4642 4661 4660
f 4642 4660 4690
f 4642 4690 4723
f 4642 4723 4751
f 4642 4751 4781
f 4642 4781 4817
f 4642 4817 4816
f 4642 4816 4815
f 4642 4815 4814
f 4642 4814 4849
f 4642 4849 4887
f 4642 4887 4883
f 4642 4883 4886
f 4642 4886 4914
f 4642 4914 4952
f 4642 4952 4990
f 4642 4990 4989
f 4642 4989 4988
f 4642 4988 4991
f 4642 4991 4986
f 4642 4986 5024
f 4642 5024 5051
f 4642 5051 5052
f 4642 5052 5088
f 4642 5088 5086
f 4642 5086 5121
f 4642 5121 5141
f 4642 5141 5139
f 4642 5139 5163
f 4642 5163 5134
f 4642 5134 5133
f 4642 5133 5162
f 4642 5162 5190
f 4642 5190 5189
f 4642 5189 5197
f 4642 5197 5198
f 4642 5198 5194
f 4642 5194 5176
f 4642 5176 5193
f 4642 5193 5181
f 4642 5181 5180
f 4642 5180 5195
f 4642 5195 5178
f 4642 5178 5151
f 4642 5151 5122
f 4642 5122 5091
f 4642 5091 5089
f 4642 5089 5055
f 4642 5055 5030
f 4642 5030 5053
f 4642 5053 5026
f 4642 5026 4992
f 4642 4992 4953
f 4642 4953 4915
f 4642 4915 4888
f 4642 4888 4850
f 4642 4850 4824
f 4642 4824 4784
f 4642 4784 4822
f 4642 4822 4821
f 4642 4821 4820
f 4642 4820 4818
f 4642 4818 4782
f 4642 4782 4752
f 4642 4752 4727
f 4642 4727 4726
f 4642 4726 4725
f 4642 4725 4696
f 4642 4696 4695
f 4642 4695 4694
f 4642 4694 4693
f 4642 4693 4692
f 4642 4692 4668
f 4642 4668 4651
f 4642 4651 4650
f 4642 4650 4667
f 4642 4667 4665
f 4642 4665 4648
f 4642 4648 4647
f 4643 4646 4662
f 4645 4658 4646
f 4646 4658 4663
f 4646 4663 4664
f 4646 4664 4662
f 4648 4665 4666
f 4648 4666 4649
f 4649 4666 4654
f 4650 4654 4667
f 4651 4668 4652
f 4652 4668 4669
f 4652 4669 4670
f 4652 4670 4653
f 4653 4670 4671
f 4653 4671 4656
f 4653 4656 4655
f 4654 4666 4667
f 4656 4671 4672
f 4656 4672 4673
f 4656 4673 4674
f 4656 4674 4675
f 4656 4675 4676
f 4656 4676 4657
f 4657 4677 4658
f 4657 4676 4678
f 4657 4678 4679
f 4657 4679 4680
f 4657 4680 4681
f 4657 4681 4677
f 4658 4677 4682
f 4658 4682 4663
f 4659 4683 4660
f 4660 4683 4684
f 4660 4684 4685
f 4660 4685 4686
f 4660 4686 4687
f 4660 4687 4688
f 4660 4688 4689
f 4660 4689 4690
f 4663 4682 4691
f 4663 4691 4664
f 4665 4667 4666
f 4668 4692 4669
f 4669 4692 4693
f 4669 4693 4694
f 4669 4694 4673
f 4669 4673 4672
f 4669 4672 4671
f 4669 4671 4670
f 4673 4694 4674
f 4674 4695 4696
f 4674 4696 4697
f 4674 4697 4675
f 4674 4694 4695
f 4675 4697 4698
f 4675 4698 4699
f 4675 4699 4700
f 4675 4700 4701
f 4675 4701 4676
f 4676 4701 4702
f 4676 4702 4678
f 4677 4681 4703
f 4677 4703 4691
f 4677 4691 4682
f 4678 4702 4704
f 4678 4704 4679
f 4679 4704 4705
f 4679 4705 4706
f 4679 4706 4707
f 4679 4707 4680
f 4680 4708 4709
f 4680 4709 4710
f 4680 4710 4703
f 4680 4703 4711
f 4680 4711 4681
f 4680 4707 4712
f 4680 4712 4713
f 4680 4713 4708
f 4681 4711 4703
f 4683 4714 4685
f 4683 4685 4684
f 4685 4715 4686
f 4685 4714 4716
f 4685 4716 4717
f 4685 4717 4715
f 4686 4715 4718
f 4686 4718 4719
f 4686 4719 4720
f 4686 4720 4687
f 4687 4720 4721
f 4687 4721 4688
f 4688 4721 4722
f 4688 4722 4689
f 4689 4722 4723
f 4689 4723 4690
f 4691 4703 4724
f 4696 4725 4697
f 4697 4725 4698
f 4698 4725 4726
f 4698 4726 4727
f 4698 4727 4728
f 4698 4728 4699
f 4699 4728 4700
f 4700 4729 4730
f 4700 4730 4704
f 4700 4704 4702
f 4700 4702 4701
f 4700 4728 4727
f 4700 4727 4729
f 4703 4710 4724
f 4704 4730 4729
f 4704 4729 4731
f 4704 4731 4732
f 4704 4732 4733
f 4704 4733 4734
f 4704 4734 4735
f 4704 4735 4706
f 4704 4706 4705
f 4706 4735 4736
f 4706 4736 4737
f 4706 4737 4738
f 4706 4738 4707
f 4707 4738 4739
f 4707 4739 4740
f 4707 4740 4712
f 4708 4741 4709
f 4708 4713 4742
f 4709 4741 4743
f 4709 4743 4710
f 4710 4743 4724
f 4712 4742 4713
f 4712 4740 4742
f 4715 4717 4718
f 4716 4744 4717
f 4716 4745 4744
f 4717 4744 4746
f 4717 4746 4718
f 4718 4746 4747
f 4718 4747 4719
f 4719 4747 4746
f 4719 4746 4748
f 4719 4748 4720
f 4720 4749 4721
f 4720 4748 4750
f 4720 4750 4751
f 4720 4751 4723
f 4720 4723 4749
f 4721 4749 4722
f 4722 4749 4723
f 4727 4752 4729
f 4729 4752 4732
f 4729 4732 4731
f 4732 4752 4753
f 4732 4753 4754
f 4732 4754 4755
f 4732 4755 4756
f 4732 4756 4733
f 4733 4756 4757
f 4733 4757 4734
f 4734 4757 4736
f 4734 4736 4735
f 4736 4757 4737
f 4737 4757 4758
f 4737 4758 4759
f 4737 4759 4760
f 4737 4760 4738
f 4738 4760 4739
f 4739 4760 4761
f 4739 4761 4762
f 4739 4762 4763
f 4739 4763 4740
f 4740 4763 4764
f 4740 4764 4765
f 4740 4765 4766
f 4740 4766 4767
f 4740 4767 4768
f 4740 4768 4769
f 4740 4769 4742
f 4744 4745 4770
f 4744 4770 4771
f 4744 4771 4746
f 4746 4771 4772
f 4746 4772 4773
f 4746 4773 4774
f 4746 4774 4775
f 4746 4775 4776
f 4746 4776 4777
f 4746 4777 4748
f 4748 4777 4778
f 4748 4778 4750
f 4750 4778 4779
f 4750 4779 4780
f 4750 4780 4781
f 4750 4781 4751
f 4752 4782 4753
f 4753 4782 4783
f 4753 4783 4754
f 4754 4783 4784
f 4754 4784 4785
f 4754 4785 4755
f 4755 4785 4786
f 4755 4786 4756
f 4756 4786 4757
f 4757 4786 4759
f 4757 4759 4758
f 4759 4787 4760
f 4759 4786 4788
f 4759 4788 4789
f 4759 4789 4790
f 4759 4790 4791
f 4759 4791 4787
f 4760 4787 4761
f 4761 4792 4762
f 4761 4787 4791
f 4761 4791 4792
f 4762 4792 4764
f 4762 4764 4763
f 4764 4793 4794
f 4764 4794 4795
f 4764 4795 4765
f 4764 4792 4791
f 4764 4791 4796
f 4764 4796 4793
f 4765 4795 4797
f 4765 4797 4798
f 4765 4798 4766
f 4766 4799 4767
f 4766 4798 4800
f 4766 4800 4799
f 4767 4799 4801
f 4767 4801 4802
f 4767 4802 4803
f 4767 4803 4768
f 4770 4772 4771
f 4770 4773 4772
f 4774 4804 4805
f 4774 4805 4775
f 4775 4805 4806
f 4775 4806 4807
f 4775 4807 4808
f 4775 4808 4776
f 4776 4808 4809
f 4776 4809 4810
f 4776 4810 4779
f 4776 4779 4811
f 4776 4811 4778
f 4776 4778 4777
f 4778 4811 4779
f 4779 4810 4812
f 4779 4812 4813
f 4779 4813 4814
f 4779 4814 4815
f 4779 4815 4816
f 4779 4816 4817
f 4779 4817 4780
f 4780 4817 4781
f 4782 4818 4819
f 4782 4819 4783
f 4783 4819 4818
f 4783 4818 4820
f 4783 4820 4821
f 4783 4821 4822
f 4783 4822 4784
f 4784 4823 4785
f 4784 4824 4825
f 4784 4825 4823
f 4785 4788 4786
f 4785 4823 4826
f 4785 4826 4827
f 4785 4827 4788
f 4788 4827 4789
f 4789 4827 4828
f 4789 4828 4829
f 4789 4829 4790
f 4790 4829 4791
f 4791 4829 4830
f 4791 4830 4831
f 4791 4831 4796
f 4793 4796 4794
f 4794 4832 4833
f 4794 4833 4834
f 4794 4834 4795
f 4794 4796 4831
f 4794 4831 4832
f 4799 4835 4801
f 4801 4835 4836
f 4801 4836 4802
f 4802 4836 4803
f 4804 4837 4806
f 4804 4806 4805
f 4806 4837 4838
f 4806 4838 4807
f 4807 4839 4840
f 4807 4840 4808
f 4807 4838 4839
f 4808 4840 4809
f 4809 4840 4841
f 4809 4841 4842
f 4809 4842 4843
f 4809 4843 4844
f 4809 4844 4845
f 4809 4845 4846
f 4809 4846 4810
f 4810 4846 4812
f 4812 4845 4813
f 4812 4846 4845
f 4813 4845 4847
f 4813 4847 4848
f 4813 4848 4814
f 4814 4848 4849
f 4823 4825 4826
f 4824 4850 4825
f 4825 4850 4851
f 4825 4851 4852
f 4825 4852 4853
f 4825 4853 4828
f 4825 4828 4854
f 4825 4854 4827
f 4825 4827 4826
f 4827 4854 4828
f 4828 4853 4855
f 4828 4855 4829
f 4829 4855 4856
f 4829 4856 4830
f 4830 4857 4831
f 4830 4856 4858
f 4830 4858 4859
f 4830 4859 4860
f 4830 4860 4857
f 4831 4861 4832
f 4831 4857 4862
f 4831 4862 4863
f 4831 4863 4861
f 4832 4864 4833
f 4832 4861 4865
f 4832 4865 4866
f 4832 4866 4867
f 4832 4867 4864
f 4837 4868 4838
f 4838 4868 4869
f 4838 4869 4839
f 4839 4869 4870
f 4839 4870 4871
f 4839 4871 4840
f 4840 4871 4841
f 4841 4871 4872
f 4841 4872 4873
f 4841 4873 4842
f 4842 4873 4874
f 4842 4874 4875
f 4842 4875 4876
f 4842 4876 4877
f 4842 4877 4878
f 4842 4878 4879
f 4842 4879 4844
f 4842 4844 4843
f 4844 4879 4880
f 4844 4880 4881
f 4844 4881 4882
f 4844 4882 4847
f 4844 4847 4845
f 4847 4883 4884
f 4847 4884 4848
f 4847 4882 4881
f 4847 4881 4885
f 4847 4885 4886
f 4847 4886 4883
f 4848 4884 4887
f 4848 4887 4849
f 4850 4888 4889
f 4850 4889 4890
f 4850 4890 4851
f 4851 4890 4891
f 4851 4891 4852
f 4852 4892 4855
f 4852 4855 4853
f 4852 4891 4893
f 4852 4893 4892
f 4855 4892 4894
f 4855 4894 4856
f 4856 4894 4858
f 4857 4860 4862
f 4858 4894 4895
f 4858 4895 4859
f 4859 4895 4896
f 4859 4896 4897
f 4859 4897 4860
f 4860 4897 4862
f 4861 4863 4865
f 4862 4898 4863
f 4862 4897 4899
f 4862 4899 4898
f 4863 4898 4865
f 4865 4898 4900
f 4865 4900 4901
f 4865 4901 4902
f 4865 4902 4866
f 4866 4902 4903
f 4866 4903 4867
f 4867 4903 4902
f 4870 4904 4872
f 4870 4872 4871
f 4872 4904 4905
f 4872 4905 4873
f 4873 4905 4874
f 4874 4905 4875
f 4875 4905 4906
f 4875 4906 4907
f 4875 4907 4876
f 4876 4907 4908
f 4876 4908 4909
f 4876 4909 4877
f 4877 4909 4910
f 4877 4910 4911
f 4877 4911 4912
f 4877 4912 4878
f 4878 4912 4880
f 4878 4880 4879
f 4880 4912 4913
f 4880 4913 4881
f 4881 4913 4885
f 4883 4887 4884
f 4885 4913 4914
f 4885 4914 4886
f 4888 4890 4889
f 4888 4915 4890
f 4890 4915 4916
f 4890 4916 4891
f 4891 4916 4917
f 4891 4917 4918
f 4891 4918 4893
f 4892 4893 4894
f 4893 4918 4919
f 4893 4919 4895
f 4893 4895 4894
f 4895 4919 4920
f 4895 4920 4921
f 4895 4921 4896
f 4896 4921 4920
f 4896 4920 4922
f 4896 4922 4897
f 4897 4922 4923
f 4897 4923 4924
f 4897 4924 4899
f 4898 4899 4900
f 4899 4924 4925
f 4899 4925 4926
f 4899 4926 4927
f 4899 4927 4928
f 4899 4928 4929
f 4899 4929 4900
f 4900 4929 4901
f 4901 4929 4902
f 4902 4929 4930
f 4904 4931 4932
f 4904 4932 4905
f 4905 4932 4933
f 4905 4933 4906
f 4906 4934 4935
f 4906 4935 4936
f 4906 4936 4937
f 4906 4937 4907
f 4906 4933 4938
f 4906 4938 4939
f 4906 4939 4934
f 4907 4937 4936
f 4907 4936 4940
f 4907 4940 4941
f 4907 4941 4942
f 4907 4942 4908
f 4908 4942 4909
f 4909 4943 4910
f 4909 4942 4941
f 4909 4941 4944
f 4909 4944 4945
f 4909 4945 4946
f 4909 4946 4947
f 4909 4947 4943
f 4910 4943 4948
f 4910 4948 4949
f 4910 4949 4950
f 4910 4950 4911
f 4911 4950 4912
f 4912 4950 4913
f 4913 4950 4914
f 4914 4950 4951
f 4914 4951 4952
f 4915 4953 4954
f 4915 4954 4955
f 4915 4955 4916
f 4916 4955 4917
f 4917 4955 4956
f 4917 4956 4920
f 4917 4920 4918
f 4918 4920 4919
f 4920 4956 4955
f 4920 4955 4922
f 4922 4955 4957
f 4922 4957 4958
f 4922 4958 4959
f 4922 4959 4923
f 4923 4959 4960
f 4923 4960 4925
f 4923 4925 4924
f 4925 4961 4926
f 4925 4960 4959
f 4925 4959 4962
f 4925 4962 4961
f 4926 4961 4963
f 4926 4963 4964
f 4926 4964 4965
f 4926 4965 4966
f 4926 4966 4927
f 4927 4966 4928
f 4928 4966 4929
f 4929 4966 4930
f 4931 4938 4932
f 4932 4938 4933
f 4934 4967 4936
f 4934 4936 4935
f 4936 4968 4969
f 4936 4969 4970
f 4936 4970 4940
f 4936 4967 4968
f 4940 4970 4941
f 4941 4970 4971
f 4941 4971 4944
f 4943 4972 4948
f 4943 4947 4972
f 4944 4971 4973
f 4944 4973 4945
f 4945 4974 4975
f 4945 4975 4976
f 4945 4976 4977
f 4945 4977 4978
f 4945 4978 4946
f 4945 4973 4974
f 4946 4978 4979
f 4946 4979 4947
f 4947 4979 4980
f 4947 4980 4972
f 4948 4972 4949
f 4949 4981 4950
f 4949 4972 4980
f 4949 4980 4982
f 4949 4982 4983
f 4949 4983 4984
f 4949 4984 4985
f 4949 4985 4981
f 4950 4981 4985
f 4950 4985 4984
f 4950 4984 4986
f 4950 4986 4987
f 4950 4987 4951
f 4951 4988 4989
f 4951 4989 4990
f 4951 4990 4952
f 4951 4987 4991
f 4951 4991 4988
f 4953 4992 4993
f 4953 4993 4994
f 4953 4994 4954
f 4954 4994 4995
f 4954 4995 4996
f 4954 4996 4997
f 4954 4997 4955
f 4955 4997 4998
f 4955 4998 4957
f 4957 4998 4999
f 4957 4999 4958
f 4958 4999 5000
f 4958 5000 4959
f 4959 5000 5001
f 4959 5001 5002
f 4959 5002 5003
f 4959 5003 5004
f 4959 5004 4962
f 4961 5005 4963
f 4961 4962 5008
f 4961 5008 5005
f 4962 5004 5006
f 4962 5006 5007
f 4962 5007 5008
f 4968 5009 4969
f 4969 5010 5011
f 4969 5011 5012
f 4969 5012 4970
f 4969 5009 5010
f 4970 5012 4973
f 4970 4973 4971
f 4973 5012 4974
f 4974 5013 5014
f 4974 5014 4976
f 4974 4976 4975
f 4974 5012 5013
f 4976 5014 5015
f 4976 5015 5016
f 4976 5016 4977
f 4977 5016 5017
f 4977 5017 5018
f 4977 5018 5019
f 4977 5019 5020
f 4977 5020 4978
f 4978 5020 5021
f 4978 5021 4979
f 4979 5021 5022
f 4979 5022 4980
f 4980 5022 5023
f 4980 5023 4982
f 4982 5024 4984
f 4982 4984 4983
f 4982 5023 5025
f 4982 5025 5024
f 4984 5024 4986
f 4986 4991 4987
f 4992 5026 5027
f 4992 5027 5028
f 4992 5028 4993
f 4993 5028 4994
f 4994 5028 5029
f 4994 5029 5030
f 4994 5030 5031
f 4994 5031 4995
f 4995 5031 4996
f 4996 5032 4997
f 4996 5031 5033
f 4996 5033 5032
f 4997 5032 4998
f 4998 5034 4999
f 4998 5032 5035
f 4998 5035 5036
f 4998 5036 5034
f 4999 5034 5036
f 4999 5036 5000
f 5000 5036 5001
f 5001 5036 5037
f 5001 5037 5002
f 5010 5038 5011
f 5011 5038 5039
f 5011 5039 5040
f 5011 5040 5013
f 5011 5013 5012
f 5013 5040 5014
f 5014 5040 5015
f 5015 5041 5016
f 5015 5040 5039
f 5015 5039 5041
f 5016 5041 5042
f 5016 5042 5017
f 5017 5042 5043
f 5017 5043 5044
f 5017 5044 5045
f 5017 5045 5018
f 5018 5045 5019
f 5019 5046 5047
f 5019 5047 5021
f 5019 5021 5020
f 5019 5045 5048
f 5019 5048 5046
f 5021 5047 5022
f 5022 5047 5046
f 5022 5046 5023
f 5023 5046 5049
f 5023 5049 5050
f 5023 5050 5025
f 5024 5025 5051
f 5025 5050 5052
f 5025 5052 5051
f 5026 5053 5027
f 5027 5053 5030
f 5027 5030 5029
f 5027 5029 5028
f 5030 5054 5031
f 5030 5055 5056
f 5030 5056 5057
f 5030 5057 5054
f 5031 5054 5057
f 5031 5057 5033
f 5032 5058 5035
f 5032 5033 5058
f 5033 5059 5060
f 5033 5060 5061
f 5033 5061 5062
f 5033 5062 5058
f 5033 5057 5059
f 5035 5058 5062
f 5035 5062 5063
f 5035 5063 5064
f 5035 5064 5065
f 5035 5065 5036
f 5036 5065 5066
f 5036 5066 5067
f 5036 5067 5037
f 5039 5068 5041
f 5039 5069 5068
f 5041 5068 5070
f 5041 5070 5042
f 5042 5070 5071
f 5042 5071 5043
f 5043 5071 5072
f 5043 5072 5073
f 5043 5073 5044
f 5044 5073 5045
f 5045 5073 5048
f 5046 5074 5049
f 5046 5048 5074
f 5048 5075 5076
f 5048 5076 5077
f 5048 5077 5074
f 5048 5073 5078
f 5048 5078 5079
f 5048 5079 5080
f 5048 5080 5081
f 5048 5081 5082
f 5048 5082 5083
f 5048 5083 5084
f 5048 5084 5075
f 5049 5074 5077
f 5049 5077 5085
f 5049 5085 5086
f 5049 5086 5087
f 5049 5087 5050
f 5050 5088 5052
f 5050 5087 5088
f 5055 5089 5090
f 5055 5090 5056
f 5056 5090 5057
f 5057 5090 5059
f 5059 5091 5092
f 5059 5092 5093
f 5059 5093 5060
f 5059 5090 5091
f 5060 5094 5061
f 5060 5093 5095
f 5060 5095 5094
f 5061 5094 5096
f 5061 5096 5062
f 5062 5096 5063
f 5063 5096 5097
f 5063 5097 5098
f 5063 5098 5064
f 5064 5098 5066
f 5064 5066 5065
f 5066 5098 5099
f 5066 5099 5067
f 5068 5069 5100
f 5068 5100 5070
f 5070 5101 5071
f 5070 5100 5101
f 5071 5101 5102
f 5071 5102 5078
f 5071 5078 5072
f 5072 5078 5073
f 5075 5103 5104
f 5075 5104 5076
f 5075 5084 5105
f 5075 5105 5106
f 5075 5106 5103
f 5076 5107 5108
f 5076 5108 5109
f 5076 5109 5085
f 5076 5085 5077
f 5076 5104 5110
f 5076 5110 5107
f 5078 5102 5111
f 5078 5111 5112
f 5078 5112 5079
f 5079 5112 5113
f 5079 5113 5114
f 5079 5114 5080
f 5080 5114 5081
f 5081 5114 5115
f 5081 5115 5082
f 5082 5116 5117
f 5082 5117 5118
f 5082 5118 5083
f 5082 5115 5116
f 5083 5119 5120
f 5083 5120 5084
f 5083 5118 5119
f 5084 5120 5105
f 5085 5109 5086
f 5086 5109 5121
f 5086 5088 5087
f 5089 5091 5090
f 5091 5122 5123
f 5091 5123 5092
f 5092 5123 5124
f 5092 5124 5093
f 5093 5125 5126
f 5093 5126 5127
f 5093 5127 5128
f 5093 5128 5095
f 5093 5124 5125
f 5094 5095 5128
f 5094 5128 5096
f 5096 5128 5097
f 5097 5129 5098
f 5097 5128 5130
f 5097 5130 5129
f 5098 5129 5131
f 5098 5131 5132
f 5098 5132 5099
f 5103 5106 5133
f 5103 5133 5134
f 5103 5134 5104
f 5104 5135 5110
f 5104 5134 5135
f 5105 5120 5136
f 5105 5136 5106
f 5106 5136 5137
f 5106 5137 5138
f 5106 5138 5133
f 5107 5135 5108
f 5107 5110 5135
f 5108 5135 5139
f 5108 5139 5140
f 5108 5140 5141
f 5108 5141 5109
f 5109 5141 5121
f 5112 5142 5143
f 5112 5143 5113
f 5113 5143 5114
f 5114 5143 5115
f 5115 5143 5144
f 5115 5144 5116
f 5116 5145 5146
f 5116 5146 5118
f 5116 5118 5117
f 5116 5144 5143
f 5116 5143 5147
f 5118 5138 5120
f 5118 5120 5119
f 5118 5146 5148
f 5118 5148 5149
f 5118 5149 5150
f 5118 5150 5138
f 5120 5138 5136
f 5122 5151 5152
f 5122 5152 5123
f 5123 5152 5124
f 5124 5152 5153
f 5124 5153 5154
f 5124 5154 5155
f 5124 5155 5125
f 5125 5155 5126
f 5126 5155 5127
f 5127 5130 5128
f 5127 5155 5130
f 5129 5156 5131
f 5129 5130 5156
f 5130 5155 5157
f 5130 5157 5158
f 5130 5158 5159
f 5130 5159 5160
f 5130 5160 5156
f 5133 5138 5161
f 5133 5161 5162
f 5134 5163 5135
f 5135 5163 5139
f 5136 5138 5137
f 5138 5150 5164
f 5138 5164 5161
f 5139 5141 5140
f 5142 5147 5143
f 5145 5165 5166
f 5145 5166 5146
f 5146 5166 5148
f 5148 5167 5168
f 5148 5168 5169
f 5148 5169 5170
f 5148 5170 5149
f 5148 5166 5167
f 5149 5170 5171
f 5149 5171 5172
f 5149 5172 5150
f 5150 5172 5173
f 5150 5173 5174
f 5150 5174 5175
f 5150 5175 5176
f 5150 5176 5177
f 5150 5177 5164
f 5151 5178 5152
f 5152 5178 5179
f 5152 5179 5153
f 5153 5179 5180
f 5153 5180 5181
f 5153 5181 5182
f 5153 5182 5174
f 5153 5174 5183
f 5153 5183 5184
f 5153 5184 5170
f 5153 5170 5154
f 5154 5170 5185
f 5154 5185 5155
f 5155 5185 5157
f 5157 5186 5158
f 5157 5185 5187
f 5157 5187 5186
f 5161 5164 5188
f 5161 5188 5189
f 5161 5189 5190
f 5161 5190 5162
f 5164 5177 5191
f 5164 5191 5188
f 5165 5167 5166
f 5165 5192 5167
f 5167 5192 5185
f 5167 5185 5168
f 5168 5185 5169
f 5169 5185 5170
f 5170 5184 5171
f 5171 5184 5172
f 5172 5184 5173
f 5173 5184 5183
f 5173 5183 5174
f 5174 5182 5175
f 5175 5182 5181
f 5175 5181 5193
f 5175 5193 5176
f 5176 5194 5177
f 5177 5194 5191
f 5178 5195 5179
f 5179 5195 5180
f 5185 5192 5196
f 5185 5196 5187
f 5188 5191 5197
f 5188 5197 5189
f 5191 5194 5198
f 5191 5198 5197

o geometry_5
v -16.77427465 23.52333560 -7.33777974 0.08627451 0.01960784 0.83137255
v -16.77427465 23.51853858 -7.40050557 0.08627451 0.01960784 0.83137255
v -17.20837081 23.13477736 -8.14776294 0.08627451 0.01960784 0.83137255
v -17.22349742 23.14916841 -7.33777974 0.08627451 0.01960784 0.83137255
v -16.77427465 -25.19486508 -7.33777974 0.08627451 0.01960784 0.83137255
v -16.77427465 23.50414754 -7.58322948 0.08627451 0.01960784 0.83137255
v -16.77427465 23.46097440 -8.11230908 0.08627451 0.01960784 0.83137255
v -17.15886418 23.08681142 -8.85411080 0.08627451 0.01960784 0.83137255
v -17.51274311 22.80378752 -8.85411080 0.08627451 0.01960784 0.83137255
v -17.56179028 22.83736663 -8.14776294 0.08627451 0.01960784 0.83137255
v -19.07172882 21.59015108 -7.33777974 0.08627451 0.01960784 0.83137255
v -16.81278144 -25.18047403 -7.33777974 0.08627451 0.01960784 0.83137255
v -20.10814758 -25.12290985 -15.34487927 0.08627451 0.01960784 0.83137255
v -19.59291737 -25.25722628 -15.92577548 0.08627451 0.01960784 0.83137255
v -18.17878424 -25.48268178 -18.04754740 0.08627451 0.01960784 0.83137255
v -16.77427465 -25.21405314 -8.85411080 0.08627451 0.01960784 0.83137255
v -16.77427465 23.24510871 -9.54682320 0.08627451 0.01960784 0.83137255
v -16.81048832 23.23071767 -9.51136934 0.08627451 0.01960784 0.83137255
v -17.12402680 23.06282635 -9.24410224 0.08627451 0.01960784 0.83137255
v -18.54687086 21.65251228 -11.39314612 0.08627451 0.01960784 0.83137255
v -17.93308685 22.44880839 -8.85411080 0.08627451 0.01960784 0.83137255
v -18.57483307 21.67649736 -10.97588272 0.08627451 0.01960784 0.83137255
v -19.48336163 21.13923164 -8.85411080 0.08627451 0.01960784 0.83137255
v -19.52049213 21.17281075 -8.14776294 0.08627451 0.01960784 0.83137255
v -19.12169282 21.54697794 -7.33777974 0.08627451 0.01960784 0.83137255
v -18.08664614 -24.68158866 -7.33777974 0.08627451 0.01960784 0.83137255
v -21.45627539 -23.52551219 -8.14776294 0.08627451 0.01960784 0.83137255
v -21.37972337 -24.33620356 -15.54669324 0.08627451 0.01960784 0.83137255
v -20.48448777 -24.91184118 -15.92577548 0.08627451 0.01960784 0.83137255
v -20.13060883 -25.13250388 -15.92577548 0.08627451 0.01960784 0.83137255
v -16.77427465 -23.80373907 -23.75833404 0.08627451 0.01960784 0.83137255
v -17.53520436 -25.23324120 -18.75662361 0.08627451 0.01960784 0.83137255
v -17.55078834 -25.30519643 -18.04754740 0.08627451 0.01960784 0.83137255
v -16.77427465 -25.21405314 -8.86502000 0.08627451 0.01960784 0.83137255
v -20.03068084 -25.07493970 -16.36758354 0.08627451 0.01960784 0.83137255
v -18.85857568 -25.17567702 -17.98209428 0.08627451 0.01960784 0.83137255
v -18.19986919 -25.23324120 -18.76753176 0.08627451 0.01960784 0.83137255
v -16.77427465 23.12039053 -10.26953486 0.08627451 0.01960784 0.83137255
v -17.07681330 23.02445022 -9.71318331 0.08627451 0.01960784 0.83137255
v -17.76302465 22.30969916 -10.97588272 0.08627451 0.01960784 0.83137255
v -18.48269708 21.60933914 -11.86495450 0.08627451 0.01960784 0.83137255
v -18.88653790 21.29273613 -11.68495893 0.08627451 0.01960784 0.83137255
v -19.27754523 20.97613734 -11.50496231 0.08627451 0.01960784 0.83137255
v -19.42835614 21.10085552 -9.56318595 0.08627451 0.01960784 0.83137255
v -19.83678110 20.82263285 -8.85411080 0.08627451 0.01960784 0.83137255
v -19.87436896 20.86100897 -8.14776294 0.08627451 0.01960784 0.83137255
v -19.52828412 21.19199881 -7.33777974 0.08627451 0.01960784 0.83137255
v -18.17878424 -24.64321253 -7.33777974 0.08627451 0.01960784 0.83137255
v -21.45627539 -23.27607161 -7.33777974 0.08627451 0.01960784 0.83137255
v -21.45627539 -24.24026325 -15.47033091 0.08627451 0.01960784 0.83137255
v -21.37972337 -24.33620356 -15.61487367 0.08627451 0.01960784 0.83137255
v -21.02997121 -24.51849014 -15.88214076 0.08627451 0.01960784 0.83137255
v -20.80948555 -24.45612894 -16.47394618 0.08627451 0.01960784 0.83137255
v -16.77427465 -23.65023458 -24.12923437 0.08627451 0.01960784 0.83137255
v -16.77427465 -24.73914863 -18.75662361 0.08627451 0.01960784 0.83137255
v -16.77427465 -24.80630684 -18.06391121 0.08627451 0.01960784 0.83137255
v -16.77427465 -25.03176656 -15.21942762 0.08627451 0.01960784 0.83137255
v -19.24683253 -25.03656357 -17.70391903 0.08627451 0.01960784 0.83137255
v -18.60462894 -25.09892477 -18.53844583 0.08627451 0.01960784 0.83137255
v -17.24091717 -23.69340772 -23.49379424 0.08627451 0.01960784 0.83137255
v -16.99751079 22.97648007 -10.26953486 0.08627451 0.01960784 0.83137255
v -16.77427465 22.92850992 -10.99770113 0.08627451 0.01960784 0.83137255
v -17.40960518 22.54474869 -10.97588272 0.08627451 0.01960784 0.83137255
v -18.37818284 21.53258690 -12.39130679 0.08627451 0.01960784 0.83137255
v -18.79898605 21.18240478 -12.39130679 0.08627451 0.01960784 0.83137255
v -19.22574758 20.91857315 -11.97677069 0.08627451 0.01960784 0.83137255
v -17.61725524 22.22814990 -11.68495893 0.08627451 0.01960784 0.83137255
v -21.45627539 19.27320534 -8.14776294 0.08627451 0.01960784 0.83137255
v -21.39393316 18.84627519 -10.72225213 0.08627451 0.01960784 0.83137255
v -21.45627539 19.31637848 -7.83958738 0.08627451 0.01960784 0.83137255
v -21.45627539 19.36914565 -7.44141403 0.08627451 0.01960784 0.83137255
v -21.39622417 19.43630386 -7.33777974 0.08627451 0.01960784 0.83137255
v -19.83128013 20.91377614 -7.33777974 0.08627451 0.01960784 0.83137255
v -21.45627539 19.37394266 -7.33777974 0.08627451 0.01960784 0.83137255
v -21.45627539 -24.24026325 -15.51942023 0.08627451 0.01960784 0.83137255
v -21.45627539 -24.23546624 -15.68850869 0.08627451 0.01960784 0.83137255
v -21.28116957 -24.22587220 -16.08668099 0.08627451 0.01960784 0.83137255
v -18.63900685 -24.41295580 -19.97568725 0.08627451 0.01960784 0.83137255
v -21.45627539 -21.64029782 -20.66567235 0.08627451 0.01960784 0.83137255
v -20.10264872 -21.64989185 -22.99744016 0.08627451 0.01960784 0.83137255
v -19.27112743 -23.64064055 -20.56203912 0.08627451 0.01960784 0.83137255
v -16.77427465 -23.09378503 -25.06194191 0.08627451 0.01960784 0.83137255
v -19.98988303 -21.52996647 -23.40925001 0.08627451 0.01960784 0.83137255
v -16.77427465 22.91891589 -11.03042769 0.08627451 0.01960784 0.83137255
v -18.66559488 21.05768238 -12.97220353 0.08627451 0.01960784 0.83137255
v -18.02476548 21.76283942 -12.39130679 0.08627451 0.01960784 0.83137255
v -17.90512463 21.68609139 -12.89038712 0.08627451 0.01960784 0.83137255
v -17.76623249 21.60933914 -13.35946767 0.08627451 0.01960784 0.83137255
v -20.01601159 19.58980413 -13.59946228 0.08627451 0.01960784 0.83137255
v -19.15194605 20.84661793 -12.39130679 0.08627451 0.01960784 0.83137255
v -20.09898141 19.67135339 -13.09765517 0.08627451 0.01960784 0.83137255
v -21.45627539 18.85106799 -10.26953486 0.08627451 0.01960784 0.83137255
v -21.45627539 18.23705425 -12.41039684 0.08627451 0.01960784 0.83137255
v -21.45627539 18.73594384 -10.80134176 0.08627451 0.01960784 0.83137255
v -20.45239877 19.26361131 -13.09765517 0.08627451 0.01960784 0.83137255
v -21.45627539 -24.10594682 -15.99395590 0.08627451 0.01960784 0.83137255
v -20.54866154 -20.65211689 -23.85923997 0.08627451 0.01960784 0.83137255
v -20.26904361 -21.09344229 -23.63560759 0.08627451 0.01960784 0.83137255
v -21.45627539 -20.12924644 -22.72471846 0.08627451 0.01960784 0.83137255
v -21.43106366 -20.15323151 -22.74926417 0.08627451 0.01960784 0.83137255
v -20.60504334 -20.01411807 -24.67740507 0.08627451 0.01960784 0.83137255
v -19.80927836 -21.38125900 -23.88105838 0.08627451 0.01960784 0.83137255
v -19.24820882 -20.79602735 -25.48193156 0.08627451 0.01960784 0.83137255
v -16.77427465 -22.84913725 -25.41375114 0.08627451 0.01960784 0.83137255
v -20.07743699 -20.91115571 -24.23014030 0.08627451 0.01960784 0.83137255
v -16.77427465 22.71744124 -11.67404973 0.08627451 0.01960784 0.83137255
v -17.85424381 20.25658926 -16.33758533 0.08627451 0.01960784 0.83137255
v -19.31925776 19.60419518 -14.99306793 0.08627451 0.01960784 0.83137255
v -16.77427465 21.99309615 -13.77400429 0.08627451 0.01960784 0.83137255
v -16.77427465 21.98829913 -13.78764027 0.08627451 0.01960784 0.83137255
v -16.77427465 20.68351941 -17.32483679 0.08627451 0.01960784 0.83137255
v -16.77427465 20.66912836 -17.36028960 0.08627451 0.01960784 0.83137255
v -19.79460910 19.36914565 -14.51307871 0.08627451 0.01960784 0.83137255
v -20.02059573 18.88944412 -15.00397714 0.08627451 0.01960784 0.83137255
v -21.38797482 17.43115990 -14.90852476 0.08627451 0.01960784 0.83137255
v -21.45627539 17.51270916 -14.51580601 0.08627451 0.01960784 0.83137255
v -21.45627539 -18.67575923 -24.40741067 0.08627451 0.01960784 0.83137255
v -20.75539478 -19.54401479 -24.96103387 0.08627451 0.01960784 0.83137255
v -20.62521356 -19.31855507 -25.43011494 0.08627451 0.01960784 0.83137255
v -20.37951617 -19.80784641 -25.20920986 0.08627451 0.01960784 0.83137255
v -20.13335931 -20.26835988 -24.98830689 0.08627451 0.01960784 0.83137255
v -19.93487754 -20.06688524 -25.46011526 0.08627451 0.01960784 0.83137255
v -19.95321200 -19.38091627 -26.18827942 0.08627451 0.01960784 0.83137255
v -19.25004248 -18.67575923 -27.60370454 0.08627451 0.01960784 0.83137255
v -18.54457984 -20.09087031 -26.89735668 0.08627451 0.01960784 0.83137255
v -16.77427465 -20.15323151 -28.37823282 0.08627451 0.01960784 0.83137255
v -17.07085496 -20.03330613 -28.25278117 0.08627451 0.01960784 0.83137255
v -17.22579055 20.31414923 -17.34119954 0.08627451 0.01960784 0.83137255
v -17.12173578 20.23260418 -17.70119173 0.08627451 0.01960784 0.83137255
v -19.19686854 18.77431996 -16.87211847 0.08627451 0.01960784 0.83137255
v -16.77427465 20.39090147 -17.94391311 0.08627451 0.01960784 0.83137255
v -19.42239570 18.30421247 -17.34119954 0.08627451 0.01960784 0.83137255
v -19.89407972 18.03558383 -16.87211847 0.08627451 0.01960784 0.83137255
v -20.05268262 16.81714721 -18.75662361 0.08627451 0.01960784 0.83137255
v -20.62154625 15.93450166 -19.02934426 0.08627451 0.01960784 0.83137255
v -21.45627539 14.77363134 -18.85752954 0.08627451 0.01960784 0.83137255
v -21.45627539 17.20090633 -15.05852106 0.08627451 0.01960784 0.83137255
v -21.45627539 17.50791214 -14.52671522 0.08627451 0.01960784 0.83137255
v -21.45627539 -16.47873887 -26.82099435 0.08627451 0.01960784 0.83137255
v -20.09210414 -17.45732473 -27.78370010 0.08627451 0.01960784 0.83137255
v -19.92524978 -17.93222608 -27.56279713 0.08627451 0.01960784 0.83137255
v -20.10723076 -19.54401479 -25.82556099 0.08627451 0.01960784 0.83137255
v -21.36459675 -16.54589709 -26.88917478 0.08627451 0.01960784 0.83137255
v -19.23674741 -17.95621115 -28.29914319 0.08627451 0.01960784 0.83137255
v -16.77427465 -19.87020761 -28.64549992 0.08627451 0.01960784 0.83137255
v -16.82057343 -19.77426730 -28.69731654 0.08627451 0.01960784 0.83137255
v -16.77427465 18.79350803 -20.87839553 0.08627451 0.01960784 0.83137255
v -16.77427465 18.42893486 -21.54110868 0.08627451 0.01960784 0.83137255
v -19.06072688 18.65439458 -17.34119954 0.08627451 0.01960784 0.83137255
v -19.30000647 18.16989604 -17.80209871 0.08627451 0.01960784 0.83137255
v -19.96146346 16.70681586 -19.13297855 0.08627451 0.01960784 0.83137255
v -20.12235948 16.31826078 -19.40570025 0.08627451 0.01960784 0.83137255
v -19.88628773 15.91531360 -20.42295097 0.08627451 0.01960784 0.83137255
v -20.07697752 15.44041225 -20.73112548 0.08627451 0.01960784 0.83137255
v -20.54820208 15.11901433 -20.28931742 0.08627451 0.01960784 0.83137255
v -21.45627539 14.22197774 -19.65660354 0.08627451 0.01960784 0.83137255
v -21.45627539 14.31791700 -19.52296999 0.08627451 0.01960784 0.83137255
v -21.45627539 -14.55514733 -28.39732393 0.08627451 0.01960784 0.83137255
v -19.90416484 -17.18389591 -28.25550848 0.08627451 0.01960784 0.83137255
v -19.67909503 -17.70676741 -28.04005800 0.08627451 0.01960784 0.83137255
v -19.43294028 -17.48130980 -28.48732066 0.08627451 0.01960784 0.83137255
v -19.17440729 -17.17909889 -28.95912903 0.08627451 0.01960784 0.83137255
v -18.40889554 -17.11673875 -29.61638757 0.08627451 0.01960784 0.83137255
v -16.77427465 -19.41449537 -29.05185517 0.08627451 0.01960784 0.83137255
v -16.77427465 -19.72630137 -28.77913347 0.08627451 0.01960784 0.83137255
v -16.77427465 -19.81744044 -28.69458923 0.08627451 0.01960784 0.83137255
v -17.18407591 18.16509902 -21.33111280 0.08627451 0.01960784 0.83137255
v -17.31792654 18.29461844 -20.87839553 0.08627451 0.01960784 0.83137255
v -16.77427465 17.76695097 -22.67835644 0.08627451 0.01960784 0.83137255
v -16.77427465 17.59425842 -22.96744090 0.08627451 0.01960784 0.83137255
v -16.78252610 17.06658990 -23.73378833 0.08627451 0.01960784 0.83137255
v -18.62479706 14.67289402 -24.19741480 0.08627451 0.01960784 0.83137255
v -19.26379280 13.90057983 -24.09650676 0.08627451 0.01960784 0.83137255
v -20.61191850 13.79024847 -21.86019239 0.08627451 0.01960784 0.83137255
v -20.74026816 13.98212803 -21.38838402 0.08627451 0.01960784 0.83137255
v -21.45627539 13.30575309 -20.89748559 0.08627451 0.01960784 0.83137255
v -21.45627539 13.32014414 -20.87839553 0.08627451 0.01960784 0.83137255
v -21.45627539 13.57918086 -20.52931256 0.08627451 0.01960784 0.83137255
v -21.45627539 -14.11382403 -28.73549875 0.08627451 0.01960784 0.83137255
v -21.26054199 -14.24814046 -28.88276670 0.08627451 0.01960784 0.83137255
v -20.78885796 -14.60791450 -29.14185190 0.08627451 0.01960784 0.83137255
v -20.71826639 -13.80202015 -29.77456683 0.08627451 0.01960784 0.83137255
v -19.63279836 -16.94404725 -28.68913463 0.08627451 0.01960784 0.83137255
v -19.36142977 -16.70899455 -29.11458099 0.08627451 0.01960784 0.83137255
v -18.61379512 -16.64183634 -29.78002143 0.08627451 0.01960784 0.83137255
v -17.93721152 -17.34219636 -29.79365794 0.08627451 0.01960784 0.83137255
v -18.17557429 -16.88648307 -29.94092589 0.08627451 0.01960784 0.83137255
v -16.77427465 -19.01634732 -29.35457508 0.08627451 0.01960784 0.83137255
v -16.77427465 17.08098094 -23.72560642 0.08627451 0.01960784 0.83137255
v -16.77427465 17.06179288 -23.75287944 0.08627451 0.01960784 0.83137255
v -17.79511154 15.23893866 -24.71558518 0.08627451 0.01960784 0.83137255
v -18.46344368 14.48581148 -24.66649587 0.08627451 0.01960784 0.83137255
v -18.86866080 14.19319565 -24.38286496 0.08627451 0.01960784 0.83137255
v -20.56883177 11.63160424 -24.61740444 0.08627451 0.01960784 0.83137255
v -21.34626018 11.01279348 -24.02014653 0.08627451 0.01960784 0.83137255
v -21.45627539 10.50431302 -24.41013798 0.08627451 0.01960784 0.83137255
v -21.45627539 -13.86438135 -28.91549432 0.08627451 0.01960784 0.83137255
v -21.39760047 -13.77803507 -29.05185517 0.08627451 0.01960784 0.83137255
v -20.98963287 -14.02747881 -29.33275666 0.08627451 0.01960784 0.83137255
v -18.48361391 -15.76398781 -30.39364315 0.08627451 0.01960784 0.83137255
v -21.45627539 -13.57656148 -29.10912639 0.08627451 0.01960784 0.83137255
v -21.45627539 -13.36069790 -29.23730533 0.08627451 0.01960784 0.83137255
v -21.18444944 -13.36069790 -29.52366354 0.08627451 0.01960784 0.83137255
v -20.83102997 -13.36069790 -29.86456356 0.08627451 0.01960784 0.83137255
v -19.94404371 -10.17070170 -31.83361188 0.08627451 0.01960784 0.83137255
v -17.19966199 -9.59985899 -34.02629258 0.08627451 0.01960784 0.83137255
v -18.22003941 -16.25328021 -30.30091912 0.08627451 0.01960784 0.83137255
v -17.81848961 -16.53630306 -30.41818887 0.08627451 0.01960784 0.83137255
v -16.77427465 -17.68757935 -30.30364643 0.08627451 0.01960784 0.83137255
v -16.77427465 -18.00897832 -30.08274134 0.08627451 0.01960784 0.83137255
v -16.77427465 -18.24402996 -29.91910959 0.08627451 0.01960784 0.83137255
v -16.77427465 -18.59900699 -29.66002439 0.08627451 0.01960784 0.83137255
v -16.77427465 15.99206585 -25.11921313 0.08627451 0.01960784 0.83137255
v -17.09514776 15.96328376 -24.72922169 0.08627451 0.01960784 0.83137255
v -16.77427465 15.53635256 -25.65374733 0.08627451 0.01960784 0.83137255
v -16.77427465 15.40683314 -25.79556067 0.08627451 0.01960784 0.83137255
v -16.77427465 14.85997656 -26.38736609 0.08627451 0.01960784 0.83137255
v -16.77427465 14.82160149 -26.42827561 0.08627451 0.01960784 0.83137255
v -18.64084051 14.01570714 -24.91739916 0.08627451 0.01960784 0.83137255
v -20.73797714 11.16149990 -24.87103504 0.08627451 0.01960784 0.83137255
v -21.23624709 10.84489900 -24.41013798 0.08627451 0.01960784 0.83137255
v -21.45627539 10.48032795 -24.44013618 0.08627451 0.01960784 0.83137255
v -21.45627539 -13.73486299 -29.00821835 0.08627451 0.01960784 0.83137255
v -16.77427465 -9.14414675 -34.51446476 0.08627451 0.01960784 0.83137255
v -21.45627539 -13.01531491 -29.40366439 0.08627451 0.01960784 0.83137255
v -21.42097854 -10.32900215 -30.48091469 0.08627451 0.01960784 0.83137255
v -21.01209411 -10.54486573 -30.78090729 0.08627451 0.01960784 0.83137255
v -20.69947246 -10.28582901 -31.17089874 0.08627451 0.01960784 0.83137255
v -20.59679188 -10.76073037 -31.08090201 0.08627451 0.01960784 0.83137255
v -20.28462969 -9.89247587 -31.64816171 0.08627451 0.01960784 0.83137255
v -20.03801547 -9.70059631 -31.90724691 0.08627451 0.01960784 0.83137255
v -17.03739178 -8.41020710 -34.61809800 0.08627451 0.01960784 0.83137255
v -17.30967509 -9.11536413 -34.14356232 0.08627451 0.01960784 0.83137255
v -16.77427465 -16.94404725 -30.71818358 0.08627451 0.01960784 0.83137255
v -16.77427465 -16.98242232 -30.69909247 0.08627451 0.01960784 0.83137255
v -16.77427465 -17.05437755 -30.66091025 0.08627451 0.01960784 0.83137255
v -16.77427465 -17.38057248 -30.48636929 0.08627451 0.01960784 0.83137255
v -16.77427465 -11.71533114 -33.27085330 0.08627451 0.01960784 0.83137255
v -16.77427465 14.73045820 -26.51827234 0.08627451 0.01960784 0.83137255
v -16.95029729 14.36109013 -26.66826970 0.08627451 0.01960784 0.83137255
v -17.13686240 13.88618878 -26.90553859 0.08627451 0.01960784 0.83137255
v -19.95550512 10.33641854 -26.89462938 0.08627451 0.01960784 0.83137255
v -21.36413728 10.33162152 -24.77012910 0.08627451 0.01960784 0.83137255
v -21.45627539 9.96225346 -24.91467186 0.08627451 0.01960784 0.83137255
v -16.77427465 -8.68843241 -34.67809652 0.08627451 0.01960784 0.83137255
v -21.45627539 -10.35298723 -30.43182537 0.08627451 0.01960784 0.83137255
v -21.45627539 -10.28103200 -30.45637108 0.08627451 0.01960784 0.83137255
v -21.23578972 -9.11536413 -30.98272127 0.08627451 0.01960784 0.83137255
v -20.88191079 -9.11536413 -31.33998720 0.08627451 0.01960784 0.83137255
v -20.77785602 -9.82531765 -31.24998837 0.08627451 0.01960784 0.83137255
v -20.47394318 -9.11536413 -31.69179643 0.08627451 0.01960784 0.83137255
v -16.77427465 -8.41020710 -34.76264075 0.08627451 0.01960784 0.83137255
v -20.59541769 -7.70025305 -31.79815907 0.08627451 0.01960784 0.83137255
v -17.10064873 -7.70025305 -34.65355081 0.08627451 0.01960784 0.83137255
v -16.77427465 -5.61356352 -35.14172299 0.08627451 0.01960784 0.83137255
v -16.77427465 11.90983007 -29.16094300 0.08627451 0.01960784 0.83137255
v -17.12219314 11.74673261 -29.01367295 0.08627451 0.01960784 0.83137255
v -19.23308221 7.49180481 -29.70911371 0.08627451 0.01960784 0.83137255
v -20.66371825 8.93569745 -26.90008398 0.08627451 0.01960784 0.83137255
v -20.70726444 9.71280971 -26.26464175 0.08627451 0.01960784 0.83137255
v -21.45627539 9.46336703 -25.32375441 0.08627451 0.01960784 0.83137255
v -21.45627539 -8.41020710 -30.88181533 0.08627451 0.01960784 0.83137255
v -21.30179716 -8.41020710 -31.06453820 0.08627451 0.01960784 0.83137255
v -20.94837769 -8.41020710 -31.39180382 0.08627451 0.01960784 0.83137255
v -21.10881425 -5.57998441 -31.60998160 0.08627451 0.01960784 0.83137255
v -20.75539478 -5.57998441 -31.91542881 0.08627451 0.01960784 0.83137255
v -19.25554345 -4.59180532 -33.26267140 0.08627451 0.01960784 0.83137255
v -17.28859014 -4.87482738 -34.81445526 0.08627451 0.01960784 0.83137255
v -16.77427465 -4.96117365 -35.19626691 0.08627451 0.01960784 0.83137255
v -16.77427465 11.44931871 -29.51548164 0.08627451 0.01960784 0.83137255
v -16.77427465 11.42053767 -29.53729794 0.08627451 0.01960784 0.83137255
v -17.16115730 8.25932251 -31.17089874 0.08627451 0.01960784 0.83137255
v -19.27342055 6.14385141 -30.46182358 0.08627451 0.01960784 0.83137255
v -20.79389947 6.29735537 -28.45732245 0.08627451 0.01960784 0.83137255
v -21.45627539 6.43646776 -27.45370718 0.08627451 0.01960784 0.83137255
v -21.45627539 6.91136964 -27.13462347 0.08627451 0.01960784 0.83137255
v -21.45627539 9.10359299 -25.60738321 0.08627451 0.01960784 0.83137255
v -21.45627539 -8.01685395 -30.94181386 0.08627451 0.01960784 0.83137255
v -21.45627539 -7.49398245 -31.01817408 0.08627451 0.01960784 0.83137255
v -21.43656463 -6.28993899 -31.21180826 0.08627451 0.01960784 0.83137255
v -21.45627539 -5.57998441 -31.27180678 0.08627451 0.01960784 0.83137255
v -21.13723382 -4.87482738 -31.62907271 0.08627451 0.01960784 0.83137255
v -20.78381646 -4.87482738 -31.93724511 0.08627451 0.01960784 0.83137255
v -20.02380569 -4.16487359 -32.62177667 0.08627451 0.01960784 0.83137255
v -19.60896081 -4.16487359 -32.97631530 0.08627451 0.01960784 0.83137255
v -19.25554345 -4.16487359 -33.26267140 0.08627451 0.01960784 0.83137255
v -17.31013456 -4.16487359 -34.81718256 0.08627451 0.01960784 0.83137255
v -16.81965660 -4.87482738 -35.16626870 0.08627451 0.01960784 0.83137255
v -16.77427465 -4.87482738 -35.19899421 0.08627451 0.01960784 0.83137255
v -16.77427465 8.50396924 -31.33998720 0.08627451 0.01960784 0.83137255
v -16.77427465 5.71212267 -32.85904345 0.08627451 0.01960784 0.83137255
v -16.95396460 2.90108831 -33.84356972 0.08627451 0.01960784 0.83137255
v -18.03484849 1.48597723 -33.40448685 0.08627451 0.01960784 0.83137255
v -21.41822806 2.70920875 -29.76638493 0.08627451 0.01960784 0.83137255
v -21.31279910 3.17931361 -29.63547868 0.08627451 0.01960784 0.83137255
v -21.45627539 2.81474256 -29.57820746 0.08627451 0.01960784 0.83137255
v -21.45627539 -6.28514197 -31.18726254 0.08627451 0.01960784 0.83137255
v -21.45627539 -5.89178883 -31.23635397 0.08627451 0.01960784 0.83137255
v -21.45627539 -4.87482738 -31.30180498 0.08627451 0.01960784 0.83137255
v -21.45627539 -4.16487359 -31.25817027 0.08627451 0.01960784 0.83137255
v -20.70222294 -2.74976225 -31.88815790 0.08627451 0.01960784 0.83137255
v -20.00409493 -3.45971630 -32.59995826 0.08627451 0.01960784 0.83137255
v -19.24499887 -3.79550552 -33.25448949 0.08627451 0.01960784 0.83137255
v -16.79673589 -4.16487359 -35.17172330 0.08627451 0.01960784 0.83137255
v -16.77427465 -4.21284348 -35.18808500 0.08627451 0.01960784 0.83137255
v -18.80448702 -2.04460522 -33.46176018 0.08627451 0.01960784 0.83137255
v -17.12540310 -0.97008018 -34.66991462 0.08627451 0.01960784 0.83137255
v -16.77427465 -1.32985415 -34.95627071 0.08627451 0.01960784 0.83137255
v -16.77427465 3.68299732 -33.68266315 0.08627451 0.01960784 0.83137255
v -16.77427465 2.90108831 -33.95538486 0.08627451 0.01960784 0.83137255
v -16.77427465 1.51955607 -34.34537630 0.08627451 0.01960784 0.83137255
v -17.14511386 1.91290895 -33.97993057 0.08627451 0.01960784 0.83137255
v -17.21845592 1.48597723 -34.03174508 0.08627451 0.01960784 0.83137255
v -19.08272866 -1.33944818 -33.11267404 0.08627451 0.01960784 0.83137255
v -19.26470963 0.46901591 -32.56450545 0.08627451 0.01960784 0.83137255
v -21.45627539 2.20072829 -29.82638345 0.08627451 0.01960784 0.83137255
v -20.61375215 -1.85272579 -31.78997716 0.08627451 0.01960784 0.83137255
v -20.66784293 -2.32283052 -31.85543029 0.08627451 0.01960784 0.83137255
v -21.45627539 0.77122616 -30.19183129 0.08627451 0.01960784 0.83137255
v -21.45627539 -4.03535497 -31.23908127 0.08627451 0.01960784 0.83137255
v -21.41914489 -3.45971630 -31.19271715 0.08627451 0.01960784 0.83137255
v -19.15744702 -2.04460522 -33.17267467 0.08627451 0.01960784 0.83137255
v -16.77427465 -4.16487359 -35.18535770 0.08627451 0.01960784 0.83137255
v -16.77427465 1.46199215 -34.35901280 0.08627451 0.01960784 0.83137255
v -16.79169439 -0.69665192 -34.84445558 0.08627451 0.01960784 0.83137255
v -16.77427465 -0.69185494 -34.85536478 0.08627451 0.01960784 0.83137255
v -16.77427465 -0.72063683 -34.86081938 0.08627451 0.01960784 0.83137255
v -21.38064020 -3.01359651 -31.15180763 0.08627451 0.01960784 0.83137255
v -21.45627539 -3.46451331 -31.14635302 0.08627451 0.01960784 0.83137255
f 5199 5200 5201
f 5199 5201 5202
f 5199 5202 5209
f 5199 5209 5223
f 5199 5223 5245
f 5199 5245 5271
f 5199 5271 5270
f 5199 5270 5272
f 5199 5272 5247
f 5199 5247 5246
f 5199 5246 5224
f 5199 5224 5210
f 5199 5210 5203
f 5199 5203 5214
f 5199 5214 5232
f 5199 5232 5255
f 5199 5255 5254
f 5199 5254 5253
f 5199 5253 5229
f 5199 5229 5252
f 5199 5252 5280
f 5199 5280 5302
f 5199 5302 5324
f 5199 5324 5343
f 5199 5343 5364
f 5199 5364 5363
f 5199 5363 5362
f 5199 5362 5386
f 5199 5386 5410
f 5199 5410 5409
f 5199 5409 5408
f 5199 5408 5407
f 5199 5407 5435
f 5199 5435 5434
f 5199 5434 5433
f 5199 5433 5432
f 5199 5432 5436
f 5199 5436 5422
f 5199 5422 5443
f 5199 5443 5450
f 5199 5450 5453
f 5199 5453 5467
f 5199 5467 5487
f 5199 5487 5503
f 5199 5503 5521
f 5199 5521 5506
f 5199 5506 5525
f 5199 5525 5524
f 5199 5524 5522
f 5199 5522 5509
f 5199 5509 5508
f 5199 5508 5507
f 5199 5507 5489
f 5199 5489 5488
f 5199 5488 5469
f 5199 5469 5468
f 5199 5468 5454
f 5199 5454 5437
f 5199 5437 5416
f 5199 5416 5415
f 5199 5415 5414
f 5199 5414 5413
f 5199 5413 5411
f 5199 5411 5388
f 5199 5388 5387
f 5199 5387 5368
f 5199 5368 5367
f 5199 5367 5346
f 5199 5346 5345
f 5199 5345 5329
f 5199 5329 5310
f 5199 5310 5309
f 5199 5309 5308
f 5199 5308 5307
f 5199 5307 5304
f 5199 5304 5282
f 5199 5282 5260
f 5199 5260 5236
f 5199 5236 5215
f 5199 5215 5205
f 5199 5205 5204
f 5199 5204 5200
f 5200 5204 5201
f 5201 5204 5205
f 5201 5205 5206
f 5201 5206 5207
f 5201 5207 5208
f 5201 5208 5202
f 5202 5208 5209
f 5203 5210 5211
f 5203 5211 5212
f 5203 5212 5213
f 5203 5213 5214
f 5205 5215 5216
f 5205 5216 5217
f 5205 5217 5206
f 5206 5217 5218
f 5206 5218 5207
f 5207 5219 5208
f 5207 5218 5220
f 5207 5220 5219
f 5208 5219 5221
f 5208 5221 5222
f 5208 5222 5209
f 5209 5222 5223
f 5210 5224 5225
f 5210 5225 5211
f 5211 5226 5227
f 5211 5227 5228
f 5211 5228 5212
f 5211 5225 5226
f 5212 5228 5213
f 5213 5229 5230
f 5213 5230 5231
f 5213 5231 5232
f 5213 5232 5214
f 5213 5228 5233
f 5213 5233 5234
f 5213 5234 5235
f 5213 5235 5229
f 5215 5236 5216
f 5216 5236 5237
f 5216 5237 5217
f 5217 5237 5238
f 5217 5238 5218
f 5218 5239 5240
f 5218 5240 5241
f 5218 5241 5242
f 5218 5242 5221
f 5218 5221 5220
f 5218 5238 5239
f 5219 5220 5221
f 5221 5242 5243
f 5221 5243 5244
f 5221 5244 5222
f 5222 5245 5223
f 5222 5244 5245
f 5224 5246 5225
f 5225 5247 5272
f 5225 5272 5269
f 5225 5269 5268
f 5225 5268 5266
f 5225 5266 5290
f 5225 5290 5292
f 5225 5292 5291
f 5225 5291 5314
f 5225 5314 5336
f 5225 5336 5335
f 5225 5335 5334
f 5225 5334 5355
f 5225 5355 5354
f 5225 5354 5376
f 5225 5376 5375
f 5225 5375 5374
f 5225 5374 5394
f 5225 5394 5420
f 5225 5420 5442
f 5225 5442 5459
f 5225 5459 5475
f 5225 5475 5474
f 5225 5474 5473
f 5225 5473 5494
f 5225 5494 5514
f 5225 5514 5517
f 5225 5517 5527
f 5225 5527 5518
f 5225 5518 5498
f 5225 5498 5497
f 5225 5497 5479
f 5225 5479 5496
f 5225 5496 5495
f 5225 5495 5477
f 5225 5477 5476
f 5225 5476 5460
f 5225 5460 5445
f 5225 5445 5444
f 5225 5444 5423
f 5225 5423 5400
f 5225 5400 5399
f 5225 5399 5421
f 5225 5421 5395
f 5225 5395 5377
f 5225 5377 5356
f 5225 5356 5337
f 5225 5337 5315
f 5225 5315 5297
f 5225 5297 5277
f 5225 5277 5294
f 5225 5294 5274
f 5225 5274 5273
f 5225 5273 5248
f 5225 5248 5226
f 5225 5246 5247
f 5226 5248 5273
f 5226 5273 5249
f 5226 5249 5227
f 5227 5250 5251
f 5227 5251 5233
f 5227 5233 5228
f 5227 5249 5250
f 5229 5253 5230
f 5229 5235 5252
f 5230 5253 5254
f 5230 5254 5231
f 5231 5254 5255
f 5231 5255 5232
f 5233 5256 5234
f 5233 5251 5256
f 5234 5256 5257
f 5234 5257 5235
f 5235 5257 5258
f 5235 5258 5252
f 5236 5259 5237
f 5236 5260 5261
f 5236 5261 5259
f 5237 5259 5238
f 5238 5259 5261
f 5238 5261 5239
f 5239 5262 5263
f 5239 5263 5264
f 5239 5264 5240
f 5239 5261 5265
f 5239 5265 5262
f 5240 5264 5241
f 5241 5266 5243
f 5241 5243 5242
f 5241 5264 5267
f 5241 5267 5266
f 5243 5266 5268
f 5243 5268 5269
f 5243 5269 5244
f 5244 5269 5270
f 5244 5270 5271
f 5244 5271 5245
f 5249 5273 5274
f 5249 5274 5275
f 5249 5275 5250
f 5250 5275 5251
f 5251 5276 5256
f 5251 5275 5277
f 5251 5277 5278
f 5251 5278 5279
f 5251 5279 5276
f 5252 5258 5280
f 5256 5276 5257
f 5257 5276 5258
f 5258 5276 5279
f 5258 5279 5281
f 5258 5281 5280
f 5260 5282 5265
f 5260 5265 5261
f 5262 5283 5263
f 5262 5265 5284
f 5262 5284 5285
f 5262 5285 5286
f 5262 5286 5283
f 5263 5283 5287
f 5263 5287 5288
f 5263 5288 5264
f 5264 5288 5287
f 5264 5287 5289
f 5264 5289 5267
f 5265 5282 5285
f 5265 5285 5284
f 5266 5267 5290
f 5267 5291 5292
f 5267 5292 5290
f 5267 5289 5293
f 5267 5293 5291
f 5269 5272 5270
f 5274 5294 5275
f 5275 5294 5277
f 5277 5295 5296
f 5277 5296 5281
f 5277 5281 5278
f 5277 5297 5298
f 5277 5298 5299
f 5277 5299 5295
f 5278 5281 5279
f 5280 5281 5300
f 5280 5300 5301
f 5280 5301 5302
f 5281 5296 5303
f 5281 5303 5300
f 5282 5304 5285
f 5283 5286 5305
f 5283 5305 5306
f 5283 5306 5287
f 5285 5304 5286
f 5286 5304 5307
f 5286 5307 5308
f 5286 5308 5309
f 5286 5309 5310
f 5286 5310 5305
f 5287 5293 5289
f 5287 5306 5311
f 5287 5311 5312
f 5287 5312 5313
f 5287 5313 5314
f 5287 5314 5293
f 5291 5293 5314
f 5295 5303 5296
f 5295 5299 5303
f 5297 5315 5316
f 5297 5316 5298
f 5298 5316 5299
f 5299 5316 5317
f 5299 5317 5318
f 5299 5318 5319
f 5299 5319 5303
f 5300 5303 5301
f 5301 5303 5319
f 5301 5319 5318
f 5301 5318 5320
f 5301 5320 5321
f 5301 5321 5322
f 5301 5322 5323
f 5301 5323 5302
f 5302 5323 5325
f 5302 5325 5324
f 5305 5310 5326
f 5305 5326 5327
f 5305 5327 5328
f 5305 5328 5306
f 5306 5328 5311
f 5310 5329 5327
f 5310 5327 5326
f 5311 5328 5312
f 5312 5328 5330
f 5312 5330 5331
f 5312 5331 5313
f 5313 5331 5332
f 5313 5332 5333
f 5313 5333 5334
f 5313 5334 5335
f 5313 5335 5336
f 5313 5336 5314
f 5315 5337 5316
f 5316 5337 5317
f 5317 5338 5339
f 5317 5339 5321
f 5317 5321 5340
f 5317 5340 5318
f 5317 5337 5341
f 5317 5341 5338
f 5318 5340 5320
f 5320 5340 5321
f 5321 5339 5342
f 5321 5342 5322
f 5322 5342 5323
f 5323 5342 5325
f 5324 5325 5343
f 5325 5342 5344
f 5325 5344 5343
f 5327 5329 5345
f 5327 5345 5346
f 5327 5346 5347
f 5327 5347 5328
f 5328 5347 5330
f 5330 5347 5348
f 5330 5348 5349
f 5330 5349 5332
f 5330 5332 5331
f 5332 5349 5333
f 5333 5349 5350
f 5333 5350 5351
f 5333 5351 5352
f 5333 5352 5353
f 5333 5353 5354
f 5333 5354 5355
f 5333 5355 5334
f 5337 5356 5341
f 5338 5357 5339
f 5338 5341 5357
f 5339 5357 5358
f 5339 5358 5342
f 5341 5356 5357
f 5342 5358 5357
f 5342 5357 5359
f 5342 5359 5360
f 5342 5360 5361
f 5342 5361 5362
f 5342 5362 5363
f 5342 5363 5344
f 5343 5344 5364
f 5344 5363 5364
f 5346 5365 5366
f 5346 5366 5347
f 5346 5367 5365
f 5347 5366 5365
f 5347 5365 5348
f 5348 5365 5368
f 5348 5368 5349
f 5349 5351 5350
f 5349 5368 5369
f 5349 5369 5351
f 5351 5370 5352
f 5351 5369 5370
f 5352 5370 5371
f 5352 5371 5372
f 5352 5372 5373
f 5352 5373 5353
f 5353 5373 5374
f 5353 5374 5375
f 5353 5375 5376
f 5353 5376 5354
f 5356 5377 5378
f 5356 5378 5357
f 5357 5360 5359
f 5357 5378 5379
f 5357 5379 5380
f 5357 5380 5381
f 5357 5381 5360
f 5360 5381 5382
f 5360 5382 5383
f 5360 5383 5361
f 5361 5384 5362
f 5361 5383 5385
f 5361 5385 5384
f 5362 5384 5386
f 5365 5367 5368
f 5368 5387 5369
f 5369 5387 5388
f 5369 5388 5389
f 5369 5389 5370
f 5370 5389 5390
f 5370 5390 5391
f 5370 5391 5371
f 5371 5392 5393
f 5371 5393 5372
f 5371 5391 5392
f 5372 5393 5373
f 5373 5393 5374
f 5374 5393 5394
f 5377 5395 5396
f 5377 5396 5378
f 5378 5396 5397
f 5378 5397 5379
f 5379 5397 5380
f 5380 5398 5383
f 5380 5383 5382
f 5380 5382 5381
f 5380 5397 5396
f 5380 5396 5399
f 5380 5399 5400
f 5380 5400 5401
f 5380 5401 5402
f 5380 5402 5403
f 5380 5403 5404
f 5380 5404 5398
f 5383 5398 5405
f 5383 5405 5406
f 5383 5406 5385
f 5384 5407 5408
f 5384 5408 5409
f 5384 5409 5410
f 5384 5410 5386
f 5384 5385 5406
f 5384 5406 5407
f 5388 5411 5412
f 5388 5412 5389
f 5389 5412 5411
f 5389 5411 5413
f 5389 5413 5414
f 5389 5414 5415
f 5389 5415 5416
f 5389 5416 5390
f 5390 5416 5417
f 5390 5417 5391
f 5391 5417 5392
f 5392 5418 5419
f 5392 5419 5393
f 5392 5417 5418
f 5393 5419 5420
f 5393 5420 5394
f 5395 5421 5396
f 5396 5421 5399
f 5398 5406 5405
f 5398 5404 5422
f 5398 5422 5406
f 5400 5423 5401
f 5401 5423 5402
f 5402 5423 5424
f 5402 5424 5425
f 5402 5425 5426
f 5402 5426 5427
f 5402 5427 5403
f 5403 5427 5426
f 5403 5426 5428
f 5403 5428 5429
f 5403 5429 5430
f 5403 5430 5431
f 5403 5431 5404
f 5404 5431 5422
f 5406 5432 5433
f 5406 5433 5434
f 5406 5434 5435
f 5406 5435 5407
f 5406 5422 5436
f 5406 5436 5432
f 5416 5437 5438
f 5416 5438 5417
f 5417 5439 5440
f 5417 5440 5418
f 5417 5438 5439
f 5418 5440 5441
f 5418 5441 5419
f 5419 5441 5420
f 5420 5441 5442
f 5422 5431 5430
f 5422 5430 5443
f 5423 5444 5424
f 5424 5444 5445
f 5424 5445 5446
f 5424 5446 5447
f 5424 5447 5448
f 5424 5448 5426
f 5424 5426 5425
f 5426 5448 5428
f 5428 5448 5429
f 5429 5448 5449
f 5429 5449 5430
f 5430 5450 5443
f 5430 5449 5451
f 5430 5451 5452
f 5430 5452 5453
f 5430 5453 5450
f 5437 5454 5455
f 5437 5455 5438
f 5438 5455 5439
f 5439 5455 5440
f 5440 5456 5457
f 5440 5457 5458
f 5440 5458 5441
f 5440 5455 5456
f 5441 5458 5459
f 5441 5459 5442
f 5445 5460 5446
f 5446 5460 5461
f 5446 5461 5447
f 5447 5449 5448
f 5447 5461 5462
f 5447 5462 5449
f 5449 5462 5451
f 5451 5463 5464
f 5451 5464 5465
f 5451 5465 5452
f 5451 5462 5463
f 5452 5465 5466
f 5452 5466 5453
f 5453 5466 5467
f 5454 5468 5455
f 5455 5468 5469
f 5455 5469 5470
f 5455 5470 5456
f 5456 5470 5471
f 5456 5471 5472
f 5456 5472 5457
f 5457 5472 5473
f 5457 5473 5474
f 5457 5474 5475
f 5457 5475 5458
f 5458 5475 5459
f 5460 5476 5461
f 5461 5476 5477
f 5461 5477 5478
f 5461 5478 5463
f 5461 5463 5462
f 5463 5478 5479
f 5463 5479 5480
f 5463 5480 5481
f 5463 5481 5464
f 5464 5481 5465
f 5465 5481 5482
f 5465 5482 5483
f 5465 5483 5484
f 5465 5484 5485
f 5465 5485 5466
f 5466 5485 5486
f 5466 5486 5467
f 5467 5486 5487
f 5469 5488 5470
f 5470 5488 5489
f 5470 5489 5471
f 5471 5489 5490
f 5471 5490 5491
f 5471 5491 5492
f 5471 5492 5493
f 5471 5493 5472
f 5472 5493 5473
f 5473 5493 5492
f 5473 5492 5494
f 5477 5495 5478
f 5478 5495 5496
f 5478 5496 5479
f 5479 5497 5480
f 5480 5482 5481
f 5480 5497 5498
f 5480 5498 5499
f 5480 5499 5500
f 5480 5500 5482
f 5482 5500 5483
f 5483 5500 5501
f 5483 5501 5484
f 5484 5501 5485
f 5485 5502 5503
f 5485 5503 5487
f 5485 5487 5486
f 5485 5501 5504
f 5485 5504 5505
f 5485 5505 5506
f 5485 5506 5502
f 5489 5507 5490
f 5490 5507 5508
f 5490 5508 5509
f 5490 5509 5510
f 5490 5510 5491
f 5491 5510 5511
f 5491 5511 5505
f 5491 5505 5512
f 5491 5512 5513
f 5491 5513 5492
f 5492 5514 5494
f 5492 5513 5515
f 5492 5515 5516
f 5492 5516 5517
f 5492 5517 5514
f 5498 5518 5499
f 5499 5518 5519
f 5499 5519 5516
f 5499 5516 5520
f 5499 5520 5500
f 5500 5520 5501
f 5501 5520 5504
f 5502 5521 5503
f 5502 5506 5521
f 5504 5520 5505
f 5505 5520 5512
f 5505 5511 5522
f 5505 5522 5523
f 5505 5523 5524
f 5505 5524 5525
f 5505 5525 5506
f 5509 5522 5511
f 5509 5511 5510
f 5512 5520 5516
f 5512 5516 5513
f 5513 5516 5515
f 5516 5519 5526
f 5516 5526 5517
f 5517 5526 5527
f 5518 5527 5519
f 5519 5527 5526
f 5522 5524 5523

o geometry_6
v -21.45673485 19.37704512 -7.33778080 0.77647059 0.86666667 0.97647059
v -21.45673485 19.36849227 -7.44099777 0.77647059 0.86666667 0.97647059
v -21.68553309 19.14175953 -7.44099777 0.77647059 0.86666667 0.97647059
v -21.69983351 19.13320247 -7.33778080 0.77647059 0.86666667 0.97647059
v -21.45673485 -23.27397239 -7.33778080 0.77647059 0.86666667 0.97647059
v -21.45673485 19.31715409 -7.83979393 0.77647059 0.86666667 0.97647059
v -21.63548480 19.09470410 -8.14710219 0.77647059 0.86666667 0.97647059
v -22.03945840 18.77813481 -7.44099777 0.77647059 0.86666667 0.97647059
v -22.04482237 18.78241335 -7.33778080 0.77647059 0.86666667 0.97647059
v -22.36835956 -23.21408135 -7.33778080 0.77647059 0.86666667 0.97647059
v -22.42287818 -23.77876762 -7.64039638 0.77647059 0.86666667 0.97647059
v -21.91165251 -23.78732468 -7.63805056 0.77647059 0.86666667 0.97647059
v -22.06448465 -24.32634396 -8.49194352 0.77647059 0.86666667 0.97647059
v -21.45673485 -23.52636789 -8.14710219 0.77647059 0.86666667 0.97647059
v -21.45673485 19.27437719 -8.14710219 0.77647059 0.86666667 0.97647059
v -21.45673485 18.85086144 -10.27010604 0.77647059 0.86666667 0.97647059
v -21.98851646 18.72252232 -8.14710219 0.77647059 0.86666667 0.97647059
v -22.60073448 17.89260495 -8.85555243 0.77647059 0.86666667 0.97647059
v -22.64631666 17.94393891 -8.14710219 0.77647059 0.86666667 0.97647059
v -22.31205364 18.44017708 -7.33778080 0.77647059 0.86666667 0.97647059
v -22.42287818 -23.18841437 -7.33778080 0.77647059 0.86666667 0.97647059
v -22.42287818 -23.26113679 -7.37062223 0.77647059 0.86666667 0.97647059
v -22.35495278 -24.10816829 -8.21278610 0.77647059 0.86666667 0.97647059
v -22.07342110 -24.32634396 -8.49194352 0.77647059 0.86666667 0.97647059
v -22.83579244 -23.66326409 -7.74361440 0.77647059 0.86666667 0.97647059
v -22.06448465 -24.32634396 -8.50367260 0.77647059 0.86666667 0.97647059
v -21.45673485 -24.24078595 -15.47087890 0.77647059 0.86666667 0.97647059
v -21.45673485 18.73535792 -10.80027055 0.77647059 0.86666667 0.97647059
v -22.24680917 18.29900657 -8.85555243 0.77647059 0.86666667 0.97647059
v -21.91612284 18.65407422 -8.85555243 0.77647059 0.86666667 0.97647059
v -22.17620284 18.22200562 -9.56165580 0.77647059 0.86666667 0.97647059
v -22.82774754 17.46908920 -9.40213713 0.77647059 0.86666667 0.97647059
v -22.87958523 17.53753308 -8.85555243 0.77647059 0.86666667 0.97647059
v -22.92159073 17.58887126 -8.14710219 0.77647059 0.86666667 0.97647059
v -22.67044717 17.96532736 -7.44099777 0.77647059 0.86666667 0.97647059
v -22.61324761 18.04660684 -7.33778080 0.77647059 0.86666667 0.97647059
v -23.12000506 -22.55527580 -7.33778080 0.77647059 0.86666667 0.97647059
v -22.98772884 -23.74454357 -8.14710219 0.77647059 0.86666667 0.97647059
v -22.07342110 -24.32634396 -8.50367260 0.77647059 0.86666667 0.97647059
v -24.35874363 -23.06007524 -9.56165580 0.77647059 0.86666667 0.97647059
v -24.38913175 -23.10285214 -10.27010604 0.77647059 0.86666667 0.97647059
v -24.41236861 -23.14135473 -10.97620993 0.77647059 0.86666667 0.97647059
v -24.21663732 -22.93601465 -8.47083117 0.77647059 0.86666667 0.97647059
v -23.91812429 -21.81091644 -7.33778080 0.77647059 0.86666667 0.97647059
v -27.70047811 -18.03349874 -7.33778080 0.77647059 0.86666667 0.97647059
v -27.74963487 -17.98216478 -7.33778080 0.77647059 0.86666667 0.97647059
v -21.45673485 -24.24078595 -15.52014210 0.77647059 0.86666667 0.97647059
v -21.45673485 18.24339407 -12.39076407 0.77647059 0.86666667 0.97647059
v -21.46745859 18.23055847 -12.39076407 0.77647059 0.86666667 0.97647059
v -22.57213575 17.72148471 -9.60857318 0.77647059 0.86666667 0.97647059
v -21.86070846 17.71292764 -12.41422276 0.77647059 0.86666667 0.97647059
v -22.83400516 16.05736828 -13.58011509 0.77647059 0.86666667 0.97647059
v -23.47661130 16.68194768 -9.14174730 0.77647059 0.86666667 0.97647059
v -23.27551604 17.11401838 -8.14710219 0.77647059 0.86666667 0.97647059
v -23.54453670 16.77606065 -7.44099777 0.77647059 0.86666667 0.97647059
v -23.54364306 16.77606065 -7.33778080 0.77647059 0.86666667 0.97647059
v -24.28277543 -22.99590568 -8.85555243 0.77647059 0.86666667 0.97647059
v -23.29249949 -23.56914901 -13.80531820 0.77647059 0.86666667 0.97647059
v -21.45673485 -24.23650742 -15.68669822 0.77647059 0.86666667 0.97647059
v -24.42219870 -23.12852334 -11.68466017 0.77647059 0.86666667 0.97647059
v -24.71266894 -22.65366941 -9.56165580 0.77647059 0.86666667 0.97647059
v -24.74216342 -22.70072906 -10.27010604 0.77647059 0.86666667 0.97647059
v -24.76629392 -22.71783897 -10.97620993 0.77647059 0.86666667 0.97647059
v -24.77523036 -22.74778449 -11.68466017 0.77647059 0.86666667 0.97647059
v -27.79432130 -17.92655123 -7.33778080 0.77647059 0.86666667 0.97647059
v -28.62729898 -16.86562364 -7.33778080 0.77647059 0.86666667 0.97647059
v -28.66751719 -16.81428862 -7.33778080 0.77647059 0.86666667 0.97647059
v -21.45673485 17.51186610 -14.51611373 0.77647059 0.86666667 0.97647059
v -21.45941579 17.51186610 -14.51142210 0.77647059 0.86666667 0.97647059
v -21.90897157 17.17818795 -13.80531820 0.77647059 0.86666667 0.97647059
v -23.72507393 14.87665863 -13.09686796 0.77647059 0.86666667 0.97647059
v -22.80451068 14.60714793 -16.33884781 0.77647059 0.86666667 0.97647059
v -22.88137252 14.71837504 -15.92597570 0.77647059 0.86666667 0.97647059
v -23.51951044 13.91840108 -15.65150992 0.77647059 0.86666667 0.97647059
v -23.61335574 14.74832055 -13.80531820 0.77647059 0.86666667 0.97647059
v -24.07899924 14.33763829 -13.09686796 0.77647059 0.86666667 0.97647059
v -24.14335006 14.49164440 -12.39076407 0.77647059 0.86666667 0.97647059
v -23.64910573 16.25415339 -9.56165580 0.77647059 0.86666667 0.97647059
v -24.18356827 15.26595138 -9.82908413 0.77647059 0.86666667 0.97647059
v -23.67502353 16.40388097 -8.88370223 0.77647059 0.86666667 0.97647059
v -23.81087432 16.33971141 -8.14710219 0.77647059 0.86666667 0.97647059
v -23.53202357 16.75895073 -8.14710219 0.77647059 0.86666667 0.97647059
v -23.84394338 16.33971141 -7.44099777 0.77647059 0.86666667 0.97647059
v -23.84483702 16.33971141 -7.33778080 0.77647059 0.86666667 0.97647059
v -23.83679212 -23.33386342 -13.09686796 0.77647059 0.86666667 0.97647059
v -23.87343575 -23.17130024 -13.78655114 0.77647059 0.86666667 0.97647059
v -23.65893582 -23.10285214 -14.51142210 0.77647059 0.86666667 0.97647059
v -22.19229055 -23.69748814 -15.68200659 0.77647059 0.86666667 0.97647059
v -21.45673485 -24.10816829 -15.99400649 0.77647059 0.86666667 0.97647059
v -24.38466143 -23.08146369 -12.39076407 0.77647059 0.86666667 0.97647059
v -25.06838153 -22.38843830 -12.39076407 0.77647059 0.86666667 0.97647059
v -24.73769309 -22.74350596 -12.39076407 0.77647059 0.86666667 0.97647059
v -24.99688156 -22.34993572 -10.27010604 0.77647059 0.86666667 0.97647059
v -29.02054885 -16.34799386 -7.33778080 0.77647059 0.86666667 0.97647059
v -25.03709977 -22.39271684 -11.68466017 0.77647059 0.86666667 0.97647059
v -21.45673485 17.50758756 -14.52549699 0.77647059 0.86666667 0.97647059
v -22.18067106 14.02107111 -18.61198601 0.77647059 0.86666667 0.97647059
v -22.81612805 13.20826366 -18.47358074 0.77647059 0.86666667 0.97647059
v -21.45673485 17.20385493 -15.05800785 0.77647059 0.86666667 0.97647059
v -24.92984980 11.80082233 -14.95009819 0.77647059 0.86666667 0.97647059
v -24.80829942 12.28422911 -14.51142210 0.77647059 0.86666667 0.97647059
v -24.87801211 12.40828970 -14.08916725 0.77647059 0.86666667 0.97647059
v -23.51951044 12.50240373 -17.77451377 0.77647059 0.86666667 0.97647059
v -24.27026231 11.17196650 -17.88476924 0.77647059 0.86666667 0.97647059
v -24.74126977 10.66716916 -17.36868016 0.77647059 0.86666667 0.97647059
v -24.95040573 10.42332756 -17.15286084 0.77647059 0.86666667 0.97647059
v -24.34623050 14.13657570 -12.39076407 0.77647059 0.86666667 0.97647059
v -24.94146929 12.52379323 -13.61764920 0.77647059 0.86666667 0.97647059
v -24.11564287 15.82208268 -8.14710219 0.77647059 0.86666667 0.97647059
v -24.76540028 14.29913676 -9.56165580 0.77647059 0.86666667 0.97647059
v -25.00671375 14.05529516 -8.85555243 0.77647059 0.86666667 0.97647059
v -24.13709244 15.88625014 -7.44099777 0.77647059 0.86666667 0.97647059
v -24.13798608 15.89052867 -7.33778080 0.77647059 0.86666667 0.97647059
v -24.29796739 -23.00446275 -13.09686796 0.77647059 0.86666667 0.97647059
v -24.22468012 -22.94029318 -13.54023568 0.77647059 0.86666667 0.97647059
v -23.15664869 -23.16702171 -15.21752652 0.77647059 0.86666667 0.97647059
v -24.13351786 -22.85045664 -14.01175373 0.77647059 0.86666667 0.97647059
v -24.84673034 -22.15315271 -14.02817497 0.77647059 0.86666667 0.97647059
v -24.73233122 -22.04620204 -14.51142210 0.77647059 0.86666667 0.97647059
v -24.14424370 -22.14887418 -15.47791635 0.77647059 0.86666667 0.97647059
v -23.53917483 -22.97879155 -14.98059380 0.77647059 0.86666667 0.97647059
v -23.41047319 -22.84617810 -15.45211237 0.77647059 0.86666667 0.97647059
v -22.14134650 -21.56279525 -19.91159356 0.77647059 0.86666667 0.97647059
v -21.45673485 -21.63980042 -20.66226850 0.77647059 0.86666667 0.97647059
v -21.72038944 -21.74246835 -20.15556268 0.77647059 0.86666667 0.97647059
v -24.65099905 -22.67078354 -13.09686796 0.77647059 0.86666667 0.97647059
v -25.01296926 -22.31571167 -13.09686796 0.77647059 0.86666667 0.97647059
v -25.42141319 -21.90503152 -12.39076407 0.77647059 0.86666667 0.97647059
v -29.19125389 -16.04426017 -7.33778080 0.77647059 0.86666667 0.97647059
v -29.01876156 -16.35227134 -7.44099777 0.77647059 0.86666667 0.97647059
v -21.45673485 14.77398753 -18.85595618 0.77647059 0.86666667 0.97647059
v -21.90182242 14.23924573 -18.81138462 0.77647059 0.86666667 0.97647059
v -21.45673485 14.31624879 -19.52218067 0.77647059 0.86666667 0.97647059
v -21.45673485 14.22213371 -19.65589431 0.77647059 0.86666667 0.97647059
v -21.45673485 13.31948971 -20.87574200 0.77647059 0.86666667 0.97647059
v -21.97332240 13.01147854 -20.32915625 0.77647059 0.86666667 0.97647059
v -22.88941743 11.90349342 -20.00542727 0.77647059 0.86666667 0.97647059
v -24.91733667 8.23730177 -20.55905047 0.77647059 0.86666667 0.97647059
v -25.00313707 8.38275186 -20.16729176 0.77647059 0.86666667 0.97647059
v -25.57156230 8.13463173 -18.98263237 0.77647059 0.86666667 0.97647059
v -26.28388324 7.42449431 -17.59622856 0.77647059 0.86666667 0.97647059
v -26.34912771 7.55283239 -17.12471104 0.77647059 0.86666667 0.97647059
v -26.66015176 7.14642866 -16.63442594 0.77647059 0.86666667 0.97647059
v -27.68349676 5.98710799 -14.66155750 0.77647059 0.86666667 0.97647059
v -25.25338698 12.09600000 -13.09686796 0.77647059 0.86666667 0.97647059
v -25.05676205 14.13657570 -8.14710219 0.77647059 0.86666667 0.97647059
v -25.08983110 14.19646673 -7.44099777 0.77647059 0.86666667 0.97647059
v -25.26679376 13.50771882 -8.85555243 0.77647059 0.86666667 0.97647059
v -25.36421363 13.50771882 -8.14710219 0.77647059 0.86666667 0.97647059
v -24.16837421 15.83919471 -7.33778080 0.77647059 0.86666667 0.97647059
v -24.93431802 -22.23871073 -13.55665693 0.77647059 0.86666667 0.97647059
v -25.06212602 -21.69113438 -14.51142210 0.77647059 0.86666667 0.97647059
v -24.96291886 -21.57135232 -14.97355635 0.77647059 0.86666667 0.97647059
v -22.82149203 -20.83982435 -19.88109690 0.77647059 0.86666667 0.97647059
v -21.45673485 -20.12968904 -22.72662588 0.77647059 0.86666667 0.97647059
v -21.48801451 -21.62268629 -20.64819360 0.77647059 0.86666667 0.97647059
v -25.39370600 -21.79808506 -13.07340927 0.77647059 0.86666667 0.97647059
v -25.13273235 -21.88792161 -13.79828023 0.77647059 0.86666667 0.97647059
v -25.63680677 -21.55424240 -12.39076407 0.77647059 0.86666667 0.97647059
v -25.62071906 -21.52857542 -12.82005636 0.77647059 0.86666667 0.97647059
v -29.21449286 -15.99292516 -7.33778080 0.77647059 0.86666667 0.97647059
v -29.21806743 -15.99720263 -7.44099777 0.77647059 0.86666667 0.97647059
v -29.22253565 -15.97153460 -8.14710219 0.77647059 0.86666667 0.97647059
v -21.45673485 10.49605208 -24.42268272 0.77647059 0.86666667 0.97647059
v -21.46567130 10.49177460 -24.41095364 0.77647059 0.86666667 0.97647059
v -21.45673485 10.47894006 -24.44144925 0.77647059 0.86666667 0.97647059
v -22.09397913 8.95599519 -24.80740503 0.77647059 0.86666667 0.97647059
v -22.76697340 6.01705350 -26.15627473 0.77647059 0.86666667 0.97647059
v -24.99062605 7.85228860 -20.70684006 0.77647059 0.86666667 0.97647059
v -26.14088329 6.42345776 -19.43303754 0.77647059 0.86666667 0.97647059
v -25.80662027 7.16781817 -19.48699237 0.77647059 0.86666667 0.97647059
v -25.67970802 7.66405844 -19.27351887 0.77647059 0.86666667 0.97647059
v -26.07474518 7.14642866 -18.75508397 0.77647059 0.86666667 0.97647059
v -27.64059762 5.74326586 -15.26444285 0.77647059 0.86666667 0.97647059
v -27.73265352 6.09833457 -14.19003893 0.77647059 0.86666667 0.97647059
v -27.78091664 5.51225722 -15.05800785 0.77647059 0.86666667 0.97647059
v -27.82470943 5.74326586 -14.45981308 0.77647059 0.86666667 0.97647059
v -27.77465902 6.17105961 -13.80531820 0.77647059 0.86666667 0.97647059
v -29.14567381 5.38819715 -8.52244019 0.77647059 0.86666667 0.97647059
v -25.46341869 13.45210526 -7.41519379 0.77647059 0.86666667 0.97647059
v -25.46252505 13.46493981 -7.33778080 0.77647059 0.86666667 0.97647059
v -25.08715017 14.20930022 -7.33778080 0.77647059 0.86666667 0.97647059
v -25.51793732 -21.30184268 -13.80531820 0.77647059 0.86666667 0.97647059
v -25.42856235 -21.10505967 -14.49734667 0.77647059 0.86666667 0.97647059
v -23.33093041 -20.46764678 -19.51279635 0.77647059 0.86666667 0.97647059
v -24.91912607 -17.28486085 -21.27219234 0.77647059 0.86666667 0.97647059
v -24.26311104 -18.05061287 -21.36368129 0.77647059 0.86666667 0.97647059
v -24.11028100 -17.87521621 -21.83519880 0.77647059 0.86666667 0.97647059
v -21.45673485 -18.67519017 -24.40860782 0.77647059 0.86666667 0.97647059
v -29.18678567 -15.90736609 -8.85555243 0.77647059 0.86666667 0.97647059
v -29.13494797 -15.81752954 -9.82673832 0.77647059 0.86666667 0.97647059
v -30.20655609 -9.11828218 -7.33778080 0.77647059 0.86666667 0.97647059
v -30.22443108 -9.11828218 -7.44099777 0.77647059 0.86666667 0.97647059
v -30.28520522 -9.11828218 -8.14710219 0.77647059 0.86666667 0.97647059
v -29.20912888 -15.53946389 -9.57807757 0.77647059 0.86666667 0.97647059
v -30.24856158 -9.11828218 -8.85555243 0.77647059 0.86666667 0.97647059
v -21.45673485 9.97414377 -24.90358561 0.77647059 0.86666667 0.97647059
v -21.45673485 9.46507001 -25.32349306 0.77647059 0.86666667 0.97647059
v -21.96259656 8.55814748 -25.31410979 0.77647059 0.86666667 0.97647059
v -21.46835223 9.09288928 -25.59795990 0.77647059 0.86666667 0.97647059
v -21.45673485 9.10144529 -25.60734316 0.77647059 0.86666667 0.97647059
v -21.49784671 6.97958906 -27.04066435 0.77647059 0.86666667 0.97647059
v -21.45673485 6.43629125 -27.45588017 0.77647059 0.86666667 0.97647059
v -22.12883548 4.77645230 -27.65527878 0.77647059 0.86666667 0.97647059
v -21.45673485 2.81715819 -29.57654031 0.77647059 0.86666667 0.97647059
v -22.09934100 0.50707259 -29.75247864 0.77647059 0.86666667 0.97647059
v -24.26221740 1.99151619 -25.52523748 0.77647059 0.86666667 0.97647059
v -25.54564451 0.78086050 -23.95585683 0.77647059 0.86666667 0.97647059
v -25.60641865 1.84606662 -23.35297149 0.77647059 0.86666667 0.97647059
v -25.72707538 2.12413227 -22.99405421 0.77647059 0.86666667 0.97647059
v -26.34555102 1.92734742 -21.99940911 0.77647059 0.86666667 0.97647059
v -25.61267626 5.39247516 -21.23934986 0.77647059 0.86666667 0.97647059
v -25.72171352 5.67054081 -20.84524533 0.77647059 0.86666667 0.97647059
v -26.34287009 6.17961510 -19.18203098 0.77647059 0.86666667 0.97647059
v -27.30633459 5.02457243 -17.34053036 0.77647059 0.86666667 0.97647059
v -27.71209759 5.33686213 -15.52952536 0.77647059 0.86666667 0.97647059
v -27.59054721 4.26737801 -17.30299625 0.77647059 0.86666667 0.97647059
v -27.86224670 5.07162997 -15.26444285 0.77647059 0.86666667 0.97647059
v -28.05172248 5.02457243 -14.51142210 0.77647059 0.86666667 0.97647059
v -30.25660649 2.19257932 -8.14710219 0.77647059 0.86666667 0.97647059
v -29.62829865 4.31443555 -7.44099777 0.77647059 0.86666667 0.97647059
v -29.63813085 4.31443555 -7.33778080 0.77647059 0.86666667 0.97647059
v -29.33783053 5.00318293 -7.33778080 0.77647059 0.86666667 0.97647059
v -25.73154571 12.89169648 -7.33778080 0.77647059 0.86666667 0.97647059
v -25.50900088 13.36654725 -7.33778080 0.77647059 0.86666667 0.97647059
v -25.62965761 -20.84410288 -14.25103174 0.77647059 0.86666667 0.97647059
v -29.09115519 -15.68919147 -10.27010604 0.77647059 0.86666667 0.97647059
v -25.56351950 -20.69437530 -14.72254873 0.77647059 0.86666667 0.97647059
v -26.10692059 -16.85706763 -18.72927894 0.77647059 0.86666667 0.97647059
v -26.33840187 -16.59611400 -18.47358074 0.77647059 0.86666667 0.97647059
v -25.61446355 -15.85603107 -21.25342581 0.77647059 0.86666667 0.97647059
v -25.37583101 -15.42395931 -22.23164914 0.77647059 0.86666667 0.97647059
v -24.92716887 -15.87314204 -22.69847608 0.77647059 0.86666667 0.97647059
v -24.78059434 -15.62502190 -23.16999360 0.77647059 0.86666667 0.97647059
v -24.30154407 -17.40464397 -22.05101812 0.77647059 0.86666667 0.97647059
v -24.51783129 -17.58003853 -21.55369557 0.77647059 0.86666667 0.97647059
v -21.45673485 -16.47633194 -26.82249922 0.77647059 0.86666667 0.97647059
v -29.19304328 -15.33840024 -10.27010604 0.77647059 0.86666667 0.97647059
v -30.27448148 -8.40814476 -7.33778080 0.77647059 0.86666667 0.97647059
v -30.29414377 -8.40814476 -7.44099777 0.77647059 0.86666667 0.97647059
v -30.36206917 -8.40814476 -8.14710219 0.77647059 0.86666667 0.97647059
v -30.32095520 -8.40814476 -8.85555243 0.77647059 0.86666667 0.97647059
v -30.34419417 -7.70228588 -9.56165580 0.77647059 0.86666667 0.97647059
v -30.19404296 -6.99642647 -11.68466017 0.77647059 0.86666667 0.97647059
v -30.06534342 -9.82414158 -9.56165580 0.77647059 0.86666667 0.97647059
v -21.45673485 6.91114202 -27.13449701 0.77647059 0.86666667 0.97647059
v -21.45673485 2.20113533 -29.82520106 0.77647059 0.86666667 0.97647059
v -21.45673485 2.19257932 -29.82754476 0.77647059 0.86666667 0.97647059
v -21.45673485 0.77230475 -30.19115473 0.77647059 0.86666667 0.97647059
v -21.45673485 -3.46285143 -31.14591885 0.77647059 0.86666667 0.97647059
v -21.45673485 -4.03609476 -31.23975361 0.77647059 0.86666667 0.97647059
v -21.81959660 -4.16871084 -30.81984405 0.77647059 0.86666667 0.97647059
v -22.07967872 -3.74947309 -30.43746966 0.77647059 0.86666667 0.97647059
v -22.89924751 -2.75271428 -29.18008681 0.77647059 0.86666667 0.97647059
v -25.02905697 -2.05113275 -25.67537394 0.77647059 0.86666667 0.97647059
v -24.89231252 -0.33995851 -25.46189833 0.77647059 0.86666667 0.97647059
v -25.59569491 0.38301252 -24.04265415 0.77647059 0.86666667 0.97647059
v -25.74852706 0.78086050 -23.60163224 0.77647059 0.86666667 0.97647059
v -26.40990185 1.48671991 -22.10497295 0.77647059 0.86666667 0.97647059
v -26.67445218 1.48671991 -21.58184642 0.77647059 0.86666667 0.97647059
v -26.02290749 5.73043184 -20.16729176 0.77647059 0.86666667 0.97647059
v -26.92917032 1.48671991 -21.01180146 0.77647059 0.86666667 0.97647059
v -27.73980268 0.46857133 -19.84590860 0.77647059 0.86666667 0.97647059
v -27.73265352 2.56475952 -18.41728009 0.77647059 0.86666667 0.97647059
v -27.34476552 4.31443555 -18.04897955 0.77647059 0.86666667 0.97647059
v -27.11953975 4.99034944 -18.01379230 0.77647059 0.86666667 0.97647059
v -27.67992218 3.79252724 -17.51177812 0.77647059 0.86666667 0.97647059
v -27.73801539 3.99786837 -17.04025955 0.77647059 0.86666667 0.97647059
v -29.18946660 1.27710104 -14.31906147 0.77647059 0.86666667 0.97647059
v -28.78102267 0.78086050 -16.63442594 0.77647059 0.86666667 0.97647059
v -28.95530439 0.78086050 -15.92597570 0.77647059 0.86666667 0.97647059
v -30.34061749 1.48671991 -7.33778080 0.77647059 0.86666667 0.97647059
v -30.22711201 2.19257932 -7.44099777 0.77647059 0.86666667 0.97647059
v -30.20298151 2.29524988 -7.33778080 0.77647059 0.86666667 0.97647059
v -30.03406165 2.99255328 -7.33778080 0.77647059 0.86666667 0.97647059
v -29.90089390 3.43745853 -7.33778080 0.77647059 0.86666667 0.97647059
v -29.13762891 0.41723605 -15.55767621 0.77647059 0.86666667 0.97647059
v -29.40039195 0.07072335 -14.51142210 0.77647059 0.86666667 0.97647059
v -29.64617365 -0.63513606 -13.80531820 0.77647059 0.86666667 0.97647059
v -30.00725022 -1.34099546 -12.39076407 0.77647059 0.86666667 0.97647059
v -30.11092560 -2.05113275 -12.39076407 0.77647059 0.86666667 0.97647059
v -30.23247388 -2.05113275 -11.68466017 0.77647059 0.86666667 0.97647059
v -30.32095520 -2.75271428 -11.68466017 0.77647059 0.86666667 0.97647059
v -30.55958775 -0.25867785 -7.81633576 0.77647059 0.86666667 0.97647059
v -30.55958775 -0.20734256 -7.33778080 0.77647059 0.86666667 0.97647059
v -30.43356914 0.77230475 -7.33778080 0.77647059 0.86666667 0.97647059
v -27.08021518 -15.95870111 -17.14113176 0.77647059 0.86666667 0.97647059
v -26.34197645 -18.00783176 -16.37872669 0.77647059 0.86666667 0.97647059
v -29.15908058 -15.18867266 -10.66186475 0.77647059 0.86666667 0.97647059
v -27.71477853 -15.09028010 -16.21686325 0.77647059 0.86666667 0.97647059
v -27.43235320 -15.48385034 -16.63442594 0.77647059 0.86666667 0.97647059
v -26.26511460 -17.85810418 -16.85024526 0.77647059 0.86666667 0.97647059
v -26.36610695 -15.26139824 -19.93974336 0.77647059 0.86666667 0.97647059
v -26.26868918 -15.73197047 -19.66527758 0.77647059 0.86666667 0.97647059
v -25.52419494 -14.91060701 -22.42870193 0.77647059 0.86666667 0.97647059
v -25.01475655 -15.42823679 -22.95886591 0.77647059 0.86666667 0.97647059
v -24.30869323 -15.96725712 -23.48433932 0.77647059 0.86666667 0.97647059
v -24.90929387 -15.15444967 -23.36704639 0.77647059 0.86666667 0.97647059
v -24.27651782 -15.25711971 -24.18105942 0.77647059 0.86666667 0.97647059
v -21.45673485 -14.54270481 -28.40830058 0.77647059 0.86666667 0.97647059
v -21.99477197 -15.71913698 -26.78496405 0.77647059 0.86666667 0.97647059
v -21.96259656 -14.95338602 -27.45353435 0.77647059 0.86666667 0.97647059
v -30.00725022 -7.70228588 -12.39076407 0.77647059 0.86666667 0.97647059
v -29.86871848 -8.23274968 -12.85524466 0.77647059 0.86666667 0.97647059
v -30.55690681 -5.24675098 -7.33778080 0.77647059 0.86666667 0.97647059
v -30.56316232 -5.27669649 -9.02445437 0.77647059 0.86666667 0.97647059
v -30.56316232 -5.27669649 -9.28719002 0.77647059 0.86666667 0.97647059
v -30.40764924 -6.99642647 -9.56165580 0.77647059 0.86666667 0.97647059
v -30.17438067 -6.28628906 -12.39076407 0.77647059 0.86666667 0.97647059
v -30.09841248 -6.99642647 -12.39076407 0.77647059 0.86666667 0.97647059
v -30.32184885 -6.28628906 -10.97620993 0.77647059 0.86666667 0.97647059
v -30.23336752 -5.58042965 -12.39076407 0.77647059 0.86666667 0.97647059
v -21.45673485 -4.16871084 -31.25852225 0.77647059 0.86666667 0.97647059
v -21.46567130 -4.16871084 -31.24913898 0.77647059 0.86666667 0.97647059
v -22.10202193 -4.16871084 -30.46561946 0.77647059 0.86666667 0.97647059
v -21.48354629 -4.87457025 -31.27494085 0.77647059 0.86666667 0.97647059
v -21.83657795 -4.87457025 -30.83861058 0.77647059 0.86666667 0.97647059
v -22.91265429 -3.45857342 -29.21762197 0.77647059 0.86666667 0.97647059
v -24.12815600 -4.87457025 -27.49106952 0.77647059 0.86666667 0.97647059
v -25.06391331 -2.75271428 -25.71525282 0.77647059 0.86666667 0.97647059
v -25.61267626 -2.33775441 -24.77925313 0.77647059 0.86666667 0.97647059
v -25.41515768 -2.08107826 -25.05606578 0.77647059 0.86666667 0.97647059
v -25.64306439 -0.09183824 -24.11537445 0.77647059 0.86666667 0.97647059
v -25.58496907 -1.86290351 -24.72295353 0.77647059 0.86666667 0.97647059
v -26.33035696 0.49851684 -22.67970850 0.77647059 0.86666667 0.97647059
v -25.80393933 0.11778063 -23.76584149 0.77647059 0.86666667 0.97647059
v -26.46263318 0.75519299 -22.31609959 0.77647059 0.86666667 0.97647059
v -26.85677670 0.75947100 -21.53258217 0.77647059 0.86666667 0.97647059
v -27.61020950 0.07072335 -20.27050979 0.77647059 0.86666667 0.97647059
v -27.77108444 0.07072335 -19.91628520 0.77647059 0.86666667 0.97647059
v -27.96860302 0.07072335 -19.46118839 0.77647059 0.86666667 0.97647059
v -28.23941098 0.07072335 -18.75508397 0.77647059 0.86666667 0.97647059
v -28.06602290 0.78086050 -18.75508397 0.77647059 0.86666667 0.97647059
v -28.46910286 0.55413013 -17.79797298 0.77647059 0.86666667 0.97647059
v -28.55311596 0.78513851 -17.36398853 0.77647059 0.86666667 0.97647059
v -27.74337725 3.32195447 -17.73698070 0.77647059 0.86666667 0.97647059
v -28.92312898 0.07072335 -16.63442594 0.77647059 0.86666667 0.97647059
v -28.48697996 1.28137904 -17.14113176 0.77647059 0.86666667 0.97647059
v -29.09026154 0.13489239 -15.94943492 0.77647059 0.86666667 0.97647059
v -29.18410473 -0.05761472 -15.73126978 0.77647059 0.86666667 0.97647059
v -29.51211225 -0.63513606 -14.51142210 0.77647059 0.86666667 0.97647059
v -30.19940482 -2.75271428 -12.39076407 0.77647059 0.86666667 0.97647059
v -29.37358051 -0.63513606 -15.21987234 0.77647059 0.86666667 0.97647059
v -30.13326882 -3.45857342 -13.09686796 0.77647059 0.86666667 0.97647059
v -30.18689380 -4.16871084 -13.09686796 0.77647059 0.86666667 0.97647059
v -30.28699461 -4.16871084 -12.39076407 0.77647059 0.86666667 0.97647059
v -30.34151113 -3.45857342 -11.68466017 0.77647059 0.86666667 0.97647059
v -30.58371825 -2.81688332 -7.50199005 0.77647059 0.86666667 0.97647059
v -30.58639918 -2.79977156 -7.33778080 0.77647059 0.86666667 0.97647059
v -30.56048139 -0.24156609 -7.44099777 0.77647059 0.86666667 0.97647059
v -30.36206917 -4.16871084 -11.68466017 0.77647059 0.86666667 0.97647059
v -30.56316232 -5.07563284 -9.28719002 0.77647059 0.86666667 0.97647059
v -27.17763295 -15.50096236 -17.36398853 0.77647059 0.86666667 0.97647059
v -27.09362195 -14.60259584 -18.60260275 0.77647059 0.86666667 0.97647059
v -29.79989944 -8.44236828 -13.09452215 0.77647059 0.86666667 0.97647059
v -28.82928578 -9.82414158 -16.63442594 0.77647059 0.86666667 0.97647059
v -28.09283434 -13.36199411 -16.63442594 0.77647059 0.86666667 0.97647059
v -28.09909196 -14.06785404 -15.92597570 0.77647059 0.86666667 0.97647059
v -27.88101534 -14.10635557 -16.66726842 0.77647059 0.86666667 0.97647059
v -27.87922805 -13.42188514 -17.40152264 0.77647059 0.86666667 0.97647059
v -27.72014039 -13.69567331 -17.67598843 0.77647059 0.86666667 0.97647059
v -27.00514063 -14.36730920 -19.07412132 0.77647059 0.86666667 0.97647059
v -25.61088898 -14.43575624 -22.65390452 0.77647059 0.86666667 0.97647059
v -24.96828072 -13.85395690 -24.16933034 0.77647059 0.86666667 0.97647059
v -24.81902526 -13.53311224 -24.64084785 0.77647059 0.86666667 0.97647059
v -24.23004410 -14.49992475 -24.81209666 0.77647059 0.86666667 0.97647059
v -24.37840592 -14.75232342 -24.41564527 0.77647059 0.86666667 0.97647059
v -22.85277379 -13.14809802 -27.71627211 0.77647059 0.86666667 0.97647059
v -22.21642105 -13.22937856 -28.46694599 0.77647059 0.86666667 0.97647059
v -21.45673485 -14.11491053 -28.73672119 0.77647059 0.86666667 0.97647059
v -22.46577943 -13.42188514 -28.00246592 0.77647059 0.86666667 0.97647059
v -30.07070529 -6.28628906 -13.09686796 0.77647059 0.86666667 0.97647059
v -30.34955604 -4.87457025 -11.68466017 0.77647059 0.86666667 0.97647059
v -30.28341793 -4.87457025 -12.39076407 0.77647059 0.86666667 0.97647059
v -30.37368654 -5.58042965 -10.97620993 0.77647059 0.86666667 0.97647059
v -30.14041797 -5.58042965 -13.09686796 0.77647059 0.86666667 0.97647059
v -21.45673485 -4.87457025 -31.30309065 0.77647059 0.86666667 0.97647059
v -22.37104049 -4.16871084 -30.06917017 0.77647059 0.86666667 0.97647059
v -22.11810964 -4.87457025 -30.48438599 0.77647059 0.86666667 0.97647059
v -23.34522872 -6.28628906 -28.76252517 0.77647059 0.86666667 0.97647059
v -21.47282045 -5.58042965 -31.25852225 0.77647059 0.86666667 0.97647059
v -23.82606839 -4.87457025 -27.94616633 0.77647059 0.86666667 0.97647059
v -24.13351786 -5.58042965 -27.50983605 0.77647059 0.86666667 0.97647059
v -24.34444322 -5.58042965 -27.15795728 0.77647059 0.86666667 0.97647059
v -25.86828805 -4.16871084 -24.41095364 0.77647059 0.86666667 0.97647059
v -26.19093370 -4.16871084 -23.82448901 0.77647059 0.86666667 0.97647059
v -26.37236457 -4.16871084 -23.47026442 0.77647059 0.86666667 0.97647059
v -27.74784758 -2.75271428 -20.56608792 0.77647059 0.86666667 0.97647059
v -27.87207890 -2.06396663 -20.22828404 0.77647059 0.86666667 0.97647059
v -27.71656582 -1.83723600 -20.50274982 0.77647059 0.86666667 0.97647059
v -27.30722824 0.07072335 -20.87574200 0.77647059 0.86666667 0.97647059
v -26.17842057 0.07072335 -23.09023374 0.77647059 0.86666667 0.97647059
v -27.03642029 0.51135060 -21.26280908 0.77647059 0.86666667 0.97647059
v -27.86314035 -1.34099546 -20.07580282 0.77647059 0.86666667 0.97647059
v -28.14199110 -1.34099546 -19.46118839 0.77647059 0.86666667 0.97647059
v -28.39581559 0.07072335 -18.29294972 0.77647059 0.86666667 0.97647059
v -28.39760288 -2.05113275 -18.98263237 0.77647059 0.86666667 0.97647059
v -28.90882856 -1.34099546 -17.34053036 0.77647059 0.86666667 0.97647059
v -28.70505447 0.07072335 -17.34053036 0.77647059 0.86666667 0.97647059
v -29.08668696 -1.34099546 -16.80098206 0.77647059 0.86666667 0.97647059
v -29.04467936 -0.65224782 -16.59220019 0.77647059 0.86666667 0.97647059
v -29.22253565 -0.65224782 -15.94943492 0.77647059 0.86666667 0.97647059
v -29.31906189 -1.34099546 -15.92597570 0.77647059 0.86666667 0.97647059
v -30.04300020 -4.16871084 -13.80531820 0.77647059 0.86666667 0.97647059
v -30.17974254 -4.87457025 -13.09686796 0.77647059 0.86666667 0.97647059
v -29.65511220 -8.40814476 -13.80531820 0.77647059 0.86666667 0.97647059
v -28.77744809 -9.11828218 -17.34053036 0.77647059 0.86666667 0.97647059
v -28.06244832 -12.65185669 -17.34053036 0.77647059 0.86666667 0.97647059
v -27.78717215 -13.22510002 -17.86600271 0.77647059 0.86666667 0.97647059
v -27.65310864 -13.42188514 -18.07947622 0.77647059 0.86666667 0.97647059
v -26.05955112 -13.36199411 -22.29029561 0.77647059 0.86666667 0.97647059
v -25.66719489 -14.06785404 -22.78058071 0.77647059 0.86666667 0.97647059
v -25.57513899 -13.61011424 -23.28728653 0.77647059 0.86666667 0.97647059
v -25.04246374 -13.32349258 -24.40860782 0.77647059 0.86666667 0.97647059
v -24.92001971 -13.06253895 -24.79567384 0.77647059 0.86666667 0.97647059
v -22.70887809 -12.65185669 -28.21359361 0.77647059 0.86666667 0.97647059
v -22.00639145 -12.87430985 -28.93846561 0.77647059 0.86666667 0.97647059
v -21.45673485 -13.73845232 -29.00884010 0.77647059 0.86666667 0.97647059
v -21.45673485 -13.86679039 -28.91735116 0.77647059 0.86666667 0.97647059
v -29.16891067 -7.52261226 -16.39984009 0.77647059 0.86666667 0.97647059
v -28.85520358 -8.40814476 -17.34053036 0.77647059 0.86666667 0.97647059
v -30.01708030 -4.87457025 -13.80531820 0.77647059 0.86666667 0.97647059
v -29.95094219 -5.64032068 -13.87100211 0.77647059 0.86666667 0.97647059
v -21.45673485 -5.58042965 -31.27259715 0.77647059 0.86666667 0.97647059
v -22.99130342 -6.28628906 -29.27392367 0.77647059 0.86666667 0.97647059
v -22.98951613 -6.99642647 -29.25750085 0.77647059 0.86666667 0.97647059
v -23.34344144 -6.99642647 -28.77894589 0.77647059 0.86666667 0.97647059
v -21.45673485 -5.89271883 -31.23740779 0.77647059 0.86666667 0.97647059
v -22.64274209 -8.40814476 -29.55073422 0.77647059 0.86666667 0.97647059
v -23.55526043 -6.99642647 -28.42706711 0.77647059 0.86666667 0.97647059
v -23.77423069 -8.40814476 -27.94616633 0.77647059 0.86666667 0.97647059
v -25.55726399 -10.53000152 -24.67603510 0.77647059 0.86666667 0.97647059
v -25.74495038 -10.53000152 -24.32181051 0.77647059 0.86666667 0.97647059
v -27.59144086 -3.45857342 -20.93438846 0.77647059 0.86666667 0.97647059
v -27.05340164 -5.58042965 -22.00410074 0.77647059 0.86666667 0.97647059
v -27.92927846 -2.75271428 -20.16729176 0.77647059 0.86666667 0.97647059
v -28.22242963 -2.05113275 -19.46118839 0.77647059 0.86666667 0.97647059
v -27.75231580 -3.45857342 -20.58250969 0.77647059 0.86666667 0.97647059
v -28.81141079 -0.63513606 -17.34053036 0.77647059 0.86666667 0.97647059
v -28.41547998 -3.45857342 -19.01078217 0.77647059 0.86666667 0.97647059
v -29.11349840 -2.05113275 -16.89716264 0.77647059 0.86666667 0.97647059
v -29.21359921 -2.05113275 -16.54528281 0.77647059 0.86666667 0.97647059
v -29.18589202 -1.34099546 -16.44675747 0.77647059 0.86666667 0.97647059
v -29.15371661 -0.89609008 -16.32946455 0.77647059 0.86666667 0.97647059
v -29.89016806 -3.62541303 -14.27448990 0.77647059 0.86666667 0.97647059
v -29.90000025 -4.16871084 -14.31202402 0.77647059 0.86666667 0.97647059
v -29.42988643 -4.87457025 -15.92597570 0.77647059 0.86666667 0.97647059
v -28.64427822 -8.40814476 -18.04897955 0.77647059 0.86666667 0.97647059
v -28.54060494 -9.04983513 -18.06070863 0.77647059 0.86666667 0.97647059
v -28.50485285 -9.67869149 -17.83550605 0.77647059 0.86666667 0.97647059
v -26.33572094 -11.67220964 -22.70551353 0.77647059 0.86666667 0.97647059
v -26.30533281 -12.97270241 -21.91730448 0.77647059 0.86666667 0.97647059
v -25.75567622 -13.36627264 -23.02924251 0.77647059 0.86666667 0.97647059
v -26.16590744 -11.92460831 -22.96355755 0.77647059 0.86666667 0.97647059
v -25.81645035 -11.99733283 -23.75880404 0.77647059 0.86666667 0.97647059
v -25.68060166 -11.79199170 -24.19044268 0.77647059 0.86666667 0.97647059
v -24.98973240 -12.65185669 -24.90592932 0.77647059 0.86666667 0.97647059
v -22.77501620 -12.27967702 -28.29804510 0.77647059 0.86666667 0.97647059
v -22.11274777 -12.39945908 -29.04872109 0.77647059 0.86666667 0.97647059
v -22.32367312 -12.64330068 -28.68276531 0.77647059 0.86666667 0.97647059
v -21.45673485 -13.01548141 -29.40294568 0.77647059 0.86666667 0.97647059
v -21.45673485 -13.36199411 -29.23639061 0.77647059 0.86666667 0.97647059
v -21.51929628 -13.36199411 -29.17070354 0.77647059 0.86666667 0.97647059
v -21.45673485 -13.57589125 -29.10971231 0.77647059 0.86666667 0.97647059
v -28.92491626 -7.70228588 -17.34053036 0.77647059 0.86666667 0.97647059
v -22.89388565 -9.11828218 -29.15428493 0.77647059 0.86666667 0.97647059
v -23.51325493 -8.86588403 -28.34496354 0.77647059 0.86666667 0.97647059
v -21.45673485 -6.25206554 -31.19049147 0.77647059 0.86666667 0.97647059
v -22.59805355 -9.11828218 -29.50850953 0.77647059 0.86666667 0.97647059
v -25.53045045 -11.24013893 -24.64319367 0.77647059 0.86666667 0.97647059
v -25.73154571 -11.24013893 -24.28896908 0.77647059 0.86666667 0.97647059
v -26.04167612 -10.53000152 -23.70485027 0.77647059 0.86666667 0.97647059
v -26.01039436 -11.24013893 -23.70485027 0.77647059 0.86666667 0.97647059
v -28.37079145 -7.70228588 -18.95448152 0.77647059 0.86666667 0.97647059
v -28.38419822 -6.99642647 -18.98966982 0.77647059 0.86666667 0.97647059
v -28.23494065 -3.45857342 -19.46118839 0.77647059 0.86666667 0.97647059
v -28.23047243 -2.75271428 -19.46118839 0.77647059 0.86666667 0.97647059
v -28.40654143 -4.16871084 -19.02251230 0.77647059 0.86666667 0.97647059
v -28.73544259 -6.99642647 -18.04897955 0.77647059 0.86666667 0.97647059
v -29.11886027 -4.87457025 -16.92531244 0.77647059 0.86666667 0.97647059
v -29.23862336 -4.87457025 -16.57108785 0.77647059 0.86666667 0.97647059
v -28.95172981 -6.99642647 -17.34053036 0.77647059 0.86666667 0.97647059
v -28.71041633 -7.70228588 -18.04897955 0.77647059 0.86666667 0.97647059
v -28.50574860 -7.70228588 -18.60025693 0.77647059 0.86666667 0.97647059
v -26.23651377 -11.24013893 -23.15826452 0.77647059 0.86666667 0.97647059
v -26.37147093 -11.24013893 -22.80403887 0.77647059 0.86666667 0.97647059
v -25.06123238 -11.88610678 -25.14286309 0.77647059 0.86666667 0.97647059
v -24.83958119 -12.08289190 -25.39386966 0.77647059 0.86666667 0.97647059
v -22.11185413 -10.28615886 -29.76655354 0.77647059 0.86666667 0.97647059
v -24.90214472 -11.61231861 -25.47832115 0.77647059 0.86666667 0.97647059
v -22.83847338 -9.65730198 -29.08859997 0.77647059 0.86666667 0.97647059
v -21.45673485 -10.35460591 -30.43277803 0.77647059 0.86666667 0.97647059
v -24.94504386 -11.24013893 -25.52992911 0.77647059 0.86666667 0.97647059
v -25.22389461 -11.24013893 -25.11705701 0.77647059 0.86666667 0.97647059
v -21.45673485 -6.28628906 -31.18579983 0.77647059 0.86666667 0.97647059
v -21.45673485 -7.49266675 -31.01689684 0.77647059 0.86666667 0.97647059
v -21.45673485 -8.01885306 -30.94183072 0.77647059 0.86666667 0.97647059
v -21.45673485 -8.40814476 -30.88083738 0.77647059 0.86666667 0.97647059
v -22.18067106 -9.82414158 -29.83223640 0.77647059 0.86666667 0.97647059
v -28.52451724 -6.99642647 -18.63544523 0.77647059 0.86666667 0.97647059
v -21.45673485 -10.28188033 -30.45623619 0.77647059 0.86666667 0.97647059
v -21.45673485 -8.69048895 -30.81750034 0.77647059 0.86666667 0.97647059
f 5528 5529 5530
f 5528 5530 5531
f 5528 5531 5536
f 5528 5536 5547
f 5528 5547 5563
f 5528 5563 5583
f 5528 5583 5611
f 5528 5611 5640
f 5528 5640 5677
f 5528 5677 5709
f 5528 5709 5708
f 5528 5708 5752
f 5528 5752 5751
f 5528 5751 5750
f 5528 5750 5749
f 5528 5749 5803
f 5528 5803 5802
f 5528 5802 5801
f 5528 5801 5799
f 5528 5799 5813
f 5528 5813 5812
f 5528 5812 5876
f 5528 5876 5832
f 5528 5832 5766
f 5528 5766 5719
f 5528 5719 5688
f 5528 5688 5656
f 5528 5656 5621
f 5528 5621 5594
f 5528 5594 5593
f 5528 5593 5592
f 5528 5592 5573
f 5528 5573 5572
f 5528 5572 5571
f 5528 5571 5564
f 5528 5564 5548
f 5528 5548 5537
f 5528 5537 5532
f 5528 5532 5541
f 5528 5541 5554
f 5528 5554 5574
f 5528 5574 5586
f 5528 5586 5616
f 5528 5616 5651
f 5528 5651 5682
f 5528 5682 5716
f 5528 5716 5764
f 5528 5764 5827
f 5528 5827 5897
f 5528 5897 5946
f 5528 5946 5945
f 5528 5945 5991
f 5528 5991 5989
f 5528 5989 5988
f 5528 5988 6019
f 5528 6019 6028
f 5528 6028 6029
f 5528 6029 6025
f 5528 6025 6024
f 5528 6024 6023
f 5528 6023 6022
f 5528 6022 5995
f 5528 5995 5955
f 5528 5955 5951
f 5528 5951 5904
f 5528 5904 5840
f 5528 5840 5778
f 5528 5778 5777
f 5528 5777 5776
f 5528 5776 5775
f 5528 5775 5774
f 5528 5774 5732
f 5528 5732 5730
f 5528 5730 5773
f 5528 5773 5728
f 5528 5728 5725
f 5528 5725 5724
f 5528 5724 5693
f 5528 5693 5691
f 5528 5691 5662
f 5528 5662 5661
f 5528 5661 5660
f 5528 5660 5658
f 5528 5658 5626
f 5528 5626 5623
f 5528 5623 5595
f 5528 5595 5575
f 5528 5575 5555
f 5528 5555 5543
f 5528 5543 5542
f 5528 5542 5533
f 5528 5533 5529
f 5529 5533 5530
f 5530 5534 5535
f 5530 5535 5536
f 5530 5536 5531
f 5530 5533 5534
f 5532 5537 5538
f 5532 5538 5539
f 5532 5539 5540
f 5532 5540 5541
f 5533 5542 5534
f 5534 5542 5543
f 5534 5543 5544
f 5534 5544 5535
f 5535 5544 5545
f 5535 5545 5546
f 5535 5546 5536
f 5536 5546 5547
f 5537 5548 5549
f 5537 5549 5538
f 5538 5550 5551
f 5538 5551 5539
f 5538 5549 5552
f 5538 5552 5550
f 5539 5551 5540
f 5540 5551 5566
f 5540 5566 5553
f 5540 5553 5574
f 5540 5574 5554
f 5540 5554 5541
f 5543 5555 5556
f 5543 5556 5557
f 5543 5557 5544
f 5544 5557 5556
f 5544 5556 5545
f 5545 5556 5558
f 5545 5558 5559
f 5545 5559 5560
f 5545 5560 5546
f 5546 5560 5561
f 5546 5561 5547
f 5547 5561 5562
f 5547 5562 5563
f 5548 5564 5549
f 5549 5564 5552
f 5550 5552 5565
f 5550 5565 5551
f 5551 5565 5567
f 5551 5567 5568
f 5551 5568 5569
f 5551 5569 5566
f 5552 5570 5565
f 5552 5564 5571
f 5552 5571 5572
f 5552 5572 5573
f 5552 5573 5570
f 5553 5566 5574
f 5555 5575 5576
f 5555 5576 5559
f 5555 5559 5577
f 5555 5577 5558
f 5555 5558 5556
f 5558 5577 5559
f 5559 5576 5578
f 5559 5578 5579
f 5559 5579 5580
f 5559 5580 5560
f 5560 5581 5561
f 5560 5580 5581
f 5561 5581 5562
f 5562 5581 5582
f 5562 5582 5563
f 5563 5582 5583
f 5565 5570 5584
f 5565 5584 5567
f 5566 5585 5586
f 5566 5586 5574
f 5566 5569 5587
f 5566 5587 5585
f 5567 5584 5588
f 5567 5588 5589
f 5567 5589 5568
f 5568 5589 5569
f 5569 5589 5590
f 5569 5590 5591
f 5569 5591 5587
f 5570 5573 5592
f 5570 5592 5593
f 5570 5593 5594
f 5570 5594 5584
f 5575 5595 5596
f 5575 5596 5576
f 5576 5596 5597
f 5576 5597 5579
f 5576 5579 5578
f 5579 5598 5580
f 5579 5597 5596
f 5579 5596 5599
f 5579 5599 5600
f 5579 5600 5601
f 5579 5601 5602
f 5579 5602 5603
f 5579 5603 5598
f 5580 5598 5603
f 5580 5603 5604
f 5580 5604 5605
f 5580 5605 5606
f 5580 5606 5607
f 5580 5607 5608
f 5580 5608 5609
f 5580 5609 5581
f 5581 5609 5582
f 5582 5609 5610
f 5582 5610 5611
f 5582 5611 5583
f 5584 5594 5588
f 5585 5587 5612
f 5585 5612 5613
f 5585 5613 5614
f 5585 5614 5586
f 5586 5615 5616
f 5586 5614 5615
f 5587 5617 5612
f 5587 5591 5618
f 5587 5618 5619
f 5587 5619 5617
f 5588 5620 5589
f 5588 5594 5621
f 5588 5621 5620
f 5589 5620 5590
f 5590 5620 5622
f 5590 5622 5591
f 5591 5622 5618
f 5595 5623 5596
f 5596 5623 5599
f 5599 5624 5625
f 5599 5625 5601
f 5599 5601 5600
f 5599 5623 5626
f 5599 5626 5624
f 5601 5627 5628
f 5601 5628 5629
f 5601 5629 5603
f 5601 5603 5602
f 5601 5625 5630
f 5601 5630 5631
f 5601 5631 5632
f 5601 5632 5633
f 5601 5633 5627
f 5603 5634 5604
f 5603 5629 5635
f 5603 5635 5634
f 5604 5634 5606
f 5604 5606 5605
f 5606 5636 5607
f 5606 5634 5637
f 5606 5637 5638
f 5606 5638 5636
f 5607 5636 5608
f 5608 5636 5639
f 5608 5639 5610
f 5608 5610 5609
f 5610 5639 5640
f 5610 5640 5611
f 5612 5617 5641
f 5612 5641 5613
f 5613 5641 5642
f 5613 5642 5614
f 5614 5643 5615
f 5614 5642 5644
f 5614 5644 5645
f 5614 5645 5646
f 5614 5646 5647
f 5614 5647 5648
f 5614 5648 5643
f 5615 5643 5649
f 5615 5649 5650
f 5615 5650 5616
f 5616 5650 5652
f 5616 5652 5651
f 5617 5619 5653
f 5617 5653 5641
f 5618 5654 5619
f 5618 5622 5655
f 5618 5655 5654
f 5619 5654 5653
f 5620 5655 5622
f 5620 5621 5655
f 5621 5656 5657
f 5621 5657 5655
f 5624 5658 5659
f 5624 5659 5660
f 5624 5660 5661
f 5624 5661 5662
f 5624 5662 5663
f 5624 5663 5625
f 5624 5626 5658
f 5625 5663 5664
f 5625 5664 5665
f 5625 5665 5666
f 5625 5666 5631
f 5625 5631 5630
f 5627 5629 5628
f 5627 5633 5667
f 5627 5667 5629
f 5629 5667 5668
f 5629 5668 5669
f 5629 5669 5670
f 5629 5670 5671
f 5629 5671 5635
f 5631 5666 5632
f 5632 5666 5667
f 5632 5667 5633
f 5634 5635 5672
f 5634 5672 5637
f 5635 5671 5672
f 5636 5638 5673
f 5636 5673 5674
f 5636 5674 5639
f 5637 5672 5638
f 5638 5672 5675
f 5638 5675 5676
f 5638 5676 5673
f 5639 5677 5640
f 5639 5674 5677
f 5641 5653 5642
f 5642 5653 5678
f 5642 5678 5645
f 5642 5645 5644
f 5643 5648 5649
f 5645 5678 5679
f 5645 5679 5646
f 5646 5679 5680
f 5646 5680 5647
f 5647 5649 5648
f 5647 5680 5650
f 5647 5650 5649
f 5650 5680 5681
f 5650 5681 5682
f 5650 5682 5683
f 5650 5683 5651
f 5650 5651 5652
f 5651 5683 5682
f 5653 5654 5678
f 5654 5655 5684
f 5654 5684 5685
f 5654 5685 5678
f 5655 5686 5687
f 5655 5687 5684
f 5655 5657 5686
f 5656 5688 5689
f 5656 5689 5657
f 5657 5689 5690
f 5657 5690 5686
f 5658 5660 5659
f 5662 5691 5663
f 5663 5691 5664
f 5664 5691 5692
f 5664 5692 5665
f 5665 5692 5691
f 5665 5691 5693
f 5665 5693 5694
f 5665 5694 5695
f 5665 5695 5696
f 5665 5696 5697
f 5665 5697 5698
f 5665 5698 5699
f 5665 5699 5666
f 5666 5699 5667
f 5667 5699 5700
f 5667 5700 5668
f 5668 5670 5669
f 5668 5700 5701
f 5668 5701 5670
f 5670 5701 5671
f 5671 5702 5672
f 5671 5701 5703
f 5671 5703 5704
f 5671 5704 5702
f 5672 5702 5705
f 5672 5705 5706
f 5672 5706 5675
f 5673 5676 5707
f 5673 5707 5674
f 5674 5707 5708
f 5674 5708 5709
f 5674 5709 5677
f 5675 5706 5676
f 5676 5706 5707
f 5678 5685 5679
f 5679 5685 5710
f 5679 5710 5711
f 5679 5711 5680
f 5680 5712 5681
f 5680 5711 5713
f 5680 5713 5714
f 5680 5714 5712
f 5681 5712 5714
f 5681 5714 5715
f 5681 5715 5682
f 5682 5715 5716
f 5684 5687 5710
f 5684 5710 5685
f 5686 5690 5687
f 5687 5690 5717
f 5687 5717 5718
f 5687 5718 5710
f 5688 5719 5720
f 5688 5720 5721
f 5688 5721 5689
f 5689 5721 5690
f 5690 5722 5717
f 5690 5721 5723
f 5690 5723 5722
f 5693 5724 5694
f 5694 5724 5725
f 5694 5725 5726
f 5694 5726 5695
f 5695 5726 5727
f 5695 5727 5728
f 5695 5728 5729
f 5695 5729 5730
f 5695 5730 5731
f 5695 5731 5732
f 5695 5732 5733
f 5695 5733 5734
f 5695 5734 5735
f 5695 5735 5736
f 5695 5736 5737
f 5695 5737 5738
f 5695 5738 5739
f 5695 5739 5740
f 5695 5740 5696
f 5696 5740 5697
f 5697 5741 5698
f 5697 5740 5741
f 5698 5741 5699
f 5699 5741 5700
f 5700 5741 5701
f 5701 5742 5743
f 5701 5743 5703
f 5701 5741 5742
f 5702 5704 5706
f 5702 5706 5705
f 5703 5706 5704
f 5703 5743 5744
f 5703 5744 5745
f 5703 5745 5746
f 5703 5746 5706
f 5706 5746 5747
f 5706 5747 5748
f 5706 5748 5749
f 5706 5749 5750
f 5706 5750 5751
f 5706 5751 5707
f 5707 5751 5752
f 5707 5752 5708
f 5710 5753 5711
f 5710 5718 5754
f 5710 5754 5753
f 5711 5753 5755
f 5711 5755 5713
f 5713 5756 5757
f 5713 5757 5758
f 5713 5758 5759
f 5713 5759 5760
f 5713 5760 5761
f 5713 5761 5762
f 5713 5762 5763
f 5713 5763 5714
f 5713 5755 5756
f 5714 5763 5715
f 5715 5763 5762
f 5715 5762 5764
f 5715 5764 5716
f 5717 5722 5718
f 5718 5722 5765
f 5718 5765 5754
f 5719 5766 5767
f 5719 5767 5720
f 5720 5767 5768
f 5720 5768 5721
f 5721 5768 5723
f 5722 5723 5765
f 5723 5768 5769
f 5723 5769 5770
f 5723 5770 5771
f 5723 5771 5772
f 5723 5772 5765
f 5725 5728 5727
f 5725 5727 5726
f 5728 5773 5729
f 5729 5773 5730
f 5730 5732 5731
f 5732 5774 5733
f 5733 5774 5775
f 5733 5775 5776
f 5733 5776 5777
f 5733 5777 5778
f 5733 5778 5779
f 5733 5779 5780
f 5733 5780 5781
f 5733 5781 5782
f 5733 5782 5783
f 5733 5783 5784
f 5733 5784 5735
f 5733 5735 5734
f 5735 5784 5785
f 5735 5785 5736
f 5736 5785 5786
f 5736 5786 5738
f 5736 5738 5737
f 5738 5786 5787
f 5738 5787 5741
f 5738 5741 5788
f 5738 5788 5740
f 5738 5740 5739
f 5740 5788 5741
f 5741 5787 5789
f 5741 5789 5790
f 5741 5790 5791
f 5741 5791 5792
f 5741 5792 5793
f 5741 5793 5742
f 5742 5793 5744
f 5742 5744 5743
f 5744 5792 5794
f 5744 5794 5795
f 5744 5795 5745
f 5744 5793 5792
f 5745 5796 5746
f 5745 5795 5797
f 5745 5797 5798
f 5745 5798 5796
f 5746 5796 5747
f 5747 5799 5800
f 5747 5800 5801
f 5747 5801 5802
f 5747 5802 5803
f 5747 5803 5749
f 5747 5749 5748
f 5747 5796 5804
f 5747 5804 5805
f 5747 5805 5806
f 5747 5806 5807
f 5747 5807 5808
f 5747 5808 5809
f 5747 5809 5810
f 5747 5810 5811
f 5747 5811 5812
f 5747 5812 5813
f 5747 5813 5799
f 5753 5754 5814
f 5753 5814 5815
f 5753 5815 5755
f 5754 5765 5816
f 5754 5816 5817
f 5754 5817 5818
f 5754 5818 5814
f 5755 5815 5819
f 5755 5819 5757
f 5755 5757 5756
f 5757 5814 5820
f 5757 5820 5821
f 5757 5821 5758
f 5757 5819 5814
f 5758 5821 5820
f 5758 5820 5822
f 5758 5822 5759
f 5759 5822 5823
f 5759 5823 5760
f 5760 5823 5761
f 5761 5824 5762
f 5761 5823 5825
f 5761 5825 5826
f 5761 5826 5764
f 5761 5764 5824
f 5762 5824 5764
f 5764 5826 5828
f 5764 5828 5829
f 5764 5829 5827
f 5765 5772 5830
f 5765 5830 5831
f 5765 5831 5816
f 5766 5832 5767
f 5767 5832 5768
f 5768 5770 5769
f 5768 5832 5833
f 5768 5833 5834
f 5768 5834 5835
f 5768 5835 5770
f 5770 5835 5771
f 5771 5836 5837
f 5771 5837 5830
f 5771 5830 5772
f 5771 5835 5838
f 5771 5838 5839
f 5771 5839 5836
f 5778 5840 5841
f 5778 5841 5779
f 5779 5842 5780
f 5779 5841 5843
f 5779 5843 5844
f 5779 5844 5842
f 5780 5842 5781
f 5781 5845 5846
f 5781 5846 5847
f 5781 5847 5782
f 5781 5842 5845
f 5782 5847 5848
f 5782 5848 5849
f 5782 5849 5783
f 5783 5850 5784
f 5783 5849 5851
f 5783 5851 5850
f 5784 5852 5785
f 5784 5850 5853
f 5784 5853 5852
f 5785 5852 5786
f 5786 5852 5854
f 5786 5854 5787
f 5787 5854 5855
f 5787 5855 5790
f 5787 5790 5789
f 5790 5855 5856
f 5790 5856 5857
f 5790 5857 5858
f 5790 5858 5859
f 5790 5859 5860
f 5790 5860 5791
f 5791 5860 5861
f 5791 5861 5862
f 5791 5862 5863
f 5791 5863 5792
f 5792 5863 5794
f 5794 5863 5797
f 5794 5797 5795
f 5796 5798 5804
f 5797 5862 5861
f 5797 5861 5864
f 5797 5864 5804
f 5797 5804 5798
f 5797 5863 5865
f 5797 5865 5862
f 5799 5801 5800
f 5804 5864 5866
f 5804 5866 5867
f 5804 5867 5805
f 5805 5867 5868
f 5805 5868 5806
f 5806 5868 5808
f 5806 5808 5807
f 5808 5869 5810
f 5808 5810 5809
f 5808 5868 5870
f 5808 5870 5869
f 5810 5869 5871
f 5810 5871 5872
f 5810 5872 5873
f 5810 5873 5874
f 5810 5874 5811
f 5811 5875 5876
f 5811 5876 5877
f 5811 5877 5812
f 5811 5874 5878
f 5811 5878 5879
f 5811 5879 5875
f 5812 5877 5876
f 5814 5819 5815
f 5814 5818 5880
f 5814 5880 5881
f 5814 5881 5820
f 5816 5831 5882
f 5816 5882 5883
f 5816 5883 5884
f 5816 5884 5885
f 5816 5885 5817
f 5817 5885 5886
f 5817 5886 5887
f 5817 5887 5888
f 5817 5888 5881
f 5817 5881 5818
f 5818 5881 5880
f 5820 5881 5889
f 5820 5889 5890
f 5820 5890 5822
f 5822 5890 5823
f 5823 5890 5825
f 5825 5890 5891
f 5825 5891 5892
f 5825 5892 5893
f 5825 5893 5894
f 5825 5894 5826
f 5826 5829 5828
f 5826 5894 5893
f 5826 5893 5895
f 5826 5895 5829
f 5827 5896 5897
f 5827 5829 5896
f 5829 5895 5898
f 5829 5898 5896
f 5830 5837 5831
f 5831 5837 5899
f 5831 5899 5882
f 5832 5876 5833
f 5833 5876 5834
f 5834 5900 5901
f 5834 5901 5839
f 5834 5839 5902
f 5834 5902 5838
f 5834 5838 5835
f 5834 5876 5879
f 5834 5879 5878
f 5834 5878 5900
f 5836 5899 5837
f 5836 5839 5903
f 5836 5903 5899
f 5838 5902 5839
f 5839 5901 5903
f 5840 5904 5843
f 5840 5843 5841
f 5842 5905 5845
f 5842 5844 5906
f 5842 5906 5907
f 5842 5907 5905
f 5843 5904 5908
f 5843 5908 5844
f 5844 5908 5906
f 5845 5905 5907
f 5845 5907 5909
f 5845 5909 5846
f 5846 5909 5907
f 5846 5907 5910
f 5846 5910 5911
f 5846 5911 5848
f 5846 5848 5847
f 5848 5912 5913
f 5848 5913 5914
f 5848 5914 5915
f 5848 5915 5916
f 5848 5916 5917
f 5848 5917 5918
f 5848 5918 5851
f 5848 5851 5849
f 5848 5911 5912
f 5850 5851 5853
f 5851 5918 5919
f 5851 5919 5853
f 5852 5853 5919
f 5852 5919 5918
f 5852 5918 5856
f 5852 5856 5920
f 5852 5920 5855
f 5852 5855 5854
f 5855 5920 5856
f 5856 5918 5917
f 5856 5917 5921
f 5856 5921 5857
f 5857 5921 5922
f 5857 5922 5858
f 5858 5922 5859
f 5859 5923 5861
f 5859 5861 5860
f 5859 5922 5924
f 5859 5924 5925
f 5859 5925 5923
f 5861 5923 5926
f 5861 5926 5864
f 5862 5865 5863
f 5864 5867 5866
f 5864 5926 5927
f 5864 5927 5928
f 5864 5928 5929
f 5864 5929 5867
f 5867 5929 5870
f 5867 5870 5868
f 5869 5870 5930
f 5869 5930 5871
f 5870 5929 5930
f 5871 5931 5872
f 5871 5930 5931
f 5872 5931 5932
f 5872 5932 5901
f 5872 5901 5873
f 5873 5901 5878
f 5873 5878 5874
f 5875 5879 5876
f 5878 5901 5900
f 5881 5888 5889
f 5882 5899 5933
f 5882 5933 5883
f 5883 5933 5934
f 5883 5934 5935
f 5883 5935 5884
f 5884 5935 5887
f 5884 5887 5885
f 5885 5887 5886
f 5887 5935 5936
f 5887 5936 5888
f 5888 5936 5937
f 5888 5937 5889
f 5889 5937 5938
f 5889 5938 5890
f 5890 5938 5939
f 5890 5939 5940
f 5890 5940 5941
f 5890 5941 5891
f 5891 5941 5942
f 5891 5942 5892
f 5892 5942 5895
f 5892 5895 5893
f 5895 5942 5943
f 5895 5943 5896
f 5895 5896 5898
f 5896 5943 5944
f 5896 5944 5945
f 5896 5945 5946
f 5896 5946 5897
f 5899 5903 5947
f 5899 5947 5948
f 5899 5948 5934
f 5899 5934 5933
f 5901 5932 5903
f 5903 5932 5949
f 5903 5949 5950
f 5903 5950 5947
f 5904 5951 5908
f 5906 5952 5907
f 5906 5908 5953
f 5906 5953 5952
f 5907 5952 5954
f 5907 5954 5910
f 5908 5951 5955
f 5908 5955 5956
f 5908 5956 5953
f 5910 5954 5957
f 5910 5957 5911
f 5911 5957 5958
f 5911 5958 5959
f 5911 5959 5913
f 5911 5913 5912
f 5913 5959 5960
f 5913 5960 5914
f 5914 5961 5915
f 5914 5960 5962
f 5914 5962 5961
f 5915 5963 5964
f 5915 5964 5916
f 5915 5961 5965
f 5915 5965 5963
f 5916 5964 5921
f 5916 5921 5917
f 5921 5964 5922
f 5922 5964 5924
f 5923 5925 5966
f 5923 5966 5926
f 5924 5964 5967
f 5924 5967 5968
f 5924 5968 5925
f 5925 5927 5966
f 5925 5968 5927
f 5926 5966 5927
f 5927 5968 5969
f 5927 5969 5970
f 5927 5970 5928
f 5928 5970 5971
f 5928 5971 5929
f 5929 5971 5970
f 5929 5970 5930
f 5930 5970 5969
f 5930 5969 5972
f 5930 5972 5931
f 5931 5973 5974
f 5931 5974 5949
f 5931 5949 5932
f 5931 5972 5969
f 5931 5969 5973
f 5934 5948 5975
f 5934 5975 5976
f 5934 5976 5977
f 5934 5977 5936
f 5934 5936 5935
f 5936 5978 5979
f 5936 5979 5938
f 5936 5938 5937
f 5936 5977 5978
f 5938 5980 5939
f 5938 5979 5978
f 5938 5978 5981
f 5938 5981 5980
f 5939 5980 5940
f 5940 5942 5941
f 5940 5980 5982
f 5940 5982 5983
f 5940 5983 5942
f 5942 5984 5943
f 5942 5983 5984
f 5943 5984 5985
f 5943 5985 5986
f 5943 5986 5987
f 5943 5987 5944
f 5944 5987 5986
f 5944 5986 5988
f 5944 5988 5989
f 5944 5989 5990
f 5944 5990 5991
f 5944 5991 5945
f 5947 5992 5948
f 5947 5950 5992
f 5948 5992 5975
f 5949 5974 5992
f 5949 5992 5950
f 5952 5953 5954
f 5953 5956 5993
f 5953 5993 5994
f 5953 5994 5954
f 5954 5994 5957
f 5955 5995 5956
f 5956 5996 5993
f 5956 5995 5996
f 5957 5994 5958
f 5958 5994 5959
f 5959 5994 5997
f 5959 5997 5998
f 5959 5998 5960
f 5960 5998 5999
f 5960 5999 5962
f 5961 5962 5965
f 5962 5999 6000
f 5962 6000 6001
f 5962 6001 6002
f 5962 6002 5965
f 5963 5965 6003
f 5963 6003 6004
f 5963 6004 5964
f 5964 6004 5967
f 5965 6002 6003
f 5967 6004 6003
f 5967 6003 6005
f 5967 6005 6006
f 5967 6006 6007
f 5967 6007 6008
f 5967 6008 5968
f 5968 5973 5969
f 5968 6008 5974
f 5968 5974 5973
f 5974 6008 6009
f 5974 6009 5992
f 5975 5992 6010
f 5975 6010 6011
f 5975 6011 6001
f 5975 6001 6012
f 5975 6012 5976
f 5976 6012 6013
f 5976 6013 5978
f 5976 5978 5977
f 5978 6013 6012
f 5978 6012 6000
f 5978 6000 5983
f 5978 5983 5982
f 5978 5982 5981
f 5980 5981 5982
f 5983 6000 5998
f 5983 5998 5997
f 5983 5997 6014
f 5983 6014 5984
f 5984 6014 6015
f 5984 6015 5985
f 5985 6016 5986
f 5985 6015 6017
f 5985 6017 6018
f 5985 6018 6016
f 5986 6016 6019
f 5986 6019 5988
f 5989 5991 5990
f 5992 6009 6010
f 5993 5996 6018
f 5993 6018 5994
f 5994 6018 6020
f 5994 6020 6021
f 5994 6021 5997
f 5995 6022 5996
f 5996 6022 6023
f 5996 6023 6024
f 5996 6024 6025
f 5996 6025 6026
f 5996 6026 6018
f 5997 6021 6014
f 5998 6000 5999
f 6000 6012 6001
f 6001 6011 6027
f 6001 6027 6002
f 6002 6027 6005
f 6002 6005 6003
f 6005 6027 6006
f 6006 6027 6010
f 6006 6010 6009
f 6006 6009 6008
f 6006 6008 6007
f 6010 6027 6011
f 6014 6021 6017
f 6014 6017 6015
f 6016 6026 6028
f 6016 6028 6019
f 6016 6018 6026
f 6017 6021 6020
f 6017 6020 6018
f 6025 6029 6026
f 6026 6029 6028

o geometry_7
v -4.93223750 26.82256928 -7.33777974 0.79607843 0.45882353 0.78039216
v -4.93223750 25.20246589 -19.26413034 0.79607843 0.45882353 0.78039216
v -5.44925606 26.39594264 -10.97724637 0.79607843 0.45882353 0.78039216
v -6.15638901 26.35813979 -11.68536360 0.79607843 0.45882353 0.78039216
v -5.44925606 26.80636776 -7.33777974 0.79607843 0.45882353 0.78039216
v -4.93223750 -26.30602960 -7.33777974 0.79607843 0.45882353 0.78039216
v -4.93223750 25.13226211 -19.56396381 0.79607843 0.45882353 0.78039216
v -8.77162227 25.20786569 -16.41890275 0.79607843 0.45882353 0.78039216
v -8.27894709 25.52648572 -15.21956883 0.79607843 0.45882353 0.78039216
v -8.28590339 25.94771467 -12.38391104 0.79607843 0.45882353 0.78039216
v -8.98608005 26.37434131 -8.14796738 0.79607843 0.45882353 0.78039216
v -8.98608005 26.45534680 -7.43985015 0.79607843 0.45882353 0.78039216
v -8.20011986 26.56335341 -7.33777974 0.79607843 0.45882353 0.78039216
v -8.27894709 25.64529405 -14.51145266 0.79607843 0.45882353 0.78039216
v -8.98608005 25.55348896 -14.51145266 0.79607843 0.45882353 0.78039216
v -7.46980168 -26.73805815 -7.33777974 0.79607843 0.45882353 0.78039216
v -4.93223750 -27.14848328 -9.93420853 0.79607843 0.45882353 0.78039216
v -4.93223750 25.12146040 -19.59905095 0.79607843 0.45882353 0.78039216
v -6.15638901 24.55982391 -20.77286647 0.79607843 0.45882353 0.78039216
v -6.15638901 24.74343620 -20.17001063 0.79607843 0.45882353 0.78039216
v -8.99883239 25.26187005 -15.94044473 0.79607843 0.45882353 0.78039216
v -8.98608005 25.41847911 -15.21956883 0.79607843 0.45882353 0.78039216
v -7.16724196 24.46261901 -20.48260278 0.79607843 0.45882353 0.78039216
v -8.99883239 25.09985908 -16.64537309 0.79607843 0.45882353 0.78039216
v -9.24227143 25.15386344 -16.18605360 0.79607843 0.45882353 0.78039216
v -9.23299777 25.86670918 -11.87993568 0.79607843 0.45882353 0.78039216
v -9.69321300 26.31493715 -7.43985015 0.79607843 0.45882353 0.78039216
v -9.79406730 26.30413543 -7.33777974 0.79607843 0.45882353 0.78039216
v -8.98608005 26.46074660 -7.33777974 0.79607843 0.45882353 0.78039216
v -9.43354504 25.21326760 -15.71397545 0.79607843 0.45882353 0.78039216
v -9.69321300 25.48868499 -13.80652536 0.79607843 0.45882353 0.78039216
v -9.69321300 25.60209140 -13.09840813 0.79607843 0.45882353 0.78039216
v -8.17693464 -26.82446344 -7.33777974 0.79607843 0.45882353 0.78039216
v -4.93223750 -27.25109009 -10.37119955 0.79607843 0.45882353 0.78039216
v -4.93223750 24.95404962 -20.13492245 0.79607843 0.45882353 0.78039216
v -5.73790528 24.46801882 -21.21942728 0.79607843 0.45882353 0.78039216
v -6.15638901 24.43021598 -21.12692455 0.79607843 0.45882353 0.78039216
v -6.69543358 24.51122146 -20.63251899 0.79607843 0.45882353 0.78039216
v -7.57065492 24.22500447 -20.87812681 0.79607843 0.45882353 0.78039216
v -8.27894709 24.27360692 -20.17001063 0.79607843 0.45882353 0.78039216
v -7.63209508 24.42481617 -20.21466545 0.79607843 0.45882353 0.78039216
v -9.69321300 24.91624678 -16.63580329 0.79607843 0.45882353 0.78039216
v -13.22771857 25.34287553 -8.85608461 0.79607843 0.45882353 0.78039216
v -10.50120025 26.14212657 -7.33777974 0.79607843 0.45882353 0.78039216
v -13.58940004 25.18086456 -9.22290242 0.79607843 0.45882353 0.78039216
v -10.40034596 24.68943395 -16.63580329 0.79607843 0.45882353 0.78039216
v -10.40034596 24.84064321 -15.92768712 0.79607843 0.45882353 0.78039216
v -8.27894709 -26.82986325 -7.33777974 0.79607843 0.45882353 0.78039216
v -4.93223750 -27.53730919 -11.68536360 0.79607843 0.45882353 0.78039216
v -4.93223750 -27.39149974 -10.97724637 0.79607843 0.45882353 0.78039216
v -4.93223750 24.43561789 -21.57348537 0.79607843 0.45882353 0.78039216
v -4.93223750 24.24660579 -22.09659925 0.79607843 0.45882353 0.78039216
v -4.93223750 23.89018292 -22.97696116 0.79607843 0.45882353 0.78039216
v -5.93961282 23.79297591 -22.71859362 0.79607843 0.45882353 0.78039216
v -6.41142119 23.73897155 -22.58143608 0.79607843 0.45882353 0.78039216
v -6.86352197 23.68496930 -22.45384727 0.79607843 0.45882353 0.78039216
v -7.54283392 23.90098252 -21.60538257 0.79607843 0.45882353 0.78039216
v -8.15490862 23.84157836 -21.38210216 0.79607843 0.45882353 0.78039216
v -8.34618329 23.98738781 -20.94511114 0.79607843 0.45882353 0.78039216
v -10.75739059 24.47341862 -16.99305237 0.79607843 0.45882353 0.78039216
v -10.40034596 24.53822259 -17.16210711 0.79607843 0.45882353 0.78039216
v -8.98608005 23.85777988 -20.71864080 0.79607843 0.45882353 0.78039216
v -13.63229180 25.20246589 -8.85608461 0.79607843 0.45882353 0.78039216
v -13.22771857 25.40767950 -8.14796738 0.79607843 0.45882353 0.78039216
v -11.37874001 25.93691295 -7.33777974 0.79607843 0.45882353 0.78039216
v -10.87447275 24.52202318 -16.63580329 0.79607843 0.45882353 0.78039216
v -13.22771857 24.08999462 -14.51145266 0.79607843 0.45882353 0.78039216
v -13.71923455 23.84698027 -14.51145266 0.79607843 0.45882353 0.78039216
v -15.74789463 23.78757611 -10.00438279 0.79607843 0.45882353 0.78039216
v -15.82092687 23.83617856 -9.56101191 0.79607843 0.45882353 0.78039216
v -16.42836474 23.77677439 -7.84494397 0.79607843 0.45882353 0.78039216
v -8.98608005 -26.82986325 -7.33777974 0.79607843 0.45882353 0.78039216
v -5.64168887 -27.86132903 -13.43970755 0.79607843 0.45882353 0.78039216
v -4.93223750 -27.80732467 -13.14944281 0.79607843 0.45882353 0.78039216
v -5.44925606 -27.55350860 -11.68536360 0.79607843 0.45882353 0.78039216
v -4.93223750 21.92985606 -27.23523222 0.79607843 0.45882353 0.78039216
v -6.86352197 23.43115324 -22.99928857 0.79607843 0.45882353 0.78039216
v -7.59152173 23.22593962 -23.04075556 0.79607843 0.45882353 0.78039216
v -7.84075681 23.03152772 -23.30231198 0.79607843 0.45882353 0.78039216
v -9.52512462 23.11793301 -22.07427079 0.79607843 0.45882353 0.78039216
v -9.99577378 23.03692752 -21.89883619 0.79607843 0.45882353 0.78039216
v -13.23583409 23.89018292 -15.20043136 0.79607843 0.45882353 0.78039216
v -9.37906119 23.77677439 -20.54958606 0.79607843 0.45882353 0.78039216
v -10.43744168 23.24214114 -20.90364520 0.79607843 0.45882353 0.78039216
v -13.06078940 23.16653546 -17.91488021 0.79607843 0.45882353 0.78039216
v -10.22762074 23.13413453 -21.42675803 0.79607843 0.45882353 0.78039216
v -13.69025328 25.23486892 -8.14796738 0.79607843 0.45882353 0.78039216
v -13.22771857 25.44548234 -7.43985015 0.79607843 0.45882353 0.78039216
v -12.52058667 25.64529405 -7.33777974 0.79607843 0.45882353 0.78039216
v -11.65927478 25.86670918 -7.33777974 0.79607843 0.45882353 0.78039216
v -13.62185893 23.78757611 -14.95163361 0.79607843 0.45882353 0.78039216
v -16.77381729 22.91811919 -11.03147098 0.79607843 0.45882353 0.78039216
v -16.52689956 23.12333281 -10.83051904 0.79607843 0.45882353 0.78039216
v -16.64282462 23.19893849 -10.26912914 0.79607843 0.45882353 0.78039216
v -16.17449177 23.62016533 -9.56101191 0.79607843 0.45882353 0.78039216
v -16.77381729 23.11793301 -10.26912914 0.79607843 0.45882353 0.78039216
v -16.77381729 23.25294074 -9.51635604 0.79607843 0.45882353 0.78039216
v -16.77381729 23.46355416 -8.11288025 0.79607843 0.45882353 0.78039216
v -16.77381729 23.51755852 -7.43985015 0.79607843 0.45882353 0.78039216
v -16.77381729 23.52295833 -7.33777974 0.79607843 0.45882353 0.78039216
v -16.44227735 23.78757611 -7.33777974 0.79607843 0.45882353 0.78039216
v -16.05625040 24.00898914 -7.33777974 0.79607843 0.45882353 0.78039216
v -16.05625040 24.00358933 -7.43985015 0.79607843 0.45882353 0.78039216
v -15.44881253 24.33841088 -7.33777974 0.79607843 0.45882353 0.78039216
v -9.69321300 -26.74885776 -7.33777974 0.79607843 0.45882353 0.78039216
v -6.51807048 -27.86132903 -13.44608741 0.79607843 0.45882353 0.78039216
v -6.15638901 -27.86132903 -13.43970755 0.79607843 0.45882353 0.78039216
v -4.93223750 -28.29335758 -17.34073059 0.79607843 0.45882353 0.78039216
v -5.06670884 -27.85592922 -13.47160475 0.79607843 0.45882353 0.78039216
v -4.93223750 -27.83432790 -13.30892881 0.79607843 0.45882353 0.78039216
v -4.93223750 21.70844303 -27.69455276 0.79607843 0.45882353 0.78039216
v -5.18147311 21.67604000 -27.64032709 0.79607843 0.45882353 0.78039216
v -8.27894709 22.44828991 -24.21775996 0.79607843 0.45882353 0.78039216
v -9.73378635 22.92352111 -22.30393001 0.79607843 0.45882353 0.78039216
v -10.43744168 22.95052223 -21.63089991 0.79607843 0.45882353 0.78039216
v -10.64146764 21.59503451 -23.96896221 0.79607843 0.45882353 0.78039216
v -11.41235811 21.62203774 -23.31188071 0.79607843 0.45882353 0.78039216
v -10.69942911 23.02612581 -21.15882176 0.79607843 0.45882353 0.78039216
v -12.28642024 21.72464244 -22.08702946 0.79607843 0.45882353 0.78039216
v -12.95761774 21.00639689 -22.76643942 0.79607843 0.45882353 0.78039216
v -14.36840497 22.42128878 -17.80961987 0.79607843 0.45882353 0.78039216
v -13.53259777 23.02612581 -17.57995960 0.79607843 0.45882353 0.78039216
v -13.26945219 23.23673923 -17.34392158 0.79607843 0.45882353 0.78039216
v -13.71575692 25.25647025 -7.43985015 0.79607843 0.45882353 0.78039216
v -13.22771857 25.45088215 -7.33777974 0.79607843 0.45882353 0.78039216
v -13.89775686 22.88571826 -17.34392158 0.79607843 0.45882353 0.78039216
v -14.49824053 22.51309387 -17.34073059 0.79607843 0.45882353 0.78039216
v -15.07785740 22.39968746 -16.43804128 0.79607843 0.45882353 0.78039216
v -16.77381729 22.71830749 -11.67260493 0.79607843 0.45882353 0.78039216
v -16.77381729 -25.19355833 -7.33777974 0.79607843 0.45882353 0.78039216
v -13.71807534 25.25647025 -7.33777974 0.79607843 0.45882353 0.78039216
v -11.10631971 -26.58684679 -7.33777974 0.79607843 0.45882353 0.78039216
v -8.63946934 -27.86132903 -16.27536534 0.79607843 0.45882353 0.78039216
v -11.82040897 -26.48964189 -7.33777974 0.79607843 0.45882353 0.78039216
v -4.93223750 -28.33656023 -18.04884887 0.79607843 0.45882353 0.78039216
v -4.93223750 21.56803338 -27.89869358 0.79607843 0.45882353 0.78039216
v -5.87353583 20.96859405 -28.33887453 0.79607843 0.45882353 0.78039216
v -6.12856801 21.11980542 -27.95610812 0.79607843 0.45882353 0.78039216
v -6.69079675 21.03340013 -27.72644996 0.79607843 0.45882353 0.78039216
v -11.13877860 22.57789784 -21.60538257 0.79607843 0.45882353 0.78039216
v -11.14805226 21.50322942 -23.72335545 0.79607843 0.45882353 0.78039216
v -8.42501051 20.84978783 -26.74082561 0.79607843 0.45882353 0.78039216
v -10.18704739 20.29355115 -26.29107591 0.79607843 0.45882353 0.78039216
v -11.58160676 21.01179881 -24.16353640 0.79607843 0.45882353 0.78039216
v -12.76286651 20.86598935 -23.23851757 0.79607843 0.45882353 0.78039216
v -14.86339962 19.42949614 -23.21300023 0.79607843 0.45882353 0.78039216
v -15.05003640 19.56990579 -22.74092208 0.79607843 0.45882353 0.78039216
v -15.90902882 21.10900370 -18.04884887 0.79607843 0.45882353 0.78039216
v -15.74441701 21.68143980 -17.06960544 0.79607843 0.45882353 0.78039216
v -15.78383009 21.00099709 -18.50178744 0.79607843 0.45882353 0.78039216
v -15.32825275 22.14587139 -16.65813175 0.79607843 0.45882353 0.78039216
v -16.77381729 21.98926022 -13.77462816 0.79607843 0.45882353 0.78039216
v -16.77381729 -25.21515966 -8.85608461 0.79607843 0.45882353 0.78039216
v -16.05625040 -25.47977744 -7.33777974 0.79607843 0.45882353 0.78039216
v -9.69321300 -27.62911428 -15.92768712 0.79607843 0.45882353 0.78039216
v -9.05679387 -27.80192486 -16.63580329 0.79607843 0.45882353 0.78039216
v -8.70322686 -27.87213074 -16.63580329 0.79607843 0.45882353 0.78039216
v -13.83399934 -26.14401863 -7.33777974 0.79607843 0.45882353 0.78039216
v -4.93223750 -28.34735983 -19.46189235 0.79607843 0.45882353 0.78039216
v -8.70670449 -27.87753054 -17.34073059 0.79607843 0.45882353 0.78039216
v -4.93223750 21.46002677 -28.03904211 0.79607843 0.45882353 0.78039216
v -5.44925606 21.03340013 -28.41861753 0.79607843 0.45882353 0.78039216
v -6.34418499 20.84438803 -28.19852811 0.79607843 0.45882353 0.78039216
v -5.44925606 20.71477799 -28.77267562 0.79607843 0.45882353 0.78039216
v -5.44925606 20.36375703 -29.15225316 0.79607843 0.45882353 0.78039216
v -5.89324237 20.27194983 -29.04699282 0.79607843 0.45882353 0.78039216
v -6.11929434 20.55816893 -28.63551808 0.79607843 0.45882353 0.78039216
v -10.80955602 19.55910408 -26.93220881 0.79607843 0.45882353 0.78039216
v -9.87289453 20.13694209 -26.75996519 0.79607843 0.45882353 0.78039216
v -12.16238283 20.22334738 -24.76001237 0.79607843 0.45882353 0.78039216
v -12.05225592 20.86058744 -23.94025600 0.79607843 0.45882353 0.78039216
v -14.14815115 18.00380465 -26.03270943 0.79607843 0.45882353 0.78039216
v -15.13813835 18.95966686 -23.52240140 0.79607843 0.45882353 0.78039216
v -15.60994461 18.72205231 -23.17153324 0.79607843 0.45882353 0.78039216
v -16.31591941 18.00380465 -23.16196450 0.79607843 0.45882353 0.78039216
v -16.77381729 18.47363605 -21.45865523 0.79607843 0.45882353 0.78039216
v -16.77381729 18.79225608 -20.87812681 0.79607843 0.45882353 0.78039216
v -16.77381729 20.38535835 -17.95953608 0.79607843 0.45882353 0.78039216
v -16.77381729 20.66617554 -17.35987018 0.79607843 0.45882353 0.78039216
v -16.77381729 20.68237706 -17.32478199 0.79607843 0.45882353 0.78039216
v -16.77381729 -25.21515966 -8.86565335 0.79607843 0.45882353 0.78039216
v -16.05625040 -25.47977744 -7.43985015 0.79607843 0.45882353 0.78039216
v -15.51141189 -25.67418934 -7.43985015 0.79607843 0.45882353 0.78039216
v -15.50329744 -25.67418934 -7.33777974 0.79607843 0.45882353 0.78039216
v -10.40034596 -27.43470238 -15.92768712 0.79607843 0.45882353 0.78039216
v -9.69321300 -27.64531580 -16.63580329 0.79607843 0.45882353 0.78039216
v -13.93485258 -26.12241730 -7.33777974 0.79607843 0.45882353 0.78039216
v -14.64198449 -25.96040844 -7.33777974 0.79607843 0.45882353 0.78039216
v -14.64198449 -25.96580824 -7.43985015 0.79607843 0.45882353 0.78039216
v -6.15638901 -28.16374754 -19.46189235 0.79607843 0.45882353 0.78039216
v -6.73600588 -27.95853603 -21.58624404 0.79607843 0.45882353 0.78039216
v -6.59458034 -27.89913187 -22.99928857 0.79607843 0.45882353 0.78039216
v -4.93223750 -28.18534886 -22.29117134 0.79607843 0.45882353 0.78039216
v -10.40034596 -27.41310106 -18.04884887 0.79607843 0.45882353 0.78039216
v -8.64410618 -27.86672883 -17.72349700 0.79607843 0.45882353 0.78039216
v -4.93223750 21.10360390 -28.49836054 0.79607843 0.45882353 0.78039216
v -4.93223750 20.88218876 -28.75672702 0.79607843 0.45882353 0.78039216
v -4.93223750 20.53656761 -29.15225316 0.79607843 0.45882353 0.78039216
v -4.93223750 20.44476251 -29.25432251 0.79607843 0.45882353 0.78039216
v -10.84201491 18.86785966 -27.64989583 0.79607843 0.45882353 0.78039216
v -4.93223750 20.20714586 -29.51269111 0.79607843 0.45882353 0.78039216
v -4.93223750 19.82372186 -29.89545752 0.79607843 0.45882353 0.78039216
v -4.93223750 19.05147195 -30.66417711 0.79607843 0.45882353 0.78039216
v -6.36505075 20.14234189 -28.93216163 0.79607843 0.45882353 0.78039216
v -7.24606918 18.12261298 -30.43451895 0.79607843 0.45882353 0.78039216
v -7.26693599 18.83545873 -29.74234927 0.79607843 0.45882353 0.78039216
v -11.31266408 18.71125060 -27.47765221 0.79607843 0.45882353 0.78039216
v -12.92168122 18.13881450 -26.92264007 0.79607843 0.45882353 0.78039216
v -13.67634278 18.16581562 -26.25598984 0.79607843 0.45882353 0.78039216
v -12.25975845 19.59150712 -25.55744240 0.79607843 0.45882353 0.78039216
v -13.93253417 17.74998859 -26.53030492 0.79607843 0.45882353 0.78039216
v -14.18756529 17.32876175 -26.80462001 0.79607843 0.45882353 0.78039216
v -14.42288988 17.53397536 -26.33573284 0.79607843 0.45882353 0.78039216
v -15.84527025 18.24682111 -23.52878126 0.79607843 0.45882353 0.78039216
v -16.77381729 18.34942792 -21.67555683 0.79607843 0.45882353 0.78039216
v -16.52574036 17.53397536 -23.52878126 0.79607843 0.45882353 0.78039216
v -16.77381729 17.59337953 -22.97058130 0.79607843 0.45882353 0.78039216
v -16.77381729 17.76619011 -22.68350649 0.79607843 0.45882353 0.78039216
v -16.77381729 -25.03154736 -15.21956883 0.79607843 0.45882353 0.78039216
v -16.59761339 -25.11795265 -15.21956883 0.79607843 0.45882353 0.78039216
v -16.05625040 -25.36096911 -15.21956883 0.79607843 0.45882353 0.78039216
v -14.64198449 -25.95500653 -15.92768712 0.79607843 0.45882353 0.78039216
v -14.64198449 -25.97120805 -15.21956883 0.79607843 0.45882353 0.78039216
v -13.93485258 -26.23042392 -15.92768712 0.79607843 0.45882353 0.78039216
v -13.42363007 -26.41403621 -12.39029090 0.79607843 0.45882353 0.78039216
v -13.08397462 -26.51124321 -10.97724637 0.79607843 0.45882353 0.78039216
v -10.76202742 -27.15388308 -19.82552023 0.79607843 0.45882353 0.78039216
v -6.52502573 -27.86672883 -23.37248624 0.79607843 0.45882353 0.78039216
v -4.93223750 -28.14754813 -22.50169307 0.79607843 0.45882353 0.78039216
v -11.64188665 18.24142131 -27.70412150 0.79607843 0.45882353 0.78039216
v -12.11369502 18.06320882 -27.55420423 0.79607843 0.45882353 0.78039216
v -8.61976175 17.38816591 -30.41219049 0.79607843 0.45882353 0.78039216
v -9.95056360 17.33416155 -29.64346879 0.79607843 0.45882353 0.78039216
v -12.03370753 15.89227065 -29.63708893 0.79607843 0.45882353 0.78039216
v -12.39886662 16.14068585 -29.16501077 0.79607843 0.45882353 0.78039216
v -12.86951579 15.97867594 -29.00552477 0.79607843 0.45882353 0.78039216
v -4.93223750 18.70585079 -30.98314912 0.79607843 0.45882353 0.78039216
v -8.14795337 17.52857556 -30.53658831 0.79607843 0.45882353 0.78039216
v -7.71671835 18.00380465 -30.30693015 0.79607843 0.45882353 0.78039216
v -14.17481400 16.61051620 -27.52549591 0.79607843 0.45882353 0.78039216
v -13.94528546 17.05334436 -27.25437181 0.79607843 0.45882353 0.78039216
v -14.46462138 16.85893246 -27.05341986 0.79607843 0.45882353 0.78039216
v -14.93642975 16.63211752 -26.80781099 0.79607843 0.45882353 0.78039216
v -14.89469825 17.29095891 -26.03270943 0.79607843 0.45882353 0.78039216
v -16.36460617 17.35036307 -23.99767054 0.79607843 0.45882353 0.78039216
v -16.77381729 15.98947660 -25.11726145 0.79607843 0.45882353 0.78039216
v -16.77381729 17.07494568 -23.73930405 0.79607843 0.45882353 0.78039216
v -16.77381729 -24.80473453 -18.06479748 0.79607843 0.45882353 0.78039216
v -16.77381729 -24.73992846 -18.75696505 0.79607843 0.45882353 0.78039216
v -16.77381729 -23.80566968 -23.75525265 0.79607843 0.45882353 0.78039216
v -8.69163478 -26.47884018 -24.81742692 0.79607843 0.45882353 0.78039216
v -5.44925606 -26.84066285 -26.53349591 0.79607843 0.45882353 0.78039216
v -4.93223750 -27.00807363 -26.53349591 0.79607843 0.45882353 0.78039216
v -4.93223750 -27.13768367 -26.15710725 0.79607843 0.45882353 0.78039216
v -4.93223750 -27.24569028 -25.83494636 0.79607843 0.45882353 0.78039216
v -4.93223750 -27.69931805 -24.39638555 0.79607843 0.45882353 0.78039216
v -4.93223750 -28.01793809 -23.06946283 0.79607843 0.45882353 0.78039216
v -16.56979238 -23.72466420 -24.25284814 0.79607843 0.45882353 0.78039216
v -10.14067800 13.91574333 -32.59076679 0.79607843 0.45882353 0.78039216
v -10.61248637 13.75913427 -32.46636897 0.79607843 0.45882353 0.78039216
v -11.10631971 13.99674881 -31.96558249 0.79607843 0.45882353 0.78039216
v -11.48075246 13.87794154 -31.85075341 0.79607843 0.45882353 0.78039216
v -12.80923590 14.52058246 -30.38348427 0.79607843 0.45882353 0.78039216
v -13.22771857 15.49264513 -29.20647882 0.79607843 0.45882353 0.78039216
v -4.93223750 18.66804795 -31.01504632 0.79607843 0.45882353 0.78039216
v -4.93223750 17.53937517 -31.95920263 0.79607843 0.45882353 0.78039216
v -6.41837644 15.22262755 -33.21276221 0.79607843 0.45882353 0.78039216
v -8.12361000 13.25690194 -34.05803592 0.79607843 0.45882353 0.78039216
v -8.69163478 13.89414200 -33.27655661 0.79607843 0.45882353 0.78039216
v -9.69321300 14.03995146 -32.69921811 0.79607843 0.45882353 0.78039216
v -13.64388494 15.33063416 -29.06293931 0.79607843 0.45882353 0.78039216
v -13.60446975 14.59618709 -29.73597151 0.79607843 0.45882353 0.78039216
v -14.43564117 16.14068585 -27.71687911 0.79607843 0.45882353 0.78039216
v -14.68603652 16.38370126 -27.28307802 0.79607843 0.45882353 0.78039216
v -15.15900410 16.15688737 -27.04384901 0.79607843 0.45882353 0.78039216
v -15.36998425 16.36209994 -26.56220212 0.79607843 0.45882353 0.78039216
v -15.63081247 15.89767045 -26.78867351 0.79607843 0.45882353 0.78039216
v -16.45271022 16.02187858 -25.52235421 0.79607843 0.45882353 0.78039216
v -16.77381729 15.53584777 -25.65313400 0.79607843 0.45882353 0.78039216
v -16.77381729 -23.64906062 -24.12844822 0.79607843 0.45882353 0.78039216
v -15.89048148 -23.69766307 -24.96734418 0.79607843 0.45882353 0.78039216
v -15.53807369 -23.60045607 -25.43942233 0.79607843 0.45882353 0.78039216
v -4.93223750 -26.69485340 -27.15548922 0.79607843 0.45882353 0.78039216
v -5.86310295 -26.47344037 -26.93220881 0.79607843 0.45882353 0.78039216
v -16.50719302 -22.99021713 -25.57657988 0.79607843 0.45882353 0.78039216
v -16.36228775 -23.58965646 -24.72492630 0.79607843 0.45882353 0.78039216
v -16.09798401 -23.49784926 -25.16829613 0.79607843 0.45882353 0.78039216
v -8.59541837 13.12729295 -33.94001797 0.79607843 0.45882353 0.78039216
v -10.38643546 13.52151867 -32.75344167 0.79607843 0.45882353 0.78039216
v -10.93707211 13.28930392 -32.63861259 0.79607843 0.45882353 0.78039216
v -11.40888049 13.11649229 -32.51740365 0.79607843 0.45882353 0.78039216
v -11.14573385 13.52151867 -32.34834890 0.79607843 0.45882353 0.78039216
v -11.75433198 13.47831602 -32.00704843 0.79607843 0.45882353 0.78039216
v -12.24352953 13.22449996 -31.89540823 0.79607843 0.45882353 0.78039216
v -4.93223750 15.61685221 -33.49345715 0.79607843 0.45882353 0.78039216
v -5.44925606 15.46564295 -33.42009401 0.79607843 0.45882353 0.78039216
v -7.57065492 12.92748019 -34.50778772 0.79607843 0.45882353 0.78039216
v -7.57065492 12.57645818 -34.75977435 0.79607843 0.45882353 0.78039216
v -7.95899818 12.47385137 -34.68003134 0.79607843 0.45882353 0.78039216
v -8.27662867 12.80327312 -34.31321353 0.79607843 0.45882353 0.78039216
v -5.50721753 14.93100864 -33.80604930 0.79607843 0.45882353 0.78039216
v -12.71533791 13.00308588 -31.71678474 0.79607843 0.45882353 0.78039216
v -13.68097961 11.84201111 -31.91773669 0.79607843 0.45882353 0.78039216
v -15.03380537 13.20289863 -29.74872913 0.79607843 0.45882353 0.78039216
v -14.90629033 15.88686979 -27.51592717 0.79607843 0.45882353 0.78039216
v -16.77381729 11.91221593 -29.15544203 0.79607843 0.45882353 0.78039216
v -16.47821281 14.65559125 -26.95772826 0.79607843 0.45882353 0.78039216
v -16.29157604 15.12542160 -26.73444785 0.79607843 0.45882353 0.78039216
v -16.77381729 14.86080382 -26.38676752 0.79607843 0.45882353 0.78039216
v -16.47589439 15.35223548 -26.26236970 0.79607843 0.45882353 0.78039216
v -16.77381729 -23.09282394 -25.06303578 0.79607843 0.45882353 0.78039216
v -16.75063312 -23.10362565 -25.07898438 0.79607843 0.45882353 0.78039216
v -15.80585716 -22.99021713 -26.27831830 0.79607843 0.45882353 0.78039216
v -15.30854620 -23.06582281 -26.52073618 0.79607843 0.45882353 0.78039216
v -6.60733163 -25.79299766 -27.68179303 0.79607843 0.45882353 0.78039216
v -4.93223750 -26.63004943 -27.26394054 0.79607843 0.45882353 0.78039216
v -6.15638901 -25.87400104 -27.83171030 0.79607843 0.45882353 0.78039216
v -5.79007071 -25.73359350 -28.29421971 0.79607843 0.45882353 0.78039216
v -16.04813594 -23.13602658 -25.81899776 0.79607843 0.45882353 0.78039216
v -16.77381729 -22.84980748 -25.41390500 0.79607843 0.45882353 0.78039216
v -16.77381729 -20.15503566 -28.37715159 0.79607843 0.45882353 0.78039216
v -10.65885576 11.68540099 -33.92087838 0.79607843 0.45882353 0.78039216
v -12.17397492 12.45765090 -32.54930085 0.79607843 0.45882353 0.78039216
v -11.81345266 12.95448237 -32.38981484 0.79607843 0.45882353 0.78039216
v -4.93223750 15.26583019 -33.77096112 0.79607843 0.45882353 0.78039216
v -4.93223750 15.12542160 -33.87622356 0.79607843 0.45882353 0.78039216
v -6.81715258 12.81947358 -34.84589721 0.79607843 0.45882353 0.78039216
v -5.30667026 12.58185798 -35.47108151 0.79607843 0.45882353 0.78039216
v -6.48561159 11.01575789 -36.07074846 0.79607843 0.45882353 0.78039216
v -9.69321300 10.15170289 -35.28926704 0.79607843 0.45882353 0.78039216
v -10.09430861 9.67107189 -35.39771837 0.79607843 0.45882353 0.78039216
v -10.35745419 9.93568967 -35.13297202 0.79607843 0.45882353 0.78039216
v -10.40034596 10.49192530 -34.78848056 0.79607843 0.45882353 0.78039216
v -12.88806312 11.75560582 -32.55248972 0.79607843 0.45882353 0.78039216
v -14.38115837 11.13456622 -31.90816795 0.79607843 0.45882353 0.78039216
v -16.77381729 11.44778645 -29.51587998 0.79607843 0.45882353 0.78039216
v -16.76338441 11.91221593 -29.16501077 0.79607843 0.45882353 0.78039216
v -16.77381729 14.73119588 -26.51754731 0.79607843 0.45882353 0.78039216
v -15.51720794 -22.77420390 -26.75039645 0.79607843 0.45882353 0.78039216
v -15.04539956 -22.93621488 -26.91626021 0.79607843 0.45882353 0.78039216
v -7.83148315 -24.99374663 -28.22404545 0.79607843 0.45882353 0.78039216
v -4.93223750 -25.63638650 -28.82052142 0.79607843 0.45882353 0.78039216
v -7.35967477 -25.08015192 -28.37715159 0.79607843 0.45882353 0.78039216
v -8.96173667 -23.82727101 -29.38510230 0.79607843 0.45882353 0.78039216
v -8.27894709 -23.50325117 -30.24632462 0.79607843 0.45882353 0.78039216
v -8.25692213 -23.11982506 -30.80452564 0.79607843 0.45882353 0.78039216
v -4.93223750 -25.27456382 -29.37234258 0.79607843 0.45882353 0.78039216
v -16.77381729 -19.79321299 -28.71845207 0.79607843 0.45882353 0.78039216
v -16.30780495 -19.98762489 -28.92578177 0.79607843 0.45882353 0.78039216
v -16.59877260 -20.22524154 -28.45370572 0.79607843 0.45882353 0.78039216
v -10.92316161 11.21557065 -34.06441789 0.79607843 0.45882353 0.78039216
v -4.93223750 12.66826432 -35.53168492 0.79607843 0.45882353 0.78039216
v -6.01380321 11.12376556 -36.14092273 0.79607843 0.45882353 0.78039216
v -4.93223750 10.93475346 -36.55877522 0.79607843 0.45882353 0.78039216
v -4.93223750 10.51892642 -36.78843549 0.79607843 0.45882353 0.78039216
v -4.93223750 9.96809165 -37.08826791 0.79607843 0.45882353 0.78039216
v -6.49488525 9.60626792 -36.78205562 0.79607843 0.45882353 0.78039216
v -9.36746805 8.93662482 -36.09307482 0.79607843 0.45882353 0.78039216
v -12.14151603 7.47313154 -35.35944130 0.79607843 0.45882353 0.78039216
v -10.76898267 10.34071499 -34.67365148 0.79607843 0.45882353 0.78039216
v -12.83937532 8.15897510 -34.64494527 0.79607843 0.45882353 0.78039216
v -13.71112009 8.34798720 -34.04208943 0.79607843 0.45882353 0.78039216
v -13.68677566 9.70887473 -33.31802255 0.79607843 0.45882353 0.78039216
v -16.57442922 11.23717197 -29.85080059 0.79607843 0.45882353 0.78039216
v -14.15858403 9.43345734 -33.16491640 0.79607843 0.45882353 0.78039216
v -15.68877500 7.45153022 -33.23509067 0.79607843 0.45882353 0.78039216
v -16.77381729 11.42078427 -29.53501957 0.79607843 0.45882353 0.78039216
v -15.54966577 -20.66266779 -28.88750681 0.79607843 0.45882353 0.78039216
v -15.07901661 -20.84088028 -29.06613029 0.79607843 0.45882353 0.78039216
v -10.80028235 -22.22876893 -30.45365643 0.79607843 0.45882353 0.78039216
v -8.47833621 -22.84980748 -31.05651226 0.79607843 0.45882353 0.78039216
v -8.86088343 -23.01721825 -30.58762509 0.79607843 0.45882353 0.78039216
v -8.00652784 -22.93621488 -31.15539485 0.79607843 0.45882353 0.78039216
v -4.93223750 -25.03154736 -29.71045207 0.79607843 0.45882353 0.78039216
v -5.04700177 -25.00994604 -29.68812571 0.79607843 0.45882353 0.78039216
v -4.93223750 -25.13415417 -29.57010565 0.79607843 0.45882353 0.78039216
v -16.77381729 -19.72840902 -28.77905548 0.79607843 0.45882353 0.78039216
v -15.83599658 -20.18743870 -29.11078722 0.79607843 0.45882353 0.78039216
v -16.56979238 -19.51779560 -29.13630456 0.79607843 0.45882353 0.78039216
v -16.05393198 -19.72300921 -29.35958286 0.79607843 0.45882353 0.78039216
v -4.93223750 9.60086812 -37.27327125 0.79607843 0.45882353 0.78039216
v -4.93223750 9.37945403 -37.38172258 0.79607843 0.45882353 0.78039216
v -4.93223750 9.01763030 -37.54120859 0.79607843 0.45882353 0.78039216
v -4.93223750 8.74761272 -37.65922865 0.79607843 0.45882353 0.78039216
v -4.93223750 8.54779996 -37.74534941 0.79607843 0.45882353 0.78039216
v -4.93223750 7.86195640 -38.03242422 0.79607843 0.45882353 0.78039216
v -7.10927943 7.42452856 -37.47422320 0.79607843 0.45882353 0.78039216
v -9.16923919 7.36512493 -36.73739870 0.79607843 0.45882353 0.78039216
v -9.41383744 6.88989425 -36.81714170 0.79607843 0.45882353 0.78039216
v -12.21802589 5.43180078 -36.10583454 0.79607843 0.45882353 0.78039216
v -11.86909677 7.19771415 -35.59547933 0.79607843 0.45882353 0.78039216
v -13.25901826 7.89435838 -34.54287380 0.79607843 0.45882353 0.78039216
v -12.31308309 6.99790139 -35.46151277 0.79607843 0.45882353 0.78039216
v -13.51636885 7.39212658 -34.63537653 0.79607843 0.45882353 0.78039216
v -13.94180784 7.84035507 -34.16648725 0.79607843 0.45882353 0.78039216
v -14.18176925 8.07256982 -33.88579230 0.79607843 0.45882353 0.78039216
v -14.36144972 7.60274000 -34.01338111 0.79607843 0.45882353 0.78039216
v -15.09408632 6.25805399 -34.04527831 0.79607843 0.45882353 0.78039216
v -16.39127007 3.91430419 -33.94958671 0.79607843 0.45882353 0.78039216
v -16.38431482 6.03663991 -33.22871081 0.79607843 0.45882353 0.78039216
v -16.77381729 8.50459732 -31.34039819 0.79607843 0.45882353 0.78039216
v -15.30274805 -20.39265021 -29.32449678 0.79607843 0.45882353 0.78039216
v -15.05699165 -20.12803454 -29.75510899 0.79607843 0.45882353 0.78039216
v -9.42311217 -22.24497045 -31.17453233 0.79607843 0.45882353 0.78039216
v -7.95899818 -20.10643321 -33.97829503 0.79607843 0.45882353 0.78039216
v -7.96711370 -20.82467876 -33.29569409 0.79607843 0.45882353 0.78039216
v -7.57065492 -20.56006098 -33.74863476 0.79607843 0.45882353 0.78039216
v -7.57065492 -20.91108405 -33.39457667 0.79607843 0.45882353 0.78039216
v -6.37200600 -22.87140880 -31.79014788 0.79607843 0.45882353 0.78039216
v -6.86352197 -20.70047063 -33.87941244 0.79607843 0.45882353 0.78039216
v -5.44925606 -22.60679313 -32.23989968 0.79607843 0.45882353 0.78039216
v -4.93223750 -22.60139333 -32.22713996 0.79607843 0.45882353 0.78039216
v -5.90019762 -22.93081297 -31.87307976 0.79607843 0.45882353 0.78039216
v -16.77381729 -19.41518879 -29.05018169 0.79607843 0.45882353 0.78039216
v -15.52764081 -19.92822072 -29.57967439 0.79607843 0.45882353 0.78039216
v -16.27186949 -19.23157650 -29.60838271 0.79607843 0.45882353 0.78039216
v -15.80005901 -19.45839143 -29.79019718 0.79607843 0.45882353 0.78039216
v -4.93223750 7.58653901 -38.14406442 0.79607843 0.45882353 0.78039216
v -5.26841532 6.96549941 -38.27484210 0.79607843 0.45882353 0.78039216
v -6.48561159 6.06364156 -38.19509910 0.79607843 0.45882353 0.78039216
v -7.18231167 5.33459483 -38.18872134 0.79607843 0.45882353 0.78039216
v -9.69321300 5.72882001 -37.09783665 0.79607843 0.45882353 0.78039216
v -10.45599007 5.06997810 -37.00852491 0.79607843 0.45882353 0.78039216
v -11.39381078 4.55154478 -36.75972716 0.79607843 0.45882353 0.78039216
v -12.55188530 4.34093136 -36.28126915 0.79607843 0.45882353 0.78039216
v -12.95877695 4.11951728 -36.15049147 0.79607843 0.45882353 0.78039216
v -15.52184477 1.48414857 -35.25736984 0.79607843 0.45882353 0.78039216
v -16.44343656 1.19793013 -34.69279107 0.79607843 0.45882353 0.78039216
v -16.77381729 2.89903888 -33.95596657 0.79607843 0.45882353 0.78039216
v -16.77381729 5.71261902 -32.85870201 0.79607843 0.45882353 0.78039216
v -16.77381729 3.65508727 -33.69122022 0.79607843 0.45882353 0.78039216
v -16.77381729 3.68208892 -33.68165148 0.79607843 0.45882353 0.78039216
v -15.31550145 -19.70680770 -29.91459500 0.79607843 0.45882353 0.78039216
v -15.72702888 -18.69154344 -30.43770783 0.79607843 0.45882353 0.78039216
v -15.34911850 -19.19377365 -30.28779267 0.79607843 0.45882353 0.78039216
v -8.75539230 -19.47459295 -34.04846719 0.79607843 0.45882353 0.78039216
v -8.22794086 -19.71760730 -34.14415879 0.79607843 0.45882353 0.78039216
v -7.70512627 -19.30178237 -34.62899666 0.79607843 0.45882353 0.78039216
v -7.57065492 -20.20363811 -34.05165817 0.79607843 0.45882353 0.78039216
v -6.86352197 -20.34944756 -34.11864145 0.79607843 0.45882353 0.78039216
v -6.15638901 -20.66806970 -33.88898118 0.79607843 0.45882353 0.78039216
v -5.77152338 -21.50512147 -33.26379688 0.79607843 0.45882353 0.78039216
v -5.86542137 -21.50512147 -33.26379688 0.79607843 0.45882353 0.78039216
v -5.44925606 -22.25037026 -32.58119805 0.79607843 0.45882353 0.78039216
v -4.93223750 -22.25037026 -32.58438692 0.79607843 0.45882353 0.78039216
v -16.77381729 -19.02636288 -29.34682524 0.79607843 0.45882353 0.78039216
v -16.48980489 -18.75634740 -29.78381521 0.79607843 0.45882353 0.78039216
v -4.93223750 7.34892393 -38.23018728 0.79607843 0.45882353 0.78039216
v -4.93223750 7.10590800 -38.31631015 0.79607843 0.45882353 0.78039216
v -5.27768952 4.84316316 -38.97020066 0.79607843 0.45882353 0.78039216
v -6.15638901 5.02137460 -38.65441964 0.79607843 0.45882353 0.78039216
v -9.69321300 5.02137460 -37.32749692 0.79607843 0.45882353 0.78039216
v -6.91336898 5.06997810 -38.37053370 0.79607843 0.45882353 0.78039216
v -6.48329317 3.91430419 -38.90002850 0.79607843 0.45882353 0.78039216
v -10.83390045 2.62362149 -37.53482872 0.79607843 0.45882353 0.78039216
v -12.03254833 3.60648429 -36.74377856 0.79607843 0.45882353 0.78039216
v -12.52058667 3.60648429 -36.51730717 0.79607843 0.45882353 0.78039216
v -15.64935981 0.77670316 -35.34349270 0.79607843 0.45882353 0.78039216
v -16.77381729 -0.71919250 -34.86184581 0.79607843 0.45882353 0.78039216
v -16.77381729 1.52195089 -34.34511073 0.79607843 0.45882353 0.78039216
v -12.97152824 -13.82043049 -34.72149939 0.79607843 0.45882353 0.78039216
v -12.28178341 -14.53327623 -34.73106813 0.79607843 0.45882353 0.78039216
v -16.77381729 -18.25951488 -29.90821513 0.79607843 0.45882353 0.78039216
v -16.77381729 -17.70867905 -30.29098155 0.79607843 0.45882353 0.78039216
v -16.77381729 -17.37925836 -30.48555363 0.79607843 0.45882353 0.78039216
v -16.77381729 -16.98503370 -30.69926530 0.79607843 0.45882353 0.78039216
v -14.99207387 -12.99957813 -33.95596657 0.79607843 0.45882353 0.78039216
v -8.06101063 -18.83195098 -34.74701462 0.79607843 0.45882353 0.78039216
v -6.86352197 -19.42598840 -34.70554868 0.79607843 0.45882353 0.78039216
v -7.51037503 -19.65820525 -34.43442458 0.79607843 0.45882353 0.78039216
v -7.81989106 -17.89229135 -35.31478649 0.79607843 0.45882353 0.78039216
v -7.34808269 -18.01649842 -35.41047809 0.79607843 0.45882353 0.78039216
v -6.15638901 -19.43679011 -34.71511742 0.79607843 0.45882353 0.78039216
v -4.93223750 -18.45932659 -35.24780110 0.79607843 0.45882353 0.78039216
v -4.93223750 -21.82914342 -32.89059921 0.79607843 0.45882353 0.78039216
v -4.93223750 -22.13156193 -32.67688965 0.79607843 0.45882353 0.78039216
v -16.77381729 -18.59973624 -29.65941739 0.79607843 0.45882353 0.78039216
v -4.93223750 4.97817195 -39.01166660 0.79607843 0.45882353 0.78039216
v -4.93223750 4.50294181 -39.15201513 0.79607843 0.45882353 0.78039216
v -4.93223750 4.32473037 -39.20304981 0.79607843 0.45882353 0.78039216
v -5.48751099 4.35173202 -39.05313254 0.79607843 0.45882353 0.78039216
v -6.21087392 4.35173202 -38.84580284 0.79607843 0.45882353 0.78039216
v -5.44925606 3.60648429 -39.26684421 0.79607843 0.45882353 0.78039216
v -7.90915222 1.10072392 -38.90321527 0.79607843 0.45882353 0.78039216
v -10.02359478 1.00351770 -38.19191022 0.79607843 0.45882353 0.78039216
v -12.14383550 3.20685878 -36.77886675 0.79607843 0.45882353 0.78039216
v -12.87415262 1.13312603 -36.78843549 0.79607843 0.45882353 0.78039216
v -14.89122062 -0.63278698 -36.02290266 0.79607843 0.45882353 0.78039216
v -14.96773049 -1.15662046 -36.06755959 0.79607843 0.45882353 0.78039216
v -15.95655637 -1.33483190 -35.52211618 0.79607843 0.45882353 0.78039216
v -16.31012337 -1.33483190 -35.30840452 0.79607843 0.45882353 0.78039216
v -16.77381729 -1.32943157 -34.95753741 0.79607843 0.45882353 0.78039216
v -12.51942746 -14.05804609 -34.83632847 0.79607843 0.45882353 0.78039216
v -13.61722210 -11.62249014 -35.39133850 0.79607843 0.45882353 0.78039216
v -8.01580150 -17.42246100 -35.45832178 0.79607843 0.45882353 0.78039216
v -16.77381729 -11.71429628 -33.27017675 0.79607843 0.45882353 0.78039216
v -15.65051901 -12.21112775 -33.92406937 0.79607843 0.45882353 0.78039216
v -15.38853158 -12.71875988 -33.83794650 0.79607843 0.45882353 0.78039216
v -15.17986985 -12.52974779 -34.05803592 0.79607843 0.45882353 0.78039216
v -13.76444473 -11.23906508 -35.48065025 0.79607843 0.45882353 0.78039216
v -4.93223750 -18.03810185 -35.50935857 0.79607843 0.45882353 0.78039216
v -7.57876938 -17.63847528 -35.52530717 0.79607843 0.45882353 0.78039216
v -4.93223750 -12.65395592 -38.02285548 0.79607843 0.45882353 0.78039216
v -4.93223750 -13.39380384 -37.71345221 0.79607843 0.45882353 0.78039216
v -4.93223750 -15.29472548 -36.88412709 0.79607843 0.45882353 0.78039216
v -4.93223750 -16.72041592 -36.17281993 0.79607843 0.45882353 0.78039216
v -4.93223750 -18.11370543 -35.46470164 0.79607843 0.45882353 0.78039216
v -4.93223750 3.60648429 -39.35934483 0.79607843 0.45882353 0.78039216
v -4.93223750 3.08805098 -39.44865868 0.79607843 0.45882353 0.78039216
v -4.93223750 2.85583623 -39.47736489 0.79607843 0.45882353 0.78039216
v -5.44925606 2.89903888 -39.35296707 0.79607843 0.45882353 0.78039216
v -7.63325429 0.83070660 -39.01485759 0.79607843 0.45882353 0.78039216
v -8.63715093 -0.97300876 -38.90959724 0.79607843 0.45882353 0.78039216
v -8.98608005 0.77670316 -38.58424537 0.79607843 0.45882353 0.78039216
v -9.75001632 0.77130283 -38.32268790 0.79607843 0.45882353 0.78039216
v -11.66970765 -0.63278698 -37.60500299 0.79607843 0.45882353 0.78039216
v -13.48622838 -0.63278698 -36.74377856 0.79607843 0.45882353 0.78039216
v -13.04803810 0.06925794 -36.86498750 0.79607843 0.45882353 0.78039216
v -13.40160406 0.06925794 -36.69593276 0.79607843 0.45882353 0.78039216
v -11.10631971 -1.33483190 -37.93992149 0.79607843 0.45882353 0.78039216
v -14.69531018 -1.37263435 -36.21428587 0.79607843 0.45882353 0.78039216
v -15.00482516 -1.63185087 -36.08350608 0.79607843 0.45882353 0.78039216
v -15.28420072 -1.37263435 -35.90807358 0.79607843 0.45882353 0.78039216
v -16.00176760 -2.04227718 -35.55401339 0.79607843 0.45882353 0.78039216
v -16.35533250 -2.04227718 -35.33392396 0.79607843 0.45882353 0.78039216
v -16.77381729 -4.16461304 -35.18400670 0.79607843 0.45882353 0.78039216
v -13.22771857 -11.23906508 -35.74220771 0.79607843 0.45882353 0.78039216
v -12.84517136 -10.85024023 -36.06755959 0.79607843 0.45882353 0.78039216
v -9.56106008 -11.80610138 -36.86498750 0.79607843 0.45882353 0.78039216
v -16.77381729 -9.14373154 -34.51416548 0.79607843 0.45882353 0.78039216
v -14.26059648 -10.83943957 -35.35625243 0.79607843 0.45882353 0.78039216
v -14.11801173 -11.23906508 -35.27012956 0.79607843 0.45882353 0.78039216
v -13.98933644 -10.57482284 -35.61143003 0.79607843 0.45882353 0.78039216
v -13.24510776 -10.58022370 -35.98462560 0.79607843 0.45882353 0.78039216
v -4.93223750 -12.45954401 -38.08983876 0.79607843 0.45882353 0.78039216
v -4.93223750 2.30500093 -39.53478154 0.79607843 0.45882353 0.78039216
v -5.25450482 0.77670316 -39.65599048 0.79607843 0.45882353 0.78039216
v -5.73558686 0.06925794 -39.60495370 0.79607843 0.45882353 0.78039216
v -7.57065492 0.06925794 -39.10735820 0.79607843 0.45882353 0.78039216
v -8.63715093 -1.01621154 -38.90959724 0.79607843 0.45882353 0.78039216
v -9.69321300 -2.04227718 -38.51407111 0.79607843 0.45882353 0.78039216
v -10.62407846 -2.04227718 -38.15363316 0.79607843 0.45882353 0.78039216
v -10.60437191 -1.33483190 -38.14406442 0.79607843 0.45882353 0.78039216
v -6.86352197 -1.33483190 -39.43271008 0.79607843 0.45882353 0.78039216
v -11.10631971 -2.04227718 -37.96224995 0.79607843 0.45882353 0.78039216
v -15.03844220 -2.90633232 -36.10264566 0.79607843 0.45882353 0.78039216
v -16.05625040 -4.16461304 -35.60504806 0.79607843 0.45882353 0.78039216
v -16.46546152 -4.87205792 -35.40728710 0.79607843 0.45882353 0.78039216
v -16.44227735 -4.16461304 -35.39133850 0.79607843 0.45882353 0.78039216
v -16.77381729 -4.21321601 -35.18719768 0.79607843 0.45882353 0.78039216
v -13.49202442 -10.05098919 -36.04523112 0.79607843 0.45882353 0.78039216
v -13.02021605 -10.37501008 -36.13454287 0.79607843 0.45882353 0.78039216
v -12.52058667 -9.82417531 -36.45989474 0.79607843 0.45882353 0.78039216
v -12.57391131 -10.58022370 -36.23342335 0.79607843 0.45882353 0.78039216
v -10.03171030 -11.57388664 -36.78205562 0.79607843 0.45882353 0.78039216
v -8.08651427 -11.06625451 -37.55715508 0.79607843 0.45882353 0.78039216
v -5.69617272 -11.48208154 -38.16958176 0.79607843 0.45882353 0.78039216
v -16.77381729 -8.69010272 -34.67684247 0.79607843 0.45882353 0.78039216
v -16.54428769 -8.92771779 -34.72787714 0.79607843 0.45882353 0.78039216
v -15.03264616 -9.53255640 -35.39771837 0.79607843 0.45882353 0.78039216
v -14.64662132 -9.79177332 -35.52849605 0.79607843 0.45882353 0.78039216
v -14.41361621 -10.36961028 -35.44875304 0.79607843 0.45882353 0.78039216
v -13.90471211 -9.81877445 -35.91764232 0.79607843 0.45882353 0.78039216
v -4.93223750 -11.85470488 -38.28122196 0.79607843 0.45882353 0.78039216
v -5.22436488 -11.70889543 -38.23975602 0.79607843 0.45882353 0.78039216
v -4.93223750 1.78656788 -39.58581622 0.79607843 0.45882353 0.78039216
v -4.93223750 -1.14581980 -39.82185635 0.79607843 0.45882353 0.78039216
v -4.93223750 -1.88566720 -39.86970004 0.79607843 0.45882353 0.78039216
v -5.88860554 -0.80559805 -39.63047314 0.79607843 0.45882353 0.78039216
v -7.57065492 -2.04227718 -39.20624079 0.79607843 0.45882353 0.78039216
v -8.20127907 -2.74972247 -38.99572011 0.79607843 0.45882353 0.78039216
v -8.98608005 -2.04227718 -38.76924872 0.79607843 0.45882353 0.78039216
v -8.98608005 -2.74972247 -38.74054250 0.79607843 0.45882353 0.78039216
v -10.52090680 -3.45716762 -38.12173596 0.79607843 0.45882353 0.78039216
v -10.57307223 -2.74972247 -38.13768456 0.79607843 0.45882353 0.78039216
v -4.93223750 -2.56071037 -39.90478823 0.79607843 0.45882353 0.78039216
v -4.93223750 -2.74972247 -39.91116598 0.79607843 0.45882353 0.78039216
v -4.93223750 -3.28435651 -39.92392571 0.79607843 0.45882353 0.78039216
v -4.93223750 -3.44096663 -39.92073683 0.79607843 0.45882353 0.78039216
v -6.86352197 -2.04227718 -39.41357049 0.79607843 0.45882353 0.78039216
v -15.04539956 -3.45716762 -36.10583454 0.79607843 0.45882353 0.78039216
v -11.10631971 -3.45716762 -37.88250695 0.79607843 0.45882353 0.78039216
v -16.05625040 -5.57950334 -35.59229045 0.79607843 0.45882353 0.78039216
v -16.05625040 -4.87205792 -35.62099877 0.79607843 0.45882353 0.78039216
v -16.45155102 -5.57950334 -35.40090724 0.79607843 0.45882353 0.78039216
v -16.77381729 -4.95846374 -35.19676642 0.79607843 0.45882353 0.78039216
v -16.77381729 -4.87205792 -35.19676642 0.79607843 0.45882353 0.78039216
v -13.64852178 -9.57575905 -36.10902553 0.79607843 0.45882353 0.78039216
v -13.24510776 -9.81877445 -36.20152614 0.79607843 0.45882353 0.78039216
v -12.23889270 -8.86831416 -36.81395072 0.79607843 0.45882353 0.78039216
v -5.81905198 -8.78730867 -38.91597500 0.79607843 0.45882353 0.78039216
v -4.93223750 -11.23906508 -38.46941418 0.79607843 0.45882353 0.78039216
v -16.77381729 -8.40928448 -34.76296533 0.79607843 0.45882353 0.78039216
v -16.68339692 -8.40928448 -34.81080902 0.79607843 0.45882353 0.78039216
v -14.64198449 -9.11672989 -35.70712164 0.79607843 0.45882353 0.78039216
v -4.93223750 -4.16461304 -39.86013130 0.79607843 0.45882353 0.78039216
v -4.93223750 -5.32568728 -39.76125082 0.79607843 0.45882353 0.78039216
v -4.93223750 -5.57950334 -39.73892236 0.79607843 0.45882353 0.78039216
v -8.43660260 -3.45716762 -38.85537158 0.79607843 0.45882353 0.78039216
v -8.55484502 -2.74972247 -38.88407780 0.79607843 0.45882353 0.78039216
v -8.98608005 -3.45716762 -38.67036613 0.79607843 0.45882353 0.78039216
v -10.11517436 -3.98640160 -38.22380742 0.79607843 0.45882353 0.78039216
v -10.37020654 -4.19701502 -38.10897623 0.79607843 0.45882353 0.78039216
v -11.10631971 -4.16461304 -37.81871255 0.79607843 0.45882353 0.78039216
v -12.84053452 -7.70183906 -36.77248478 0.79607843 0.45882353 0.78039216
v -16.42488711 -5.97372853 -35.38176977 0.79607843 0.45882353 0.78039216
v -16.77381729 -5.61190532 -35.14254076 0.79607843 0.45882353 0.78039216
v -16.77381729 -5.57950334 -35.14573174 0.79607843 0.45882353 0.78039216
v -14.09250809 -9.11672989 -35.99100546 0.79607843 0.45882353 0.78039216
v -13.73894214 -9.11672989 -36.15049147 0.79607843 0.45882353 0.78039216
v -12.71881553 -8.40928448 -36.72145010 0.79607843 0.45882353 0.78039216
v -12.36524853 -8.40928448 -36.86498750 0.79607843 0.45882353 0.78039216
v -4.93223750 -7.72884124 -39.41995246 0.79607843 0.45882353 0.78039216
v -4.93223750 -8.40928448 -39.27003519 0.79607843 0.45882353 0.78039216
v -4.93223750 -6.00073018 -39.69745642 0.79607843 0.45882353 0.78039216
v -8.27894709 -4.87205792 -38.75330012 0.79607843 0.45882353 0.78039216
v -8.98608005 -4.87205792 -38.52683083 0.79607843 0.45882353 0.78039216
v -8.98608005 -5.57950334 -38.45027671 0.79607843 0.45882353 0.78039216
v -9.50309860 -5.57950334 -38.26527336 0.79607843 0.45882353 0.78039216
v -10.40034596 -6.28694876 -37.85698961 0.79607843 0.45882353 0.78039216
v -11.30918645 -6.99439417 -37.43913712 0.79607843 0.45882353 0.78039216
v -12.48696857 -7.70183906 -36.91602429 0.79607843 0.45882353 0.78039216
v -9.69321300 -7.70183906 -37.86974933 0.79607843 0.45882353 0.78039216
v -10.95561945 -6.99439417 -37.56991480 0.79607843 0.45882353 0.78039216
v -10.40034596 -6.99439417 -37.76767787 0.79607843 0.45882353 0.78039216
v -9.69321300 -6.99439417 -38.00052702 0.79607843 0.45882353 0.78039216
v -4.93223750 -7.52362762 -39.45503643 0.79607843 0.45882353 0.78039216
v -4.93223750 -6.36255338 -39.64641964 0.79607843 0.45882353 0.78039216
v -9.03129023 -6.30855008 -38.32268790 0.79607843 0.45882353 0.78039216
v -4.93223750 -6.56776647 -39.61452243 0.79607843 0.45882353 0.78039216
v -4.93339671 -6.99439417 -39.54435028 0.79607843 0.45882353 0.78039216
v -4.93223750 -6.99439417 -39.54435028 0.79607843 0.45882353 0.78039216
f 6030 6031 6032
f 6030 6032 6033
f 6030 6033 6034
f 6030 6034 6042
f 6030 6042 6058
f 6030 6058 6057
f 6030 6057 6073
f 6030 6073 6094
f 6030 6094 6119
f 6030 6119 6118
f 6030 6118 6154
f 6030 6154 6160
f 6030 6160 6133
f 6030 6133 6131
f 6030 6131 6130
f 6030 6130 6129
f 6030 6129 6159
f 6030 6159 6183
f 6030 6183 6213
f 6030 6213 6217
f 6030 6217 6216
f 6030 6216 6187
f 6030 6187 6163
f 6030 6163 6161
f 6030 6161 6134
f 6030 6134 6101
f 6030 6101 6077
f 6030 6077 6062
f 6030 6062 6045
f 6030 6045 6035
f 6030 6035 6046
f 6030 6046 6063
f 6030 6063 6079
f 6030 6079 6078
f 6030 6078 6103
f 6030 6103 6139
f 6030 6139 6137
f 6030 6137 6164
f 6030 6164 6188
f 6030 6188 6222
f 6030 6222 6258
f 6030 6258 6286
f 6030 6286 6285
f 6030 6285 6284
f 6030 6284 6283
f 6030 6283 6282
f 6030 6282 6312
f 6030 6312 6345
f 6030 6345 6371
f 6030 6371 6376
f 6030 6376 6405
f 6030 6405 6403
f 6030 6403 6441
f 6030 6441 6474
f 6030 6474 6505
f 6030 6505 6504
f 6030 6504 6503
f 6030 6503 6536
f 6030 6536 6530
f 6030 6530 6535
f 6030 6535 6534
f 6030 6534 6533
f 6030 6533 6532
f 6030 6532 6564
f 6030 6564 6593
f 6030 6593 6621
f 6030 6621 6643
f 6030 6643 6642
f 6030 6642 6656
f 6030 6656 6661
f 6030 6661 6659
f 6030 6659 6657
f 6030 6657 6644
f 6030 6644 6627
f 6030 6627 6626
f 6030 6626 6625
f 6030 6625 6608
f 6030 6608 6607
f 6030 6607 6606
f 6030 6606 6605
f 6030 6605 6597
f 6030 6597 6596
f 6030 6596 6595
f 6030 6595 6565
f 6030 6565 6539
f 6030 6539 6538
f 6030 6538 6537
f 6030 6537 6509
f 6030 6509 6508
f 6030 6508 6507
f 6030 6507 6478
f 6030 6478 6477
f 6030 6477 6447
f 6030 6447 6415
f 6030 6415 6414
f 6030 6414 6413
f 6030 6413 6412
f 6030 6412 6411
f 6030 6411 6410
f 6030 6410 6385
f 6030 6385 6384
f 6030 6384 6383
f 6030 6383 6381
f 6030 6381 6355
f 6030 6355 6354
f 6030 6354 6324
f 6030 6324 6295
f 6030 6295 6294
f 6030 6294 6266
f 6030 6266 6232
f 6030 6232 6231
f 6030 6231 6230
f 6030 6230 6228
f 6030 6228 6227
f 6030 6227 6226
f 6030 6226 6225
f 6030 6225 6190
f 6030 6190 6165
f 6030 6165 6140
f 6030 6140 6105
f 6030 6105 6082
f 6030 6082 6081
f 6030 6081 6080
f 6030 6080 6064
f 6030 6064 6047
f 6030 6047 6036
f 6030 6036 6031
f 6031 6033 6032
f 6031 6036 6037
f 6031 6037 6038
f 6031 6038 6033
f 6033 6039 6040
f 6033 6040 6041
f 6033 6041 6042
f 6033 6042 6034
f 6033 6038 6043
f 6033 6043 6044
f 6033 6044 6039
f 6035 6045 6046
f 6036 6047 6048
f 6036 6048 6049
f 6036 6049 6037
f 6037 6050 6051
f 6037 6051 6038
f 6037 6049 6052
f 6037 6052 6053
f 6037 6053 6054
f 6037 6054 6050
f 6038 6051 6044
f 6038 6044 6043
f 6039 6055 6040
f 6039 6044 6055
f 6040 6055 6056
f 6040 6056 6041
f 6041 6056 6057
f 6041 6057 6058
f 6041 6058 6042
f 6044 6051 6059
f 6044 6059 6060
f 6044 6060 6061
f 6044 6061 6055
f 6045 6062 6046
f 6046 6062 6063
f 6047 6064 6048
f 6048 6064 6065
f 6048 6065 6066
f 6048 6066 6067
f 6048 6067 6049
f 6049 6067 6052
f 6050 6054 6059
f 6050 6059 6051
f 6052 6067 6068
f 6052 6068 6069
f 6052 6069 6070
f 6052 6070 6053
f 6053 6070 6069
f 6053 6069 6071
f 6053 6071 6054
f 6054 6071 6059
f 6055 6061 6072
f 6055 6072 6056
f 6056 6072 6057
f 6057 6072 6073
f 6059 6074 6060
f 6059 6071 6075
f 6059 6075 6076
f 6059 6076 6074
f 6060 6072 6061
f 6060 6074 6072
f 6062 6077 6078
f 6062 6078 6079
f 6062 6079 6063
f 6064 6080 6065
f 6065 6080 6081
f 6065 6081 6082
f 6065 6082 6066
f 6066 6068 6067
f 6066 6082 6083
f 6066 6083 6068
f 6068 6083 6084
f 6068 6084 6085
f 6068 6085 6086
f 6068 6086 6087
f 6068 6087 6088
f 6068 6088 6069
f 6069 6089 6090
f 6069 6090 6071
f 6069 6088 6091
f 6069 6091 6089
f 6071 6090 6089
f 6071 6089 6075
f 6072 6074 6092
f 6072 6092 6093
f 6072 6093 6094
f 6072 6094 6073
f 6074 6076 6075
f 6074 6075 6095
f 6074 6095 6096
f 6074 6096 6097
f 6074 6097 6098
f 6074 6098 6099
f 6074 6099 6100
f 6074 6100 6092
f 6075 6089 6095
f 6077 6101 6136
f 6077 6136 6102
f 6077 6102 6103
f 6077 6103 6104
f 6077 6104 6078
f 6078 6104 6103
f 6082 6105 6083
f 6083 6106 6084
f 6083 6105 6106
f 6084 6106 6085
f 6085 6106 6107
f 6085 6107 6086
f 6086 6107 6087
f 6087 6107 6108
f 6087 6108 6109
f 6087 6109 6088
f 6088 6109 6110
f 6088 6110 6091
f 6089 6111 6096
f 6089 6096 6095
f 6089 6091 6112
f 6089 6112 6113
f 6089 6113 6114
f 6089 6114 6111
f 6091 6110 6115
f 6091 6115 6112
f 6092 6116 6093
f 6092 6100 6116
f 6093 6116 6117
f 6093 6117 6118
f 6093 6118 6119
f 6093 6119 6094
f 6096 6111 6120
f 6096 6120 6097
f 6097 6120 6121
f 6097 6121 6122
f 6097 6122 6123
f 6097 6123 6098
f 6098 6123 6099
f 6099 6123 6124
f 6099 6124 6100
f 6100 6124 6125
f 6100 6125 6126
f 6100 6126 6127
f 6100 6127 6128
f 6100 6128 6129
f 6100 6129 6130
f 6100 6130 6131
f 6100 6131 6132
f 6100 6132 6133
f 6100 6133 6116
f 6101 6134 6135
f 6101 6135 6136
f 6102 6136 6137
f 6102 6137 6138
f 6102 6138 6139
f 6102 6139 6103
f 6105 6140 6141
f 6105 6141 6106
f 6106 6141 6107
f 6107 6141 6108
f 6108 6141 6142
f 6108 6142 6109
f 6109 6142 6143
f 6109 6143 6110
f 6110 6144 6115
f 6110 6143 6145
f 6110 6145 6146
f 6110 6146 6144
f 6111 6114 6120
f 6112 6115 6113
f 6113 6115 6147
f 6113 6147 6114
f 6114 6147 6148
f 6114 6148 6149
f 6114 6149 6150
f 6114 6150 6151
f 6114 6151 6152
f 6114 6152 6120
f 6115 6144 6147
f 6116 6153 6154
f 6116 6154 6117
f 6116 6133 6153
f 6117 6154 6118
f 6120 6152 6151
f 6120 6151 6155
f 6120 6155 6156
f 6120 6156 6121
f 6121 6156 6157
f 6121 6157 6158
f 6121 6158 6181
f 6121 6181 6209
f 6121 6209 6208
f 6121 6208 6207
f 6121 6207 6206
f 6121 6206 6205
f 6121 6205 6244
f 6121 6244 6247
f 6121 6247 6246
f 6121 6246 6276
f 6121 6276 6275
f 6121 6275 6308
f 6121 6308 6338
f 6121 6338 6367
f 6121 6367 6335
f 6121 6335 6365
f 6121 6365 6396
f 6121 6396 6430
f 6121 6430 6459
f 6121 6459 6461
f 6121 6461 6460
f 6121 6460 6458
f 6121 6458 6489
f 6121 6489 6488
f 6121 6488 6521
f 6121 6521 6555
f 6121 6555 6579
f 6121 6579 6616
f 6121 6616 6615
f 6121 6615 6637
f 6121 6637 6636
f 6121 6636 6622
f 6121 6622 6587
f 6121 6587 6559
f 6121 6559 6525
f 6121 6525 6495
f 6121 6495 6494
f 6121 6494 6493
f 6121 6493 6492
f 6121 6492 6506
f 6121 6506 6475
f 6121 6475 6443
f 6121 6443 6406
f 6121 6406 6377
f 6121 6377 6350
f 6121 6350 6349
f 6121 6349 6340
f 6121 6340 6309
f 6121 6309 6279
f 6121 6279 6278
f 6121 6278 6277
f 6121 6277 6248
f 6121 6248 6210
f 6121 6210 6182
f 6121 6182 6159
f 6121 6159 6129
f 6121 6129 6128
f 6121 6128 6127
f 6121 6127 6126
f 6121 6126 6125
f 6121 6125 6123
f 6121 6123 6122
f 6123 6125 6124
f 6131 6133 6132
f 6133 6160 6153
f 6134 6161 6135
f 6135 6162 6137
f 6135 6137 6136
f 6135 6161 6163
f 6135 6163 6162
f 6137 6139 6138
f 6137 6162 6164
f 6140 6165 6141
f 6141 6165 6166
f 6141 6166 6167
f 6141 6167 6168
f 6141 6168 6142
f 6142 6145 6143
f 6142 6168 6145
f 6144 6169 6147
f 6144 6146 6148
f 6144 6148 6169
f 6145 6170 6146
f 6145 6168 6171
f 6145 6171 6172
f 6145 6172 6173
f 6145 6173 6170
f 6146 6170 6173
f 6146 6173 6174
f 6146 6174 6149
f 6146 6149 6148
f 6147 6169 6148
f 6149 6174 6175
f 6149 6175 6176
f 6149 6176 6150
f 6150 6177 6178
f 6150 6178 6156
f 6150 6156 6155
f 6150 6155 6151
f 6150 6176 6179
f 6150 6179 6177
f 6153 6160 6154
f 6156 6178 6180
f 6156 6180 6157
f 6157 6180 6158
f 6158 6180 6178
f 6158 6178 6181
f 6159 6182 6183
f 6162 6184 6185
f 6162 6185 6186
f 6162 6186 6164
f 6162 6163 6187
f 6162 6187 6184
f 6164 6186 6189
f 6164 6189 6188
f 6165 6190 6191
f 6165 6191 6166
f 6166 6192 6168
f 6166 6168 6167
f 6166 6191 6193
f 6166 6193 6194
f 6166 6194 6195
f 6166 6195 6196
f 6166 6196 6192
f 6168 6192 6197
f 6168 6197 6198
f 6168 6198 6171
f 6171 6198 6172
f 6172 6198 6197
f 6172 6197 6173
f 6173 6197 6199
f 6173 6199 6200
f 6173 6200 6174
f 6174 6200 6199
f 6174 6199 6201
f 6174 6201 6175
f 6175 6202 6176
f 6175 6201 6202
f 6176 6202 6203
f 6176 6203 6204
f 6176 6204 6205
f 6176 6205 6206
f 6176 6206 6207
f 6176 6207 6179
f 6177 6179 6207
f 6177 6207 6208
f 6177 6208 6209
f 6177 6209 6178
f 6178 6209 6181
f 6182 6210 6211
f 6182 6211 6183
f 6183 6211 6212
f 6183 6212 6213
f 6184 6214 6215
f 6184 6215 6185
f 6184 6187 6216
f 6184 6216 6217
f 6184 6217 6218
f 6184 6218 6214
f 6185 6189 6186
f 6185 6215 6189
f 6188 6219 6220
f 6188 6220 6221
f 6188 6221 6222
f 6188 6189 6219
f 6189 6215 6223
f 6189 6223 6224
f 6189 6224 6220
f 6189 6220 6219
f 6190 6225 6191
f 6191 6226 6227
f 6191 6227 6228
f 6191 6228 6193
f 6191 6225 6226
f 6192 6196 6229
f 6192 6229 6197
f 6193 6228 6230
f 6193 6230 6194
f 6194 6230 6231
f 6194 6231 6232
f 6194 6232 6195
f 6195 6233 6196
f 6195 6232 6234
f 6195 6234 6235
f 6195 6235 6233
f 6196 6233 6229
f 6197 6229 6236
f 6197 6236 6237
f 6197 6237 6238
f 6197 6238 6239
f 6197 6239 6199
f 6199 6239 6238
f 6199 6238 6201
f 6201 6240 6241
f 6201 6241 6242
f 6201 6242 6202
f 6201 6238 6240
f 6202 6243 6203
f 6202 6242 6243
f 6203 6243 6204
f 6204 6244 6205
f 6204 6243 6245
f 6204 6245 6246
f 6204 6246 6247
f 6204 6247 6244
f 6210 6248 6249
f 6210 6249 6250
f 6210 6250 6251
f 6210 6251 6252
f 6210 6252 6253
f 6210 6253 6211
f 6211 6253 6212
f 6212 6253 6254
f 6212 6254 6218
f 6212 6218 6213
f 6213 6218 6217
f 6214 6223 6215
f 6214 6218 6255
f 6214 6255 6254
f 6214 6254 6253
f 6214 6253 6223
f 6218 6254 6255
f 6220 6224 6221
f 6221 6224 6223
f 6221 6223 6256
f 6221 6256 6257
f 6221 6257 6222
f 6222 6257 6258
f 6223 6253 6256
f 6229 6259 6260
f 6229 6260 6236
f 6229 6233 6235
f 6229 6235 6261
f 6229 6261 6262
f 6229 6262 6263
f 6229 6263 6264
f 6229 6264 6265
f 6229 6265 6259
f 6232 6266 6234
f 6234 6266 6267
f 6234 6267 6268
f 6234 6268 6235
f 6235 6268 6267
f 6235 6267 6261
f 6236 6260 6237
f 6237 6260 6269
f 6237 6269 6270
f 6237 6270 6241
f 6237 6241 6240
f 6237 6240 6238
f 6241 6270 6269
f 6241 6269 6271
f 6241 6271 6242
f 6242 6271 6272
f 6242 6272 6273
f 6242 6273 6243
f 6243 6273 6274
f 6243 6274 6245
f 6245 6274 6275
f 6245 6275 6276
f 6245 6276 6246
f 6248 6277 6249
f 6249 6277 6251
f 6249 6251 6250
f 6251 6277 6278
f 6251 6278 6256
f 6251 6256 6253
f 6251 6253 6252
f 6256 6278 6279
f 6256 6279 6257
f 6257 6280 6281
f 6257 6281 6282
f 6257 6282 6283
f 6257 6283 6284
f 6257 6284 6285
f 6257 6285 6286
f 6257 6286 6258
f 6257 6279 6287
f 6257 6287 6280
f 6259 6265 6260
f 6260 6265 6269
f 6261 6267 6288
f 6261 6288 6289
f 6261 6289 6290
f 6261 6290 6291
f 6261 6291 6262
f 6262 6291 6263
f 6263 6292 6265
f 6263 6265 6264
f 6263 6291 6292
f 6265 6292 6293
f 6265 6293 6269
f 6266 6294 6267
f 6267 6295 6296
f 6267 6296 6297
f 6267 6297 6298
f 6267 6298 6299
f 6267 6299 6288
f 6267 6294 6295
f 6269 6293 6300
f 6269 6300 6301
f 6269 6301 6302
f 6269 6302 6271
f 6271 6302 6303
f 6271 6303 6304
f 6271 6304 6272
f 6272 6305 6274
f 6272 6274 6273
f 6272 6304 6306
f 6272 6306 6305
f 6274 6305 6306
f 6274 6306 6307
f 6274 6307 6275
f 6275 6307 6308
f 6279 6309 6287
f 6280 6287 6310
f 6280 6310 6311
f 6280 6311 6281
f 6281 6312 6282
f 6281 6311 6313
f 6281 6313 6312
f 6287 6309 6314
f 6287 6314 6315
f 6287 6315 6316
f 6287 6316 6310
f 6288 6299 6297
f 6288 6297 6317
f 6288 6317 6318
f 6288 6318 6289
f 6289 6291 6290
f 6289 6318 6319
f 6289 6319 6320
f 6289 6320 6321
f 6289 6321 6291
f 6291 6321 6320
f 6291 6320 6322
f 6291 6322 6323
f 6291 6323 6292
f 6292 6301 6300
f 6292 6300 6293
f 6292 6323 6301
f 6295 6324 6325
f 6295 6325 6296
f 6296 6325 6297
f 6297 6326 6327
f 6297 6327 6328
f 6297 6328 6329
f 6297 6329 6317
f 6297 6299 6298
f 6297 6325 6330
f 6297 6330 6326
f 6301 6323 6331
f 6301 6331 6332
f 6301 6332 6333
f 6301 6333 6302
f 6302 6333 6303
f 6303 6333 6334
f 6303 6334 6304
f 6304 6334 6333
f 6304 6333 6335
f 6304 6335 6306
f 6306 6336 6337
f 6306 6337 6338
f 6306 6338 6339
f 6306 6339 6308
f 6306 6308 6307
f 6306 6335 6336
f 6308 6339 6338
f 6309 6340 6341
f 6309 6341 6314
f 6310 6316 6311
f 6311 6316 6342
f 6311 6342 6343
f 6311 6343 6344
f 6311 6344 6313
f 6312 6313 6344
f 6312 6344 6346
f 6312 6346 6347
f 6312 6347 6345
f 6314 6342 6348
f 6314 6348 6316
f 6314 6316 6315
f 6314 6341 6340
f 6314 6340 6349
f 6314 6349 6350
f 6314 6350 6342
f 6316 6348 6342
f 6317 6329 6351
f 6317 6351 6318
f 6318 6351 6319
f 6319 6351 6320
f 6320 6352 6353
f 6320 6353 6322
f 6320 6351 6352
f 6322 6353 6323
f 6323 6353 6352
f 6323 6352 6332
f 6323 6332 6331
f 6324 6354 6325
f 6325 6354 6330
f 6326 6330 6355
f 6326 6355 6327
f 6327 6355 6356
f 6327 6356 6357
f 6327 6357 6358
f 6327 6358 6328
f 6328 6358 6359
f 6328 6359 6360
f 6328 6360 6361
f 6328 6361 6362
f 6328 6362 6351
f 6328 6351 6329
f 6330 6354 6355
f 6332 6352 6363
f 6332 6363 6364
f 6332 6364 6333
f 6333 6364 6365
f 6333 6365 6366
f 6333 6366 6335
f 6335 6366 6365
f 6335 6367 6336
f 6336 6367 6337
f 6337 6367 6338
f 6342 6368 6369
f 6342 6369 6343
f 6342 6350 6368
f 6343 6369 6344
f 6344 6369 6370
f 6344 6370 6347
f 6344 6347 6346
f 6345 6347 6371
f 6347 6370 6372
f 6347 6372 6373
f 6347 6373 6374
f 6347 6374 6375
f 6347 6375 6376
f 6347 6376 6371
f 6350 6377 6378
f 6350 6378 6379
f 6350 6379 6368
f 6351 6362 6380
f 6351 6380 6352
f 6352 6380 6363
f 6355 6381 6356
f 6356 6381 6357
f 6357 6381 6358
f 6358 6381 6382
f 6358 6382 6383
f 6358 6383 6384
f 6358 6384 6385
f 6358 6385 6386
f 6358 6386 6387
f 6358 6387 6359
f 6359 6387 6360
f 6360 6387 6388
f 6360 6388 6361
f 6361 6389 6362
f 6361 6388 6390
f 6361 6390 6391
f 6361 6391 6392
f 6361 6392 6389
f 6362 6389 6380
f 6363 6380 6392
f 6363 6392 6364
f 6364 6393 6365
f 6364 6392 6394
f 6364 6394 6395
f 6364 6395 6393
f 6365 6393 6396
f 6368 6379 6397
f 6368 6397 6398
f 6368 6398 6369
f 6369 6399 6400
f 6369 6400 6401
f 6369 6401 6373
f 6369 6373 6370
f 6369 6398 6399
f 6370 6373 6372
f 6373 6401 6400
f 6373 6400 6375
f 6373 6375 6374
f 6375 6400 6402
f 6375 6402 6403
f 6375 6403 6404
f 6375 6404 6405
f 6375 6405 6376
f 6377 6406 6378
f 6378 6407 6397
f 6378 6397 6379
f 6378 6406 6408
f 6378 6408 6409
f 6378 6409 6407
f 6380 6389 6392
f 6381 6383 6382
f 6385 6410 6386
f 6386 6410 6411
f 6386 6411 6412
f 6386 6412 6413
f 6386 6413 6414
f 6386 6414 6415
f 6386 6415 6387
f 6387 6415 6416
f 6387 6416 6417
f 6387 6417 6418
f 6387 6418 6419
f 6387 6419 6420
f 6387 6420 6388
f 6388 6421 6390
f 6388 6420 6422
f 6388 6422 6423
f 6388 6423 6421
f 6390 6421 6391
f 6391 6421 6424
f 6391 6424 6425
f 6391 6425 6394
f 6391 6394 6392
f 6393 6395 6396
f 6394 6425 6395
f 6395 6425 6424
f 6395 6424 6426
f 6395 6426 6423
f 6395 6423 6427
f 6395 6427 6428
f 6395 6428 6429
f 6395 6429 6430
f 6395 6430 6396
f 6397 6407 6431
f 6397 6431 6398
f 6398 6431 6432
f 6398 6432 6399
f 6399 6433 6400
f 6399 6432 6434
f 6399 6434 6435
f 6399 6435 6433
f 6400 6433 6435
f 6400 6435 6436
f 6400 6436 6437
f 6400 6437 6402
f 6402 6438 6403
f 6402 6437 6439
f 6402 6439 6438
f 6403 6440 6441
f 6403 6405 6404
f 6403 6438 6442
f 6403 6442 6440
f 6406 6443 6408
f 6407 6409 6444
f 6407 6444 6432
f 6407 6432 6431
f 6408 6443 6445
f 6408 6445 6446
f 6408 6446 6409
f 6409 6446 6444
f 6415 6447 6416
f 6416 6447 6448
f 6416 6448 6449
f 6416 6449 6417
f 6417 6449 6418
f 6418 6449 6450
f 6418 6450 6451
f 6418 6451 6452
f 6418 6452 6419
f 6419 6423 6422
f 6419 6422 6420
f 6419 6452 6453
f 6419 6453 6454
f 6419 6454 6455
f 6419 6455 6423
f 6421 6423 6424
f 6423 6426 6424
f 6423 6455 6427
f 6427 6455 6428
f 6428 6455 6456
f 6428 6456 6457
f 6428 6457 6458
f 6428 6458 6429
f 6429 6459 6430
f 6429 6458 6460
f 6429 6460 6461
f 6429 6461 6459
f 6432 6444 6446
f 6432 6446 6462
f 6432 6462 6463
f 6432 6463 6464
f 6432 6464 6465
f 6432 6465 6434
f 6434 6465 6466
f 6434 6466 6467
f 6434 6467 6468
f 6434 6468 6436
f 6434 6436 6435
f 6436 6439 6437
f 6436 6468 6439
f 6438 6439 6442
f 6439 6468 6469
f 6439 6469 6470
f 6439 6470 6471
f 6439 6471 6472
f 6439 6472 6442
f 6440 6473 6474
f 6440 6474 6441
f 6440 6442 6472
f 6440 6472 6473
f 6443 6475 6445
f 6445 6475 6476
f 6445 6476 6463
f 6445 6463 6446
f 6446 6463 6462
f 6447 6477 6448
f 6448 6477 6478
f 6448 6478 6479
f 6448 6479 6480
f 6448 6480 6449
f 6449 6480 6450
f 6450 6481 6451
f 6450 6480 6482
f 6450 6482 6483
f 6450 6483 6481
f 6451 6481 6452
f 6452 6481 6484
f 6452 6484 6453
f 6453 6484 6485
f 6453 6485 6486
f 6453 6486 6454
f 6454 6486 6455
f 6455 6486 6487
f 6455 6487 6456
f 6456 6487 6457
f 6457 6487 6488
f 6457 6488 6489
f 6457 6489 6458
f 6463 6490 6491
f 6463 6491 6465
f 6463 6465 6464
f 6463 6476 6492
f 6463 6492 6493
f 6463 6493 6494
f 6463 6494 6495
f 6463 6495 6496
f 6463 6496 6490
f 6465 6497 6466
f 6465 6491 6497
f 6466 6497 6467
f 6467 6498 6469
f 6467 6469 6499
f 6467 6499 6468
f 6467 6497 6500
f 6467 6500 6501
f 6467 6501 6498
f 6468 6499 6469
f 6469 6502 6470
f 6469 6498 6502
f 6470 6502 6503
f 6470 6503 6471
f 6471 6503 6504
f 6471 6504 6505
f 6471 6505 6474
f 6471 6474 6472
f 6472 6474 6473
f 6475 6506 6476
f 6476 6506 6492
f 6478 6507 6479
f 6479 6507 6508
f 6479 6508 6509
f 6479 6509 6510
f 6479 6510 6483
f 6479 6483 6511
f 6479 6511 6480
f 6480 6511 6483
f 6480 6483 6482
f 6481 6483 6484
f 6483 6510 6512
f 6483 6512 6513
f 6483 6513 6514
f 6483 6514 6484
f 6484 6515 6486
f 6484 6486 6485
f 6484 6514 6516
f 6484 6516 6515
f 6486 6515 6516
f 6486 6516 6517
f 6486 6517 6487
f 6487 6517 6518
f 6487 6518 6519
f 6487 6519 6520
f 6487 6520 6488
f 6488 6520 6521
f 6490 6522 6491
f 6490 6496 6523
f 6490 6523 6522
f 6491 6522 6524
f 6491 6524 6497
f 6495 6525 6526
f 6495 6526 6527
f 6495 6527 6496
f 6496 6527 6526
f 6496 6526 6528
f 6496 6528 6529
f 6496 6529 6523
f 6497 6524 6500
f 6498 6501 6530
f 6498 6530 6502
f 6500 6524 6531
f 6500 6531 6501
f 6501 6531 6532
f 6501 6532 6533
f 6501 6533 6534
f 6501 6534 6535
f 6501 6535 6530
f 6502 6530 6536
f 6502 6536 6503
f 6509 6537 6512
f 6509 6512 6510
f 6512 6537 6538
f 6512 6538 6539
f 6512 6539 6540
f 6512 6540 6541
f 6512 6541 6513
f 6513 6541 6542
f 6513 6542 6543
f 6513 6543 6544
f 6513 6544 6514
f 6514 6545 6546
f 6514 6546 6547
f 6514 6547 6548
f 6514 6548 6516
f 6514 6544 6549
f 6514 6549 6545
f 6516 6548 6517
f 6517 6548 6518
f 6518 6548 6546
f 6518 6546 6550
f 6518 6550 6551
f 6518 6551 6552
f 6518 6552 6519
f 6519 6552 6553
f 6519 6553 6520
f 6520 6553 6554
f 6520 6554 6521
f 6521 6554 6555
f 6522 6523 6556
f 6522 6556 6524
f 6523 6529 6556
f 6524 6556 6557
f 6524 6557 6558
f 6524 6558 6531
f 6525 6559 6526
f 6526 6559 6560
f 6526 6560 6561
f 6526 6561 6529
f 6526 6529 6528
f 6529 6561 6560
f 6529 6560 6562
f 6529 6562 6563
f 6529 6563 6556
f 6531 6558 6564
f 6531 6564 6532
f 6539 6565 6566
f 6539 6566 6540
f 6540 6566 6541
f 6541 6566 6567
f 6541 6567 6568
f 6541 6568 6542
f 6542 6569 6570
f 6542 6570 6571
f 6542 6571 6572
f 6542 6572 6544
f 6542 6544 6543
f 6542 6568 6573
f 6542 6573 6569
f 6544 6572 6549
f 6545 6549 6546
f 6546 6549 6550
f 6546 6548 6547
f 6549 6572 6574
f 6549 6574 6551
f 6549 6551 6550
f 6551 6553 6552
f 6551 6574 6575
f 6551 6575 6576
f 6551 6576 6553
f 6553 6576 6577
f 6553 6577 6578
f 6553 6578 6554
f 6554 6578 6579
f 6554 6579 6555
f 6556 6563 6557
f 6557 6563 6580
f 6557 6580 6581
f 6557 6581 6582
f 6557 6582 6583
f 6557 6583 6584
f 6557 6584 6558
f 6558 6584 6585
f 6558 6585 6586
f 6558 6586 6564
f 6559 6587 6588
f 6559 6588 6589
f 6559 6589 6590
f 6559 6590 6591
f 6559 6591 6560
f 6560 6591 6562
f 6562 6591 6590
f 6562 6590 6592
f 6562 6592 6580
f 6562 6580 6563
f 6564 6586 6594
f 6564 6594 6593
f 6565 6595 6566
f 6566 6596 6597
f 6566 6597 6598
f 6566 6598 6567
f 6566 6595 6596
f 6567 6598 6573
f 6567 6573 6568
f 6569 6573 6599
f 6569 6599 6600
f 6569 6600 6601
f 6569 6601 6570
f 6570 6601 6602
f 6570 6602 6603
f 6570 6603 6604
f 6570 6604 6571
f 6571 6604 6574
f 6571 6574 6572
f 6573 6605 6606
f 6573 6606 6607
f 6573 6607 6608
f 6573 6608 6609
f 6573 6609 6599
f 6573 6598 6605
f 6574 6610 6575
f 6574 6604 6603
f 6574 6603 6611
f 6574 6611 6612
f 6574 6612 6613
f 6574 6613 6610
f 6575 6610 6613
f 6575 6613 6576
f 6576 6613 6577
f 6577 6613 6614
f 6577 6614 6615
f 6577 6615 6616
f 6577 6616 6579
f 6577 6579 6578
f 6580 6592 6617
f 6580 6617 6618
f 6580 6618 6581
f 6581 6618 6582
f 6582 6618 6619
f 6582 6619 6585
f 6582 6585 6583
f 6583 6585 6584
f 6585 6619 6620
f 6585 6620 6586
f 6586 6621 6594
f 6586 6620 6621
f 6587 6622 6589
f 6587 6589 6588
f 6589 6592 6590
f 6589 6622 6623
f 6589 6623 6624
f 6589 6624 6592
f 6592 6624 6617
f 6593 6594 6621
f 6597 6605 6598
f 6599 6609 6600
f 6600 6608 6625
f 6600 6625 6626
f 6600 6626 6627
f 6600 6627 6628
f 6600 6628 6629
f 6600 6629 6601
f 6600 6609 6608
f 6601 6629 6602
f 6602 6629 6628
f 6602 6628 6630
f 6602 6630 6631
f 6602 6631 6603
f 6603 6631 6632
f 6603 6632 6633
f 6603 6633 6611
f 6611 6633 6634
f 6611 6634 6612
f 6612 6635 6614
f 6612 6614 6613
f 6612 6634 6635
f 6614 6635 6636
f 6614 6636 6637
f 6614 6637 6615
f 6617 6624 6638
f 6617 6638 6639
f 6617 6639 6640
f 6617 6640 6641
f 6617 6641 6619
f 6617 6619 6618
f 6619 6641 6642
f 6619 6642 6620
f 6620 6642 6643
f 6620 6643 6621
f 6622 6636 6635
f 6622 6635 6623
f 6623 6638 6624
f 6623 6635 6638
f 6627 6644 6628
f 6628 6644 6645
f 6628 6645 6646
f 6628 6646 6630
f 6630 6646 6631
f 6631 6646 6647
f 6631 6647 6648
f 6631 6648 6632
f 6632 6648 6649
f 6632 6649 6650
f 6632 6650 6651
f 6632 6651 6633
f 6633 6651 6634
f 6634 6651 6641
f 6634 6641 6640
f 6634 6640 6638
f 6634 6638 6635
f 6638 6640 6639
f 6641 6652 6642
f 6641 6651 6653
f 6641 6653 6654
f 6641 6654 6655
f 6641 6655 6652
f 6642 6652 6655
f 6642 6655 6656
f 6644 6657 6647
f 6644 6647 6645
f 6645 6647 6646
f 6647 6657 6658
f 6647 6658 6655
f 6647 6655 6654
f 6647 6654 6653
f 6647 6653 6649
f 6647 6649 6648
f 6649 6653 6650
f 6650 6653 6651
f 6655 6658 6659
f 6655 6659 6660
f 6655 6660 6656
f 6656 6660 6661
f 6657 6659 6658
f 6659 6661 6660

o geometry_8
v 0.20858584 27.43827336 -7.33778001 0.11764706 0.63921569 0.14117647
v 0.20858584 27.45488587 -7.43913803 0.11764706 0.63921569 0.14117647
v 0.08915813 27.43827336 -7.33778001 0.11764706 0.63921569 0.14117647
v 2.32985299 27.28879027 -7.33778001 0.11764706 0.63921569 0.14117647
v 2.32985299 27.34415406 -7.59156815 0.11764706 0.63921569 0.14117647
v 0.20858584 27.51578436 -8.14707295 0.11764706 0.63921569 0.14117647
v -0.49873996 27.43273866 -7.43913803 0.11764706 0.63921569 0.14117647
v -0.49873996 27.42166506 -7.33778001 0.11764706 0.63921569 0.14117647
v 2.33056379 27.28879027 -7.33856563 0.11764706 0.63921569 0.14117647
v 2.33056379 15.90572800 -7.33778001 0.11764706 0.63921569 0.14117647
v 2.33056379 27.34415406 -7.59235377 0.11764706 0.63921569 0.14117647
v 0.91591191 27.47149416 -8.14707295 0.11764706 0.63921569 0.14117647
v 0.91591191 27.47149416 -8.85422224 0.11764706 0.63921569 0.14117647
v 0.19223574 27.40505677 -8.88722253 0.11764706 0.63921569 0.14117647
v -1.65889685 27.30539856 -7.84064173 0.11764706 0.63921569 0.14117647
v -1.65889685 27.30539856 -7.68192607 0.11764706 0.63921569 0.14117647
v -1.25511662 27.34969297 -7.44385232 0.11764706 0.63921569 0.14117647
v -0.60110676 27.41613037 -7.33778001 0.11764706 0.63921569 0.14117647
v -1.21601810 27.34969297 -7.33778001 0.11764706 0.63921569 0.14117647
v 2.33056379 -28.15380575 -7.33778001 0.11764706 0.63921569 0.14117647
v 2.33056379 27.37183596 -8.14785884 0.11764706 0.63921569 0.14117647
v 2.33056379 27.32754577 -8.63343466 0.11764706 0.63921569 0.14117647
v 1.45547023 27.34415406 -9.29658329 0.11764706 0.63921569 0.14117647
v 2.33056379 25.80500346 -15.36471016 0.11764706 0.63921569 0.14117647
v 0.91591191 27.35522767 -9.31544098 0.11764706 0.63921569 0.14117647
v -4.93036801 25.89358807 -13.48683569 0.11764706 0.63921569 0.14117647
v -1.90201763 27.22788756 -8.10464408 0.11764706 0.63921569 0.14117647
v -4.93036801 25.91573527 -13.37683472 0.11764706 0.63921569 0.14117647
v -4.93036801 25.99324627 -12.90697329 0.11764706 0.63921569 0.14117647
v -4.93036801 26.41955677 -10.26852108 0.11764706 0.63921569 0.14117647
v -4.93036801 26.81265067 -7.41242355 0.11764706 0.63921569 0.14117647
v -4.93036801 26.81818536 -7.33778001 0.11764706 0.63921569 0.14117647
v -2.00864953 27.25003477 -7.33778001 0.11764706 0.63921569 0.14117647
v 2.32985299 -28.15380575 -7.33778001 0.11764706 0.63921569 0.14117647
v 2.33056379 -28.17594873 -7.43913803 0.11764706 0.63921569 0.14117647
v -1.91694613 25.59461767 -15.36471016 0.11764706 0.63921569 0.14117647
v 2.33056379 -28.26453334 -15.36471016 0.11764706 0.63921569 0.14117647
v -4.93036801 25.82161598 -13.74612375 0.11764706 0.63921569 0.14117647
v -4.93036801 -26.30461115 -7.33778001 0.11764706 0.63921569 0.14117647
v 2.32985299 -28.17594873 -7.43913803 0.11764706 0.63921569 0.14117647
v 1.63034657 -27.98771014 -7.33778001 0.11764706 0.63921569 0.14117647
v -4.93036801 -27.14615854 -9.93301771 0.11764706 0.63921569 0.14117647
v -4.93036801 -27.25135144 -10.37145036 0.11764706 0.63921569 0.14117647
v -4.93036801 -27.38976514 -10.97566985 0.11764706 0.63921569 0.14117647
v 2.33056379 -28.91230744 -12.38918280 0.11764706 0.63921569 0.14117647
v -2.48209607 25.54478857 -15.36471016 0.11764706 0.63921569 0.14117647
v -4.93036801 25.60015236 -14.51063067 0.11764706 0.63921569 0.14117647
v 2.33056379 -29.01196143 -15.21777944 0.11764706 0.63921569 0.14117647
v 2.32985299 -29.01750034 -15.36471016 0.11764706 0.63921569 0.14117647
v -4.93036801 -27.09079474 -9.75230185 0.11764706 0.63921569 0.14117647
v -1.26791270 -28.68530914 -14.45013053 0.11764706 0.63921569 0.14117647
v 1.62252692 -28.72959933 -11.68203351 0.11764706 0.63921569 0.14117647
v 2.32985299 -28.91230744 -12.38918280 0.11764706 0.63921569 0.14117647
v -4.93036801 -27.42852064 -11.16502918 0.11764706 0.63921569 0.14117647
v -4.93036801 -27.53371354 -11.68203351 0.11764706 0.63921569 0.14117647
v -4.93036801 -27.66659255 -12.38918280 0.11764706 0.63921569 0.14117647
v -4.93036801 -27.82714924 -13.26054767 0.11764706 0.63921569 0.14117647
v 2.33056379 -28.97320593 -13.09633209 0.11764706 0.63921569 0.14117647
v -4.93036801 25.32886387 -15.36471016 0.11764706 0.63921569 0.14117647
v 2.33056379 -29.03964754 -14.51063067 0.11764706 0.63921569 0.14117647
v 2.32985299 -29.04518224 -14.51063067 0.11764706 0.63921569 0.14117647
v 1.62252692 -29.02857394 -15.36471016 0.11764706 0.63921569 0.14117647
v -1.20606577 -28.81264924 -15.21777944 0.11764706 0.63921569 0.14117647
v -0.49873996 -28.92891574 -15.36471016 0.11764706 0.63921569 0.14117647
v 2.32985299 -28.97320593 -13.09633209 0.11764706 0.63921569 0.14117647
v -4.93036801 -27.83268815 -13.30611984 0.11764706 0.63921569 0.14117647
v 2.33056379 -29.02303503 -13.80348138 0.11764706 0.63921569 0.14117647
v -4.93036801 -28.00985313 -15.36471016 0.11764706 0.63921569 0.14117647
v 2.32985299 -29.02303503 -13.80348138 0.11764706 0.63921569 0.14117647
v 1.62252692 -29.01196143 -14.51063067 0.11764706 0.63921569 0.14117647
v 0.06214462 -28.96213654 -15.36471016 0.11764706 0.63921569 0.14117647
v 1.47679650 -29.02303503 -15.36471016 0.11764706 0.63921569 0.14117647
v -1.20606577 -28.82925753 -15.36471016 0.11764706 0.63921569 0.14117647
v -4.93036801 -27.86590474 -13.60547962 0.11764706 0.63921569 0.14117647
f 6662 6663 6664
f 6662 6664 6669
f 6662 6669 6679
f 6662 6679 6680
f 6662 6680 6694
f 6662 6694 6693
f 6662 6693 6700
f 6662 6700 6702
f 6662 6702 6695
f 6662 6695 6681
f 6662 6681 6671
f 6662 6671 6665
f 6662 6665 6666
f 6662 6666 6663
f 6663 6667 6668
f 6663 6668 6669
f 6663 6669 6664
f 6663 6666 6667
f 6665 6670 6672
f 6665 6672 6666
f 6665 6671 6670
f 6666 6672 6673
f 6666 6673 6667
f 6667 6673 6674
f 6667 6674 6675
f 6667 6675 6676
f 6667 6676 6677
f 6667 6677 6678
f 6667 6678 6668
f 6668 6679 6669
f 6668 6678 6680
f 6668 6680 6679
f 6670 6671 6681
f 6670 6681 6696
f 6670 6696 6706
f 6670 6706 6719
f 6670 6719 6728
f 6670 6728 6721
f 6670 6721 6709
f 6670 6709 6698
f 6670 6698 6685
f 6670 6685 6683
f 6670 6683 6682
f 6670 6682 6672
f 6672 6682 6673
f 6673 6682 6674
f 6674 6682 6683
f 6674 6683 6684
f 6674 6684 6685
f 6674 6685 6686
f 6674 6686 6687
f 6674 6687 6675
f 6675 6688 6676
f 6675 6687 6689
f 6675 6689 6690
f 6675 6690 6688
f 6676 6688 6691
f 6676 6691 6692
f 6676 6692 6693
f 6676 6693 6677
f 6677 6693 6694
f 6677 6694 6678
f 6678 6694 6680
f 6681 6695 6701
f 6681 6701 6696
f 6683 6685 6684
f 6685 6697 6686
f 6685 6698 6710
f 6685 6710 6723
f 6685 6723 6733
f 6685 6733 6732
f 6685 6732 6725
f 6685 6725 6734
f 6685 6734 6729
f 6685 6729 6720
f 6685 6720 6707
f 6685 6707 6697
f 6686 6697 6687
f 6687 6697 6699
f 6687 6699 6708
f 6687 6708 6720
f 6687 6720 6729
f 6687 6729 6735
f 6687 6735 6727
f 6687 6727 6718
f 6687 6718 6717
f 6687 6717 6716
f 6687 6716 6715
f 6687 6715 6705
f 6687 6705 6704
f 6687 6704 6703
f 6687 6703 6711
f 6687 6711 6700
f 6687 6700 6693
f 6687 6693 6692
f 6687 6692 6691
f 6687 6691 6690
f 6687 6690 6689
f 6688 6690 6691
f 6695 6702 6703
f 6695 6703 6704
f 6695 6704 6705
f 6695 6705 6701
f 6696 6701 6714
f 6696 6714 6706
f 6697 6707 6708
f 6697 6708 6699
f 6698 6709 6710
f 6700 6711 6702
f 6701 6712 6713
f 6701 6713 6714
f 6701 6705 6715
f 6701 6715 6716
f 6701 6716 6717
f 6701 6717 6718
f 6701 6718 6712
f 6702 6711 6703
f 6706 6714 6726
f 6706 6726 6719
f 6707 6720 6708
f 6709 6721 6710
f 6710 6721 6722
f 6710 6722 6723
f 6712 6724 6713
f 6712 6718 6724
f 6713 6724 6725
f 6713 6725 6714
f 6714 6725 6726
f 6718 6727 6724
f 6719 6726 6730
f 6719 6730 6728
f 6721 6728 6722
f 6722 6728 6730
f 6722 6730 6731
f 6722 6731 6732
f 6722 6732 6733
f 6722 6733 6723
f 6724 6734 6725
f 6724 6727 6734
f 6725 6732 6730
f 6725 6730 6726
f 6727 6735 6734
f 6729 6734 6735
f 6730 6732 6731

o geometry_9
v 2.33056379 25.80232885 -15.36471121 0.94117647 0.52156863 0.41176471
v 2.33056379 24.82965602 -22.29284692 0.94117647 0.52156863 0.41176471
v -1.20606577 26.08489118 -17.34091712 0.94117647 0.52156863 0.41176471
v -1.20606577 26.06315708 -16.63313606 0.94117647 0.52156863 0.41176471
v -1.71221253 25.92730839 -16.20187153 0.94117647 0.52156863 0.41176471
v -1.91694613 25.59583800 -15.36471121 0.94117647 0.52156863 0.41176471
v 2.33056379 -28.26520357 -15.36471121 0.94117647 0.52156863 0.41176471
v 2.33056379 24.69380733 -23.00062798 0.94117647 0.52156863 0.41176471
v 1.62252692 24.81878686 -22.99809142 0.94117647 0.52156863 0.41176471
v -1.91268077 25.97077870 -17.95483391 0.94117647 0.52156863 0.41176471
v -1.91268077 26.09032471 -17.34091712 0.94117647 0.52156863 0.41176471
v -1.93329676 26.00338197 -16.63059845 0.94117647 0.52156863 0.41176471
v -4.93036801 25.32957625 -15.36471121 0.94117647 0.52156863 0.41176471
v 2.32985299 -29.01508497 -15.36471121 0.94117647 0.52156863 0.41176471
v 2.33056379 -29.02052060 -15.92789156 0.94117647 0.52156863 0.41176471
v 2.33056379 24.53078890 -23.49785147 0.94117647 0.52156863 0.41176471
v 2.33056379 23.66679713 -25.91039397 0.94117647 0.52156863 0.41176471
v 2.33056379 23.42770301 -26.53699672 0.94117647 0.52156863 0.41176471
v 1.62252692 23.44400570 -26.53445910 0.94117647 0.52156863 0.41176471
v 0.91591191 23.44943922 -26.53445910 0.94117647 0.52156863 0.41176471
v 0.20858584 23.42770301 -26.53445910 0.94117647 0.52156863 0.41176471
v 0.91591191 24.76988302 -22.99809142 0.94117647 0.52156863 0.41176471
v -3.32662210 25.54149852 -19.46172268 0.94117647 0.52156863 0.41176471
v -2.44086514 25.92730839 -17.87365560 0.94117647 0.52156863 0.41176471
v -4.03394791 25.54149852 -18.04869818 0.94117647 0.52156863 0.41176471
v -4.93036801 25.32414273 -18.04869818 0.94117647 0.52156863 0.41176471
v -4.93036801 -28.00981098 -15.36471121 0.94117647 0.52156863 0.41176471
v 1.62252692 -29.02595413 -15.36471121 0.94117647 0.52156863 0.41176471
v 2.33056379 -29.31395209 -17.29271618 0.94117647 0.52156863 0.41176471
v 2.33056379 -29.04769034 -16.03951279 0.94117647 0.52156863 0.41176471
v 2.33056379 23.16687479 -27.14076727 0.94117647 0.52156863 0.41176471
v 1.62252692 23.18317747 -27.15345112 0.94117647 0.52156863 0.41176471
v 0.91591191 23.18861100 -27.12047269 0.94117647 0.52156863 0.41176471
v -0.49873996 23.35162943 -26.53445910 0.94117647 0.52156863 0.41176471
v -1.91268077 23.47660896 -25.82667804 0.94117647 0.52156863 0.41176471
v 0.20858584 23.17774395 -27.07734592 0.94117647 0.52156863 0.41176471
v -0.49873996 23.13970505 -27.02407081 0.94117647 0.52156863 0.41176471
v -3.29392136 25.31870920 -20.20501978 0.94117647 0.52156863 0.41176471
v -4.03394791 25.25350267 -19.96909241 0.94117647 0.52156863 0.41176471
v -4.03394791 25.38934926 -19.46172268 0.94117647 0.52156863 0.41176471
v -4.03394791 25.48172552 -18.75647924 0.94117647 0.52156863 0.41176471
v -4.93036801 25.26980325 -18.75647924 0.94117647 0.52156863 0.41176471
v -4.93036801 -28.09675372 -15.92789156 0.94117647 0.52156863 0.41176471
v -1.20606577 -28.83033244 -15.36471121 0.94117647 0.52156863 0.41176471
v 1.47679650 -29.02052060 -15.36471121 0.94117647 0.52156863 0.41176471
v 2.32985299 -29.38459215 -18.04869818 0.94117647 0.52156863 0.41176471
v 2.33056379 -29.38459215 -18.04869818 0.94117647 0.52156863 0.41176471
v -0.49873996 -29.02052060 -15.92789156 0.94117647 0.52156863 0.41176471
v 2.33056379 23.00929199 -27.49592555 0.94117647 0.52156863 0.41176471
v 1.62252692 23.00929199 -27.50607390 0.94117647 0.52156863 0.41176471
v -0.97929509 23.09623473 -26.95304084 0.94117647 0.52156863 0.41176471
v -1.91268077 23.19947805 -26.39747017 0.94117647 0.52156863 0.41176471
v -2.49631377 23.13970505 -26.29345967 0.94117647 0.52156863 0.41176471
v -2.68754048 23.25925105 -25.89517251 0.94117647 0.52156863 0.41176471
v -4.03394791 24.10694436 -22.99809142 0.94117647 0.52156863 0.41176471
v -3.39060092 23.94935945 -23.77183144 0.94117647 0.52156863 0.41176471
v -3.27330589 24.30799958 -22.93720769 0.94117647 0.52156863 0.41176471
v -3.00174972 24.47645153 -22.66069010 0.94117647 0.52156863 0.41176471
v 1.62252692 22.72672756 -27.95002122 0.94117647 0.52156863 0.41176471
v 0.20858584 21.78122446 -29.23112991 0.94117647 0.52156863 0.41176471
v -0.49873996 21.50952919 -29.51018511 0.94117647 0.52156863 0.41176471
v -1.20606577 22.26484412 -28.16565296 0.94117647 0.52156863 0.41176471
v -4.43772761 25.19372756 -19.84478733 0.94117647 0.52156863 0.41176471
v -4.93036801 24.24279094 -22.09750976 0.94117647 0.52156863 0.41176471
v -4.93036801 24.39494232 -21.69161398 0.94117647 0.52156863 0.41176471
v -4.93036801 25.20459672 -19.26384896 0.94117647 0.52156863 0.41176471
v -4.93036801 -28.19999704 -16.63313606 0.94117647 0.52156863 0.41176471
v -1.20606577 -28.89010544 -15.92789156 0.94117647 0.52156863 0.41176471
v -0.49873996 -28.92814223 -15.36471121 0.94117647 0.52156863 0.41176471
v -3.77021113 -28.58580690 -17.60474874 0.94117647 0.52156863 0.41176471
v 0.06214462 -28.96074549 -15.36471121 0.94117647 0.52156863 0.41176471
v 0.91591191 -29.40089483 -19.46172268 0.94117647 0.52156863 0.41176471
v 0.91591191 -29.30851857 -18.22881388 0.94117647 0.52156863 0.41176471
v 0.91591191 -29.35198888 -18.75647924 0.94117647 0.52156863 0.41176471
v 2.33056379 -29.42262894 -21.58506691 0.94117647 0.52156863 0.41176471
v -1.55937353 -29.27047967 -21.93515208 0.94117647 0.52156863 0.41176471
v 0.22422541 -29.33568620 -19.51499674 0.94117647 0.52156863 0.41176471
v 2.33056379 22.72129403 -27.95002122 0.94117647 0.52156863 0.41176471
v -3.18586785 21.69971525 -28.38889754 0.94117647 0.52156863 0.41176471
v -3.32662210 22.25941059 -27.45533640 0.94117647 0.52156863 0.41176471
v -3.32662210 22.48220202 -27.10017601 0.94117647 0.52156863 0.41176471
v -3.86973444 22.41699338 -27.00124073 0.94117647 0.52156863 0.41176471
v -3.32662210 23.00385847 -26.06006886 0.94117647 0.52156863 0.41176471
v -4.93036801 23.88958645 -22.97525923 0.94117647 0.52156863 0.41176471
v -4.93036801 24.16671736 -22.29284692 0.94117647 0.52156863 0.41176471
v 1.62252692 22.42242691 -28.40665450 0.94117647 0.52156863 0.41176471
v 0.20858584 21.54756598 -29.58375269 0.94117647 0.52156863 0.41176471
v -0.49873996 21.15632470 -29.97696463 0.94117647 0.52156863 0.41176471
v -3.38349234 21.46605676 -28.63750770 0.94117647 0.52156863 0.41176471
v -4.93036801 25.12308751 -19.59871267 0.94117647 0.52156863 0.41176471
v -4.93036801 24.95463555 -20.13398876 0.94117647 0.52156863 0.41176471
v -4.93036801 -28.29780894 -17.34091712 0.94117647 0.52156863 0.41176471
v -4.19460682 -28.52603179 -18.04869818 0.94117647 0.52156863 0.41176471
v -3.84129906 -28.59667395 -18.04869818 0.94117647 0.52156863 0.41176471
v -1.55937353 -29.27047967 -21.94022520 0.94117647 0.52156863 0.41176471
v 2.33056379 -29.36285593 -22.11019466 0.94117647 0.52156863 0.41176471
v -4.93036801 -28.33584573 -18.04869818 0.94117647 0.52156863 0.41176471
v -4.93036801 -28.34671278 -19.46172268 0.94117647 0.52156863 0.41176471
v 2.33056379 21.82469689 -29.28694053 0.94117647 0.52156863 0.41176471
v -4.03394791 21.58560277 -28.22653880 0.94117647 0.52156863 0.41176471
v -4.74127372 21.73775415 -27.73946260 0.94117647 0.52156863 0.41176471
v -4.03394791 21.83013041 -27.87391603 0.94117647 0.52156863 0.41176471
v -4.34175885 22.33005064 -26.84649272 0.94117647 0.52156863 0.41176471
v -4.07731179 22.54197502 -26.58012349 0.94117647 0.52156863 0.41176471
v -4.93036801 21.71058441 -27.69887344 0.94117647 0.52156863 0.41176471
v -4.93036801 21.93337373 -27.23716704 0.94117647 0.52156863 0.41176471
v 1.62252692 22.18333490 -28.75927728 0.94117647 0.52156863 0.41176471
v 2.32985299 21.58016924 -29.63956331 0.94117647 0.52156863 0.41176471
v 0.20858584 21.19436149 -30.03784836 0.94117647 0.52156863 0.41176471
v -3.32662210 21.07481548 -29.16009994 0.94117647 0.52156863 0.41176471
v 0.20858584 20.90093000 -30.39047114 0.94117647 0.52156863 0.41176471
v -0.49873996 20.84115700 -30.32958740 0.94117647 0.52156863 0.41176471
v -2.34418557 20.25429192 -30.44881937 0.94117647 0.52156863 0.41176471
v -4.74127372 21.48235945 -28.09462299 0.94117647 0.52156863 0.41176471
v -3.82423814 20.99873980 -29.08653025 0.94117647 0.52156863 0.41176471
v -1.91268077 -28.97161465 -22.99809142 0.94117647 0.52156863 0.41176471
v -1.20606577 -29.08029361 -22.99809142 0.94117647 0.52156863 0.41176471
v 2.33056379 -29.33568620 -22.29284692 0.94117647 0.52156863 0.41176471
v -3.88110838 -28.62384369 -22.29284692 0.94117647 0.52156863 0.41176471
v -3.77092246 -28.60210748 -22.73425874 0.94117647 0.52156863 0.41176471
v -4.93036801 -28.21629973 -21.79562448 0.94117647 0.52156863 0.41176471
v -4.74127372 -28.31410952 -21.58506691 0.94117647 0.52156863 0.41176471
v -4.23441615 -28.50429769 -22.29284692 0.94117647 0.52156863 0.41176471
v 2.33056379 21.58016924 -29.63956331 0.94117647 0.52156863 0.41176471
v -4.74127372 21.99858237 -27.24224016 0.94117647 0.52156863 0.41176471
v -4.93036801 21.46062324 -28.04388549 0.94117647 0.52156863 0.41176471
v 2.33056379 21.18892796 -30.11649117 0.94117647 0.52156863 0.41176471
v 2.33056379 20.64553531 -30.71772411 0.94117647 0.52156863 0.41176471
v 1.76612491 20.23799134 -31.14391447 0.94117647 0.52156863 0.41176471
v 1.29410024 20.22712218 -31.12869512 0.94117647 0.52156863 0.41176471
v 0.91591191 20.21082160 -31.11600916 0.94117647 0.52156863 0.41176471
v 0.20858584 19.44463751 -31.77305483 0.94117647 0.52156863 0.41176471
v -0.49873996 19.39573367 -31.73500118 0.94117647 0.52156863 0.41176471
v -1.20606577 19.68916516 -31.30627321 0.94117647 0.52156863 0.41176471
v -1.91268077 20.30863140 -30.50970310 0.94117647 0.52156863 0.41176471
v -3.32662210 18.28721215 -32.01151876 0.94117647 0.52156863 0.41176471
v -4.03394791 18.89581133 -31.21241104 0.94117647 0.52156863 0.41176471
v -4.42564286 19.53701378 -30.44628175 0.94117647 0.52156863 0.41176471
v -4.93036801 20.53685635 -29.15248921 0.94117647 0.52156863 0.41176471
v -4.93036801 20.79768458 -28.85313944 0.94117647 0.52156863 0.41176471
v -4.93036801 21.10198522 -28.49798116 0.94117647 0.52156863 0.41176471
v -4.93036801 20.44448009 -29.25396211 0.94117647 0.52156863 0.41176471
v -1.95462304 -28.74338970 -23.75660998 0.94117647 0.52156863 0.41176471
v -1.20606577 -28.86293570 -23.70587248 0.94117647 0.52156863 0.41176471
v 2.33056379 -29.26504614 -22.49833137 0.94117647 0.52156863 0.41176471
v -3.83987745 -27.92830177 -24.95400275 0.94117647 0.52156863 0.41176471
v -4.93036801 -28.02067803 -23.06912350 0.94117647 0.52156863 0.41176471
v -4.93036801 -27.70007681 -24.39843208 0.94117647 0.52156863 0.41176471
v -4.40289445 -27.16211768 -26.90483885 0.94117647 0.52156863 0.41176471
v -4.93036801 -28.18369646 -22.29284692 0.94117647 0.52156863 0.41176471
v -4.93036801 -28.14565756 -22.50086898 0.94117647 0.52156863 0.41176471
v 2.33056379 20.33580113 -31.04497919 0.94117647 0.52156863 0.41176471
v 2.33056379 20.20538808 -31.17689500 0.94117647 0.52156863 0.41176471
v 2.33056379 19.81957822 -31.54727475 0.94117647 0.52156863 0.41176471
v 2.33056379 19.81414469 -31.55234787 0.94117647 0.52156863 0.41176471
v 2.11232357 19.49354347 -31.81618160 0.94117647 0.52156863 0.41176471
v 1.62252692 15.21704648 -35.32971709 0.94117647 0.52156863 0.41176471
v -0.21794227 16.70050660 -33.96742798 0.94117647 0.52156863 0.41176471
v -1.45060869 17.38518148 -33.23681683 0.94117647 0.52156863 0.41176471
v -1.91268077 17.31997495 -33.19369007 0.94117647 0.52156863 0.41176471
v -1.20606577 19.29248825 -31.65889598 0.94117647 0.52156863 0.41176471
v -0.68925587 16.66246981 -33.93952267 0.94117647 0.52156863 0.41176471
v -3.32662210 17.89053523 -32.36413943 0.94117647 0.52156863 0.41176471
v -3.84129906 18.20026941 -31.92019210 0.94117647 0.52156863 0.41176471
v -4.40858195 18.82517128 -31.13884135 0.94117647 0.52156863 0.41176471
v -4.65312434 19.11860276 -30.73548318 0.94117647 0.52156863 0.41176471
v -4.93036801 19.04796271 -30.66445111 0.94117647 0.52156863 0.41176471
v -4.93036801 19.82501174 -29.89324870 0.94117647 0.52156863 0.41176471
v -4.93036801 20.20538808 -29.51272061 0.94117647 0.52156863 0.41176471
v -1.74704569 -28.64014427 -24.15489503 0.94117647 0.52156863 0.41176471
v 2.33056379 -28.59667395 -24.41365354 0.94117647 0.52156863 0.41176471
v -1.56719292 -27.86309313 -26.18437394 0.94117647 0.52156863 0.41176471
v -4.93036801 -27.24906042 -25.83682639 0.94117647 0.52156863 0.41176471
v -4.93036801 -27.14038147 -26.15900624 0.94117647 0.52156863 0.41176471
v -4.93036801 -27.00996841 -26.53445910 0.94117647 0.52156863 0.41176471
v -4.93036801 -26.69480071 -27.15852424 0.94117647 0.52156863 0.41176471
v -4.93036801 -26.63502771 -27.26760997 0.94117647 0.52156863 0.41176471
v -4.93036801 -25.63518514 -28.82016102 0.94117647 0.52156863 0.41176471
v -4.93036801 -25.27111359 -29.37319407 0.94117647 0.52156863 0.41176471
v -4.78250465 -25.29828333 -29.41632084 0.94117647 0.52156863 0.41176471
v -4.57421703 -25.11352869 -29.78162746 0.94117647 0.52156863 0.41176471
v -0.28049974 -25.07549190 -31.19972509 0.94117647 0.52156863 0.41176471
v 0.20858584 -25.14069843 -31.26061093 0.94117647 0.52156863 0.41176471
v 0.23062345 -25.51563913 -30.72533484 0.94117647 0.52156863 0.41176471
v 0.48085335 -25.75473114 -30.45643010 0.94117647 0.52156863 0.41176471
v -4.03394791 -27.18385389 -26.95050323 0.94117647 0.52156863 0.41176471
v 2.33056379 15.22248001 -35.33225470 0.94117647 0.52156863 0.41176471
v 2.32985299 15.22248001 -35.33225470 0.94117647 0.52156863 0.41176471
v 2.33056379 14.02158327 -36.19731927 0.94117647 0.52156863 0.41176471
v 1.62252692 14.01071517 -36.18463542 0.94117647 0.52156863 0.41176471
v 0.91591191 14.34218450 -35.92080380 0.94117647 0.52156863 0.41176471
v 0.91591191 14.82036957 -35.56818102 0.94117647 0.52156863 0.41176471
v -0.49873996 15.07576427 -35.21809586 0.94117647 0.52156863 0.41176471
v -1.20606577 16.60269681 -33.89893351 0.94117647 0.52156863 0.41176471
v -1.20606577 15.01055668 -35.15974763 0.94117647 0.52156863 0.41176471
v -1.65818604 14.60301272 -35.40074917 0.94117647 0.52156863 0.41176471
v -2.34987254 15.31485628 -34.69550361 0.94117647 0.52156863 0.41176471
v -3.32662210 17.53733075 -32.65841398 0.94117647 0.52156863 0.41176471
v -3.78513962 17.45038800 -32.58484639 0.94117647 0.52156863 0.41176471
v -4.93036801 18.66758637 -31.01707388 0.94117647 0.52156863 0.41176471
v -4.25645375 17.31997495 -32.48337139 0.94117647 0.52156863 0.41176471
v -0.18737447 -27.86309313 -26.19452228 0.94117647 0.52156863 0.41176471
v -0.11202118 -27.86309313 -26.19452228 0.94117647 0.52156863 0.41176471
v 2.33056379 -28.52603179 -24.57854778 0.94117647 0.52156863 0.41176471
v 1.62252692 -26.05359826 -30.06829128 0.94117647 0.52156863 0.41176471
v 2.32985299 -26.06989884 -30.06829128 0.94117647 0.52156863 0.41176471
v -4.93036801 -25.13526490 -29.56853123 0.94117647 0.52156863 0.41176471
v -4.93036801 -25.03201948 -29.71059539 0.94117647 0.52156863 0.41176471
v -4.93036801 -22.60305626 -32.22715050 0.94117647 0.52156863 0.41176471
v -0.98071670 -22.97799696 -33.33067900 0.94117647 0.52156863 0.41176471
v -0.49873996 -24.41255324 -31.92272761 0.94117647 0.52156863 0.41176471
v 0.91591191 -25.20047143 -31.32403228 0.94117647 0.52156863 0.41176471
v 0.91591191 -25.55367592 -30.83442057 0.94117647 0.52156863 0.41176471
v 0.20858584 -24.83639989 -31.61323160 0.94117647 0.52156863 0.41176471
v 0.91591191 -25.77103383 -30.48179779 0.94117647 0.52156863 0.41176471
v 2.33056379 13.51079388 -36.52457435 0.94117647 0.52156863 0.41176471
v 2.32985299 13.51079388 -36.52457435 0.94117647 0.52156863 0.41176471
v 1.62252692 13.51079388 -36.50427767 0.94117647 0.52156863 0.41176471
v 0.91591191 13.98898001 -36.16180323 0.94117647 0.52156863 0.41176471
v 0.20858584 14.28784502 -35.88528776 0.94117647 0.52156863 0.41176471
v 0.20858584 14.77146467 -35.53012948 0.94117647 0.52156863 0.41176471
v -0.49873996 14.72255872 -35.48446509 0.94117647 0.52156863 0.41176471
v -1.20606577 14.65735220 -35.43626521 0.94117647 0.52156863 0.41176471
v -0.75821138 13.84226321 -36.06540346 0.94117647 0.52156863 0.41176471
v -1.20606577 13.40754951 -36.23283531 0.94117647 0.52156863 0.41176471
v -1.77832482 13.27713540 -36.15673011 0.94117647 0.52156863 0.41176471
v -2.12949964 14.49976835 -35.33479021 0.94117647 0.52156863 0.41176471
v -2.59939163 14.95621826 -34.87815693 0.94117647 0.52156863 0.41176471
v -2.82189695 15.21161190 -34.60925218 0.94117647 0.52156863 0.41176471
v -3.32662210 14.72799330 -34.78175715 0.94117647 0.52156863 0.41176471
v -4.93036801 15.12466916 -33.87863893 0.94117647 0.52156863 0.41176471
v -4.93036801 17.53733075 -31.95824365 0.94117647 0.52156863 0.41176471
v -4.93036801 15.61915692 -33.49557534 0.94117647 0.52156863 0.41176471
v 2.33056379 -26.06989884 -30.06829128 0.94117647 0.52156863 0.41176471
v 1.62252692 -25.79277004 -30.50716549 0.94117647 0.52156863 0.41176471
v -4.93036801 -22.24985177 -32.58230878 0.94117647 0.52156863 0.41176471
v -0.94659461 -22.22811556 -33.98011183 0.94117647 0.52156863 0.41176471
v -0.49873996 -22.63565953 -33.72135542 0.94117647 0.52156863 0.41176471
v 1.62252692 -23.54312583 -33.17593310 0.94117647 0.52156863 0.41176471
v 0.20858584 -24.48319329 -31.98868657 0.94117647 0.52156863 0.41176471
v -1.91268077 -22.08139982 -33.85327124 0.94117647 0.52156863 0.41176471
v 1.62252692 -24.91790700 -31.71724421 0.94117647 0.52156863 0.41176471
v 1.62252692 -25.21677412 -31.36208382 0.94117647 0.52156863 0.41176471
v 1.62252692 -24.56470251 -32.10284331 0.94117647 0.52156863 0.41176471
v 1.62252692 -25.56997861 -30.85978827 0.94117647 0.52156863 0.41176471
v 1.62252692 -24.23323423 -32.45546608 0.94117647 0.52156863 0.41176471
v 2.33056379 13.10324992 -36.76303828 0.94117647 0.52156863 0.41176471
v 2.32985299 13.10324992 -36.76303828 0.94117647 0.52156863 0.41176471
v 1.62252692 13.07064665 -36.75035233 0.94117647 0.52156863 0.41176471
v 0.91591191 13.51079388 -36.45100466 0.94117647 0.52156863 0.41176471
v 0.20858584 13.93464053 -36.12628719 0.94117647 0.52156863 0.41176471
v -0.28689778 13.89116916 -36.10091950 0.94117647 0.52156863 0.41176471
v -0.49873996 12.09254029 -37.08014291 0.94117647 0.52156863 0.41176471
v -0.49873996 11.18507504 -37.58497608 0.94117647 0.52156863 0.41176471
v -0.89825483 12.47291557 -36.80362744 0.94117647 0.52156863 0.41176471
v -1.01341744 11.10356688 -37.53424069 0.94117647 0.52156863 0.41176471
v -1.91268077 11.38613026 -37.19683937 0.94117647 0.52156863 0.41176471
v -2.40958601 11.83171207 -36.83660587 0.94117647 0.52156863 0.41176471
v -2.62000710 14.36935424 -35.26376024 0.94117647 0.52156863 0.41176471
v -2.63493507 12.07623866 -36.62604724 0.94117647 0.52156863 0.41176471
v -4.93036801 12.66853621 -35.53266498 0.94117647 0.52156863 0.41176471
v 2.32985299 -25.79277004 -30.49955476 0.94117647 0.52156863 0.41176471
v 2.33056379 -25.79277004 -30.49701925 0.94117647 0.52156863 0.41176471
v -4.93036801 -22.13030577 -32.67617305 0.94117647 0.52156863 0.41176471
v -2.42096047 -21.61408285 -34.04099767 0.94117647 0.52156863 0.41176471
v -0.49873996 -22.28245504 -34.01562997 0.94117647 0.52156863 0.41176471
v -1.91268077 -21.72819533 -34.11710286 0.94117647 0.52156863 0.41176471
v -1.19184808 -21.89121376 -34.16530275 0.94117647 0.52156863 0.41176471
v -0.49873996 -21.84774133 -34.32005075 0.94117647 0.52156863 0.41176471
v 1.62252692 -23.18992134 -33.47781627 0.94117647 0.52156863 0.41176471
v 2.32985299 -23.55399288 -33.19622557 0.94117647 0.52156863 0.41176471
v 2.33056379 -23.55399288 -33.19622557 0.94117647 0.52156863 0.41176471
v 2.33056379 -24.91247347 -31.69948514 0.94117647 0.52156863 0.41176471
v 2.33056379 -25.18960438 -31.34686236 0.94117647 0.52156863 0.41176471
v 2.33056379 -25.54280887 -30.85217754 0.94117647 0.52156863 0.41176471
v 2.33056379 8.51158524 -39.07664340 0.94117647 0.52156863 0.41176471
v 2.32985299 8.51158524 -39.07664340 0.94117647 0.52156863 0.41176471
v 0.91591191 13.01630717 -36.72244702 0.94117647 0.52156863 0.41176471
v 0.20858584 11.23398099 -37.60527066 0.94117647 0.52156863 0.41176471
v -1.59989366 9.64184087 -38.21411433 0.94117647 0.52156863 0.41176471
v -4.35668735 9.60380407 -37.48603869 0.94117647 0.52156863 0.41176471
v -4.08655279 9.95700856 -37.37187985 0.94117647 0.52156863 0.41176471
v -4.25432081 10.98401982 -36.75288994 0.94117647 0.52156863 0.41176471
v -4.93036801 10.93511492 -36.55755278 0.94117647 0.52156863 0.41176471
v -4.93036801 -21.83144076 -32.89180479 0.94117647 0.52156863 0.41176471
v -4.93036801 -18.45697234 -35.24600116 0.94117647 0.52156863 0.41176471
v -4.93036801 -18.11463701 -35.46417052 0.94117647 0.52156863 0.41176471
v -1.20606577 -17.51690488 -36.99388937 0.94117647 0.52156863 0.41176471
v 0.20858584 -22.33136099 -34.04607079 0.94117647 0.52156863 0.41176471
v 0.91591191 -20.29363905 -35.55295956 0.94117647 0.52156863 0.41176471
v -0.49873996 -17.13109607 -37.44037642 0.94117647 0.52156863 0.41176471
v -1.20606577 -21.30434868 -34.55597707 0.94117647 0.52156863 0.41176471
v -0.49873996 -20.16865952 -35.44894906 0.94117647 0.52156863 0.41176471
v -0.49873996 -21.41302763 -34.61432530 0.94117647 0.52156863 0.41176471
v 0.20858584 -20.24473521 -35.51237040 0.94117647 0.52156863 0.41176471
v 1.62252692 -22.72260227 -33.83043905 0.94117647 0.52156863 0.41176471
v 2.33056379 -22.36939778 -34.09173517 0.94117647 0.52156863 0.41176471
v 0.91591191 -22.70630169 -33.80507135 0.94117647 0.52156863 0.41176471
v 2.33056379 7.84864657 -39.38106629 0.94117647 0.52156863 0.41176471
v 2.32985299 7.84864657 -39.38106629 0.94117647 0.52156863 0.41176471
v 0.20858584 7.84864657 -39.17558078 0.94117647 0.52156863 0.41176471
v -0.52290998 7.90841958 -39.07664340 0.94117647 0.52156863 0.41176471
v -1.91268077 7.97906069 -38.82803112 0.94117647 0.52156863 0.41176471
v -2.31503938 7.53891346 -38.92443300 0.94117647 0.52156863 0.41176471
v -2.48565063 9.03867626 -38.26992495 0.94117647 0.52156863 0.41176471
v -4.74127372 9.44622023 -37.42008184 0.94117647 0.52156863 0.41176471
v -4.93036801 9.38101264 -37.38202819 0.94117647 0.52156863 0.41176471
v -4.74127372 9.97331020 -37.16132123 0.94117647 0.52156863 0.41176471
v -2.68043190 8.62026419 -38.39930526 0.94117647 0.52156863 0.41176471
v -4.24579009 8.10947480 -38.16337894 0.94117647 0.52156863 0.41176471
v -4.74127372 8.56049119 -37.80821855 0.94117647 0.52156863 0.41176471
v -4.74127372 10.47323148 -36.88226814 0.94117647 0.52156863 0.41176471
v -4.74127372 10.82643597 -36.68185786 0.94117647 0.52156863 0.41176471
v -4.93036801 10.51670285 -36.79094359 0.94117647 0.52156863 0.41176471
v -4.93036801 -18.03856132 -35.50983279 0.94117647 0.52156863 0.41176471
v -1.24729670 -16.89200406 -37.37187985 0.94117647 0.52156863 0.41176471
v 1.12419980 -19.45138139 -36.13136242 0.94117647 0.52156863 0.41176471
v 1.45547023 -19.45138139 -36.13136242 0.94117647 0.52156863 0.41176471
v 2.32985299 -22.36939778 -34.09173517 0.94117647 0.52156863 0.41176471
v -0.49873996 -16.77789158 -37.63571358 0.94117647 0.52156863 0.41176471
v 0.20858584 -16.26710324 -38.08219852 0.94117647 0.52156863 0.41176471
v 0.20858584 -16.84853269 -37.72957785 0.94117647 0.52156863 0.41176471
v 2.33056379 -21.74993154 -34.51285030 0.94117647 0.52156863 0.41176471
v 2.33056379 5.66420995 -40.22837389 0.94117647 0.52156863 0.41176471
v 1.62252692 5.72941701 -40.16241493 0.94117647 0.52156863 0.41176471
v 0.51142115 6.81620127 -39.62713884 0.94117647 0.52156863 0.41176471
v -0.49873996 7.14223654 -39.35316098 0.94117647 0.52156863 0.41176471
v 1.12419980 4.89259286 -40.37804877 0.94117647 0.52156863 0.41176471
v -4.74127372 4.31659694 -39.25422359 0.94117647 0.52156863 0.41176471
v -4.93036801 4.50135053 -39.15274859 0.94117647 0.52156863 0.41176471
v -4.93036801 4.97953560 -39.01068443 0.94117647 0.52156863 0.41176471
v -4.54578164 7.63672430 -38.25724110 0.94117647 0.52156863 0.41176471
v -4.01973022 7.86494821 -38.32573557 0.94117647 0.52156863 0.41176471
v -2.57806483 7.80517520 -38.74939042 0.94117647 0.52156863 0.41176471
v -4.93036801 9.96787667 -37.09029126 0.94117647 0.52156863 0.41176471
v -4.93036801 9.12561900 -37.49364943 0.94117647 0.52156863 0.41176471
v -4.76544374 7.86494821 -38.08980925 0.94117647 0.52156863 0.41176471
v -4.93036801 8.54962308 -37.74479931 0.94117647 0.52156863 0.41176471
v -4.93036801 -16.71811858 -36.17448919 0.94117647 0.52156863 0.41176471
v -1.91268077 -16.39751735 -37.43022808 0.94117647 0.52156863 0.41176471
v -1.91268077 -16.89743759 -37.15117499 0.94117647 0.52156863 0.41176471
v -0.14614327 -15.83782307 -38.20143048 0.94117647 0.52156863 0.41176471
v 0.91591191 -15.95193554 -38.26992495 0.94117647 0.52156863 0.41176471
v 1.42916752 -15.88672796 -38.24455725 0.94117647 0.52156863 0.41176471
v 2.33056379 -19.32640185 -36.05271961 0.94117647 0.52156863 0.41176471
v 0.20858584 -15.91389770 -38.23694652 0.94117647 0.52156863 0.41176471
v 1.62252692 5.23492977 -40.31208981 0.94117647 0.52156863 0.41176471
v 2.33056379 3.60475286 -40.74335540 0.94117647 0.52156863 0.41176471
v 2.32985299 3.61018691 -40.74335540 0.94117647 0.52156863 0.41176471
v 2.32985299 2.89834283 -40.86766048 0.94117647 0.52156863 0.41176471
v -1.59065214 2.61034513 -40.33492200 0.94117647 0.52156863 0.41176471
v -4.93036801 3.61018691 -39.36076960 0.94117647 0.52156863 0.41176471
v -4.93036801 4.32203100 -39.20348609 0.94117647 0.52156863 0.41176471
v -4.93036801 7.10963328 -38.31558933 0.94117647 0.52156863 0.41176471
v -4.93036801 7.58238483 -38.14561987 0.94117647 0.52156863 0.41176471
v -4.93036801 8.03883369 -37.95789344 0.94117647 0.52156863 0.41176471
v -4.93036801 -15.29443041 -36.88480575 0.94117647 0.52156863 0.41176471
v -2.33423324 -15.90302959 -37.52409235 0.94117647 0.52156863 0.41176471
v -3.78798337 -13.07739052 -38.23187341 0.94117647 0.52156863 0.41176471
v -1.05962455 -11.07770643 -39.69817092 0.94117647 0.52156863 0.41176471
v -0.52006624 -11.28419518 -39.75905676 0.94117647 0.52156863 0.41176471
v -0.49873996 -10.52888025 -40.03810984 0.94117647 0.52156863 0.41176471
v 2.33056379 -10.25175039 -40.35267897 0.94117647 0.52156863 0.41176471
v 2.32985299 -13.35995390 -39.15782382 0.94117647 0.52156863 0.41176471
v 2.33056379 -13.84357356 -38.97009528 0.94117647 0.52156863 0.41176471
v 0.20858584 -10.52888025 -40.15734181 0.94117647 0.52156863 0.41176471
v 0.95927553 -10.46367372 -40.22583628 0.94117647 0.52156863 0.41176471
v 1.62252692 -10.57235162 -40.21315243 0.94117647 0.52156863 0.41176471
v 2.32985299 -10.25175039 -40.35267897 0.94117647 0.52156863 0.41176471
v 1.90048113 -15.77805006 -38.18113591 0.94117647 0.52156863 0.41176471
v 2.33056379 -18.97319526 -36.25820511 0.94117647 0.52156863 0.41176471
v 2.33056379 2.89834283 -40.86766048 0.94117647 0.52156863 0.41176471
v 2.32985299 -0.63370681 -41.19744896 0.94117647 0.52156863 0.41176471
v 1.62252692 -0.63370681 -41.18222750 0.94117647 0.52156863 0.41176471
v 1.14908063 -0.06314494 -41.06299764 0.94117647 0.52156863 0.41176471
v 0.20858584 0.77911326 -40.82453371 0.94117647 0.52156863 0.41176471
v -4.93036801 3.08853047 -39.44956075 0.94117647 0.52156863 0.41176471
v -1.91268077 0.07270323 -40.54548063 0.94117647 0.52156863 0.41176471
v -1.66671623 2.19193306 -40.36536493 0.94117647 0.52156863 0.41176471
v -2.29655633 1.17578964 -40.33492200 0.94117647 0.52156863 0.41176471
v -4.93036801 -13.39255717 -37.71435639 0.94117647 0.52156863 0.41176471
v -4.26000778 -12.88720235 -38.16337894 0.94117647 0.52156863 0.41176471
v -3.71334089 -8.79545896 -39.62713884 0.94117647 0.52156863 0.41176471
v -0.47030484 -9.81703564 -40.22330077 0.94117647 0.52156863 0.41176471
v -0.21509878 -9.57794363 -40.34253063 0.94117647 0.52156863 0.41176471
v 0.20858584 -10.06699681 -40.30194147 0.94117647 0.52156863 0.41176471
v -2.38541651 -7.45328001 -40.36282731 0.94117647 0.52156863 0.41176471
v 2.33056379 -9.82247022 -40.48713240 0.94117647 0.52156863 0.41176471
v 2.33056379 -15.66393758 -38.12278978 0.94117647 0.52156863 0.41176471
v 0.75312032 -10.15937307 -40.31970054 0.94117647 0.52156863 0.41176471
v 1.62252692 -10.21914608 -40.33745962 0.94117647 0.52156863 0.41176471
v 1.62252692 -9.82247022 -40.46176470 0.94117647 0.52156863 0.41176471
v 2.32985299 -9.82247022 -40.48713240 0.94117647 0.52156863 0.41176471
v 2.33056379 -0.63370681 -41.19744896 0.94117647 0.52156863 0.41176471
v 2.32985299 -1.34011671 -41.24565095 0.94117647 0.52156863 0.41176471
v 1.62252692 -2.75293664 -41.24311334 0.94117647 0.52156863 0.41176471
v 0.91591191 -2.75293664 -41.17208126 0.94117647 0.52156863 0.41176471
v -1.91268077 -1.34011671 -40.65202664 0.94117647 0.52156863 0.41176471
v -1.91268077 -0.63370681 -40.61651270 0.94117647 0.52156863 0.41176471
v -4.93036801 2.85487146 -39.47746606 0.94117647 0.52156863 0.41176471
v -1.91268077 0.77911326 -40.46937332 0.94117647 0.52156863 0.41176471
v -2.55958231 -0.63370681 -40.45415186 0.94117647 0.52156863 0.41176471
v -4.93036801 2.30604554 -39.53581429 0.94117647 0.52156863 0.41176471
v -4.93036801 -12.65354387 -38.02385240 0.94117647 0.52156863 0.41176471
v -4.73843049 -12.65354387 -38.08980925 0.94117647 0.52156863 0.41176471
v -3.86262586 -8.40965015 -39.68294946 0.94117647 0.52156863 0.41176471
v -4.93036801 -11.85475757 -38.28260880 0.94117647 0.52156863 0.41176471
v -4.93036801 -11.24072381 -38.46779972 0.94117647 0.52156863 0.41176471
v 0.20858584 -8.40965015 -40.71545009 0.94117647 0.52156863 0.41176471
v 0.91591191 -8.40965015 -40.80677464 0.94117647 0.52156863 0.41176471
v 0.91591191 -9.11606019 -40.61651270 0.94117647 0.52156863 0.41176471
v -3.32662210 -7.70324065 -40.02035077 0.94117647 0.52156863 0.41176471
v -2.85673011 -7.13811231 -40.28418451 0.94117647 0.52156863 0.41176471
v -2.98895364 -6.66536129 -40.32730917 0.94117647 0.52156863 0.41176471
v -2.62071791 -6.94249114 -40.38312189 0.94117647 0.52156863 0.41176471
v -1.91268077 -6.99683062 -40.51503770 0.94117647 0.52156863 0.41176471
v 0.20858584 -7.70324065 -40.82453371 0.94117647 0.52156863 0.41176471
v 2.33056379 -9.11606019 -40.66978571 0.94117647 0.52156863 0.41176471
v 1.62252692 -9.11606019 -40.66217498 0.94117647 0.52156863 0.41176471
v 2.32985299 -9.11606019 -40.66978571 0.94117647 0.52156863 0.41176471
v 2.33056379 -1.34555063 -41.24565095 0.94117647 0.52156863 0.41176471
v 2.33056379 -2.75293664 -41.27355626 0.94117647 0.52156863 0.41176471
v 2.32985299 -2.75293664 -41.27355626 0.94117647 0.52156863 0.41176471
v 2.32985299 -3.45934667 -41.27863149 0.94117647 0.52156863 0.41176471
v 1.62252692 -3.45934667 -41.24311334 0.94117647 0.52156863 0.41176471
v 0.91591191 -3.45934667 -41.16954365 0.94117647 0.52156863 0.41176471
v -1.20606577 -4.16575670 -40.82707132 0.94117647 0.52156863 0.41176471
v -4.03394791 -3.45934667 -40.18778262 0.94117647 0.52156863 0.41176471
v -4.03394791 -2.75293664 -40.17509878 0.94117647 0.52156863 0.41176471
v -1.91268077 -4.16575670 -40.70022863 0.94117647 0.52156863 0.41176471
v -4.93036801 -1.14992946 -39.82247811 0.94117647 0.52156863 0.41176471
v -4.93036801 1.78438883 -39.58654968 0.94117647 0.52156863 0.41176471
v -4.93036801 -12.46335676 -38.08980925 0.94117647 0.52156863 0.41176471
v -4.21664443 -8.40965015 -39.55103575 0.94117647 0.52156863 0.41176471
v -4.36237484 -8.00754024 -39.60684637 0.94117647 0.52156863 0.41176471
v -4.08939654 -7.74127797 -39.76159437 0.94117647 0.52156863 0.41176471
v -4.93036801 -8.40965015 -39.26944505 0.94117647 0.52156863 0.41176471
v 0.91591191 -7.70324065 -40.92093349 0.94117647 0.52156863 0.41176471
v 1.61612914 -7.67063686 -40.98435483 0.94117647 0.52156863 0.41176471
v 1.62252692 -8.40965015 -40.83975517 0.94117647 0.52156863 0.41176471
v -3.26548650 -6.94249114 -40.19539546 0.94117647 0.52156863 0.41176471
v -4.03394791 -6.99683062 -39.91887788 0.94117647 0.52156863 0.41176471
v -4.03394791 -6.29042059 -40.00766692 0.94117647 0.52156863 0.41176471
v -3.40197539 -6.29042059 -40.22837389 0.94117647 0.52156863 0.41176471
v -3.04866763 -6.29042059 -40.35014347 0.94117647 0.52156863 0.41176471
v -2.62000710 -6.29042059 -40.44400563 0.94117647 0.52156863 0.41176471
v 0.20858584 -6.99683062 -40.89810340 0.94117647 0.52156863 0.41176471
v -0.49873996 -6.29042059 -40.83467995 0.94117647 0.52156863 0.41176471
v 1.16187645 -6.80664298 -41.05031379 0.94117647 0.52156863 0.41176471
v 2.33056379 -8.40965015 -40.84229068 0.94117647 0.52156863 0.41176471
v 2.32985299 -8.40965015 -40.84229068 0.94117647 0.52156863 0.41176471
v 2.33056379 -3.45934667 -41.27863149 0.94117647 0.52156863 0.41176471
v 2.32985299 -4.87216647 -41.25072618 0.94117647 0.52156863 0.41176471
v 1.62252692 -5.57857650 -41.17715649 0.94117647 0.52156863 0.41176471
v 1.03533989 -6.29042059 -41.08075672 0.94117647 0.52156863 0.41176471
v -0.49873996 -4.87216647 -40.92600871 0.94117647 0.52156863 0.41176471
v -1.20606577 -4.87216647 -40.81692298 0.94117647 0.52156863 0.41176471
v -4.74127372 -3.45934667 -39.98990996 0.94117647 0.52156863 0.41176471
v -3.11904476 -5.57857650 -40.37551116 0.94117647 0.52156863 0.41176471
v -4.74127372 -2.75293664 -39.97468850 0.94117647 0.52156863 0.41176471
v -4.93036801 -1.88350897 -39.86814038 0.94117647 0.52156863 0.41176471
v -1.91268077 -4.87216647 -40.67485883 0.94117647 0.52156863 0.41176471
v -4.93036801 -7.73040986 -39.41911783 0.94117647 0.52156863 0.41176471
v -4.46545219 -7.53478869 -39.65250864 0.94117647 0.52156863 0.41176471
v 1.37585157 -7.27396047 -41.02240849 0.94117647 0.52156863 0.41176471
v 1.84716518 -7.41524269 -41.04016334 0.94117647 0.52156863 0.41176471
v -4.57848239 -6.99683062 -39.69817092 0.94117647 0.52156863 0.41176471
v -4.93036801 -6.56755044 -39.61699260 0.94117647 0.52156863 0.41176471
v -4.93036801 -5.99698857 -39.69563541 0.94117647 0.52156863 0.41176471
v -4.93036801 -5.57857650 -39.74129769 0.94117647 0.52156863 0.41176471
v -4.74127372 -4.16575670 -39.93156173 0.94117647 0.52156863 0.41176471
v -0.49873996 -5.57857650 -40.88541745 0.94117647 0.52156863 0.41176471
v 1.62252692 -6.29042059 -41.12387927 0.94117647 0.52156863 0.41176471
v 2.07677960 -7.41524269 -41.04016334 0.94117647 0.52156863 0.41176471
v 2.31918985 -7.67063686 -40.98435483 0.94117647 0.52156863 0.41176471
v 2.33056379 -7.68150444 -40.98181933 0.94117647 0.52156863 0.41176471
v 2.33056379 -4.87216647 -41.25072618 0.94117647 0.52156863 0.41176471
v 2.33056379 -5.58401055 -41.21267042 0.94117647 0.52156863 0.41176471
v -4.93036801 -3.44304477 -39.92141338 0.94117647 0.52156863 0.41176471
v -4.93036801 -3.28546092 -39.92141338 0.94117647 0.52156863 0.41176471
v -4.93036801 -2.74750285 -39.91126715 0.94117647 0.52156863 0.41176471
v -4.93036801 -3.97013527 -39.87828872 0.94117647 0.52156863 0.41176471
v -4.93036801 -2.56274926 -39.90619403 0.94117647 0.52156863 0.41176471
v -4.93036801 -7.52392111 -39.45463598 0.94117647 0.52156863 0.41176471
v -4.93036801 -7.00226414 -39.54342291 0.94117647 0.52156863 0.41176471
f 6736 6737 6738
f 6736 6738 6739
f 6736 6739 6740
f 6736 6740 6741
f 6736 6741 6748
f 6736 6748 6762
f 6736 6762 6779
f 6736 6779 6804
f 6736 6804 6806
f 6736 6806 6780
f 6736 6780 6763
f 6736 6763 6749
f 6736 6749 6742
f 6736 6742 6750
f 6736 6750 6765
f 6736 6765 6764
f 6736 6764 6782
f 6736 6782 6810
f 6736 6810 6831
f 6736 6831 6853
f 6736 6853 6880
f 6736 6880 6906
f 6736 6906 6939
f 6736 6939 6969
f 6736 6969 6998
f 6736 6998 7010
f 6736 7010 7009
f 6736 7009 7008
f 6736 7008 7007
f 6736 7007 7032
f 6736 7032 7058
f 6736 7058 7080
f 6736 7080 7106
f 6736 7106 7124
f 6736 7124 7100
f 6736 7100 7098
f 6736 7098 7123
f 6736 7123 7153
f 6736 7153 7185
f 6736 7185 7211
f 6736 7211 7213
f 6736 7213 7212
f 6736 7212 7187
f 6736 7187 7157
f 6736 7157 7156
f 6736 7156 7129
f 6736 7129 7107
f 6736 7107 7083
f 6736 7083 7059
f 6736 7059 7034
f 6736 7034 7011
f 6736 7011 6982
f 6736 6982 6951
f 6736 6951 6924
f 6736 6924 6922
f 6736 6922 6890
f 6736 6890 6889
f 6736 6889 6888
f 6736 6888 6887
f 6736 6887 6863
f 6736 6863 6862
f 6736 6862 6859
f 6736 6859 6834
f 6736 6834 6813
f 6736 6813 6784
f 6736 6784 6766
f 6736 6766 6753
f 6736 6753 6752
f 6736 6752 6751
f 6736 6751 6743
f 6736 6743 6737
f 6737 6743 6744
f 6737 6744 6738
f 6738 6745 6746
f 6738 6746 6739
f 6738 6744 6745
f 6739 6746 6747
f 6739 6747 6740
f 6740 6747 6748
f 6740 6748 6741
f 6742 6749 6750
f 6743 6751 6744
f 6744 6751 6752
f 6744 6752 6753
f 6744 6753 6754
f 6744 6754 6755
f 6744 6755 6756
f 6744 6756 6757
f 6744 6757 6758
f 6744 6758 6745
f 6745 6758 6746
f 6746 6758 6759
f 6746 6759 6760
f 6746 6760 6761
f 6746 6761 6748
f 6746 6748 6747
f 6748 6761 6777
f 6748 6777 6801
f 6748 6801 6825
f 6748 6825 6826
f 6748 6826 6800
f 6748 6800 6799
f 6748 6799 6820
f 6748 6820 6819
f 6748 6819 6841
f 6748 6841 6840
f 6748 6840 6861
f 6748 6861 6876
f 6748 6876 6875
f 6748 6875 6874
f 6748 6874 6877
f 6748 6877 6904
f 6748 6904 6903
f 6748 6903 6902
f 6748 6902 6935
f 6748 6935 6967
f 6748 6967 6968
f 6748 6968 6966
f 6748 6966 6996
f 6748 6996 7019
f 6748 7019 7049
f 6748 7049 7070
f 6748 7070 7042
f 6748 7042 7071
f 6748 7071 7073
f 6748 7073 7091
f 6748 7091 7090
f 6748 7090 7089
f 6748 7089 7066
f 6748 7066 7065
f 6748 7065 7088
f 6748 7088 7087
f 6748 7087 7112
f 6748 7112 7135
f 6748 7135 7138
f 6748 7138 7167
f 6748 7167 7166
f 6748 7166 7196
f 6748 7196 7218
f 6748 7218 7216
f 6748 7216 7215
f 6748 7215 7214
f 6748 7214 7217
f 6748 7217 7205
f 6748 7205 7204
f 6748 7204 7203
f 6748 7203 7220
f 6748 7220 7219
f 6748 7219 7198
f 6748 7198 7172
f 6748 7172 7143
f 6748 7143 7142
f 6748 7142 7168
f 6748 7168 7139
f 6748 7139 7116
f 6748 7116 7092
f 6748 7092 7074
f 6748 7074 7050
f 6748 7050 7022
f 6748 7022 7021
f 6748 7021 7020
f 6748 7020 6999
f 6748 6999 6971
f 6748 6971 6944
f 6748 6944 6943
f 6748 6943 6942
f 6748 6942 6914
f 6748 6914 6913
f 6748 6913 6912
f 6748 6912 6911
f 6748 6911 6910
f 6748 6910 6909
f 6748 6909 6908
f 6748 6908 6883
f 6748 6883 6882
f 6748 6882 6886
f 6748 6886 6885
f 6748 6885 6856
f 6748 6856 6833
f 6748 6833 6832
f 6748 6832 6827
f 6748 6827 6802
f 6748 6802 6778
f 6748 6778 6762
f 6749 6763 6764
f 6749 6764 6765
f 6749 6765 6750
f 6753 6766 6767
f 6753 6767 6754
f 6754 6767 6755
f 6755 6767 6768
f 6755 6768 6756
f 6756 6769 6770
f 6756 6770 6757
f 6756 6768 6771
f 6756 6771 6772
f 6756 6772 6769
f 6757 6770 6773
f 6757 6773 6758
f 6758 6773 6774
f 6758 6774 6775
f 6758 6775 6776
f 6758 6776 6759
f 6759 6776 6760
f 6760 6776 6777
f 6760 6777 6761
f 6762 6778 6779
f 6763 6780 6764
f 6764 6781 6782
f 6764 6780 6783
f 6764 6783 6781
f 6766 6784 6767
f 6767 6784 6785
f 6767 6785 6768
f 6768 6785 6771
f 6769 6772 6770
f 6770 6772 6786
f 6770 6786 6787
f 6770 6787 6788
f 6770 6788 6789
f 6770 6789 6790
f 6770 6790 6791
f 6770 6791 6792
f 6770 6792 6793
f 6770 6793 6773
f 6771 6785 6794
f 6771 6794 6795
f 6771 6795 6772
f 6772 6795 6796
f 6772 6796 6797
f 6772 6797 6786
f 6773 6793 6774
f 6774 6798 6775
f 6774 6793 6799
f 6774 6799 6800
f 6774 6800 6798
f 6775 6798 6801
f 6775 6801 6776
f 6776 6801 6777
f 6778 6802 6779
f 6779 6803 6783
f 6779 6783 6804
f 6779 6802 6805
f 6779 6805 6803
f 6780 6806 6783
f 6781 6807 6782
f 6781 6783 6808
f 6781 6808 6809
f 6781 6809 6807
f 6782 6807 6810
f 6783 6806 6804
f 6783 6803 6805
f 6783 6805 6811
f 6783 6811 6812
f 6783 6812 6807
f 6783 6807 6809
f 6783 6809 6808
f 6784 6813 6785
f 6785 6813 6794
f 6786 6788 6787
f 6786 6797 6814
f 6786 6814 6815
f 6786 6815 6816
f 6786 6816 6788
f 6788 6816 6817
f 6788 6817 6818
f 6788 6818 6789
f 6789 6819 6790
f 6789 6818 6819
f 6790 6819 6820
f 6790 6820 6799
f 6790 6799 6792
f 6790 6792 6791
f 6792 6799 6793
f 6794 6813 6821
f 6794 6821 6822
f 6794 6822 6795
f 6795 6822 6796
f 6796 6822 6823
f 6796 6823 6824
f 6796 6824 6814
f 6796 6814 6797
f 6798 6825 6801
f 6798 6800 6826
f 6798 6826 6825
f 6802 6827 6805
f 6805 6827 6828
f 6805 6828 6829
f 6805 6829 6811
f 6807 6812 6811
f 6807 6811 6830
f 6807 6830 6810
f 6810 6830 6831
f 6811 6829 6828
f 6811 6828 6832
f 6811 6832 6833
f 6811 6833 6830
f 6813 6834 6821
f 6814 6824 6835
f 6814 6835 6836
f 6814 6836 6837
f 6814 6837 6815
f 6815 6817 6816
f 6815 6837 6817
f 6817 6838 6839
f 6817 6839 6818
f 6817 6837 6836
f 6817 6836 6840
f 6817 6840 6838
f 6818 6839 6819
f 6819 6839 6838
f 6819 6838 6841
f 6821 6834 6842
f 6821 6842 6822
f 6822 6843 6844
f 6822 6844 6823
f 6822 6842 6843
f 6823 6845 6824
f 6823 6844 6846
f 6823 6846 6847
f 6823 6847 6848
f 6823 6848 6845
f 6824 6849 6835
f 6824 6845 6850
f 6824 6850 6849
f 6827 6832 6828
f 6830 6851 6852
f 6830 6852 6853
f 6830 6853 6831
f 6830 6833 6854
f 6830 6854 6855
f 6830 6855 6851
f 6833 6856 6857
f 6833 6857 6858
f 6833 6858 6854
f 6834 6859 6843
f 6834 6843 6842
f 6835 6849 6836
f 6836 6849 6840
f 6838 6840 6860
f 6838 6860 6841
f 6840 6841 6860
f 6840 6849 6861
f 6843 6859 6862
f 6843 6862 6844
f 6844 6862 6846
f 6845 6848 6850
f 6846 6862 6863
f 6846 6863 6864
f 6846 6864 6865
f 6846 6865 6866
f 6846 6866 6867
f 6846 6867 6868
f 6846 6868 6847
f 6847 6868 6869
f 6847 6869 6870
f 6847 6870 6848
f 6848 6870 6869
f 6848 6869 6871
f 6848 6871 6872
f 6848 6872 6873
f 6848 6873 6850
f 6849 6850 6861
f 6850 6874 6875
f 6850 6875 6876
f 6850 6876 6861
f 6850 6873 6877
f 6850 6877 6874
f 6851 6878 6852
f 6851 6855 6878
f 6852 6878 6879
f 6852 6879 6853
f 6853 6879 6880
f 6854 6858 6855
f 6855 6881 6878
f 6855 6858 6882
f 6855 6882 6883
f 6855 6883 6884
f 6855 6884 6881
f 6856 6885 6858
f 6856 6858 6857
f 6858 6885 6886
f 6858 6886 6882
f 6863 6887 6864
f 6864 6888 6889
f 6864 6889 6890
f 6864 6890 6867
f 6864 6867 6865
f 6864 6887 6888
f 6865 6867 6866
f 6867 6890 6891
f 6867 6891 6892
f 6867 6892 6893
f 6867 6893 6868
f 6868 6894 6895
f 6868 6895 6896
f 6868 6896 6869
f 6868 6893 6897
f 6868 6897 6894
f 6869 6896 6898
f 6869 6898 6871
f 6871 6898 6899
f 6871 6899 6872
f 6872 6900 6873
f 6872 6899 6900
f 6873 6900 6901
f 6873 6901 6902
f 6873 6902 6903
f 6873 6903 6904
f 6873 6904 6877
f 6878 6881 6884
f 6878 6884 6905
f 6878 6905 6879
f 6879 6906 6880
f 6879 6905 6907
f 6879 6907 6906
f 6883 6908 6884
f 6884 6908 6909
f 6884 6909 6910
f 6884 6910 6911
f 6884 6911 6912
f 6884 6912 6913
f 6884 6913 6914
f 6884 6914 6915
f 6884 6915 6916
f 6884 6916 6917
f 6884 6917 6918
f 6884 6918 6919
f 6884 6919 6920
f 6884 6920 6921
f 6884 6921 6907
f 6884 6907 6905
f 6890 6922 6923
f 6890 6923 6891
f 6891 6923 6892
f 6892 6923 6924
f 6892 6924 6925
f 6892 6925 6926
f 6892 6926 6927
f 6892 6927 6893
f 6893 6927 6928
f 6893 6928 6897
f 6894 6897 6929
f 6894 6929 6930
f 6894 6930 6931
f 6894 6931 6932
f 6894 6932 6895
f 6895 6933 6898
f 6895 6898 6896
f 6895 6932 6933
f 6897 6928 6930
f 6897 6930 6929
f 6898 6933 6934
f 6898 6934 6899
f 6899 6934 6900
f 6900 6935 6902
f 6900 6902 6901
f 6900 6934 6936
f 6900 6936 6935
f 6906 6907 6937
f 6906 6937 6938
f 6906 6938 6939
f 6907 6921 6920
f 6907 6920 6940
f 6907 6940 6941
f 6907 6941 6937
f 6914 6942 6915
f 6915 6942 6916
f 6916 6942 6943
f 6916 6943 6944
f 6916 6944 6945
f 6916 6945 6946
f 6916 6946 6917
f 6917 6946 6918
f 6918 6947 6948
f 6918 6948 6920
f 6918 6920 6919
f 6918 6946 6949
f 6918 6949 6947
f 6920 6950 6940
f 6920 6948 6950
f 6922 6924 6923
f 6924 6951 6952
f 6924 6952 6925
f 6925 6952 6953
f 6925 6953 6954
f 6925 6954 6926
f 6926 6954 6986
f 6926 6986 6955
f 6926 6955 6956
f 6926 6956 6927
f 6927 6956 6928
f 6928 6956 6957
f 6928 6957 6958
f 6928 6958 6930
f 6930 6958 6931
f 6931 6958 6959
f 6931 6959 6960
f 6931 6960 6961
f 6931 6961 6962
f 6931 6962 6963
f 6931 6963 6932
f 6932 6963 6964
f 6932 6964 6934
f 6932 6934 6933
f 6934 6964 6965
f 6934 6965 6966
f 6934 6966 6936
f 6935 6936 6967
f 6936 6966 6968
f 6936 6968 6967
f 6937 6941 6969
f 6937 6969 6938
f 6938 6969 6939
f 6940 6950 6970
f 6940 6970 6941
f 6941 6970 6969
f 6944 6971 6945
f 6945 6972 6973
f 6945 6973 6974
f 6945 6974 6975
f 6945 6975 6946
f 6945 6971 6976
f 6945 6976 6972
f 6946 6975 6949
f 6947 6977 6978
f 6947 6978 6948
f 6947 6949 6979
f 6947 6979 6977
f 6948 6978 6980
f 6948 6980 6970
f 6948 6970 6950
f 6949 6975 6981
f 6949 6981 6979
f 6951 6982 6983
f 6951 6983 6952
f 6952 6983 6953
f 6953 6983 6984
f 6953 6984 6985
f 6953 6985 6954
f 6954 6985 6986
f 6955 6986 6987
f 6955 6987 6957
f 6955 6957 6956
f 6957 6987 6958
f 6958 6987 6959
f 6959 6987 6988
f 6959 6988 6989
f 6959 6989 6990
f 6959 6990 6960
f 6960 6990 6991
f 6960 6991 6992
f 6960 6992 6993
f 6960 6993 6961
f 6961 6993 6962
f 6962 6994 6963
f 6962 6993 6995
f 6962 6995 6994
f 6963 6994 6965
f 6963 6965 6964
f 6965 6994 6996
f 6965 6996 6966
f 6969 6970 6980
f 6969 6980 6997
f 6969 6997 6998
f 6971 6999 7000
f 6971 7000 6976
f 6972 7001 6973
f 6972 6976 7002
f 6972 7002 7003
f 6972 7003 7004
f 6972 7004 7001
f 6973 7001 7005
f 6973 7005 6974
f 6974 7005 7006
f 6974 7006 6981
f 6974 6981 6975
f 6976 7000 7002
f 6977 6979 7007
f 6977 7007 7008
f 6977 7008 6978
f 6978 7008 7009
f 6978 7009 7010
f 6978 7010 6997
f 6978 6997 6980
f 6979 6981 7006
f 6979 7006 7007
f 6982 7011 7012
f 6982 7012 6983
f 6983 7012 6984
f 6984 7013 6985
f 6984 7012 7014
f 6984 7014 6989
f 6984 6989 7013
f 6985 7013 6989
f 6985 6989 6988
f 6985 6988 6987
f 6985 6987 6986
f 6989 7014 7012
f 6989 7012 7015
f 6989 7015 6991
f 6989 6991 6990
f 6991 7015 6992
f 6992 7015 6993
f 6993 7015 7016
f 6993 7016 7017
f 6993 7017 7018
f 6993 7018 6995
f 6994 6995 6996
f 6995 7018 6996
f 6996 7018 7019
f 6997 7010 6998
f 6999 7020 7000
f 7000 7020 7021
f 7000 7021 7022
f 7000 7022 7023
f 7000 7023 7002
f 7001 7024 7005
f 7001 7004 7025
f 7001 7025 7024
f 7002 7023 7026
f 7002 7026 7027
f 7002 7027 7003
f 7003 7027 7028
f 7003 7028 7029
f 7003 7029 7004
f 7004 7029 7030
f 7004 7030 7025
f 7005 7031 7032
f 7005 7032 7007
f 7005 7007 7006
f 7005 7024 7033
f 7005 7033 7031
f 7011 7034 7035
f 7011 7035 7012
f 7012 7035 7015
f 7015 7035 7036
f 7015 7036 7037
f 7015 7037 7038
f 7015 7038 7039
f 7015 7039 7040
f 7015 7040 7016
f 7016 7041 7042
f 7016 7042 7043
f 7016 7043 7018
f 7016 7018 7017
f 7016 7040 7044
f 7016 7044 7045
f 7016 7045 7046
f 7016 7046 7041
f 7018 7047 7048
f 7018 7048 7019
f 7018 7043 7047
f 7019 7048 7047
f 7019 7047 7043
f 7019 7043 7049
f 7022 7050 7051
f 7022 7051 7023
f 7023 7051 7026
f 7024 7031 7033
f 7024 7025 7031
f 7025 7030 7052
f 7025 7052 7053
f 7025 7053 7032
f 7025 7032 7054
f 7025 7054 7031
f 7026 7051 7055
f 7026 7055 7056
f 7026 7056 7057
f 7026 7057 7030
f 7026 7030 7028
f 7026 7028 7027
f 7028 7030 7029
f 7030 7057 7052
f 7031 7054 7032
f 7032 7053 7058
f 7034 7059 7035
f 7035 7059 7060
f 7035 7060 7061
f 7035 7061 7036
f 7036 7061 7037
f 7037 7061 7062
f 7037 7062 7039
f 7037 7039 7038
f 7039 7062 7063
f 7039 7063 7064
f 7039 7064 7065
f 7039 7065 7066
f 7039 7066 7067
f 7039 7067 7068
f 7039 7068 7069
f 7039 7069 7044
f 7039 7044 7040
f 7041 7046 7042
f 7042 7070 7043
f 7042 7046 7071
f 7043 7070 7049
f 7044 7068 7045
f 7044 7069 7068
f 7045 7068 7067
f 7045 7067 7072
f 7045 7072 7046
f 7046 7072 7073
f 7046 7073 7071
f 7050 7074 7075
f 7050 7075 7076
f 7050 7076 7051
f 7051 7076 7075
f 7051 7075 7077
f 7051 7077 7055
f 7052 7057 7053
f 7053 7057 7078
f 7053 7078 7079
f 7053 7079 7080
f 7053 7080 7058
f 7055 7077 7056
f 7056 7077 7081
f 7056 7081 7078
f 7056 7078 7057
f 7059 7082 7060
f 7059 7083 7084
f 7059 7084 7082
f 7060 7082 7063
f 7060 7063 7061
f 7061 7063 7062
f 7063 7084 7085
f 7063 7085 7086
f 7063 7086 7064
f 7063 7082 7084
f 7064 7086 7087
f 7064 7087 7088
f 7064 7088 7065
f 7066 7089 7067
f 7067 7089 7090
f 7067 7090 7072
f 7072 7091 7073
f 7072 7090 7091
f 7074 7092 7093
f 7074 7093 7075
f 7075 7093 7077
f 7077 7093 7094
f 7077 7094 7095
f 7077 7095 7096
f 7077 7096 7097
f 7077 7097 7081
f 7078 7098 7099
f 7078 7099 7100
f 7078 7100 7079
f 7078 7081 7101
f 7078 7101 7102
f 7078 7102 7103
f 7078 7103 7104
f 7078 7104 7098
f 7079 7105 7106
f 7079 7106 7080
f 7079 7100 7105
f 7081 7097 7101
f 7083 7107 7084
f 7084 7107 7085
f 7085 7107 7129
f 7085 7129 7108
f 7085 7108 7109
f 7085 7109 7110
f 7085 7110 7111
f 7085 7111 7086
f 7086 7112 7087
f 7086 7111 7113
f 7086 7113 7114
f 7086 7114 7115
f 7086 7115 7112
f 7092 7116 7093
f 7093 7116 7117
f 7093 7117 7094
f 7094 7117 7095
f 7095 7117 7118
f 7095 7118 7097
f 7095 7097 7096
f 7097 7119 7120
f 7097 7120 7121
f 7097 7121 7101
f 7097 7118 7122
f 7097 7122 7119
f 7098 7104 7128
f 7098 7128 7123
f 7098 7100 7099
f 7100 7124 7105
f 7101 7121 7125
f 7101 7125 7102
f 7102 7125 7126
f 7102 7126 7103
f 7103 7126 7104
f 7104 7126 7127
f 7104 7127 7128
f 7105 7124 7106
f 7108 7129 7130
f 7108 7130 7109
f 7109 7130 7131
f 7109 7131 7132
f 7109 7132 7133
f 7109 7133 7134
f 7109 7134 7110
f 7110 7134 7111
f 7111 7134 7113
f 7112 7115 7135
f 7113 7115 7136
f 7113 7136 7114
f 7113 7134 7137
f 7113 7137 7115
f 7114 7136 7115
f 7115 7137 7138
f 7115 7138 7135
f 7116 7139 7117
f 7117 7139 7140
f 7117 7140 7118
f 7118 7141 7122
f 7118 7140 7142
f 7118 7142 7143
f 7118 7143 7141
f 7119 7122 7120
f 7120 7122 7144
f 7120 7144 7121
f 7121 7144 7145
f 7121 7145 7146
f 7121 7146 7125
f 7122 7141 7147
f 7122 7147 7148
f 7122 7148 7149
f 7122 7149 7150
f 7122 7150 7151
f 7122 7151 7152
f 7122 7152 7144
f 7123 7128 7155
f 7123 7155 7153
f 7125 7146 7154
f 7125 7154 7127
f 7125 7127 7126
f 7127 7154 7128
f 7128 7154 7155
f 7129 7156 7130
f 7130 7156 7157
f 7130 7157 7158
f 7130 7158 7131
f 7131 7158 7159
f 7131 7159 7160
f 7131 7160 7132
f 7132 7160 7161
f 7132 7161 7162
f 7132 7162 7133
f 7133 7163 7164
f 7133 7164 7137
f 7133 7137 7134
f 7133 7162 7165
f 7133 7165 7163
f 7137 7164 7166
f 7137 7166 7167
f 7137 7167 7138
f 7139 7168 7140
f 7140 7168 7142
f 7141 7143 7169
f 7141 7169 7170
f 7141 7170 7171
f 7141 7171 7147
f 7143 7172 7169
f 7144 7152 7173
f 7144 7173 7145
f 7145 7173 7174
f 7145 7174 7175
f 7145 7175 7154
f 7145 7154 7146
f 7147 7176 7148
f 7147 7171 7176
f 7148 7176 7149
f 7149 7176 7177
f 7149 7177 7178
f 7149 7178 7179
f 7149 7179 7180
f 7149 7180 7150
f 7150 7180 7181
f 7150 7181 7151
f 7151 7182 7152
f 7151 7181 7183
f 7151 7183 7182
f 7152 7182 7184
f 7152 7184 7173
f 7153 7155 7186
f 7153 7186 7185
f 7154 7175 7155
f 7155 7175 7186
f 7157 7187 7159
f 7157 7159 7158
f 7159 7187 7212
f 7159 7212 7188
f 7159 7188 7160
f 7160 7188 7189
f 7160 7189 7161
f 7161 7189 7190
f 7161 7190 7191
f 7161 7191 7192
f 7161 7192 7162
f 7162 7192 7165
f 7163 7193 7164
f 7163 7165 7194
f 7163 7194 7193
f 7164 7193 7195
f 7164 7195 7196
f 7164 7196 7166
f 7165 7192 7197
f 7165 7197 7194
f 7169 7172 7170
f 7170 7172 7198
f 7170 7198 7199
f 7170 7199 7177
f 7170 7177 7171
f 7171 7177 7176
f 7173 7184 7200
f 7173 7200 7174
f 7174 7200 7201
f 7174 7201 7175
f 7175 7201 7186
f 7177 7199 7202
f 7177 7202 7203
f 7177 7203 7204
f 7177 7204 7178
f 7178 7204 7205
f 7178 7205 7206
f 7178 7206 7193
f 7178 7193 7179
f 7179 7193 7180
f 7180 7194 7181
f 7180 7193 7194
f 7181 7194 7197
f 7181 7197 7192
f 7181 7192 7183
f 7182 7183 7207
f 7182 7207 7190
f 7182 7190 7184
f 7183 7192 7207
f 7184 7201 7200
f 7184 7190 7208
f 7184 7208 7201
f 7185 7209 7210
f 7185 7210 7211
f 7185 7186 7201
f 7185 7201 7209
f 7188 7212 7213
f 7188 7213 7189
f 7189 7213 7208
f 7189 7208 7190
f 7190 7207 7191
f 7191 7207 7192
f 7193 7214 7215
f 7193 7215 7216
f 7193 7216 7195
f 7193 7206 7217
f 7193 7217 7214
f 7195 7216 7218
f 7195 7218 7196
f 7198 7219 7202
f 7198 7202 7199
f 7201 7208 7213
f 7201 7213 7209
f 7202 7220 7203
f 7202 7219 7220
f 7205 7217 7206
f 7209 7213 7210
f 7210 7213 7211