# https://github.com/mikedh/trimesh

o geometry_0
v -19.30069399 -11.93905900 -9.62417546 0.54509804 0.71372549 0.60000000
v -19.21353392 -10.25293442 -9.62417546 0.54509804 0.71372549 0.60000000
v -19.22111152 -10.25293442 -10.37162292 0.54509804 0.71372549 0.60000000
v -19.21732272 -10.25293442 -12.06364651 0.54509804 0.71372549 0.60000000
v -19.20974512 -10.25293442 -13.75840884 0.54509804 0.71372549 0.60000000
v -19.29690267 -11.93905900 -10.37162292 0.54509804 0.71372549 0.60000000
v -19.28553375 -13.63493071 -9.62417546 0.54509804 0.71372549 0.60000000
v -19.00889833 -8.55706145 -9.62417546 0.54509804 0.71372549 0.60000000
v -19.02026726 -8.55706145 -10.37162292 0.54509804 0.71372549 0.60000000
v -19.03163618 -8.55706145 -12.06364651 0.54509804 0.71372549 0.60000000
v -19.02784486 -8.55706145 -13.75840884 0.54509804 0.71372549 0.60000000
v -19.01647593 -11.93905900 -27.30829128 0.54509804 0.71372549 0.60000000
v -19.26279842 -11.93905900 -13.75840884 0.54509804 0.71372549 0.60000000
v -19.28174495 -11.93905900 -12.06364651 0.54509804 0.71372549 0.60000000
v -19.01647593 -8.55706145 -15.45317118 0.54509804 0.71372549 0.60000000
v -18.66783817 -8.26954428 -35.77662798 0.54509804 0.71372549 0.60000000
v -18.75878704 -8.98102969 -34.08186565 0.54509804 0.71372549 0.60000000
v -18.73984052 -9.11747950 -35.77662798 0.54509804 0.71372549 0.60000000
v -18.72847159 -9.27829526 -37.12641515 0.54509804 0.71372549 0.60000000
v -18.99374061 -10.25293442 -25.61353147 0.54509804 0.71372549 0.60000000
v -19.27795615 -13.63493071 -10.37162292 0.54509804 0.71372549 0.60000000
v -19.16426943 -15.33080242 -9.62417546 0.54509804 0.71372549 0.60000000
v -18.91794946 -8.05024949 -9.62417546 0.54509804 0.71372549 0.60000000
v -18.80047142 -7.34363701 -10.37162292 0.54509804 0.71372549 0.60000000
v -18.80426274 -7.32414400 -12.06364651 0.54509804 0.71372549 0.60000000
v -18.81184034 -7.29490512 -15.45317118 0.54509804 0.71372549 0.60000000
v -18.80426274 -10.25293442 -35.77662798 0.54509804 0.71372549 0.60000000
v -18.98237168 -11.93905900 -29.00031740 0.54509804 0.71372549 0.60000000
v -18.95963383 -13.63493071 -30.69507720 0.54509804 0.71372549 0.60000000
v -18.00466690 -3.47431989 -37.59459573 0.54509804 0.71372549 0.60000000
v -18.29267376 -5.17019160 -35.77662798 0.54509804 0.71372549 0.60000000
v -18.27751351 -5.17019160 -37.47139032 0.54509804 0.71372549 0.60000000
v -18.52383600 -6.86606394 -35.77662798 0.54509804 0.71372549 0.60000000
v -18.48214911 -6.86606394 -37.47139032 0.54509804 0.71372549 0.60000000
v -18.66025805 -8.66427238 -37.59459573 0.54509804 0.71372549 0.60000000
v -18.72089147 -9.36113898 -37.59459573 0.54509804 0.71372549 0.60000000
v -18.86489364 -15.33080242 -30.69507720 0.54509804 0.71372549 0.60000000
v -18.89142281 -15.33080242 -29.00031740 0.54509804 0.71372549 0.60000000
v -19.15668930 -15.33080242 -10.37162292 0.54509804 0.71372549 0.60000000
v -19.05816283 -16.27620269 -9.62417546 0.54509804 0.71372549 0.60000000
v -18.79289382 -7.36800296 -9.62417546 0.54509804 0.71372549 0.60000000
v -18.60341595 -6.52006647 -9.62417546 0.54509804 0.71372549 0.60000000
v -18.60720475 -6.49570053 -10.37162292 0.54509804 0.71372549 0.60000000
v -17.65981794 -1.78332174 -37.59459573 0.54509804 0.71372549 0.60000000
v -18.75120944 -10.11161167 -37.59459573 0.54509804 0.71372549 0.60000000
v -18.83078939 -11.93905900 -35.77662798 0.54509804 0.71372549 0.60000000
v -18.94447611 -11.93905900 -30.69507720 0.54509804 0.71372549 0.60000000
v -18.77773609 -13.77138052 -35.92173575 0.54509804 0.71372549 0.60000000
v -18.75120944 -14.74601968 -35.45355516 0.54509804 0.71372549 0.60000000
v -18.27372471 -5.17019160 -37.59459573 0.54509804 0.71372549 0.60000000
v -18.28888244 -5.29202197 -37.59459573 0.54509804 0.71372549 0.60000000
v -18.47836031 -6.86606394 -37.59459573 0.54509804 0.71372549 0.60000000
v -18.70952255 -16.10076686 -33.08526735 0.54509804 0.71372549 0.60000000
v -18.73226039 -16.27620269 -31.95725247 0.54509804 0.71372549 0.60000000
v -18.74741812 -16.38341236 -30.69507720 0.54509804 0.71372549 0.60000000
v -18.76257584 -16.51986217 -29.00031740 0.54509804 0.71372549 0.60000000
v -18.77773609 -16.63681897 -27.30829128 0.54509804 0.71372549 0.60000000
v -18.96342263 -17.02180119 -10.37162292 0.54509804 0.71372549 0.60000000
v -18.96721396 -17.02180119 -9.62417546 0.54509804 0.71372549 0.60000000
v -18.44425353 -5.91579073 -9.62417546 0.54509804 0.71372549 0.60000000
v -17.19370214 0.07823866 -37.59459573 0.54509804 0.71372549 0.60000000
v -17.21265119 0.00514082 -37.59459573 0.54509804 0.71372549 0.60000000
v -18.76257584 -11.93905900 -37.59459573 0.54509804 0.71372549 0.60000000
v -18.77015597 -11.93905900 -37.47139032 0.54509804 0.71372549 0.60000000
v -18.76257584 -12.06088873 -37.59459573 0.54509804 0.71372549 0.60000000
v -18.73604919 -13.17197771 -37.47139032 0.54509804 0.71372549 0.60000000
v -18.71331387 -14.42438816 -36.58430878 0.54509804 0.71372549 0.60000000
v -18.64510032 -15.32105654 -35.92173575 0.54509804 0.71372549 0.60000000
v -18.67920710 -15.89609341 -34.08186565 0.54509804 0.71372549 0.60000000
v -18.48972923 -17.02180119 -34.08186565 0.54509804 0.71372549 0.60000000
v -18.59962715 -16.91459153 -32.46924027 0.54509804 0.71372549 0.60000000
v -18.61099607 -17.23134884 -30.69507720 0.54509804 0.71372549 0.60000000
v -18.64131152 -17.36779866 -29.00031740 0.54509804 0.71372549 0.60000000
v -18.66404937 -17.48475419 -27.30829128 0.54509804 0.71372549 0.60000000
v -18.76257584 -18.13288890 -13.75840884 0.54509804 0.71372549 0.60000000
v -18.78531369 -18.26933871 -10.37162292 0.54509804 0.71372549 0.60000000
v -18.86868496 -17.71866779 -9.62417546 0.54509804 0.71372549 0.60000000
v -18.24340927 -5.17019160 -9.62417546 0.54509804 0.71372549 0.60000000
v -16.78822228 1.40374822 -37.59459573 0.54509804 0.71372549 0.60000000
v -18.73226039 -13.11837287 -37.59459573 0.54509804 0.71372549 0.60000000
v -18.68299590 -13.84447836 -37.59459573 0.54509804 0.71372549 0.60000000
v -18.67920710 -14.01991293 -37.47139032 0.54509804 0.71372549 0.60000000
v -18.51246708 -15.33080242 -37.47139032 0.54509804 0.71372549 0.60000000
v -18.36467359 -17.02180119 -35.77662798 0.54509804 0.71372549 0.60000000
v -18.09182697 -18.71767416 -34.08186565 0.54509804 0.71372549 0.60000000
v -18.21309129 -18.71767416 -32.38983954 0.54509804 0.71372549 0.60000000
v -18.29646256 -18.71767416 -30.69507720 0.54509804 0.71372549 0.60000000
v -18.43288713 -18.71767416 -27.30829128 0.54509804 0.71372549 0.60000000
v -18.47836031 -18.71767416 -25.61353147 0.54509804 0.71372549 0.60000000
v -18.61099607 -18.91260174 -15.45317118 0.54509804 0.71372549 0.60000000
v -18.78531369 -18.27908711 -9.62417546 0.54509804 0.71372549 0.60000000
v -18.63752272 -19.11240100 -10.37162292 0.54509804 0.71372549 0.60000000
v -18.64131152 -19.12702107 -9.62417546 0.54509804 0.71372549 0.60000000
v -18.72468027 -18.64944800 -9.62417546 0.54509804 0.71372549 0.60000000
v -17.95919120 -4.42459310 -9.62417546 0.54509804 0.71372549 0.60000000
v -16.76548443 1.47197187 -37.59459573 0.54509804 0.71372549 0.60000000
v -18.67162697 -13.97605523 -37.59459573 0.54509804 0.71372549 0.60000000
v -18.49730935 -15.33080242 -37.59459573 0.54509804 0.71372549 0.60000000
v -18.17519572 -17.02180119 -37.47139032 0.54509804 0.71372549 0.60000000
v -17.92508695 -18.71767416 -35.77662798 0.54509804 0.71372549 0.60000000
v -17.71287124 -20.40867041 -32.38983954 0.54509804 0.71372549 0.60000000
v -17.82655796 -20.40867041 -30.69507720 0.54509804 0.71372549 0.60000000
v -18.03119355 -20.40867041 -27.30829128 0.54509804 0.71372549 0.60000000
v -18.10698470 -20.40867041 -25.61353147 0.54509804 0.71372549 0.60000000
v -18.15624919 -20.40867041 -23.91876914 0.54509804 0.71372549 0.60000000
v -18.31540909 -20.40867041 -15.45317118 0.54509804 0.71372549 0.60000000
v -18.35330466 -20.40867041 -12.06364651 0.54509804 0.71372549 0.60000000
v -18.36846491 -20.40867041 -10.37162292 0.54509804 0.71372549 0.60000000
v -18.48972923 -19.85312782 -9.62417546 0.54509804 0.71372549 0.60000000
v -17.59539572 -3.47431989 -9.62417546 0.54509804 0.71372549 0.60000000
v -15.90525517 3.41637725 -37.59459573 0.54509804 0.71372549 0.60000000
v -18.16003799 -17.02180119 -37.59459573 0.54509804 0.71372549 0.60000000
v -17.69392471 -18.71767416 -37.47139032 0.54509804 0.71372549 0.60000000
v -17.29223113 -20.49638833 -35.69996599 0.54509804 0.71372549 0.60000000
v -17.53476230 -20.40867041 -34.08186565 0.54509804 0.71372549 0.60000000
v -17.22402011 -21.74392837 -32.38983954 0.54509804 0.71372549 0.60000000
v -17.07622662 -23.07918128 -28.70188565 0.54509804 0.71372549 0.60000000
v -17.14443764 -23.23512537 -27.30829128 0.54509804 0.71372549 0.60000000
v -17.53855110 -22.10454339 -27.30829128 0.54509804 0.71372549 0.60000000
v -17.63708009 -22.10454339 -25.61353147 0.54509804 0.71372549 0.60000000
v -17.70150231 -22.10454339 -23.91876914 0.54509804 0.71372549 0.60000000
v -17.74697801 -22.10454339 -22.22674302 0.54509804 0.71372549 0.60000000
v -17.83413808 -22.10454339 -18.83995710 0.54509804 0.71372549 0.60000000
v -17.86445353 -22.10454339 -17.14519477 0.54509804 0.71372549 0.60000000
v -17.89098018 -22.10454339 -15.45317118 0.54509804 0.71372549 0.60000000
v -17.91371803 -22.10454339 -13.75840884 0.54509804 0.71372549 0.60000000
v -18.37225371 -20.40867041 -9.62417546 0.54509804 0.71372549 0.60000000
v -17.93645588 -22.10454339 -10.37162292 0.54509804 0.71372549 0.60000000
v -17.10654459 -2.53379381 -9.62417546 0.54509804 0.71372549 0.60000000
v -15.69304198 3.81597955 -37.59459573 0.54509804 0.71372549 0.60000000
v -17.66739807 -18.72742004 -37.59459573 0.54509804 0.71372549 0.60000000
v -17.20507106 -19.99932351 -37.59459573 0.54509804 0.71372549 0.60000000
v -17.21643999 -20.02368945 -37.47139032 0.54509804 0.71372549 0.60000000
v -16.95496230 -21.11528541 -36.21469001 0.54509804 0.71372549 0.60000000
v -17.12549111 -21.49052050 -34.08186565 0.54509804 0.71372549 0.60000000
v -16.86022210 -22.59186234 -32.38983954 0.54509804 0.71372549 0.60000000
v -17.01938452 -22.94760567 -29.83263928 0.54509804 0.71372549 0.60000000
v -16.76927323 -24.07818766 -27.30829128 0.54509804 0.71372549 0.60000000
v -16.84885318 -24.24874929 -25.61353147 0.54509804 0.71372549 0.60000000
v -16.92843565 -24.40469085 -23.91876914 0.54509804 0.71372549 0.60000000
v -17.20128226 -23.40081280 -25.61353147 0.54509804 0.71372549 0.60000000
v -17.23917783 -23.55675688 -23.91876914 0.54509804 0.71372549 0.60000000
v -17.26570448 -23.68833250 -22.22674302 0.54509804 0.71372549 0.60000000
v -17.28844233 -23.76142781 -20.53471943 0.54509804 0.71372549 0.60000000
v -17.31875778 -23.79066796 -18.83995710 0.54509804 0.71372549 0.60000000
v -17.37560240 -23.80041636 -15.45317118 0.54509804 0.71372549 0.60000000
v -17.39454893 -23.80041636 -13.75840884 0.54509804 0.71372549 0.60000000
v -18.12972255 -21.35894489 -9.62417546 0.54509804 0.71372549 0.60000000
v -17.93266455 -22.10454339 -9.62417546 0.54509804 0.71372549 0.60000000
v -17.39833773 -23.80041636 -12.06364651 0.54509804 0.71372549 0.60000000
v -17.39076013 -23.80041636 -10.37162292 0.54509804 0.71372549 0.60000000
v -16.23494640 -1.68585795 -9.62417546 0.54509804 0.71372549 0.60000000
v -12.92667017 6.81786655 -37.59459573 0.54509804 0.71372549 0.60000000
v -13.35109908 6.40364544 -37.59459573 0.54509804 0.71372549 0.60000000
v -14.18479917 5.58007490 -37.59459573 0.54509804 0.71372549 0.60000000
v -14.62438832 5.12686904 -37.59459573 0.54509804 0.71372549 0.60000000
v -15.01471046 4.70290079 -37.59459573 0.54509804 0.71372549 0.60000000
v -16.86780223 -20.75954208 -37.59459573 0.54509804 0.71372549 0.60000000
v -16.84127558 -20.87162594 -37.47139032 0.54509804 0.71372549 0.60000000
v -16.72758886 -22.33845699 -34.08186565 0.54509804 0.71372549 0.60000000
v -16.23115760 -23.80041636 -32.38983954 0.54509804 0.71372549 0.60000000
v -16.48126637 -23.80041636 -30.69507720 0.54509804 0.71372549 0.60000000
v -16.73895778 -23.70782424 -29.16185255 0.54509804 0.71372549 0.60000000
v -16.25389545 -25.49141261 -25.61353147 0.54509804 0.71372549 0.60000000
v -16.41684415 -25.49141261 -23.91876914 0.54509804 0.71372549 0.60000000
v -16.98148895 -24.53626646 -22.22674302 0.54509804 0.71372549 0.60000000
v -17.00801559 -24.60936682 -20.53471943 0.54509804 0.71372549 0.60000000
v -17.05348877 -24.72632236 -15.45317118 0.54509804 0.71372549 0.60000000
v -17.06864902 -24.76043418 -13.75840884 0.54509804 0.71372549 0.60000000
v -17.62571117 -23.05481786 -9.62417546 0.54509804 0.71372549 0.60000000
v -17.06864902 -24.76043418 -12.06364651 0.54509804 0.71372549 0.60000000
v -17.38318000 -23.80041636 -9.62417546 0.54509804 0.71372549 0.60000000
v -15.86357079 -1.33011462 -9.62417546 0.54509804 0.71372549 0.60000000
v -12.55150324 7.17360988 -37.59459573 0.54509804 0.71372549 0.60000000
v -15.38987739 -0.87690749 -9.62417546 0.54509804 0.71372549 0.60000000
v -16.83369545 -20.83263992 -37.59459573 0.54509804 0.71372549 0.60000000
v -16.76169311 -20.96908973 -37.59459573 0.54509804 0.71372549 0.60000000
v -16.18189311 -22.10454339 -37.47139032 0.54509804 0.71372549 0.60000000
v -16.60632201 -21.96809358 -35.69996599 0.54509804 0.71372549 0.60000000
v -15.82567522 -23.94173784 -34.17769125 0.54509804 0.71372549 0.60000000
v -15.54524848 -24.98460191 -32.38983954 0.54509804 0.71372549 0.60000000
v -15.68925065 -25.24288146 -30.69507720 0.54509804 0.71372549 0.60000000
v -15.74609527 -25.61324487 -28.97567631 0.54509804 0.71372549 0.60000000
v -16.04925986 -25.49141261 -27.30829128 0.54509804 0.71372549 0.60000000
v -15.57935526 -26.73407845 -25.61353147 0.54509804 0.71372549 0.60000000
v -15.66272400 -26.89002001 -23.91876914 0.54509804 0.71372549 0.60000000
v -16.53053087 -25.49141261 -22.22674302 0.54509804 0.71372549 0.60000000
v -15.72335743 -27.01672395 -22.22674302 0.54509804 0.71372549 0.60000000
v -16.60253321 -25.49141261 -20.53471943 0.54509804 0.71372549 0.60000000
v -16.68211316 -25.56938465 -15.45317118 0.54509804 0.71372549 0.60000000
v -16.69348208 -25.60349647 -13.75840884 0.54509804 0.71372549 0.60000000
v -16.69727088 -25.60837067 -12.06364651 0.54509804 0.71372549 0.60000000
v -17.05348877 -24.72145069 -9.62417546 0.54509804 0.71372549 0.60000000
v -17.19749346 -24.32184713 -9.62417546 0.54509804 0.71372549 0.60000000
v -16.69348208 -25.57913305 -10.37162292 0.54509804 0.71372549 0.60000000
v -16.68969328 -25.56938465 -9.62417546 0.54509804 0.71372549 0.60000000
v -11.38053179 8.20185388 -37.59459573 0.54509804 0.71372549 0.60000000
v -14.31364361 0.12209762 -9.62417546 0.54509804 0.71372549 0.60000000
v -13.77931679 0.60941657 -9.62417546 0.54509804 0.71372549 0.60000000
v -13.62394569 0.75073932 -9.62417546 0.54509804 0.71372549 0.60000000
v -16.15157766 -22.10941506 -37.59459573 0.54509804 0.71372549 0.60000000
v -15.70440838 -23.57624863 -35.77662798 0.54509804 0.71372549 0.60000000
v -15.29892852 -24.60449263 -34.80740951 0.54509804 0.71372549 0.60000000
v -15.42019284 -24.78480013 -33.67665588 0.54509804 0.71372549 0.60000000
v -15.15871515 -26.09081542 -30.69507720 0.54509804 0.71372549 0.60000000
v -15.27619067 -26.25650538 -29.52599384 0.54509804 0.71372549 0.60000000
v -15.45429961 -26.53427920 -27.30829128 0.54509804 0.71372549 0.60000000
v -15.01092166 -27.58201242 -25.61353147 0.54509804 0.71372549 0.60000000
v -15.13218850 -27.73795650 -23.91876914 0.54509804 0.71372549 0.60000000
v -15.21934605 -27.86466043 -22.22674302 0.54509804 0.71372549 0.60000000
v -15.76504180 -27.10444186 -20.53471943 0.54509804 0.71372549 0.60000000
v -15.27997947 -27.95237583 -20.53471943 0.54509804 0.71372549 0.60000000
v -15.85220187 -27.18728558 -17.14519477 0.54509804 0.71372549 0.60000000
v -15.89388624 -27.18728558 -15.45317118 0.54509804 0.71372549 0.60000000
v -15.92420422 -27.18728558 -13.75840884 0.54509804 0.71372549 0.60000000
v -15.93178182 -27.18728558 -12.06364651 0.54509804 0.71372549 0.60000000
v -15.92799302 -27.18728558 -9.62417546 0.54509804 0.71372549 0.60000000
v -11.13042303 8.41627447 -37.59459573 0.54509804 0.71372549 0.60000000
v -13.47236340 0.87744325 -9.62417546 0.54509804 0.71372549 0.60000000
v -15.49977279 -23.22537697 -37.59459573 0.54509804 0.71372549 0.60000000
v -15.51493303 -23.24974544 -37.47139032 0.54509804 0.71372549 0.60000000
v -15.17766167 -24.41931092 -35.77662798 0.54509804 0.71372549 0.60000000
v -14.10521922 -25.26237321 -37.47139032 0.54509804 0.71372549 0.60000000
v -14.25680151 -25.63273662 -35.86423988 0.54509804 0.71372549 0.60000000
v -14.85933936 -25.40856889 -34.17769125 0.54509804 0.71372549 0.60000000
v -14.97681488 -25.83253587 -32.38983954 0.54509804 0.71372549 0.60000000
v -14.12795707 -26.96311785 -32.38983954 0.54509804 0.71372549 0.60000000
v -14.22648607 -27.31886119 -30.73614820 0.54509804 0.71372549 0.60000000
v -13.85510793 -28.30324749 -29.00031740 0.54509804 0.71372549 0.60000000
v -14.79491714 -27.05083577 -28.97567631 0.54509804 0.71372549 0.60000000
v -14.87070829 -27.38221316 -27.30829128 0.54509804 0.71372549 0.60000000
v -14.02563927 -28.51766682 -27.30829128 0.54509804 0.71372549 0.60000000
v -14.16585264 -28.69797432 -25.61353147 0.54509804 0.71372549 0.60000000
v -14.16585264 -29.00985997 -23.83389346 0.54509804 0.71372549 0.60000000
v -14.45006818 -28.87828435 -22.22674302 0.54509804 0.71372549 0.60000000
v -14.60165047 -28.87828435 -20.53471943 0.54509804 0.71372549 0.60000000
v -15.31029744 -28.00598192 -19.28623534 0.54509804 0.71372549 0.60000000
v -15.33682409 -28.04496794 -18.15821919 0.54509804 0.71372549 0.60000000
v -15.70819970 -27.33835294 -18.76877259 0.54509804 0.71372549 0.60000000
v -14.82902391 -28.71746860 -18.76877259 0.54509804 0.71372549 0.60000000
v -15.35577062 -28.07907976 -17.14519477 0.54509804 0.71372549 0.60000000
v -15.38608859 -28.12293998 -15.45317118 0.54509804 0.71372549 0.60000000
v -15.40882391 -28.15705180 -13.75840884 0.54509804 0.71372549 0.60000000
v -15.40882391 -28.16192348 -12.06364651 0.54509804 0.71372549 0.60000000
v -15.40882391 -28.16679768 -9.62417546 0.54509804 0.71372549 0.60000000
v -10.95989168 8.55759722 -37.59459573 0.54509804 0.71372549 0.60000000
v -12.94940550 1.30141023 -9.62417546 0.54509804 0.71372549 0.60000000
v -14.93891931 -24.06843926 -37.59459573 0.54509804 0.71372549 0.60000000
v -14.08627270 -25.23800726 -37.59459573 0.54509804 0.71372549 0.60000000
v -13.59741904 -26.29549140 -36.48574445 0.54509804 0.71372549 0.60000000
v -13.91574135 -26.69021823 -34.08186565 0.54509804 0.71372549 0.60000000
v -13.58226132 -27.97187010 -31.33027294 0.54509804 0.71372549 0.60000000
v -13.71868589 -28.13268333 -30.20225553 0.54509804 0.71372549 0.60000000
v -13.07824994 -29.15118145 -29.00031740 0.54509804 0.71372549 0.60000000
v -13.29046566 -29.36072910 -27.30829128 0.54509804 0.71372549 0.60000000
v -13.46478580 -29.54103661 -25.61353147 0.54509804 0.71372549 0.60000000
v -13.57468119 -29.66286887 -24.34040630 0.54509804 0.71372549 0.60000000
v -13.65047234 -29.74571259 -23.21512763 0.54509804 0.71372549 0.60000000
v -13.71489456 -29.81881043 -22.22674302 0.54509804 0.71372549 0.60000000
v -13.80584596 -29.92114842 -20.53471943 0.54509804 0.71372549 0.60000000
v -13.87026818 -30.00399214 -18.83995710 0.54509804 0.71372549 0.60000000
v -14.76460169 -28.92701625 -17.14519477 0.54509804 0.71372549 0.60000000
v -13.91953015 -30.06734411 -17.14519477 0.54509804 0.71372549 0.60000000
v -14.80249727 -28.97087395 -15.45317118 0.54509804 0.71372549 0.60000000
v -14.82144379 -29.00498577 -13.75840884 0.54509804 0.71372549 0.60000000
v -14.83281271 -29.00498577 -12.06364651 0.54509804 0.71372549 0.60000000
v -14.84418164 -29.00985997 -9.62417546 0.54509804 0.71372549 0.60000000
v -9.51986305 9.68330500 -37.59459573 0.54509804 0.71372549 0.60000000
v -11.71022303 2.28092233 -9.62417546 0.54509804 0.71372549 0.60000000
v -13.46478580 -26.02259178 -37.59459573 0.54509804 0.71372549 0.60000000
v -13.43446783 -26.11030969 -37.47139032 0.54509804 0.71372549 0.60000000
v -12.56666096 -26.97773793 -37.59459573 0.54509804 0.71372549 0.60000000
v -11.91864742 -28.01572779 -36.57062014 0.54509804 0.71372549 0.60000000
v -12.11570541 -28.20090950 -35.43986651 0.54509804 0.71372549 0.60000000
v -13.18056774 -27.53328052 -34.08186565 0.54509804 0.71372549 0.60000000
v -13.43067903 -27.81105434 -32.38983954 0.54509804 0.71372549 0.60000000
v -12.58561001 -28.67361090 -32.38983954 0.54509804 0.71372549 0.60000000
v -12.81677225 -28.90752198 -30.78543037 0.54509804 0.71372549 0.60000000
v -12.05507199 -29.83343050 -30.24058779 0.54509804 0.71372549 0.60000000
v -12.22939213 -29.99424374 -29.00031740 0.54509804 0.71372549 0.60000000
v -12.44539664 -30.19891972 -27.30829128 0.54509804 0.71372549 0.60000000
v -12.61971426 -30.36948135 -25.61353147 0.54509804 0.71372549 0.60000000
v -12.85466783 -30.66187272 -22.22674302 0.54509804 0.71372549 0.60000000
v -11.94517407 -31.42696549 -23.11108582 0.54509804 0.71372549 0.60000000
v -12.96835455 -30.76908238 -20.53471943 0.54509804 0.71372549 0.60000000
v -13.07067234 -30.85192610 -18.83995710 0.54509804 0.71372549 0.60000000
v -13.14646349 -30.91040639 -17.14519477 0.54509804 0.71372549 0.60000000
v -13.20330559 -30.96400996 -15.45317118 0.54509804 0.71372549 0.60000000
v -13.25257008 -30.99812178 -13.75840884 0.54509804 0.71372549 0.60000000
v -13.95363693 -30.11607600 -15.45317118 0.54509804 0.71372549 0.60000000
v -13.97637478 -30.15505950 -13.75840884 0.54509804 0.71372549 0.60000000
v -13.99532130 -30.18917384 -10.37162292 0.54509804 0.71372549 0.60000000
v -14.37048823 -29.67261475 -9.62417546 0.54509804 0.71372549 0.60000000
v -9.34933297 9.81488061 -37.59459573 0.54509804 0.71372549 0.60000000
v -11.33884742 2.54894902 -9.62417546 0.54509804 0.71372549 0.60000000
v -13.41173250 -26.08594375 -37.59459573 0.54509804 0.71372549 0.60000000
v -11.76706765 -27.76232245 -37.59459573 0.54509804 0.71372549 0.60000000
v -11.72538075 -27.84516616 -37.47139032 0.54509804 0.71372549 0.60000000
v -11.63822068 -27.87440631 -37.59459573 0.54509804 0.71372549 0.60000000
v -10.85378509 -28.53715857 -37.59459573 0.54509804 0.71372549 0.60000000
v -10.09966431 -29.61900865 -36.30504317 0.54509804 0.71372549 0.60000000
v -10.34598491 -29.80906456 -35.17702828 0.54509804 0.71372549 0.60000000
v -11.40326964 -29.25839364 -34.08186565 0.54509804 0.71372549 0.60000000
v -12.33170992 -28.41045715 -34.08186565 0.54509804 0.71372549 0.60000000
v -11.71022303 -29.52154486 -32.38983954 0.54509804 0.71372549 0.60000000
v -11.88454317 -29.68236062 -31.36860268 0.54509804 0.71372549 0.60000000
v -11.24789855 -30.84218275 -29.00031740 0.54509804 0.71372549 0.60000000
v -10.27019376 -31.44158556 -29.91477623 0.54509804 0.71372549 0.60000000
v -11.48284959 -31.04685620 -27.30829128 0.54509804 0.71372549 0.60000000
v -11.69127650 -31.21741784 -25.61353147 0.54509804 0.71372549 0.60000000
v -11.83527867 -31.33437337 -24.23636449 0.54509804 0.71372549 0.60000000
v -10.93715383 -32.54292740 -20.45532123 0.54509804 0.71372549 0.60000000
v -12.12328301 -31.58290705 -20.53471943 0.54509804 0.71372549 0.60000000
v -11.19863405 -31.89479269 -23.77092012 0.54509804 0.71372549 0.60000000
v -10.06555817 -32.98638613 -22.22674302 0.54509804 0.71372549 0.60000000
v -10.18303432 -33.07410404 -20.96457029 0.54509804 0.71372549 0.60000000
v -12.22560333 -31.67549664 -18.83995710 0.54509804 0.71372549 0.60000000
v -12.30139195 -31.74859700 -17.14519477 0.54509804 0.71372549 0.60000000
v -12.35823657 -31.80707225 -15.45317118 0.54509804 0.71372549 0.60000000
v -12.40370975 -31.86068087 -13.75840884 0.54509804 0.71372549 0.60000000
v -13.28288553 -31.02249026 -12.06364651 0.54509804 0.71372549 0.60000000
v -12.43402772 -31.88991849 -12.06364651 0.54509804 0.71372549 0.60000000
v -13.98395238 -30.17455377 -12.06364651 0.54509804 0.71372549 0.60000000
v -13.99532130 -30.18429964 -9.62417546 0.54509804 0.71372549 0.60000000
v -13.29425446 -31.03711033 -10.37162292 0.54509804 0.71372549 0.60000000
v -8.17078266 10.66281710 -37.59459573 0.54509804 0.71372549 0.60000000
v -10.86136269 2.88519934 -9.62417546 0.54509804 0.71372549 0.60000000
v -9.85713315 -29.32174561 -37.59459573 0.54509804 0.71372549 0.60000000
v -9.80786865 -29.40458932 -37.47139032 0.54509804 0.71372549 0.60000000
v -9.67902421 -29.45332122 -37.59459573 0.54509804 0.71372549 0.60000000
v -8.95900958 -30.01861221 -37.47139032 0.54509804 0.71372549 0.60000000
v -7.04907571 -31.55366942 -36.97856865 0.54509804 0.71372549 0.60000000
v -8.18973045 -31.16381174 -35.77662798 0.54509804 0.71372549 0.60000000
v -9.48196748 -30.24765161 -35.75472312 0.54509804 0.71372549 0.60000000
v -8.69753063 -31.52930095 -33.56713911 0.54509804 0.71372549 0.60000000
v -9.31901689 -30.90065799 -34.11198169 0.54509804 0.71372549 0.60000000
v -9.79650036 -31.08584222 -32.38983954 0.54509804 0.71372549 0.60000000
v -10.06555817 -31.28564148 -31.04552985 0.54509804 0.71372549 0.60000000
v -10.55440993 -29.97962619 -34.08186565 0.54509804 0.71372549 0.60000000
v -10.86136269 -30.23790574 -32.38983954 0.54509804 0.71372549 0.60000000
v -9.45923026 -31.86068087 -30.56639683 0.54509804 0.71372549 0.60000000
v -8.39815610 -33.00588040 -29.00031740 0.54509804 0.71372549 0.60000000
v -9.39859747 -32.27977365 -29.00031740 0.54509804 0.71372549 0.60000000
v -10.40282827 -31.54392103 -29.00031740 0.54509804 0.71372549 0.60000000
v -10.63777994 -31.71935686 -27.30829128 0.54509804 0.71372549 0.60000000
v -10.84241616 -31.87529842 -25.61353147 0.54509804 0.71372549 0.60000000
v -11.17589620 -32.52343312 -18.83995710 0.54509804 0.71372549 0.60000000
v -10.26640433 -33.13258181 -19.83655288 0.54509804 0.71372549 0.60000000
v -9.87987037 -32.85968471 -23.91876914 0.54509804 0.71372549 0.60000000
v -9.03480009 -33.45421333 -23.91876914 0.54509804 0.71372549 0.60000000
v -9.21669910 -33.58091726 -22.22674302 0.54509804 0.71372549 0.60000000
v -8.12909766 -34.53118921 -20.53471943 0.54509804 0.71372549 0.60000000
v -8.28446938 -34.62865300 -18.83995710 0.54509804 0.71372549 0.60000000
v -11.27821399 -32.59653097 -17.14519477 0.54509804 0.71372549 0.60000000
v -11.36916287 -32.65501126 -15.45317118 0.54509804 0.71372549 0.60000000
v -11.44116521 -32.70374315 -13.75840884 0.54509804 0.71372549 0.60000000
v -11.48284959 -32.73785498 -12.06364651 0.54509804 0.71372549 0.60000000
v -12.44918544 -31.90453604 -10.37162292 0.54509804 0.71372549 0.60000000
v -13.28667686 -31.03223613 -9.62417546 0.54509804 0.71372549 0.60000000
v -12.81298345 -31.51955508 -9.62417546 0.54509804 0.71372549 0.60000000
v -7.31055466 11.25247403 -37.59459573 0.54509804 0.71372549 0.60000000
v -9.57670641 3.73313457 -9.62417546 0.54509804 0.71372549 0.60000000
v -7.20065800 11.32557188 -37.59459573 0.54509804 0.71372549 0.60000000
v -8.92869287 -29.99424374 -37.59459573 0.54509804 0.71372549 0.60000000
v -7.65161419 -30.92989814 -37.51519500 0.54509804 0.71372549 0.60000000
v -7.34466080 -31.75346868 -35.77662798 0.54509804 0.71372549 0.60000000
v -7.65540425 -30.89578632 -37.59459573 0.54509804 0.71372549 0.60000000
v -7.52655918 -30.98350423 -37.59459573 0.54509804 0.71372549 0.60000000
v -6.17747942 -31.80220057 -37.59459573 0.54509804 0.71372549 0.60000000
v -6.71559567 -33.04973809 -33.00313041 0.54509804 0.71372549 0.60000000
v -8.44363054 -31.34412177 -34.69515652 0.54509804 0.71372549 0.60000000
v -7.81077535 -31.97276221 -34.11198169 0.54509804 0.71372549 0.60000000
v -7.62129811 -32.63064279 -32.41721936 0.54509804 0.71372549 0.60000000
v -8.95143008 -31.70960846 -32.38983954 0.54509804 0.71372549 0.60000000
v -8.09499215 -32.80120694 -30.69507720 0.54509804 0.71372549 0.60000000
v -7.24613244 -33.35187786 -30.69507720 0.54509804 0.71372549 0.60000000
v -7.54929639 -33.54193124 -29.00031740 0.54509804 0.71372549 0.60000000
v -8.53457941 -33.10334419 -28.08311983 0.54509804 0.71372549 0.60000000
v -9.30764797 -32.66962881 -27.43423544 0.54509804 0.71372549 0.60000000
v -9.68660307 -32.71836323 -25.61353147 0.54509804 0.71372549 0.60000000
v -10.42935492 -33.25441155 -17.14519477 0.54509804 0.71372549 0.60000000
v -8.40573496 -34.71637092 -17.14519477 0.54509804 0.71372549 0.60000000
v -9.39859747 -34.00488424 -17.14519477 0.54509804 0.71372549 0.60000000
v -8.84153343 -33.31776352 -25.61353147 0.54509804 0.71372549 0.60000000
v -7.95477878 -34.42397955 -22.22674302 0.54509804 0.71372549 0.60000000
v -7.10970850 -34.96490459 -22.22674302 0.54509804 0.71372549 0.60000000
v -7.28402801 -35.06724006 -20.53471943 0.54509804 0.71372549 0.60000000
v -7.43939974 -35.16957805 -18.83995710 0.54509804 0.71372549 0.60000000
v -10.52409385 -33.32751191 -15.45317118 0.54509804 0.71372549 0.60000000
v -10.59609557 -33.38111548 -13.75840884 0.54509804 0.71372549 0.60000000
v -11.49421851 -32.75247505 -10.37162292 0.54509804 0.71372549 0.60000000
v -10.63777994 -33.41522731 -12.06364651 0.54509804 0.71372549 0.60000000
v -12.43781652 -31.89479269 -9.62417546 0.54509804 0.71372549 0.60000000
v -11.48664091 -32.74272665 -9.62417546 0.54509804 0.71372549 0.60000000
v -8.72784671 4.24969366 -9.62417546 0.54509804 0.71372549 0.60000000
v -5.99558104 12.05655030 -37.59459573 0.54509804 0.71372549 0.60000000
v -6.06758213 -31.85580414 -37.59459573 0.54509804 0.71372549 0.60000000
v -6.09410878 -31.87042422 -37.51519500 0.54509804 0.71372549 0.60000000
v -5.18840634 -33.12283594 -34.96346970 0.54509804 0.71372549 0.60000000
v -5.49914979 -33.24953987 -34.08186565 0.54509804 0.71372549 0.60000000
v -6.09410878 -33.45421333 -32.41721936 0.54509804 0.71372549 0.60000000
v -6.01073877 -33.92691473 -30.69507720 0.54509804 0.71372549 0.60000000
v -6.99981184 -33.20080798 -31.87237678 0.54509804 0.71372549 0.60000000
v -5.85536767 -32.60627937 -35.62878148 0.54509804 0.71372549 0.60000000
v -5.87431483 -34.40935948 -28.89353937 0.54509804 0.71372549 0.60000000
v -6.24948050 -34.54580929 -27.30829128 0.54509804 0.71372549 0.60000000
v -7.86382927 -33.63452083 -27.43423544 0.54509804 0.71372549 0.60000000
v -6.78380733 -34.77484869 -24.56765101 0.54509804 0.71372549 0.60000000
v -6.96191627 -34.87718668 -23.43963612 0.54509804 0.71372549 0.60000000
v -8.67858284 -33.20567965 -26.95510242 0.54509804 0.71372549 0.60000000
v -7.56066532 -35.23780422 -17.14519477 0.54509804 0.71372549 0.60000000
v -8.60279169 -34.84794653 -13.75840884 0.54509804 0.71372549 0.60000000
v -9.23185682 -34.27290967 -15.28615855 0.54509804 0.71372549 0.60000000
v -6.01073877 -35.42785760 -22.22674302 0.54509804 0.71372549 0.60000000
v -6.01073877 -35.62765938 -20.53471943 0.54509804 0.71372549 0.60000000
v -6.01073877 -35.78847513 -18.83995710 0.54509804 0.71372549 0.60000000
v -6.01073877 -35.91030487 -17.14519477 0.54509804 0.71372549 0.60000000
v -9.45165077 -34.22905197 -13.75840884 0.54509804 0.71372549 0.60000000
v -8.67479278 -34.89667843 -12.06364651 0.54509804 0.71372549 0.60000000
v -9.52365248 -34.26316379 -12.06364651 0.54509804 0.71372549 0.60000000
v -10.64914887 -33.42497570 -10.37162292 0.54509804 0.71372549 0.60000000
v -10.63777994 -33.42010151 -9.62417546 0.54509804 0.71372549 0.60000000
v -8.69753063 -34.91617270 -10.37162292 0.54509804 0.71372549 0.60000000
v -9.54638970 -34.26803799 -10.37162292 0.54509804 0.71372549 0.60000000
v -7.70466812 4.77599863 -9.62417546 0.54509804 0.71372549 0.60000000
v -5.89705268 12.11015639 -37.59459573 0.54509804 0.71372549 0.60000000
v -4.40396949 -32.40647506 -37.59459573 0.54509804 0.71372549 0.60000000
v -4.31680973 -33.18618791 -35.16333711 0.54509804 0.71372549 0.60000000
v -4.31680973 -33.50294522 -34.08186565 0.54509804 0.71372549 0.60000000
v -4.31680973 -33.96589822 -32.38983954 0.54509804 0.71372549 0.60000000
v -5.21872274 -34.83332898 -28.25560741 0.54509804 0.71372549 0.60000000
v -4.31680973 -32.43084353 -37.59459573 0.54509804 0.71372549 0.60000000
v -4.31680973 -32.93278256 -36.01208638 0.54509804 0.71372549 0.60000000
v -7.70466812 -34.04387027 -25.61353147 0.54509804 0.71372549 0.60000000
v -6.13579441 -35.13546623 -23.96805131 0.54509804 0.71372549 0.60000000
v -6.01073877 -36.11497832 -13.75840884 0.54509804 0.71372549 0.60000000
v -7.70466812 -35.37912570 -13.75840884 0.54509804 0.71372549 0.60000000
v -5.72652260 -35.04287411 -25.61353147 0.54509804 0.71372549 0.60000000
v -4.31680973 -35.58867335 -23.91876914 0.54509804 0.71372549 0.60000000
v -4.31680973 -35.78847513 -22.22674302 0.54509804 0.71372549 0.60000000
v -4.31680973 -35.96390844 -20.53471943 0.54509804 0.71372549 0.60000000
v -4.31680973 -36.10523245 -18.83995710 0.54509804 0.71372549 0.60000000
v -7.70466812 -35.46684362 -12.06364651 0.54509804 0.71372549 0.60000000
v -7.70466812 -35.50095544 -10.37162292 0.54509804 0.71372549 0.60000000
v -9.06132737 -34.62865300 -9.62417546 0.54509804 0.71372549 0.60000000
v -10.15650767 -33.79046492 -9.62417546 0.54509804 0.71372549 0.60000000
v -8.68995113 -34.91129850 -9.62417546 0.54509804 0.71372549 0.60000000
v -8.26173216 -35.16957805 -9.62417546 0.54509804 0.71372549 0.60000000
v -6.75728068 5.18534680 -9.62417546 0.54509804 0.71372549 0.60000000
v -4.31680973 12.83138894 -37.59459573 0.54509804 0.71372549 0.60000000
v -2.62288070 -33.57117139 -34.08186565 0.54509804 0.71372549 0.60000000
v -2.62288070 -34.04387027 -32.38983954 0.54509804 0.71372549 0.60000000
v -4.31680973 -34.38499353 -30.69507720 0.54509804 0.71372549 0.60000000
v -4.31680973 -34.87231248 -28.48832960 0.54509804 0.71372549 0.60000000
v -4.31680973 -35.07211426 -27.30829128 0.54509804 0.71372549 0.60000000
v -4.31680973 -35.34988555 -25.61353147 0.54509804 0.71372549 0.60000000
v -4.31680973 -34.70175085 -29.33434013 0.54509804 0.71372549 0.60000000
v -2.62288070 -32.46982703 -37.59459573 0.54509804 0.71372549 0.60000000
v -2.62288070 -33.21542805 -35.24547406 0.54509804 0.71372549 0.60000000
v -4.31680973 -36.30990590 -15.45317118 0.54509804 0.71372549 0.60000000
v -4.55176203 -36.46584746 -12.06364651 0.54509804 0.71372549 0.60000000
v -6.01073877 -36.18807617 -12.06364651 0.54509804 0.71372549 0.60000000
v -2.62288070 -35.37425150 -25.61353147 0.54509804 0.71372549 0.60000000
v -2.62288070 -35.58867335 -23.91876914 0.54509804 0.71372549 0.60000000
v -2.62288070 -35.76898086 -22.22674302 0.54509804 0.71372549 0.60000000
v -2.62288070 -35.94441669 -20.53471943 0.54509804 0.71372549 0.60000000
v -2.62288070 -36.10035825 -18.83995710 0.54509804 0.71372549 0.60000000
v -3.46416091 -36.50483348 -12.92061074 0.54509804 0.71372549 0.60000000
v -3.47931927 -36.50483348 -12.92061074 0.54509804 0.71372549 0.60000000
v -7.70466812 -35.49608124 -9.62417546 0.54509804 0.71372549 0.60000000
v -6.01073877 -36.21731631 -10.37162292 0.54509804 0.71372549 0.60000000
v -6.01073877 -36.21731631 -9.62417546 0.54509804 0.71372549 0.60000000
v -6.96191627 -35.81284108 -9.62417546 0.54509804 0.71372549 0.60000000
v -5.94252711 5.53621721 -9.62417546 0.54509804 0.71372549 0.60000000
v -2.68351349 13.24073838 -37.59459573 0.54509804 0.71372549 0.60000000
v -5.10503633 5.82860857 -9.62417546 0.54509804 0.71372549 0.60000000
v -1.42917219 -33.16182196 -35.07298647 0.54509804 0.71372549 0.60000000
v -0.89105601 -33.36162374 -34.19137990 0.54509804 0.71372549 0.60000000
v -0.92895150 -33.86356276 -32.38983954 0.54509804 0.71372549 0.60000000
v -2.62288070 -34.44834550 -30.69507720 0.54509804 0.71372549 0.60000000
v -2.62288070 -35.10135440 -27.30829128 0.54509804 0.71372549 0.60000000
v -2.62288070 -34.71637092 -29.34803131 0.54509804 0.71372549 0.60000000
v -0.92516199 -32.26027938 -37.59459573 0.54509804 0.71372549 0.60000000
v -4.15385915 -36.42686144 -13.59413495 0.54509804 0.71372549 0.60000000
v -3.70290264 -36.51945356 -12.06364651 0.54509804 0.71372549 0.60000000
v -3.97196077 -36.53894531 -10.37162292 0.54509804 0.71372549 0.60000000
v -4.82082016 -36.48046754 -10.37162292 0.54509804 0.71372549 0.60000000
v -0.95168880 -34.94053865 -27.36852588 0.54509804 0.71372549 0.60000000
v -0.92895150 -35.19881819 -25.61353147 0.54509804 0.71372549 0.60000000
v -0.92895150 -35.41323752 -23.91876914 0.54509804 0.71372549 0.60000000
v -0.92895150 -35.60329343 -22.22674302 0.54509804 0.71372549 0.60000000
v -0.92895150 -35.77385506 -20.53471943 0.54509804 0.71372549 0.60000000
v -0.92895150 -35.92979662 -18.83995710 0.54509804 0.71372549 0.60000000
v -0.92895150 -36.17345609 -15.45317118 0.54509804 0.71372549 0.60000000
v -2.62288070 -36.30990590 -15.45317118 0.54509804 0.71372549 0.60000000
v -2.78962103 -36.42686144 -13.59413495 0.54509804 0.71372549 0.60000000
v -2.25908379 -36.47072166 -12.06364651 0.54509804 0.71372549 0.60000000
v -3.10415359 -36.51945356 -12.06364651 0.54509804 0.71372549 0.60000000
v -4.75639763 -36.48046754 -9.62417546 0.54509804 0.71372549 0.60000000
v -2.36519118 13.24073838 -37.59459573 0.54509804 0.71372549 0.60000000
v -4.79050377 5.90170642 -9.62417546 0.54509804 0.71372549 0.60000000
v -4.32059948 6.00404314 -9.62417546 0.54509804 0.71372549 0.60000000
v -2.62288070 6.25744975 -9.62417546 0.54509804 0.71372549 0.60000000
v -0.89105601 -32.88405066 -35.69449104 0.54509804 0.71372549 0.60000000
v -0.29988610 -33.08384992 -34.82931185 0.54509804 0.71372549 0.60000000
v 0.76118810 -33.57604306 -32.38983954 0.54509804 0.71372549 0.60000000
v 0.76118810 -34.00488424 -30.69507720 0.54509804 0.71372549 0.60000000
v -0.92895150 -34.25341792 -30.69507720 0.54509804 0.71372549 0.60000000
v 2.45511729 -33.73198462 -30.69507720 0.54509804 0.71372549 0.60000000
v -0.95168880 -34.64327308 -28.90175306 0.54509804 0.71372549 0.60000000
v -0.40599352 -34.77972289 -27.97360306 0.54509804 0.71372549 0.60000000
v -1.53527957 -34.82845478 -28.27203480 0.54509804 0.71372549 0.60000000
v 0.65129113 -32.02636830 -37.59459573 0.54509804 0.71372549 0.60000000
v -2.86162243 -36.53894531 -10.37162292 0.54509804 0.71372549 0.60000000
v -3.91132798 -36.53407363 -9.62417546 0.54509804 0.71372549 0.60000000
v 0.29507336 -34.86744080 -26.84558565 0.54509804 0.71372549 0.60000000
v 0.76118810 -35.19394400 -23.91876914 0.54509804 0.71372549 0.60000000
v 0.81803138 -34.95515872 -25.67102733 0.54509804 0.71372549 0.60000000
v 0.76118810 -35.39861745 -22.22674302 0.54509804 0.71372549 0.60000000
v 0.76118810 -35.56917908 -20.53471943 0.54509804 0.71372549 0.60000000
v 0.76118810 -35.71537729 -18.83995710 0.54509804 0.71372549 0.60000000
v 0.76118810 -35.84207870 -17.14519477 0.54509804 0.71372549 0.60000000
v 0.76118810 -35.96390844 -15.45317118 0.54509804 0.71372549 0.60000000
v -0.92895150 -36.27579408 -13.75840884 0.54509804 0.71372549 0.60000000
v 0.76118810 -36.07599230 -13.75840884 0.54509804 0.71372549 0.60000000
v -2.01655263 -36.49021341 -10.37162292 0.54509804 0.71372549 0.60000000
v -0.92895150 -36.34889192 -12.06364651 0.54509804 0.71372549 0.60000000
v -0.92516199 13.23586418 -37.59459573 0.54509804 0.71372549 0.60000000
v -1.67549294 6.22333667 -9.62417546 0.54509804 0.71372549 0.60000000
v 3.69430040 -33.20080798 -31.83952200 0.54509804 0.71372549 0.60000000
v 0.76118810 -32.05073425 -37.47139032 0.54509804 0.71372549 0.60000000
v 0.76118810 -32.59653097 -35.77662798 0.54509804 0.71372549 0.60000000
v 0.76118810 -32.99126033 -34.46517308 0.54509804 0.71372549 0.60000000
v 0.76118810 -34.38986773 -29.00031740 0.54509804 0.71372549 0.60000000
v 4.21346887 -33.35674954 -30.76626424 0.54509804 0.71372549 0.60000000
v 2.45511729 -34.09747636 -29.00031740 0.54509804 0.71372549 0.60000000
v 0.81803138 -34.70175085 -27.36852588 0.54509804 0.71372549 0.60000000
v 0.76118810 -32.00687655 -37.59459573 0.54509804 0.71372549 0.60000000
v -2.06960624 -36.49021341 -9.62417546 0.54509804 0.71372549 0.60000000
v -2.91846547 -36.53407363 -9.62417546 0.54509804 0.71372549 0.60000000
v 1.42435953 -34.77972289 -26.27610199 0.54509804 0.71372549 0.60000000
v 1.93594882 -34.86744080 -25.14808710 0.54509804 0.71372549 0.60000000
v 2.48164410 -34.94053865 -23.89960301 0.54509804 0.71372549 0.60000000
v 2.45511729 -35.15008630 -22.22674302 0.54509804 0.71372549 0.60000000
v 2.45511729 -35.33039381 -20.53471943 0.54509804 0.71372549 0.60000000
v 2.45511729 -35.47171529 -18.83995710 0.54509804 0.71372549 0.60000000
v 2.45511729 -35.59841923 -17.14519477 0.54509804 0.71372549 0.60000000
v 2.45511729 -35.71537729 -15.45317118 0.54509804 0.71372549 0.60000000
v 2.45511729 -35.82745863 -13.75840884 0.54509804 0.71372549 0.60000000
v 0.76118810 -36.14421847 -12.06364651 0.54509804 0.71372549 0.60000000
v -0.92895150 -36.37812955 -9.62417546 0.54509804 0.71372549 0.60000000
v -1.53906916 -36.44148152 -9.62417546 0.54509804 0.71372549 0.60000000
v -0.67505165 13.18713228 -37.59459573 0.54509804 0.71372549 0.60000000
v -0.92895150 6.18922485 -9.62417546 0.54509804 0.71372549 0.60000000
v -0.18619958 6.06252218 -9.62417546 0.54509804 0.71372549 0.60000000
v 0.40875988 5.95043831 -9.62417546 0.54509804 0.71372549 0.60000000
v 2.81891404 -33.03511802 -32.97027563 0.54509804 0.71372549 0.60000000
v 2.45511729 -32.26515610 -35.77662798 0.54509804 0.71372549 0.60000000
v 4.14904633 -31.92403031 -35.77662798 0.54509804 0.71372549 0.60000000
v 4.21346887 -32.92303668 -32.39805323 0.54509804 0.71372549 0.60000000
v 4.82358653 -33.07897824 -31.37681637 0.54509804 0.71372549 0.60000000
v 2.46269631 -31.69986511 -37.59459573 0.54509804 0.71372549 0.60000000
v 2.48922328 -31.70960846 -37.54804978 0.54509804 0.71372549 0.60000000
v 4.14904633 -33.72711295 -29.00031740 0.54509804 0.71372549 0.60000000
v 5.33896525 -33.20567965 -30.24880149 0.54509804 0.71372549 0.60000000
v 4.14904633 -34.36062758 -25.61353147 0.54509804 0.71372549 0.60000000
v 2.45511729 -34.40935948 -27.30829128 0.54509804 0.71372549 0.60000000
v 2.48164410 -34.68713077 -25.67102733 0.54509804 0.71372549 0.60000000
v 3.06523495 -34.76510282 -24.44992054 0.54509804 0.71372549 0.60000000
v 3.44040031 -34.84307486 -23.32464187 0.54509804 0.71372549 0.60000000
v 3.77767041 -34.90642683 -22.22674302 0.54509804 0.71372549 0.60000000
v 4.27789109 -34.98439634 -20.62507007 0.54509804 0.71372549 0.60000000
v 4.14904633 -35.17445225 -18.83995710 0.54509804 0.71372549 0.60000000
v 4.14904633 -35.30602786 -17.14519477 0.54509804 0.71372549 0.60000000
v 2.45511729 -35.89568480 -12.06364651 0.54509804 0.71372549 0.60000000
v 4.14904633 -35.41323752 -15.45317118 0.54509804 0.71372549 0.60000000
v 4.14904633 -35.52044719 -13.75840884 0.54509804 0.71372549 0.60000000
v 2.45511729 -35.92005074 -10.37162292 0.54509804 0.71372549 0.60000000
v 0.76118810 -36.16371022 -10.37162292 0.54509804 0.71372549 0.60000000
v 0.76118810 -36.16858442 -9.62417546 0.54509804 0.71372549 0.60000000
v 0.60960612 12.92885273 -37.59459573 0.54509804 0.71372549 0.60000000
v 1.25761920 5.76525661 -9.62417546 0.54509804 0.71372549 0.60000000
v 4.14904633 -31.54879523 -36.98678234 0.54509804 0.71372549 0.60000000
v 5.08885491 -31.44645724 -36.69930051 0.54509804 0.71372549 0.60000000
v 5.84297537 -32.05073425 -34.08186565 0.54509804 0.71372549 0.60000000
v 5.84297537 -32.55267327 -32.38983954 0.54509804 0.71372549 0.60000000
v 5.88087094 -32.95714850 -30.76626424 0.54509804 0.71372549 0.60000000
v 4.34610306 -31.29538988 -37.59459573 0.54509804 0.71372549 0.60000000
v 5.84297537 -33.66376098 -27.30829128 0.54509804 0.71372549 0.60000000
v 5.84297537 -33.98539250 -25.61353147 0.54509804 0.71372549 0.60000000
v 6.93815567 -33.17644203 -28.44178365 0.54509804 0.71372549 0.60000000
v 4.06188689 -34.62865300 -23.89960301 0.54509804 0.71372549 0.60000000
v 4.92969375 -34.79434296 -21.24931338 0.54509804 0.71372549 0.60000000
v 5.17980409 -34.85282073 -20.12129597 0.54509804 0.71372549 0.60000000
v 5.43370418 -34.91129850 -18.83995710 0.54509804 0.71372549 0.60000000
v 5.71413092 -34.97465047 -17.14519477 0.54509804 0.71372549 0.60000000
v 4.14904633 -35.58867335 -12.06364651 0.54509804 0.71372549 0.60000000
v 6.00971601 -34.99901642 -15.60923137 0.54509804 0.71372549 0.60000000
v 5.84297537 -35.13546623 -13.75840884 0.54509804 0.71372549 0.60000000
v 2.45511729 -35.91517655 -9.62417546 0.54509804 0.71372549 0.60000000
v 4.14904633 -35.60329343 -10.37162292 0.54509804 0.71372549 0.60000000
v 0.76118810 12.89474091 -37.59459573 0.54509804 0.71372549 0.60000000
v 2.45511729 5.48261111 -9.62417546 0.54509804 0.71372549 0.60000000
v 8.02196705 -31.32950170 -34.58837850 0.54509804 0.71372549 0.60000000
v 5.72928928 -31.58778125 -35.69996599 0.54509804 0.71372549 0.60000000
v 5.74444700 -30.96400996 -37.59459573 0.54509804 0.71372549 0.60000000
v 7.53311529 -30.48643941 -37.59459573 0.54509804 0.71372549 0.60000000
v 7.48764085 -31.12482572 -35.69996599 0.54509804 0.71372549 0.60000000
v 7.53690472 -32.09459194 -32.38983954 0.54509804 0.71372549 0.60000000
v 7.53690472 -32.52830732 -30.69507720 0.54509804 0.71372549 0.60000000
v 7.51795693 -32.90841661 -29.00305361 0.54509804 0.71372549 0.60000000
v 7.51795693 -33.27390582 -27.20425199 0.54509804 0.71372549 0.60000000
v 7.53690472 -33.80021079 -23.91876914 0.54509804 0.71372549 0.60000000
v 5.84297537 -34.22417777 -23.91876914 0.54509804 0.71372549 0.60000000
v 7.53690472 -33.55167712 -25.61353147 0.54509804 0.71372549 0.60000000
v 8.06744211 -33.03511802 -27.69981240 0.54509804 0.71372549 0.60000000
v 7.53690472 -34.02437852 -22.22674302 0.54509804 0.71372549 0.60000000
v 5.78234257 -34.65789315 -20.62507007 0.54509804 0.71372549 0.60000000
v 6.27877383 -34.71149925 -18.83995710 0.54509804 0.71372549 0.60000000
v 6.55920057 -34.77972289 -17.14519477 0.54509804 0.71372549 0.60000000
v 6.68425558 -34.80896304 -16.27727937 0.54509804 0.71372549 0.60000000
v 5.84297537 -35.19881819 -12.06364651 0.54509804 0.71372549 0.60000000
v 5.84297537 -35.22318414 -10.37162292 0.54509804 0.71372549 0.60000000
v 6.80552116 -34.83820066 -15.14652574 0.54509804 0.71372549 0.60000000
v 7.80217310 -34.66763903 -13.75840884 0.54509804 0.71372549 0.60000000
v 4.14904633 -35.59354503 -9.62417546 0.54509804 0.71372549 0.60000000
v 5.84297537 -35.21830994 -9.62417546 0.54509804 0.71372549 0.60000000
v 1.59488929 12.66082731 -37.59459573 0.54509804 0.71372549 0.60000000
v 4.14904633 5.03427818 -9.62417546 0.54509804 0.71372549 0.60000000
v 9.23083407 -30.61801502 -35.77662798 0.54509804 0.71372549 0.60000000
v 9.17778014 -31.14431999 -34.04901087 0.54509804 0.71372549 0.60000000
v 9.23083407 -30.01861221 -37.59459573 0.54509804 0.71372549 0.60000000
v 9.70831753 -31.31488163 -32.81421543 0.54509804 0.71372549 0.60000000
v 9.17778014 -31.61214467 -32.30496638 0.54509804 0.71372549 0.60000000
v 9.23083407 -32.01174823 -30.69507720 0.54509804 0.71372549 0.60000000
v 9.23083407 -32.41135179 -29.00031740 0.54509804 0.71372549 0.60000000
v 8.45397608 -33.13258181 -26.57179751 0.54509804 0.71372549 0.60000000
v 9.27630850 -33.31289184 -23.84210715 0.54509804 0.71372549 0.60000000
v 9.23083407 -33.54193124 -22.22674302 0.54509804 0.71372549 0.60000000
v 8.70408610 -33.21542805 -25.61353147 0.54509804 0.71372549 0.60000000
v 9.10198899 -32.82557289 -27.20425199 0.54509804 0.71372549 0.60000000
v 7.53690472 -34.22905197 -20.53471943 0.54509804 0.71372549 0.60000000
v 7.53690472 -34.40448780 -18.83995710 0.54509804 0.71372549 0.60000000
v 7.53690472 -34.54093509 -17.14519477 0.54509804 0.71372549 0.60000000
v 7.10868575 -34.91617270 -10.37162292 0.54509804 0.71372549 0.60000000
v 7.90828096 -34.69687917 -12.06364651 0.54509804 0.71372549 0.60000000
v 9.23083407 -34.28752974 -13.75840884 0.54509804 0.71372549 0.60000000
v 6.38488105 -35.08673433 -9.62417546 0.54509804 0.71372549 0.60000000
v 2.59533066 12.37331014 -37.59459573 0.54509804 0.71372549 0.60000000
v 5.09643409 4.74188555 -9.62417546 0.54509804 0.71372549 0.60000000
v 9.26493958 -30.00886381 -37.59459573 0.54509804 0.71372549 0.60000000
v 9.32936243 -29.98937206 -37.59459573 0.54509804 0.71372549 0.60000000
v 10.07969314 -29.75058426 -37.59459573 0.54509804 0.71372549 0.60000000
v 10.33359323 -29.84804805 -37.00046847 0.54509804 0.71372549 0.60000000
v 10.16306315 -31.46107731 -31.68346181 0.54509804 0.71372549 0.60000000
v 10.92476279 -32.08484607 -27.30829128 0.54509804 0.71372549 0.60000000
v 10.43212160 -31.57803285 -30.69507720 0.54509804 0.71372549 0.60000000
v 9.54915638 -32.95714850 -25.61353147 0.54509804 0.71372549 0.60000000
v 10.13653650 -33.14233021 -23.22881628 0.54509804 0.71372549 0.60000000
v 9.23083407 -33.74660470 -20.53471943 0.54509804 0.71372549 0.60000000
v 9.23083407 -33.93666060 -18.83995710 0.54509804 0.71372549 0.60000000
v 9.23083407 -34.07798209 -17.14519477 0.54509804 0.71372549 0.60000000
v 9.23083407 -34.18519175 -15.45317118 0.54509804 0.71372549 0.60000000
v 7.09352739 -34.91129850 -9.62417546 0.54509804 0.71372549 0.60000000
v 7.95375539 -34.69687917 -10.37162292 0.54509804 0.71372549 0.60000000
v 7.94238647 -34.69687917 -9.62417546 0.54509804 0.71372549 0.60000000
v 9.23083407 -34.32164156 -12.06364651 0.54509804 0.71372549 0.60000000
v 11.09150280 -33.46395920 -15.59828020 0.54509804 0.71372549 0.60000000
v 10.92476279 -33.62964916 -13.75840884 0.54509804 0.71372549 0.60000000
v 4.14904633 11.86162272 -37.59459573 0.54509804 0.71372549 0.60000000
v 5.84297537 4.50797321 -9.62417546 0.54509804 0.71372549 0.60000000
v 6.39246055 4.32766444 -9.62417546 0.54509804 0.71372549 0.60000000
v 10.90960506 -29.36560330 -37.59459573 0.54509804 0.71372549 0.60000000
v 10.90960506 -29.38996925 -37.52614744 0.54509804 0.71372549 0.60000000
v 10.90960506 -29.99424374 -35.65342257 0.54509804 0.71372549 0.60000000
v 10.92476279 -30.44745087 -34.08186565 0.54509804 0.71372549 0.60000000
v 10.80728727 -30.97863004 -32.30496638 0.54509804 0.71372549 0.60000000
v 11.28098067 -31.16868594 -30.69507720 0.54509804 0.71372549 0.60000000
v 10.92476279 -32.40160339 -25.61353147 0.54509804 0.71372549 0.60000000
v 10.98918501 -31.71935686 -28.89901432 0.54509804 0.71372549 0.60000000
v 11.59930298 -31.32950170 -29.39457473 0.54509804 0.71372549 0.60000000
v 11.80014977 -31.44158556 -28.26655985 0.54509804 0.71372549 0.60000000
v 10.28811880 -33.20080798 -22.22674302 0.54509804 0.71372549 0.60000000
v 10.79212954 -32.75247505 -23.84210715 0.54509804 0.71372549 0.60000000
v 11.13318718 -32.83044457 -22.22674302 0.54509804 0.71372549 0.60000000
v 10.50791274 -33.30314597 -20.53471943 0.54509804 0.71372549 0.60000000
v 10.67844282 -33.39573556 -18.83995710 0.54509804 0.71372549 0.60000000
v 10.83381392 -33.46883340 -17.14519477 0.54509804 0.71372549 0.60000000
v 9.23083407 -34.31676989 -10.37162292 0.54509804 0.71372549 0.60000000
v 8.51460887 -34.52631754 -9.62417546 0.54509804 0.71372549 0.60000000
v 10.92476279 -33.65888678 -12.06364651 0.54509804 0.71372549 0.60000000
v 10.92476279 -33.67350685 -10.37162292 0.54509804 0.71372549 0.60000000
v 11.76604300 -33.11309006 -16.26085198 0.54509804 0.71372549 0.60000000
v 11.81151870 -33.14233021 -15.13009835 0.54509804 0.71372549 0.60000000
v 11.84183415 -33.16669616 -13.75840884 0.54509804 0.71372549 0.60000000
v 11.91004517 -33.21055385 -10.37162292 0.54509804 0.71372549 0.60000000
v 4.27789109 11.81776502 -37.59459573 0.54509804 0.71372549 0.60000000
v 6.80552116 4.19121463 -9.62417546 0.54509804 0.71372549 0.60000000
v 11.46287841 -29.56053088 -36.13529433 0.54509804 0.71372549 0.60000000
v 12.25489413 -28.48842667 -37.59459573 0.54509804 0.71372549 0.60000000
v 11.80393857 -29.75058426 -35.00727692 0.54509804 0.71372549 0.60000000
v 11.92520542 -31.53904935 -27.30829128 0.54509804 0.71372549 0.60000000
v 12.12984101 -31.70960846 -25.61353147 0.54509804 0.71372549 0.60000000
v 11.95173207 -29.88216240 -34.08186565 0.54509804 0.71372549 0.60000000
v 12.18668311 -30.10145593 -32.38983954 0.54509804 0.71372549 0.60000000
v 12.36479205 -30.32074945 -30.69507720 0.54509804 0.71372549 0.60000000
v 12.29658103 -31.86555254 -23.91876914 0.54509804 0.71372549 0.60000000
v 11.35677182 -32.92303668 -20.53471943 0.54509804 0.71372549 0.60000000
v 9.23083407 -34.31189569 -9.62417546 0.54509804 0.71372549 0.60000000
v 11.35298302 -33.46883340 -9.62417546 0.54509804 0.71372549 0.60000000
v 10.92476279 -33.66863518 -9.62417546 0.54509804 0.71372549 0.60000000
v 12.41405655 -31.98738228 -22.22674302 0.54509804 0.71372549 0.60000000
v 12.49363649 -32.07510020 -20.53471943 0.54509804 0.71372549 0.60000000
v 13.45239223 -31.40259702 -17.71467843 0.54509804 0.71372549 0.60000000
v 12.47468997 -32.46982703 -15.59828020 0.54509804 0.71372549 0.60000000
v 12.69069448 -32.34312562 -13.75840884 0.54509804 0.71372549 0.60000000
v 12.75511671 -32.41622346 -10.37162292 0.54509804 0.71372549 0.60000000
v 11.90246757 -33.20567965 -9.62417546 0.54509804 0.71372549 0.60000000
v 12.75132538 -32.41622346 -9.62417546 0.54509804 0.71372549 0.60000000
v 5.86192315 11.27683998 -37.59459573 0.54509804 0.71372549 0.60000000
v 7.18068683 4.05963902 -9.62417546 0.54509804 0.71372549 0.60000000
v 13.10754327 -27.48942535 -37.59459573 0.54509804 0.71372549 0.60000000
v 13.12270352 -27.51866297 -37.47139032 0.54509804 0.71372549 0.60000000
v 12.27384318 -28.50792094 -37.47139032 0.54509804 0.71372549 0.60000000
v 12.97869882 -30.79832253 -25.61353147 0.54509804 0.71372549 0.60000000
v 13.14165004 -30.96888416 -23.91876914 0.54509804 0.71372549 0.60000000
v 12.91427660 -28.78082056 -34.15578890 0.54509804 0.71372549 0.60000000
v 13.03175212 -29.15605565 -32.38983954 0.54509804 0.71372549 0.60000000
v 13.21365239 -29.36560330 -30.69507720 0.54509804 0.71372549 0.60000000
v 13.25912556 -31.11995405 -22.22674302 0.54509804 0.71372549 0.60000000
v 13.33870803 -31.23690958 -20.53471943 0.54509804 0.71372549 0.60000000
v 13.40691905 -31.33924757 -18.83995710 0.54509804 0.71372549 0.60000000
v 13.47513008 -31.43671136 -16.58666354 0.54509804 0.71372549 0.60000000
v 15.35095717 -28.31299336 -18.83995710 0.54509804 0.71372549 0.60000000
v 15.41537939 -28.40558295 -17.14519477 0.54509804 0.71372549 0.60000000
v 15.45327496 -28.46406325 -15.45317118 0.54509804 0.71372549 0.60000000
v 13.52060577 -31.50006333 -13.75840884 0.54509804 0.71372549 0.60000000
v 13.56987027 -31.56828697 -10.37162292 0.54509804 0.71372549 0.60000000
v 13.11133459 -32.04586005 -9.62417546 0.54509804 0.71372549 0.60000000
v 7.62406416 10.64332535 -37.59459573 0.54509804 0.71372549 0.60000000
v 7.65438087 3.88420319 -9.62417546 0.54509804 0.71372549 0.60000000
v 13.64187009 -26.65123474 -37.59459573 0.54509804 0.71372549 0.60000000
v 13.32354778 -27.80618014 -35.77662798 0.54509804 0.71372549 0.60000000
v 13.36523468 -29.57515096 -29.00031740 0.54509804 0.71372549 0.60000000
v 13.44481463 -29.69698069 -28.01467153 0.54509804 0.71372549 0.60000000
v 13.60397452 -29.95526024 -25.61353147 0.54509804 0.71372549 0.60000000
v 13.43344570 -27.98161597 -34.76907978 0.54509804 0.71372549 0.60000000
v 13.53576350 -28.14730341 -33.64106236 0.54509804 0.71372549 0.60000000
v 13.69871472 -30.12094768 -23.91876914 0.54509804 0.71372549 0.60000000
v 15.14632158 -28.01572779 -22.96597805 0.54509804 0.71372549 0.60000000
v 15.20695500 -28.10344571 -21.83796064 0.54509804 0.71372549 0.60000000
v 13.49407912 -31.46107731 -15.45317118 0.54509804 0.71372549 0.60000000
v 15.48738174 -28.50792094 -13.75840884 0.54509804 0.71372549 0.60000000
v 15.89286412 -27.18728558 -20.53471943 0.54509804 0.71372549 0.60000000
v 16.03686629 -27.18728558 -18.83995710 0.54509804 0.71372549 0.60000000
v 16.15055301 -27.18728558 -17.14519477 0.54509804 0.71372549 0.60000000
v 16.23392428 -27.18728558 -15.45317118 0.54509804 0.71372549 0.60000000
v 16.29834650 -27.18728558 -13.75840884 0.54509804 0.71372549 0.60000000
v 13.56987027 -31.56828697 -9.62417546 0.54509804 0.71372549 0.60000000
v 15.50633079 -28.53228689 -12.06364651 0.54509804 0.71372549 0.60000000
v 15.51011959 -28.54203529 -10.37162292 0.54509804 0.71372549 0.60000000
v 7.70364473 10.60921353 -37.59459573 0.54509804 0.71372549 0.60000000
v 9.23083407 3.26530863 -9.62417546 0.54509804 0.71372549 0.60000000
v 14.99473928 -24.37545070 -37.59459573 0.54509804 0.71372549 0.60000000
v 15.00989953 -24.39981917 -37.47139032 0.54509804 0.71372549 0.60000000
v 15.12358625 -24.58987255 -36.46110337 0.54509804 0.71372549 0.60000000
v 13.63808129 -28.30811916 -32.38983954 0.54509804 0.71372549 0.60000000
v 13.91471923 -28.73208867 -29.00031740 0.54509804 0.71372549 0.60000000
v 14.76357704 -27.40657911 -29.00031740 0.54509804 0.71372549 0.60000000
v 13.95640360 -29.03422591 -27.39316696 0.54509804 0.71372549 0.60000000
v 14.88105509 -27.59176081 -27.30829128 0.54509804 0.71372549 0.60000000
v 15.36990622 -24.98947359 -34.08186565 0.54509804 0.71372549 0.60000000
v 15.00989953 -26.10056382 -32.38983954 0.54509804 0.71372549 0.60000000
v 15.11221733 -26.25650538 -31.25361095 0.54509804 0.71372549 0.60000000
v 15.20695500 -26.41732114 -30.12285733 0.54509804 0.71372549 0.60000000
v 15.40780179 -26.74382433 -27.30829128 0.54509804 0.71372549 0.60000000
v 15.61243738 -27.07033004 -23.91876914 0.54509804 0.71372549 0.60000000
v 15.62380631 -27.34322714 -22.33078484 0.54509804 0.71372549 0.60000000
v 16.34003088 -27.18728558 -12.06364651 0.54509804 0.71372549 0.60000000
v 16.55224659 -25.77406063 -22.22674302 0.54509804 0.71372549 0.60000000
v 16.63182654 -25.90563624 -20.53471943 0.54509804 0.71372549 0.60000000
v 16.69245996 -26.01772010 -18.83995710 0.54509804 0.71372549 0.60000000
v 16.74172446 -26.11518389 -17.14519477 0.54509804 0.71372549 0.60000000
v 16.78340883 -26.19802761 -15.45317118 0.54509804 0.71372549 0.60000000
v 16.81751308 -26.26625125 -13.75840884 0.54509804 0.71372549 0.60000000
v 16.84025093 -26.31011147 -12.06364651 0.54509804 0.71372549 0.60000000
v 15.50633079 -28.54203529 -9.62417546 0.54509804 0.71372549 0.60000000
v 16.34761100 -27.18728558 -10.37162292 0.54509804 0.71372549 0.60000000
v 9.26872964 9.79538886 -37.59459573 0.54509804 0.71372549 0.60000000
v 10.34117209 2.68052463 -9.62417546 0.54509804 0.71372549 0.60000000
v 15.49496186 -23.52751674 -37.59459573 0.54509804 0.71372549 0.60000000
v 15.50633079 -23.55188268 -37.47139032 0.54509804 0.71372549 0.60000000
v 15.29032627 -26.55864262 -29.00031740 0.54509804 0.71372549 0.60000000
v 15.61243738 -23.93199197 -35.84781249 0.54509804 0.71372549 0.60000000
v 16.02549736 -23.80041636 -34.08186565 0.54509804 0.71372549 0.60000000
v 15.51769719 -25.25262733 -32.38983954 0.54509804 0.71372549 0.60000000
v 15.57075301 -25.61324487 -30.69234099 0.54509804 0.71372549 0.60000000
v 15.88907532 -25.49141261 -29.00031740 0.54509804 0.71372549 0.60000000
v 16.11644624 -25.49141261 -27.30829128 0.54509804 0.71372549 0.60000000
v 16.42719095 -25.34521692 -25.52591705 0.54509804 0.71372549 0.60000000
v 16.45750640 -25.61811654 -23.91876914 0.54509804 0.71372549 0.60000000
v 16.84404225 -26.32473155 -10.37162292 0.54509804 0.71372549 0.60000000
v 16.87056890 -24.67759047 -24.90441248 0.54509804 0.71372549 0.60000000
v 16.91983340 -24.77505426 -23.91876914 0.54509804 0.71372549 0.60000000
v 16.99562202 -24.92612162 -22.22674302 0.54509804 0.71372549 0.60000000
v 17.05625544 -25.05769975 -20.53471943 0.54509804 0.71372549 0.60000000
v 17.10173114 -25.16978109 -18.83995710 0.54509804 0.71372549 0.60000000
v 17.14341552 -25.26724488 -17.14519477 0.54509804 0.71372549 0.60000000
v 17.18131109 -25.35009112 -15.45317118 0.54509804 0.71372549 0.60000000
v 17.21162654 -25.41831729 -13.75840884 0.54509804 0.71372549 0.60000000
v 17.22678679 -25.46217499 -12.06364651 0.54509804 0.71372549 0.60000000
v 15.97623287 -27.78181672 -9.62417546 0.54509804 0.71372549 0.60000000
v 16.34003088 -27.18728558 -9.62417546 0.54509804 0.71372549 0.60000000
v 16.62045761 -26.70483831 -9.62417546 0.54509804 0.71372549 0.60000000
v 10.04937706 9.23497207 -37.59459573 0.54509804 0.71372549 0.60000000
v 10.71633840 2.27117646 -9.62417546 0.54509804 0.71372549 0.60000000
v 15.54043504 -23.44467302 -37.59459573 0.54509804 0.71372549 0.60000000
v 16.34761100 -21.97296777 -37.59459573 0.54509804 0.71372549 0.60000000
v 16.77582871 -22.77704404 -32.67184641 0.54509804 0.71372549 0.60000000
v 16.41582202 -23.62985220 -32.22009069 0.54509804 0.71372549 0.60000000
v 16.40445310 -21.95347350 -37.35365985 0.54509804 0.71372549 0.60000000
v 16.86677758 -21.28584705 -36.71025294 0.54509804 0.71372549 0.60000000
v 16.48403304 -23.93199197 -30.69507720 0.54509804 0.71372549 0.60000000
v 16.60151109 -24.15615970 -29.00031740 0.54509804 0.71372549 0.60000000
v 16.80235536 -24.53139478 -26.03516611 0.54509804 0.71372549 0.60000000
v 17.21920666 -25.47679253 -10.37162292 0.54509804 0.71372549 0.60000000
v 17.21920666 -25.46704918 -9.62417546 0.54509804 0.71372549 0.60000000
v 17.00699095 -25.93974806 -9.62417546 0.54509804 0.71372549 0.60000000
v 16.84025093 -26.31011147 -9.62417546 0.54509804 0.71372549 0.60000000
v 17.02215120 -23.30822069 -29.00031740 0.54509804 0.71372549 0.60000000
v 17.14720432 -23.89788015 -25.52591705 0.54509804 0.71372549 0.60000000
v 17.34805111 -23.80041636 -23.91876914 0.54509804 0.71372549 0.60000000
v 17.48447568 -23.80041636 -22.22674302 0.54509804 0.71372549 0.60000000
v 17.59058227 -23.80041636 -20.53471943 0.54509804 0.71372549 0.60000000
v 17.67774234 -23.80041636 -18.83995710 0.54509804 0.71372549 0.60000000
v 17.76111361 -23.80041636 -17.14519477 0.54509804 0.71372549 0.60000000
v 17.83690224 -23.80041636 -15.45317118 0.54509804 0.71372549 0.60000000
v 17.90132698 -23.80041636 -13.75840884 0.54509804 0.71372549 0.60000000
v 17.92785363 -23.80041636 -12.06364651 0.54509804 0.71372549 0.60000000
v 10.57233496 8.61120205 -37.59459573 0.54509804 0.71372549 0.60000000
v 11.19003180 1.74974443 -9.62417546 0.54509804 0.71372549 0.60000000
v 16.58635084 -21.51976065 -37.59459573 0.54509804 0.71372549 0.60000000
v 16.91983340 -23.08405548 -30.69507720 0.54509804 0.71372549 0.60000000
v 16.79477776 -21.12015709 -37.59459573 0.54509804 0.71372549 0.60000000
v 17.09793982 -20.40379874 -37.59459573 0.54509804 0.71372549 0.60000000
v 17.10551994 -20.47202238 -37.35365985 0.54509804 0.71372549 0.60000000
v 17.35183991 -20.40867041 -35.77662798 0.54509804 0.71372549 0.60000000
v 17.33289338 -22.10454339 -30.69507720 0.54509804 0.71372549 0.60000000
v 17.92027351 -23.80041636 -10.37162292 0.54509804 0.71372549 0.60000000
v 17.91269338 -23.80041636 -9.62417546 0.54509804 0.71372549 0.60000000
v 17.52994885 -22.10454339 -29.00031740 0.54509804 0.71372549 0.60000000
v 17.70048019 -22.10454339 -27.30829128 0.54509804 0.71372549 0.60000000
v 17.86343141 -22.10454339 -25.61353147 0.54509804 0.71372549 0.60000000
v 17.99606465 -22.10454339 -23.91876914 0.54509804 0.71372549 0.60000000
v 18.11354017 -22.10454339 -22.22674302 0.54509804 0.71372549 0.60000000
v 18.20070024 -22.10454339 -20.53471943 0.54509804 0.71372549 0.60000000
v 18.35228254 -22.35307454 -15.45317118 0.54509804 0.71372549 0.60000000
v 18.38638931 -22.44566665 -13.75840884 0.54509804 0.71372549 0.60000000
v 18.40154704 -22.48952687 -12.06364651 0.54509804 0.71372549 0.60000000
v 18.40154704 -22.47490680 -10.37162292 0.54509804 0.71372549 0.60000000
v 10.64054725 8.52348539 -37.59459573 0.54509804 0.71372549 0.60000000
v 11.58035646 1.27704429 -9.62417546 0.54509804 0.71372549 0.60000000
v 11.88351852 0.90180920 -9.62417546 0.54509804 0.71372549 0.60000000
v 17.72321804 -18.71767416 -37.59459573 0.54509804 0.71372549 0.60000000
v 17.95438028 -18.71767416 -35.77662798 0.54509804 0.71372549 0.60000000
v 17.94680016 -20.40867041 -30.69507720 0.54509804 0.71372549 0.60000000
v 18.39775571 -22.46515840 -9.62417546 0.54509804 0.71372549 0.60000000
v 18.13248922 -20.40867041 -29.00031740 0.54509804 0.71372549 0.60000000
v 18.32954469 -20.27222313 -27.27543650 0.54509804 0.71372549 0.60000000
v 18.35986266 -20.58410624 -25.61353147 0.54509804 0.71372549 0.60000000
v 18.41670476 -20.78390802 -23.91876914 0.54509804 0.71372549 0.60000000
v 18.47354686 -20.97396140 -22.22674302 0.54509804 0.71372549 0.60000000
v 18.51523376 -21.12503129 -20.53471943 0.54509804 0.71372549 0.60000000
v 18.62512915 -21.50514057 -15.45317118 0.54509804 0.71372549 0.60000000
v 18.65165580 -21.59773269 -13.75840884 0.54509804 0.71372549 0.60000000
v 18.66681605 -21.64159038 -12.06364651 0.54509804 0.71372549 0.60000000
v 18.65923592 -21.62697031 -10.37162292 0.54509804 0.71372549 0.60000000
v 18.51144243 -22.09479751 -9.62417546 0.54509804 0.71372549 0.60000000
v 11.54624968 7.34417152 -37.59459573 0.54509804 0.71372549 0.60000000
v 12.20563216 0.46322088 -9.62417546 0.54509804 0.71372549 0.60000000
v 17.76490241 -18.59584190 -37.59459573 0.54509804 0.71372549 0.60000000
v 18.47354686 -19.25372501 -29.00031740 0.54509804 0.71372549 0.60000000
v 18.22722689 -17.02180119 -37.59459573 0.54509804 0.71372549 0.60000000
v 18.41291596 -16.96819636 -35.93268818 0.54509804 0.71372549 0.60000000
v 18.52660268 -19.46814434 -27.82027908 0.54509804 0.71372549 0.60000000
v 18.56070693 -19.61434002 -26.69226419 0.54509804 0.71372549 0.60000000
v 18.65165580 -19.94084574 -23.91876914 0.54509804 0.71372549 0.60000000
v 18.68955137 -20.12602744 -22.22674302 0.54509804 0.71372549 0.60000000
v 18.88660936 -20.40867041 -15.45317118 0.54509804 0.71372549 0.60000000
v 18.93587386 -20.40867041 -13.75840884 0.54509804 0.71372549 0.60000000
v 18.96997811 -20.40867041 -12.06364651 0.54509804 0.71372549 0.60000000
v 18.96240051 -20.40867041 -10.37162292 0.54509804 0.71372549 0.60000000
v 18.82597594 -20.93497791 -9.62417546 0.54509804 0.71372549 0.60000000
v 18.65544712 -21.61722444 -9.62417546 0.54509804 0.71372549 0.60000000
v 12.20942096 6.42801139 -37.59459573 0.54509804 0.71372549 0.60000000
v 12.60732321 -0.08745003 -9.62417546 0.54509804 0.71372549 0.60000000
v 18.25375354 -16.91946446 -37.59459573 0.54509804 0.71372549 0.60000000
v 18.50765363 -15.97406419 -37.47139032 0.54509804 0.71372549 0.60000000
v 18.54554920 -16.16411883 -36.60073617 0.54509804 0.71372549 0.60000000
v 18.59102490 -16.36879355 -35.46998255 0.54509804 0.71372549 0.60000000
v 18.66302472 -18.40578852 -29.00031740 0.54509804 0.71372549 0.60000000
v 18.69334270 -18.82975803 -27.27543650 0.54509804 0.71372549 0.60000000
v 18.81081822 -18.71767416 -25.61353147 0.54509804 0.71372549 0.60000000
v 18.90176709 -18.71767416 -23.91876914 0.54509804 0.71372549 0.60000000
v 18.96618931 -18.71767416 -22.22674302 0.54509804 0.71372549 0.60000000
v 19.08745616 -18.71767416 -18.83995710 0.54509804 0.71372549 0.60000000
v 19.18598263 -18.71767416 -15.45317118 0.54509804 0.71372549 0.60000000
v 19.23145832 -18.71767416 -13.75840884 0.54509804 0.71372549 0.60000000
v 19.26177377 -18.71767416 -12.06364651 0.54509804 0.71372549 0.60000000
v 19.26556510 -18.71767416 -10.37162292 0.54509804 0.71372549 0.60000000
v 18.95482039 -20.40867041 -9.62417546 0.54509804 0.71372549 0.60000000
v 12.99764787 5.31692242 -37.59459573 0.54509804 0.71372549 0.60000000
v 13.34249683 -1.11082046 -9.62417546 0.54509804 0.71372549 0.60000000
v 18.50007603 -15.94482530 -37.59459573 0.54509804 0.71372549 0.60000000
v 18.64786700 -15.10176302 -37.59459573 0.54509804 0.71372549 0.60000000
v 18.89418696 -17.02180119 -29.00031740 0.54509804 0.71372549 0.60000000
v 18.98892716 -17.02180119 -27.30829128 0.54509804 0.71372549 0.60000000
v 19.06850711 -17.02180119 -25.61353147 0.54509804 0.71372549 0.60000000
v 19.13292933 -17.02180119 -23.91876914 0.54509804 0.71372549 0.60000000
v 19.28451162 -17.02180119 -18.83995710 0.54509804 0.71372549 0.60000000
v 19.33377612 -17.02180119 -17.14519477 0.54509804 0.71372549 0.60000000
v 19.38304062 -17.02180119 -13.75840884 0.54509804 0.71372549 0.60000000
v 19.40198714 -17.02180119 -12.06364651 0.54509804 0.71372549 0.60000000
v 19.25798497 -18.71767416 -9.62417546 0.54509804 0.71372549 0.60000000
v 19.39819834 -17.02180119 -9.62417546 0.54509804 0.71372549 0.60000000
v 13.62292357 4.40563522 -37.59459573 0.54509804 0.71372549 0.60000000
v 15.11221733 -3.64975509 -9.62417546 0.54509804 0.71372549 0.60000000
v 15.37369502 -4.02499143 -9.62417546 0.54509804 0.71372549 0.60000000
v 15.71854398 -4.52693046 -9.62417546 0.54509804 0.71372549 0.60000000
v 18.65923592 -15.01891804 -37.59459573 0.54509804 0.71372549 0.60000000
v 18.82597594 -13.63493071 -37.47139032 0.54509804 0.71372549 0.60000000
v 19.06471831 -15.33080242 -29.00031740 0.54509804 0.71372549 0.60000000
v 19.13292933 -15.33080242 -27.30829128 0.54509804 0.71372549 0.60000000
v 19.19356275 -15.33080242 -25.61353147 0.54509804 0.71372549 0.60000000
v 19.23903845 -15.33080242 -23.91876914 0.54509804 0.71372549 0.60000000
v 19.34893384 -15.33080242 -17.14519477 0.54509804 0.71372549 0.60000000
v 19.41335607 -15.33080242 -12.06364651 0.54509804 0.71372549 0.60000000
v 19.40956727 -15.33080242 -10.37162292 0.54509804 0.71372549 0.60000000
v 19.40198714 -16.07640092 -9.62417546 0.54509804 0.71372549 0.60000000
v 14.26335699 3.41150431 -37.59459573 0.54509804 0.71372549 0.60000000
v 16.15813313 -5.17019160 -9.62417546 0.54509804 0.71372549 0.60000000
v 16.43855987 -5.58928690 -9.62417546 0.54509804 0.71372549 0.60000000
v 16.79098643 -6.12533838 -9.62417546 0.54509804 0.71372549 0.60000000
v 18.81839582 -13.63493071 -37.59459573 0.54509804 0.71372549 0.60000000
v 18.82976474 -13.51310097 -37.59459573 0.54509804 0.71372549 0.60000000
v 18.89797829 -11.93905900 -37.59459573 0.54509804 0.71372549 0.60000000
v 18.89797829 -11.81722926 -37.59459573 0.54509804 0.71372549 0.60000000
v 19.11019148 -13.63493071 -29.00031740 0.54509804 0.71372549 0.60000000
v 19.14808705 -13.63493071 -27.30829128 0.54509804 0.71372549 0.60000000
v 19.17840503 -13.63493071 -25.61353147 0.54509804 0.71372549 0.60000000
v 18.87902924 -10.25293442 -37.59459573 0.54509804 0.71372549 0.60000000
v 18.77671144 -8.55706145 -37.59459573 0.54509804 0.71372549 0.60000000
v 19.29966935 -13.63493071 -10.37162292 0.54509804 0.71372549 0.60000000
v 19.40198714 -15.33080242 -9.62417546 0.54509804 0.71372549 0.60000000
v 19.34135624 -14.38053047 -9.62417546 0.54509804 0.71372549 0.60000000
v 15.01747713 2.21757163 -37.59459573 0.54509804 0.71372549 0.60000000
v 17.05246664 -6.59803725 -9.62417546 0.54509804 0.71372549 0.60000000
v 15.50633079 1.37450808 -37.59459573 0.54509804 0.71372549 0.60000000
v 18.76534252 -8.44985179 -37.59459573 0.54509804 0.71372549 0.60000000
v 18.62512915 -7.20231427 -37.59459573 0.54509804 0.71372549 0.60000000
v 18.49628471 -6.35437778 -37.59459573 0.54509804 0.71372549 0.60000000
v 19.02682273 -11.93905900 -9.62417546 0.54509804 0.71372549 0.60000000
v 19.28830042 -13.63493071 -9.62417546 0.54509804 0.71372549 0.60000000
v 17.25710224 -6.97327360 -9.62417546 0.54509804 0.71372549 0.60000000
v 16.37413765 -0.25313873 -37.59459573 0.54509804 0.71372549 0.60000000
v 18.48112698 -6.27640700 -37.59459573 0.54509804 0.71372549 0.60000000
v 18.23480702 -5.17019160 -37.59459573 0.54509804 0.71372549 0.60000000
v 18.70092030 -10.57943761 -9.62417546 0.54509804 0.71372549 0.60000000
v 17.59058227 -7.67014147 -9.62417546 0.54509804 0.71372549 0.60000000
v 16.79098643 -1.07183507 -37.59459573 0.54509804 0.71372549 0.60000000
v 16.41961082 -0.34085538 -37.59459573 0.54509804 0.71372549 0.60000000
v 18.20448904 -5.04836186 -37.59459573 0.54509804 0.71372549 0.60000000
v 18.59481370 -10.20420253 -9.62417546 0.54509804 0.71372549 0.60000000
v 18.00743358 -8.55706145 -9.62417546 0.54509804 0.71372549 0.60000000
v 17.07520449 -1.73458985 -37.59459573 0.54509804 0.71372549 0.60000000
v 17.73837576 -3.47431989 -37.59459573 0.54509804 0.71372549 0.60000000
v 18.44702021 -9.73150239 -9.62417546 0.54509804 0.71372549 0.60000000
v 17.69668887 -3.35249015 -37.59459573 0.54509804 0.71372549 0.60000000
v 17.25331344 -2.19266991 -37.59459573 0.54509804 0.71372549 0.60000000
f 1 2 3
f 1 3 4
f 1 4 5
f 1 5 6
f 1 6 7
f 1 7 22
f 1 22 40
f 1 40 59
f 1 59 77
f 1 77 91
f 1 91 94
f 1 94 93
f 1 93 109
f 1 109 127
f 1 127 148
f 1 148 149
f 1 149 170
f 1 170 172
f 1 172 194
f 1 194 193
f 1 193 196
f 1 196 217
f 1 217 245
f 1 245 267
f 1 267 293
f 1 293 324
f 1 324 359
f 1 359 360
f 1 360 393
f 1 393 394
f 1 394 422
f 1 422 446
f 1 446 445
f 1 445 447
f 1 447 448
f 1 448 470
f 1 470 473
f 1 473 472
f 1 472 499
f 1 499 515
f 1 515 540
f 1 540 539
f 1 539 552
f 1 552 551
f 1 551 580
f 1 580 600
f 1 600 626
f 1 626 627
f 1 627 648
f 1 648 664
f 1 664 666
f 1 666 690
f 1 690 709
f 1 709 711
f 1 711 710
f 1 710 718
f 1 718 719
f 1 719 739
f 1 739 759
f 1 759 787
f 1 787 812
f 1 812 813
f 1 813 814
f 1 814 829
f 1 829 828
f 1 828 827
f 1 827 850
f 1 850 867
f 1 867 878
f 1 878 894
f 1 894 893
f 1 893 911
f 1 911 924
f 1 924 925
f 1 925 939
f 1 939 954
f 1 954 955
f 1 955 963
f 1 963 962
f 1 962 968
f 1 968 973
f 1 973 977
f 1 977 974
f 1 974 969
f 1 969 964
f 1 964 957
f 1 957 943
f 1 943 942
f 1 942 941
f 1 941 929
f 1 929 928
f 1 928 927
f 1 927 913
f 1 913 896
f 1 896 880
f 1 880 863
f 1 863 862
f 1 862 841
f 1 841 816
f 1 816 790
f 1 790 763
f 1 763 741
f 1 741 721
f 1 721 698
f 1 698 672
f 1 672 671
f 1 671 650
f 1 650 629
f 1 629 603
f 1 603 582
f 1 582 556
f 1 556 555
f 1 555 554
f 1 554 529
f 1 529 503
f 1 503 502
f 1 502 501
f 1 501 476
f 1 476 474
f 1 474 449
f 1 449 425
f 1 425 395
f 1 395 362
f 1 362 327
f 1 327 295
f 1 295 269
f 1 269 247
f 1 247 219
f 1 219 200
f 1 200 199
f 1 199 198
f 1 198 175
f 1 175 173
f 1 173 152
f 1 152 129
f 1 129 110
f 1 110 95
f 1 95 78
f 1 78 60
f 1 60 42
f 1 42 41
f 1 41 23
f 1 23 8
f 1 8 2
f 2 8 9
f 2 9 3
f 3 9 10
f 3 10 11
f 3 11 4
f 4 11 5
f 5 12 13
f 5 13 14
f 5 14 6
f 5 11 15
f 5 15 16
f 5 16 17
f 5 17 18
f 5 18 19
f 5 19 20
f 5 20 12
f 6 14 7
f 7 21 39
f 7 39 22
f 7 14 21
f 8 23 9
f 9 23 24
f 9 24 10
f 10 24 25
f 10 25 26
f 10 26 11
f 11 26 15
f 12 20 27
f 12 27 28
f 12 28 29
f 12 29 13
f 13 29 21
f 13 21 14
f 15 26 30
f 15 30 31
f 15 31 32
f 15 32 33
f 15 33 16
f 16 33 34
f 16 34 35
f 16 35 19
f 16 19 18
f 16 18 17
f 19 35 36
f 19 36 27
f 19 27 20
f 21 29 37
f 21 37 38
f 21 38 39
f 22 39 40
f 23 41 24
f 24 41 42
f 24 42 43
f 24 43 25
f 25 43 44
f 25 44 26
f 26 44 30
f 27 36 45
f 27 45 46
f 27 46 47
f 27 47 28
f 28 47 29
f 29 48 49
f 29 49 37
f 29 47 46
f 29 46 48
f 30 44 62
f 30 62 61
f 30 61 79
f 30 79 96
f 30 96 111
f 30 111 130
f 30 130 157
f 30 157 156
f 30 156 155
f 30 155 154
f 30 154 153
f 30 153 174
f 30 174 197
f 30 197 218
f 30 218 246
f 30 246 268
f 30 268 294
f 30 294 326
f 30 326 361
f 30 361 363
f 30 363 396
f 30 396 426
f 30 426 450
f 30 450 475
f 30 475 500
f 30 500 528
f 30 528 553
f 30 553 581
f 30 581 602
f 30 602 628
f 30 628 649
f 30 649 670
f 30 670 697
f 30 697 720
f 30 720 740
f 30 740 762
f 30 762 789
f 30 789 815
f 30 815 840
f 30 840 861
f 30 861 879
f 30 879 895
f 30 895 912
f 30 912 926
f 30 926 940
f 30 940 956
f 30 956 958
f 30 958 965
f 30 965 971
f 30 971 970
f 30 970 975
f 30 975 979
f 30 979 978
f 30 978 976
f 30 976 972
f 30 972 967
f 30 967 966
f 30 966 961
f 30 961 960
f 30 960 959
f 30 959 952
f 30 952 951
f 30 951 947
f 30 947 946
f 30 946 945
f 30 945 944
f 30 944 930
f 30 930 915
f 30 915 914
f 30 914 897
f 30 897 883
f 30 883 881
f 30 881 864
f 30 864 845
f 30 845 844
f 30 844 842
f 30 842 818
f 30 818 817
f 30 817 791
f 30 791 764
f 30 764 742
f 30 742 722
f 30 722 700
f 30 700 673
f 30 673 653
f 30 653 652
f 30 652 651
f 30 651 632
f 30 632 607
f 30 607 606
f 30 606 588
f 30 588 562
f 30 562 538
f 30 538 513
f 30 513 483
f 30 483 458
f 30 458 432
f 30 432 427
f 30 427 397
f 30 397 369
f 30 369 368
f 30 368 367
f 30 367 364
f 30 364 330
f 30 330 328
f 30 328 300
f 30 300 299
f 30 299 297
f 30 297 272
f 30 272 296
f 30 296 270
f 30 270 249
f 30 249 248
f 30 248 220
f 30 220 201
f 30 201 177
f 30 177 176
f 30 176 158
f 30 158 132
f 30 132 131
f 30 131 112
f 30 112 98
f 30 98 97
f 30 97 81
f 30 81 80
f 30 80 65
f 30 65 63
f 30 63 45
f 30 45 36
f 30 36 35
f 30 35 52
f 30 52 51
f 30 51 50
f 30 50 32
f 30 32 31
f 32 50 51
f 32 51 34
f 32 34 33
f 34 51 52
f 34 52 35
f 37 49 53
f 37 53 54
f 37 54 55
f 37 55 56
f 37 56 57
f 37 57 38
f 38 57 39
f 39 57 58
f 39 58 40
f 40 58 59
f 42 60 43
f 43 60 61
f 43 61 62
f 43 62 44
f 45 63 64
f 45 64 46
f 46 64 65
f 46 65 48
f 48 65 66
f 48 66 49
f 49 66 67
f 49 67 68
f 49 68 69
f 49 69 53
f 53 69 70
f 53 70 71
f 53 71 54
f 54 71 72
f 54 72 73
f 54 73 55
f 55 73 74
f 55 74 56
f 56 74 57
f 57 74 58
f 58 74 75
f 58 75 76
f 58 76 77
f 58 77 59
f 60 78 61
f 61 78 79
f 63 65 64
f 65 80 66
f 66 80 67
f 67 81 82
f 67 82 83
f 67 83 68
f 67 80 81
f 68 83 84
f 68 84 70
f 68 70 69
f 70 84 85
f 70 85 86
f 70 86 71
f 71 86 87
f 71 87 72
f 72 87 88
f 72 88 73
f 73 88 89
f 73 89 74
f 74 89 90
f 74 90 75
f 75 90 76
f 76 91 77
f 76 90 92
f 76 92 93
f 76 93 94
f 76 94 91
f 78 95 96
f 78 96 79
f 81 97 82
f 82 97 83
f 83 97 98
f 83 98 112
f 83 112 99
f 83 99 84
f 84 99 100
f 84 100 85
f 85 100 101
f 85 101 86
f 86 101 102
f 86 102 103
f 86 103 87
f 87 103 104
f 87 104 88
f 88 104 105
f 88 105 89
f 89 105 106
f 89 106 90
f 90 106 92
f 92 106 107
f 92 107 93
f 93 107 108
f 93 108 109
f 95 110 96
f 96 110 111
f 99 112 100
f 100 113 114
f 100 114 115
f 100 115 101
f 100 112 113
f 101 115 116
f 101 116 117
f 101 117 118
f 101 118 119
f 101 119 102
f 102 119 103
f 103 119 120
f 103 120 104
f 104 120 121
f 104 121 105
f 105 121 122
f 105 122 123
f 105 123 106
f 106 123 124
f 106 124 125
f 106 125 126
f 106 126 107
f 107 126 108
f 108 127 109
f 108 126 128
f 108 128 127
f 110 129 111
f 111 129 130
f 112 131 113
f 113 131 132
f 113 132 133
f 113 133 114
f 114 134 135
f 114 135 115
f 114 133 134
f 115 135 116
f 116 135 136
f 116 136 137
f 116 137 117
f 117 137 138
f 117 138 118
f 118 138 139
f 118 139 140
f 118 140 141
f 118 141 119
f 119 141 120
f 120 141 142
f 120 142 143
f 120 143 121
f 121 143 122
f 122 143 144
f 122 144 123
f 123 144 145
f 123 145 124
f 124 145 146
f 124 146 125
f 125 146 126
f 126 146 147
f 126 147 128
f 127 128 148
f 128 149 148
f 128 147 150
f 128 150 151
f 128 151 149
f 129 152 153
f 129 153 154
f 129 154 155
f 129 155 156
f 129 156 157
f 129 157 130
f 132 158 159
f 132 159 133
f 133 159 134
f 134 159 160
f 134 160 135
f 135 160 136
f 136 160 161
f 136 161 162
f 136 162 163
f 136 163 137
f 137 163 138
f 138 163 164
f 138 164 165
f 138 165 139
f 139 165 140
f 140 166 141
f 140 165 166
f 141 166 142
f 142 166 143
f 143 166 167
f 143 167 144
f 144 167 145
f 145 167 146
f 146 167 168
f 146 168 169
f 146 169 147
f 147 169 150
f 149 151 170
f 150 169 171
f 150 171 151
f 151 172 170
f 151 171 172
f 152 173 153
f 153 173 175
f 153 175 174
f 158 176 159
f 159 176 177
f 159 177 178
f 159 178 179
f 159 179 160
f 160 178 180
f 160 180 161
f 160 179 178
f 161 180 181
f 161 181 182
f 161 182 183
f 161 183 162
f 162 183 184
f 162 184 163
f 163 184 164
f 164 184 185
f 164 185 186
f 164 186 165
f 165 187 166
f 165 186 188
f 165 188 187
f 166 187 189
f 166 189 167
f 167 189 190
f 167 190 168
f 168 190 169
f 169 190 191
f 169 191 192
f 169 192 171
f 171 193 194
f 171 194 172
f 171 192 195
f 171 195 196
f 171 196 193
f 174 175 198
f 174 198 199
f 174 199 200
f 174 200 197
f 177 201 178
f 178 201 202
f 178 202 180
f 180 203 204
f 180 204 181
f 180 202 203
f 181 204 205
f 181 205 206
f 181 206 182
f 182 206 183
f 183 206 207
f 183 207 185
f 183 185 184
f 185 207 208
f 185 208 209
f 185 209 186
f 186 209 210
f 186 210 188
f 187 188 211
f 187 211 189
f 188 210 212
f 188 212 211
f 189 211 213
f 189 213 214
f 189 214 190
f 190 214 215
f 190 215 191
f 191 215 216
f 191 216 192
f 192 216 217
f 192 217 195
f 195 217 196
f 197 200 218
f 200 219 218
f 201 220 221
f 201 221 202
f 202 221 203
f 203 221 222
f 203 222 223
f 203 223 224
f 203 224 225
f 203 225 226
f 203 226 204
f 204 226 205
f 205 226 227
f 205 227 228
f 205 228 229
f 205 229 206
f 206 229 230
f 206 230 231
f 206 231 207
f 207 231 208
f 208 231 232
f 208 232 233
f 208 233 209
f 209 233 234
f 209 234 235
f 209 235 210
f 210 235 236
f 210 236 212
f 211 212 237
f 211 237 238
f 211 238 239
f 211 239 213
f 212 236 240
f 212 240 237
f 213 239 241
f 213 241 242
f 213 242 214
f 214 242 243
f 214 243 215
f 215 243 216
f 216 243 244
f 216 244 245
f 216 245 217
f 218 219 246
f 219 247 246
f 220 248 222
f 220 222 221
f 222 248 223
f 223 248 249
f 223 249 250
f 223 250 224
f 224 250 225
f 225 250 251
f 225 251 227
f 225 227 226
f 227 251 252
f 227 252 253
f 227 253 228
f 228 253 229
f 229 232 230
f 229 253 254
f 229 254 255
f 229 255 232
f 230 232 231
f 232 255 256
f 232 256 233
f 233 256 257
f 233 257 234
f 234 257 258
f 234 258 259
f 234 259 235
f 235 259 260
f 235 260 236
f 236 260 261
f 236 261 240
f 237 240 262
f 237 262 238
f 238 241 239
f 238 262 241
f 240 261 263
f 240 263 262
f 241 262 264
f 241 264 242
f 242 264 243
f 243 264 265
f 243 265 266
f 243 266 267
f 243 267 244
f 244 267 245
f 246 247 269
f 246 269 268
f 249 270 271
f 249 271 250
f 250 271 272
f 250 272 273
f 250 273 274
f 250 274 275
f 250 275 276
f 250 276 252
f 250 252 251
f 252 276 277
f 252 277 278
f 252 278 254
f 252 254 253
f 254 278 279
f 254 279 280
f 254 280 255
f 255 280 281
f 255 281 256
f 256 281 282
f 256 282 257
f 257 283 258
f 257 282 284
f 257 284 283
f 258 283 259
f 259 283 285
f 259 285 260
f 260 285 286
f 260 286 261
f 261 286 287
f 261 287 263
f 262 263 264
f 263 287 288
f 263 288 289
f 263 289 290
f 263 290 264
f 264 290 291
f 264 291 265
f 265 291 292
f 265 292 266
f 266 292 293
f 266 293 267
f 268 269 294
f 269 295 294
f 270 296 271
f 271 296 272
f 272 297 273
f 273 297 298
f 273 298 299
f 273 299 300
f 273 300 301
f 273 301 302
f 273 302 303
f 273 303 274
f 274 304 275
f 274 303 305
f 274 305 306
f 274 306 304
f 275 304 276
f 276 304 277
f 277 306 278
f 277 304 306
f 278 306 279
f 279 307 280
f 279 306 308
f 279 308 307
f 280 307 309
f 280 309 281
f 281 309 310
f 281 310 282
f 282 310 311
f 282 311 284
f 283 284 285
f 284 312 313
f 284 313 285
f 284 311 314
f 284 314 315
f 284 315 316
f 284 316 312
f 285 313 317
f 285 317 286
f 286 317 318
f 286 318 287
f 287 318 319
f 287 319 288
f 288 319 320
f 288 320 289
f 289 321 291
f 289 291 290
f 289 320 322
f 289 322 321
f 291 321 323
f 291 323 292
f 292 324 293
f 292 323 321
f 292 321 325
f 292 325 324
f 294 295 326
f 295 327 326
f 297 299 298
f 300 328 301
f 301 328 329
f 301 329 330
f 301 330 331
f 301 331 332
f 301 332 333
f 301 333 334
f 301 334 302
f 302 334 335
f 302 335 336
f 302 336 337
f 302 337 338
f 302 338 339
f 302 339 303
f 303 339 305
f 305 339 340
f 305 340 306
f 306 340 308
f 307 308 309
f 308 338 341
f 308 341 342
f 308 342 343
f 308 343 344
f 308 344 309
f 308 340 338
f 309 344 345
f 309 345 310
f 310 345 346
f 310 346 311
f 311 346 314
f 312 347 313
f 312 316 348
f 312 348 347
f 313 347 317
f 314 346 315
f 315 346 349
f 315 349 350
f 315 350 351
f 315 351 316
f 316 351 352
f 316 352 353
f 316 353 348
f 317 347 354
f 317 354 318
f 318 354 355
f 318 355 356
f 318 356 319
f 319 356 320
f 320 356 357
f 320 357 322
f 321 322 358
f 321 358 325
f 322 357 358
f 324 325 359
f 325 358 360
f 325 360 359
f 326 327 361
f 327 362 363
f 327 363 361
f 328 330 329
f 330 364 331
f 331 364 365
f 331 365 332
f 332 366 333
f 332 365 367
f 332 367 368
f 332 368 369
f 332 369 370
f 332 370 366
f 333 366 371
f 333 371 334
f 334 371 335
f 335 371 372
f 335 372 373
f 335 373 374
f 335 374 336
f 336 374 337
f 337 374 338
f 338 374 341
f 338 340 339
f 341 374 375
f 341 375 342
f 342 375 376
f 342 376 377
f 342 377 378
f 342 378 343
f 343 378 344
f 344 378 379
f 344 379 345
f 345 379 346
f 346 379 380
f 346 380 349
f 347 348 381
f 347 381 354
f 348 353 382
f 348 382 383
f 348 383 381
f 349 380 384
f 349 384 350
f 350 384 385
f 350 385 351
f 351 385 352
f 352 385 386
f 352 386 387
f 352 387 388
f 352 388 353
f 353 388 382
f 354 381 389
f 354 389 355
f 355 389 390
f 355 390 356
f 356 390 392
f 356 392 357
f 357 391 358
f 357 392 391
f 358 393 360
f 358 391 394
f 358 394 393
f 362 395 363
f 363 395 396
f 364 367 365
f 366 372 371
f 366 370 372
f 369 397 398
f 369 398 370
f 370 399 400
f 370 400 401
f 370 401 402
f 370 402 403
f 370 403 373
f 370 373 372
f 370 398 404
f 370 404 399
f 373 375 374
f 373 403 375
f 375 403 376
f 376 403 405
f 376 405 406
f 376 406 377
f 377 407 378
f 377 406 408
f 377 408 409
f 377 409 407
f 378 407 410
f 378 410 379
f 379 410 380
f 380 410 384
f 381 383 389
f 382 388 411
f 382 411 412
f 382 412 383
f 383 413 389
f 383 412 413
f 384 410 409
f 384 409 385
f 385 409 386
f 386 409 414
f 386 414 415
f 386 415 387
f 387 415 388
f 388 415 416
f 388 416 417
f 388 417 411
f 389 413 412
f 389 412 418
f 389 418 390
f 390 418 419
f 390 419 420
f 390 420 392
f 391 392 421
f 391 421 422
f 391 422 394
f 392 420 423
f 392 423 424
f 392 424 421
f 395 425 426
f 395 426 396
f 397 427 399
f 397 399 404
f 397 404 398
f 399 428 429
f 399 429 430
f 399 430 431
f 399 431 400
f 399 427 432
f 399 432 433
f 399 433 428
f 400 402 401
f 400 431 402
f 402 405 403
f 402 431 405
f 405 431 406
f 406 431 408
f 407 434 410
f 407 409 434
f 408 431 435
f 408 435 409
f 409 435 414
f 409 410 434
f 411 417 436
f 411 436 437
f 411 437 412
f 412 437 419
f 412 419 418
f 414 435 438
f 414 438 431
f 414 431 439
f 414 439 440
f 414 440 415
f 415 440 441
f 415 441 416
f 416 441 442
f 416 442 417
f 417 442 460
f 417 460 436
f 419 437 443
f 419 443 444
f 419 444 423
f 419 423 420
f 421 424 445
f 421 445 446
f 421 446 422
f 423 447 445
f 423 445 424
f 423 444 448
f 423 448 447
f 425 449 450
f 425 450 426
f 428 451 429
f 428 433 451
f 429 451 452
f 429 452 430
f 430 452 453
f 430 453 431
f 431 454 455
f 431 455 456
f 431 456 439
f 431 438 435
f 431 453 457
f 431 457 454
f 432 458 459
f 432 459 433
f 433 459 451
f 436 460 461
f 436 461 462
f 436 462 443
f 436 443 437
f 439 456 463
f 439 463 464
f 439 464 440
f 440 464 465
f 440 465 466
f 440 466 441
f 441 466 467
f 441 467 442
f 442 467 468
f 442 468 469
f 442 469 460
f 443 462 444
f 444 470 448
f 444 462 471
f 444 471 472
f 444 472 473
f 444 473 470
f 449 474 450
f 450 474 476
f 450 476 475
f 451 459 477
f 451 477 478
f 451 478 452
f 452 478 479
f 452 479 480
f 452 480 453
f 453 480 457
f 454 481 455
f 454 457 480
f 454 480 482
f 454 482 481
f 455 481 456
f 456 481 463
f 458 483 477
f 458 477 459
f 460 469 484
f 460 484 461
f 461 469 485
f 461 485 486
f 461 486 487
f 461 487 462
f 461 484 469
f 462 487 471
f 463 481 488
f 463 488 489
f 463 489 490
f 463 490 464
f 464 490 491
f 464 491 465
f 465 491 466
f 466 491 492
f 466 492 493
f 466 493 467
f 467 493 494
f 467 494 495
f 467 495 468
f 468 495 496
f 468 496 497
f 468 497 498
f 468 498 485
f 468 485 469
f 471 487 472
f 472 487 499
f 475 476 501
f 475 501 502
f 475 502 503
f 475 503 500
f 477 483 504
f 477 504 505
f 477 505 478
f 478 506 479
f 478 505 506
f 479 507 508
f 479 508 480
f 479 506 509
f 479 509 507
f 480 510 511
f 480 511 512
f 480 512 482
f 480 508 510
f 481 512 488
f 481 482 512
f 483 513 505
f 483 505 504
f 485 498 514
f 485 514 486
f 486 514 540
f 486 540 515
f 486 515 499
f 486 499 487
f 488 512 511
f 488 511 516
f 488 516 489
f 489 517 490
f 489 516 518
f 489 518 517
f 490 517 519
f 490 519 491
f 491 519 520
f 491 520 492
f 492 520 493
f 493 520 521
f 493 521 522
f 493 522 523
f 493 523 494
f 494 524 495
f 494 523 525
f 494 525 524
f 495 524 496
f 496 524 497
f 497 526 514
f 497 514 498
f 497 524 527
f 497 527 526
f 500 503 528
f 503 529 528
f 505 530 506
f 505 513 531
f 505 531 532
f 505 532 533
f 505 533 530
f 506 530 509
f 507 534 508
f 507 509 534
f 508 534 511
f 508 511 510
f 509 530 535
f 509 535 536
f 509 536 534
f 511 534 537
f 511 537 516
f 513 538 531
f 514 526 539
f 514 539 540
f 516 537 541
f 516 541 542
f 516 542 518
f 517 518 542
f 517 542 543
f 517 543 544
f 517 544 519
f 519 544 545
f 519 545 520
f 520 545 521
f 521 545 546
f 521 546 547
f 521 547 522
f 522 547 523
f 523 547 548
f 523 548 549
f 523 549 525
f 524 525 527
f 525 549 575
f 525 575 550
f 525 550 527
f 526 527 551
f 526 551 552
f 526 552 539
f 527 550 551
f 528 529 554
f 528 554 555
f 528 555 556
f 528 556 553
f 530 533 557
f 530 557 558
f 530 558 559
f 530 559 560
f 530 560 561
f 530 561 535
f 531 538 562
f 531 562 532
f 532 562 563
f 532 563 558
f 532 558 533
f 533 558 557
f 534 536 537
f 535 564 536
f 535 561 565
f 535 565 564
f 536 566 567
f 536 567 537
f 536 564 566
f 537 567 541
f 541 567 568
f 541 568 542
f 542 568 569
f 542 569 543
f 543 569 570
f 543 570 544
f 544 570 571
f 544 571 545
f 545 571 572
f 545 572 573
f 545 573 546
f 546 573 574
f 546 574 547
f 547 574 548
f 548 574 549
f 549 574 576
f 549 576 577
f 549 577 597
f 549 597 575
f 550 575 578
f 550 578 579
f 550 579 551
f 551 579 580
f 553 556 581
f 556 582 581
f 558 563 559
f 559 563 583
f 559 583 584
f 559 584 560
f 560 584 585
f 560 585 586
f 560 586 561
f 561 586 587
f 561 587 565
f 562 588 583
f 562 583 563
f 564 565 589
f 564 589 590
f 564 590 566
f 565 591 589
f 565 587 591
f 566 590 592
f 566 592 569
f 566 569 568
f 566 568 567
f 569 592 570
f 570 593 571
f 570 592 593
f 571 593 572
f 572 593 594
f 572 594 573
f 573 594 595
f 573 595 574
f 574 595 596
f 574 596 576
f 575 597 578
f 576 596 577
f 577 596 598
f 577 598 599
f 577 599 597
f 578 600 580
f 578 580 579
f 578 597 601
f 578 601 600
f 581 582 602
f 582 603 602
f 583 588 584
f 584 604 605
f 584 605 585
f 584 588 606
f 584 606 607
f 584 607 608
f 584 608 604
f 585 605 604
f 585 604 586
f 586 604 609
f 586 609 610
f 586 610 587
f 587 610 611
f 587 611 591
f 589 591 612
f 589 612 590
f 590 613 614
f 590 614 592
f 590 612 615
f 590 615 613
f 591 611 616
f 591 616 612
f 592 614 593
f 593 614 617
f 593 617 618
f 593 618 594
f 594 618 619
f 594 619 595
f 595 619 620
f 595 620 596
f 596 620 621
f 596 621 598
f 597 599 622
f 597 622 623
f 597 623 601
f 598 621 599
f 599 621 624
f 599 624 625
f 599 625 622
f 600 601 626
f 601 623 627
f 601 627 626
f 602 603 629
f 602 629 628
f 604 608 630
f 604 630 631
f 604 631 609
f 607 632 608
f 608 632 630
f 609 633 634
f 609 634 635
f 609 635 610
f 609 631 633
f 610 635 636
f 610 636 611
f 611 636 616
f 612 616 637
f 612 637 615
f 613 617 614
f 613 615 638
f 613 638 639
f 613 639 617
f 615 637 640
f 615 640 638
f 616 636 641
f 616 641 637
f 617 642 618
f 617 639 660
f 617 660 642
f 618 642 643
f 618 643 619
f 619 643 620
f 620 643 644
f 620 644 621
f 621 644 625
f 621 625 624
f 622 645 623
f 622 625 646
f 622 646 645
f 623 645 627
f 625 644 647
f 625 647 646
f 627 645 648
f 628 629 649
f 629 650 649
f 630 632 651
f 630 651 652
f 630 652 653
f 630 653 654
f 630 654 633
f 630 633 631
f 633 655 635
f 633 635 634
f 633 654 655
f 635 655 636
f 636 656 641
f 636 655 657
f 636 657 656
f 637 641 658
f 637 658 640
f 638 640 658
f 638 658 659
f 638 659 639
f 639 659 660
f 641 656 658
f 642 660 661
f 642 661 643
f 643 661 662
f 643 662 644
f 644 662 663
f 644 663 647
f 645 664 648
f 645 646 665
f 645 665 666
f 645 666 664
f 646 647 667
f 646 667 665
f 647 663 668
f 647 668 669
f 647 669 667
f 649 650 671
f 649 671 672
f 649 672 670
f 653 673 654
f 654 673 674
f 654 674 675
f 654 675 676
f 654 676 655
f 655 676 677
f 655 677 678
f 655 678 657
f 656 679 658
f 656 657 680
f 656 680 681
f 656 681 682
f 656 682 679
f 657 678 681
f 657 681 680
f 658 679 659
f 659 683 661
f 659 661 660
f 659 679 684
f 659 684 685
f 659 685 683
f 661 683 686
f 661 686 687
f 661 687 662
f 662 687 688
f 662 688 663
f 663 688 668
f 665 667 689
f 665 689 666
f 666 689 690
f 667 669 691
f 667 691 692
f 667 692 689
f 668 688 693
f 668 693 669
f 669 693 694
f 669 694 695
f 669 695 696
f 669 696 691
f 670 672 698
f 670 698 697
f 673 699 674
f 673 700 699
f 674 699 675
f 675 699 701
f 675 701 676
f 676 701 678
f 676 678 677
f 678 701 681
f 679 682 702
f 679 702 703
f 679 703 685
f 679 685 684
f 681 701 704
f 681 704 682
f 682 704 705
f 682 705 706
f 682 706 702
f 683 685 686
f 685 703 707
f 685 707 708
f 685 708 686
f 686 708 687
f 687 693 688
f 687 708 693
f 689 709 690
f 689 692 711
f 689 711 709
f 691 696 692
f 692 696 710
f 692 710 711
f 693 708 712
f 693 712 713
f 693 713 714
f 693 714 694
f 694 714 715
f 694 715 716
f 694 716 717
f 694 717 695
f 695 717 696
f 696 718 710
f 696 717 719
f 696 719 718
f 697 698 720
f 698 721 720
f 699 700 701
f 700 722 723
f 700 723 724
f 700 724 701
f 701 724 704
f 702 706 703
f 703 706 725
f 703 725 726
f 703 726 707
f 704 727 728
f 704 728 705
f 704 724 727
f 705 728 706
f 706 728 729
f 706 729 725
f 707 712 708
f 707 726 730
f 707 730 712
f 712 730 731
f 712 731 732
f 712 732 713
f 713 732 714
f 714 733 715
f 714 732 734
f 714 734 735
f 714 735 736
f 714 736 733
f 715 733 716
f 716 733 717
f 717 733 737
f 717 737 738
f 717 738 739
f 717 739 719
f 720 721 740
f 721 741 740
f 722 742 723
f 723 743 724
f 723 742 743
f 724 743 727
f 725 729 744
f 725 744 745
f 725 745 726
f 726 745 746
f 726 746 730
f 727 743 747
f 727 747 728
f 728 747 748
f 728 748 729
f 729 748 744
f 730 746 749
f 730 749 750
f 730 750 751
f 730 751 734
f 730 734 731
f 731 734 732
f 733 752 737
f 733 736 753
f 733 753 752
f 734 751 754
f 734 754 755
f 734 755 735
f 735 755 756
f 735 756 757
f 735 757 736
f 736 757 758
f 736 758 753
f 737 752 753
f 737 753 738
f 738 759 739
f 738 753 760
f 738 760 761
f 738 761 759
f 740 741 763
f 740 763 762
f 742 747 743
f 742 764 765
f 742 765 766
f 742 766 747
f 744 748 767
f 744 767 768
f 744 768 745
f 745 768 769
f 745 769 770
f 745 770 746
f 746 770 771
f 746 771 750
f 746 750 749
f 747 766 772
f 747 772 773
f 747 773 748
f 748 773 774
f 748 774 775
f 748 775 769
f 748 769 767
f 750 771 776
f 750 776 777
f 750 777 778
f 750 778 751
f 751 778 754
f 753 758 779
f 753 779 760
f 754 778 780
f 754 780 781
f 754 781 755
f 755 781 782
f 755 782 756
f 756 782 783
f 756 783 784
f 756 784 757
f 757 784 785
f 757 785 758
f 758 785 786
f 758 786 779
f 759 761 787
f 760 779 761
f 761 779 788
f 761 788 787
f 762 763 789
f 763 790 789
f 764 791 765
f 765 791 766
f 766 791 792
f 766 792 772
f 767 769 768
f 769 775 793
f 769 793 776
f 769 776 771
f 769 771 770
f 772 792 794
f 772 794 795
f 772 795 796
f 772 796 773
f 773 796 774
f 774 796 775
f 775 796 797
f 775 797 798
f 775 798 793
f 776 793 799
f 776 799 800
f 776 800 801
f 776 801 777
f 777 801 780
f 777 780 778
f 779 786 802
f 779 802 788
f 780 801 803
f 780 803 804
f 780 804 805
f 780 805 781
f 781 805 806
f 781 806 782
f 782 806 807
f 782 807 783
f 783 807 808
f 783 808 784
f 784 808 809
f 784 809 785
f 785 809 810
f 785 810 786
f 786 810 811
f 786 811 802
f 787 788 812
f 788 813 812
f 788 802 814
f 788 814 813
f 789 790 815
f 790 816 815
f 791 817 792
f 792 817 818
f 792 818 794
f 793 798 799
f 794 818 795
f 795 819 820
f 795 820 796
f 795 818 821
f 795 821 822
f 795 822 819
f 796 820 823
f 796 823 798
f 796 798 797
f 798 823 824
f 798 824 825
f 798 825 799
f 799 825 803
f 799 803 800
f 800 803 801
f 802 811 826
f 802 826 827
f 802 827 828
f 802 828 829
f 802 829 814
f 803 825 830
f 803 830 831
f 803 831 832
f 803 832 804
f 804 832 805
f 805 832 833
f 805 833 806
f 806 833 834
f 806 834 807
f 807 834 835
f 807 835 836
f 807 836 808
f 808 836 837
f 808 837 809
f 809 837 838
f 809 838 810
f 810 838 811
f 811 838 839
f 811 839 826
f 815 816 841
f 815 841 840
f 818 842 821
f 819 843 820
f 819 822 843
f 820 843 823
f 821 842 844
f 821 844 822
f 822 844 845
f 822 845 846
f 822 846 847
f 822 847 848
f 822 848 843
f 823 843 824
f 824 843 825
f 825 843 830
f 826 839 849
f 826 849 827
f 827 849 850
f 830 843 851
f 830 851 831
f 831 851 852
f 831 852 832
f 832 852 853
f 832 853 833
f 833 853 854
f 833 854 855
f 833 855 834
f 834 855 856
f 834 856 835
f 835 856 836
f 836 856 857
f 836 857 837
f 837 857 858
f 837 858 838
f 838 858 859
f 838 859 839
f 839 859 860
f 839 860 849
f 840 841 862
f 840 862 863
f 840 863 861
f 843 848 851
f 845 847 846
f 845 864 847
f 847 864 865
f 847 865 866
f 847 866 848
f 848 866 851
f 849 860 867
f 849 867 850
f 851 866 868
f 851 868 852
f 852 868 853
f 853 868 869
f 853 869 870
f 853 870 854
f 854 870 871
f 854 871 855
f 855 871 872
f 855 872 873
f 855 873 856
f 856 873 874
f 856 874 857
f 857 874 858
f 858 874 875
f 858 875 876
f 858 876 859
f 859 876 860
f 860 876 877
f 860 877 878
f 860 878 867
f 861 863 879
f 863 880 879
f 864 881 865
f 865 882 868
f 865 868 866
f 865 881 883
f 865 883 884
f 865 884 882
f 868 882 885
f 868 885 869
f 869 885 870
f 870 885 871
f 871 885 886
f 871 886 887
f 871 887 872
f 872 887 888
f 872 888 873
f 873 888 874
f 874 888 889
f 874 889 890
f 874 890 875
f 875 890 891
f 875 891 876
f 876 891 892
f 876 892 877
f 877 892 893
f 877 893 894
f 877 894 878
f 879 880 896
f 879 896 895
f 882 884 885
f 883 897 884
f 884 897 898
f 884 898 899
f 884 899 885
f 885 899 900
f 885 900 901
f 885 901 902
f 885 902 887
f 885 887 886
f 887 902 903
f 887 903 904
f 887 904 888
f 888 904 905
f 888 905 889
f 889 905 906
f 889 906 907
f 889 907 890
f 890 907 908
f 890 908 891
f 891 908 909
f 891 909 910
f 891 910 892
f 892 911 893
f 892 910 924
f 892 924 911
f 895 896 913
f 895 913 912
f 897 914 898
f 898 914 915
f 898 915 899
f 899 915 900
f 900 915 916
f 900 916 901
f 901 903 902
f 901 916 903
f 903 916 917
f 903 917 904
f 904 917 918
f 904 918 905
f 905 918 919
f 905 919 906
f 906 919 920
f 906 920 907
f 907 920 921
f 907 921 908
f 908 921 909
f 909 921 922
f 909 922 923
f 909 923 910
f 910 923 925
f 910 925 924
f 912 913 927
f 912 927 928
f 912 928 929
f 912 929 926
f 915 930 916
f 916 930 917
f 917 930 931
f 917 931 918
f 918 931 932
f 918 932 933
f 918 933 919
f 919 933 934
f 919 934 920
f 920 934 921
f 921 934 935
f 921 935 936
f 921 936 922
f 922 936 937
f 922 937 923
f 923 937 925
f 925 937 938
f 925 938 939
f 926 929 941
f 926 941 942
f 926 942 943
f 926 943 940
f 930 944 931
f 931 944 945
f 931 945 932
f 932 945 933
f 933 945 946
f 933 946 934
f 934 946 935
f 935 946 947
f 935 947 948
f 935 948 949
f 935 949 950
f 935 950 936
f 936 950 937
f 937 950 951
f 937 951 952
f 937 952 953
f 937 953 938
f 938 954 939
f 938 953 955
f 938 955 954
f 940 943 956
f 943 957 958
f 943 958 956
f 947 951 949
f 947 949 948
f 949 951 950
f 952 959 953
f 953 959 960
f 953 960 961
f 953 961 962
f 953 962 963
f 953 963 955
f 957 964 958
f 958 964 965
f 961 966 962
f 962 966 967
f 962 967 968
f 964 969 970
f 964 970 971
f 964 971 965
f 967 972 968
f 968 972 973
f 969 974 970
f 970 974 975
f 972 976 973
f 973 976 977
f 974 977 978
f 974 978 979
f 974 979 975
f 976 978 977

o geometry_1
v -19.60891326 -11.94056089 13.34515240 0.54117647 0.42352941 0.64313725
v -19.28431330 -13.63599970 -9.62417672 0.54117647 0.42352941 0.64313725
v -19.29576931 -13.63599970 -8.67495231 0.54117647 0.42352941 0.64313725
v -19.49052903 -13.63599970 11.65056297 0.54117647 0.42352941 0.64313725
v -19.49816721 -13.63599970 13.34515240 0.54117647 0.42352941 0.64313725
v -19.59745599 -11.94056089 15.03974056 0.54117647 0.42352941 0.64313725
v -19.57454397 -10.25005180 18.42573389 0.54117647 0.42352941 0.64313725
v -19.58599998 -10.25005180 15.03974056 0.54117647 0.42352941 0.64313725
v -19.58218089 -10.25005180 13.34515240 0.54117647 0.42352941 0.64313725
v -19.29958840 -11.94056089 -9.62417672 0.54117647 0.42352941 0.64313725
v -19.21939255 -14.58229101 -9.62417672 0.54117647 0.42352941 0.64313725
v -19.17738635 -15.33143725 -8.67495231 0.54117647 0.42352941 0.64313725
v -19.05900212 -16.27772856 -9.62417672 0.54117647 0.42352941 0.64313725
v -18.96735026 -17.02194759 -9.62417672 0.54117647 0.42352941 0.64313725
v -19.47907302 -13.63599970 15.03974056 0.54117647 0.42352941 0.64313725
v -18.97116935 -17.02194759 -8.67495231 0.54117647 0.42352941 0.64313725
v -19.25758093 -15.33143725 8.26138412 0.54117647 0.42352941 0.64313725
v -19.26140002 -15.33143725 9.95597355 0.54117647 0.42352941 0.64313725
v -19.24994401 -15.33143725 11.65056297 0.54117647 0.42352941 0.64313725
v -19.53253650 -11.94056089 18.42573389 0.54117647 0.42352941 0.64313725
v -19.53635559 -10.25005180 21.81491274 0.54117647 0.42352941 0.64313725
v -19.55926887 -10.25005180 20.12032458 0.54117647 0.42352941 0.64313725
v -19.54399251 -8.55954272 21.81491274 0.54117647 0.42352941 0.64313725
v -19.54017468 -8.55954272 20.12032458 0.54117647 0.42352941 0.64313725
v -19.46379793 -6.86410391 21.81491274 0.54117647 0.42352941 0.64313725
v -19.46379793 -8.55954272 13.34515240 0.54117647 0.42352941 0.64313725
v -19.55544978 -10.25005180 11.65056297 0.54117647 0.42352941 0.64313725
v -19.21557473 -10.25005180 -9.62417672 0.54117647 0.42352941 0.64313725
v -19.16592908 -15.33143725 -9.62417672 0.54117647 0.42352941 0.64313725
v -18.86806149 -17.72180788 -9.62417672 0.54117647 0.42352941 0.64313725
v -19.42942864 -13.63599970 16.73114573 0.54117647 0.42352941 0.64313725
v -19.49816721 -11.94056089 20.12032458 0.54117647 0.42352941 0.64313725
v -19.22703073 -15.33143725 13.34515240 0.54117647 0.42352941 0.64313725
v -19.19648054 -15.33143725 15.03974056 0.54117647 0.42352941 0.64313725
v -19.00171955 -17.02194759 3.18398752 0.54117647 0.42352941 0.64313725
v -18.99026354 -17.02194759 4.87857679 0.54117647 0.42352941 0.64313725
v -18.96353244 -17.02194759 8.26138412 0.54117647 0.42352941 0.64313725
v -18.94443825 -17.02194759 9.95597355 0.54117647 0.42352941 0.64313725
v -19.50962322 -10.25005180 22.91703203 0.54117647 0.42352941 0.64313725
v -19.52871741 -9.15097416 22.91703203 0.54117647 0.42352941 0.64313725
v -19.53253650 -8.55954272 22.91703203 0.54117647 0.42352941 0.64313725
v -19.49434812 -7.45553535 22.91703203 0.54117647 0.42352941 0.64313725
v -19.46761702 -6.86410391 22.91703203 0.54117647 0.42352941 0.64313725
v -19.37596516 -5.76502627 22.91703203 0.54117647 0.42352941 0.64313725
v -19.43324773 -6.86410391 20.12032458 0.54117647 0.42352941 0.64313725
v -19.00935773 -8.55954272 -9.62417672 0.54117647 0.42352941 0.64313725
v -19.31486350 -5.16866573 22.91703203 0.54117647 0.42352941 0.64313725
v -19.29195022 -5.16866573 21.81491274 0.54117647 0.42352941 0.64313725
v -18.78786564 -18.27873877 -9.62417672 0.54117647 0.42352941 0.64313725
v -19.36069006 -13.63599970 18.42573389 0.54117647 0.42352941 0.64313725
v -19.43324773 -11.94056089 21.81491274 0.54117647 0.42352941 0.64313725
v -19.47143484 -10.84641171 22.91703203 0.54117647 0.42352941 0.64313725
v -19.11628469 -15.33143725 16.73114573 0.54117647 0.42352941 0.64313725
v -19.28813239 -13.63599970 20.12032458 0.54117647 0.42352941 0.64313725
v -18.73822125 -17.96330918 9.95597355 0.54117647 0.42352941 0.64313725
v -18.72294616 -17.89430808 10.90201307 0.54117647 0.42352941 0.64313725
v -18.86042331 -16.67694466 15.03974056 0.54117647 0.42352941 0.64313725
v -18.78786564 -18.29352544 -8.67495231 0.54117647 0.42352941 0.64313725
v -18.64656940 -19.14124485 -8.67495231 0.54117647 0.42352941 0.64313725
v -18.78786564 -18.15059605 3.18398752 0.54117647 0.42352941 0.64313725
v -18.78022872 -18.12595244 4.87857679 0.54117647 0.42352941 0.64313725
v -18.91770588 -8.04696805 -9.62417672 0.54117647 0.42352941 0.64313725
v -19.16974817 -4.06958809 22.91703203 0.54117647 0.42352941 0.64313725
v -19.07809631 -3.47815665 22.91703203 0.54117647 0.42352941 0.64313725
v -18.90243078 -2.36922143 22.91703203 0.54117647 0.42352941 0.64313725
v -18.81841710 -1.85664739 22.91703203 0.54117647 0.42352941 0.64313725
v -18.68857687 -1.10257142 22.91703203 0.54117647 0.42352941 0.64313725
v -18.72294616 -18.65331252 -9.62417672 0.54117647 0.42352941 0.64313725
v -19.37214607 -11.94056089 22.91703203 0.54117647 0.42352941 0.64313725
v -18.73822125 -16.25308496 19.58200449 0.54117647 0.42352941 0.64313725
v -19.02463283 -15.33143725 18.42573389 0.54117647 0.42352941 0.64313725
v -18.89861169 -15.45465150 20.13624966 0.54117647 0.42352941 0.64313725
v -19.18502327 -13.63599970 21.81491274 0.54117647 0.42352941 0.64313725
v -19.28813239 -12.53199233 22.91703203 0.54117647 0.42352941 0.64313725
v -18.56637481 -18.90467076 6.57316605 0.54117647 0.42352941 0.64313725
v -18.54728062 -18.86524300 8.26138412 0.54117647 0.42352941 0.64313725
v -18.50145406 -18.80609885 9.95597355 0.54117647 0.42352941 0.64313725
v -18.61601920 -17.52466407 15.03974056 0.54117647 0.42352941 0.64313725
v -18.48999806 -19.85096207 -9.62417672 0.54117647 0.42352941 0.64313725
v -18.37161383 -20.41282270 -9.62417672 0.54117647 0.42352941 0.64313725
v -18.37543292 -20.41282270 -8.67495231 0.54117647 0.42352941 0.64313725
v -18.63893248 -19.12645818 -9.62417672 0.54117647 0.42352941 0.64313725
v -18.57019264 -18.97367185 4.87857679 0.54117647 0.42352941 0.64313725
v -18.79168473 -7.36682038 -9.62417672 0.54117647 0.42352941 0.64313725
v -18.59692501 -0.61956946 22.91703203 0.54117647 0.42352941 0.64313725
v -18.69621379 -16.10029863 20.71279346 0.54117647 0.42352941 0.64313725
v -18.56637481 -17.36202080 16.73114573 0.54117647 0.42352941 0.64313725
v -18.50909224 -17.19937753 18.42573389 0.54117647 0.42352941 0.64313725
v -18.47854078 -16.89873208 20.13624966 0.54117647 0.42352941 0.64313725
v -18.86806149 -15.06529361 21.81491274 0.54117647 0.42352941 0.64313725
v -19.10100959 -13.63599970 22.91703203 0.54117647 0.42352941 0.64313725
v -18.99026354 -14.13871617 22.91703203 0.54117647 0.42352941 0.64313725
v -17.92863091 -22.10333178 -8.67495231 0.54117647 0.42352941 0.64313725
v -18.15775992 -20.41282270 6.57316605 0.54117647 0.42352941 0.64313725
v -18.08520225 -20.41282270 8.26138412 0.54117647 0.42352941 0.64313725
v -18.13102881 -21.35911401 -9.62417672 0.54117647 0.42352941 0.64313725
v -18.60074410 -6.51910224 -9.62417672 0.54117647 0.42352941 0.64313725
v -18.50527315 -0.17599462 22.91703203 0.54117647 0.42352941 0.64313725
v -18.23795577 1.01179799 22.91703203 0.54117647 0.42352941 0.64313725
v -18.64275031 -15.91301175 21.81491274 0.54117647 0.42352941 0.64313725
v -18.82223493 -14.87307700 22.91703203 0.54117647 0.42352941 0.64313725
v -18.26468687 -17.02194759 21.81491274 0.54117647 0.42352941 0.64313725
v -18.09284043 -18.71738641 16.73114573 0.54117647 0.42352941 0.64313725
v -17.95918111 -18.71738641 18.42573389 0.54117647 0.42352941 0.64313725
v -17.79879067 -18.71738641 20.12032458 0.54117647 0.42352941 0.64313725
v -17.93245000 -22.10333178 -9.62417672 0.54117647 0.42352941 0.64313725
v -17.62694423 -23.05455030 -9.62417672 0.54117647 0.42352941 0.64313725
v -17.37490194 -23.79877059 -8.67495231 0.54117647 0.42352941 0.64313725
v -17.35198866 -23.79877059 -6.98036225 0.54117647 0.42352941 0.64313725
v -17.89808071 -22.10333178 -6.98036225 0.54117647 0.42352941 0.64313725
v -17.02738871 -24.66127414 -6.00246942 0.54117647 0.42352941 0.64313725
v -17.61548696 -22.10333178 4.87857679 0.54117647 0.42352941 0.64313725
v -17.55056747 -22.10333178 6.57316605 0.54117647 0.42352941 0.64313725
v -17.95918111 -20.41282270 9.95597355 0.54117647 0.42352941 0.64313725
v -17.35198866 -22.26597505 8.39835328 0.54117647 0.42352941 0.64313725
v -18.44417150 -5.91288413 -9.62417672 0.54117647 0.42352941 0.64313725
v -18.06610806 1.60322943 22.91703203 0.54117647 0.42352941 0.64313725
v -18.24559268 -5.16866573 -9.62417672 0.54117647 0.42352941 0.64313725
v -18.44799059 -16.10522710 22.91703203 0.54117647 0.42352941 0.64313725
v -18.57783082 -15.72079641 22.91703203 0.54117647 0.42352941 0.64313725
v -18.12720972 -17.02194759 22.91703203 0.54117647 0.42352941 0.64313725
v -17.59257494 -18.71738641 21.81491274 0.54117647 0.42352941 0.64313725
v -17.31761937 -20.20089474 18.42573389 0.54117647 0.42352941 0.64313725
v -17.01593270 -22.94119425 9.05134326 0.54117647 0.42352941 0.64313725
v -17.23360444 -19.99389146 20.12032458 0.54117647 0.42352941 0.64313725
v -17.38253886 -23.79877059 -9.62417672 0.54117647 0.42352941 0.64313725
v -17.05411981 -24.72041830 -9.62417672 0.54117647 0.42352941 0.64313725
v -17.03884471 -24.68592027 -6.98036225 0.54117647 0.42352941 0.64313725
v -16.91282357 -24.36556095 -0.20519070 0.54117647 0.42352941 0.64313725
v -17.16104677 -23.25662637 4.87857679 0.54117647 0.42352941 0.64313725
v -16.67605638 -25.53363716 -6.98036225 0.54117647 0.42352941 0.64313725
v -16.71424476 -25.33156614 -5.37496234 0.54117647 0.42352941 0.64313725
v -16.58058669 -25.49420940 -3.59118403 0.54117647 0.42352941 0.64313725
v -16.51566595 -25.49420940 -1.89659461 0.54117647 0.42352941 0.64313725
v -17.11140238 -23.14326527 6.57316605 0.54117647 0.42352941 0.64313725
v -17.06175799 -23.03483642 7.92374045 0.54117647 0.42352941 0.64313725
v -17.59257494 -3.47815665 -9.62417672 0.54117647 0.42352941 0.64313725
v -17.95918111 -4.42444733 -9.62417672 0.54117647 0.42352941 0.64313725
v -17.60403095 2.67766347 22.91703203 0.54117647 0.42352941 0.64313725
v -17.89044253 -17.61830624 22.91703203 0.54117647 0.42352941 0.64313725
v -17.40927123 -18.77160083 22.91703203 0.54117647 0.42352941 0.64313725
v -17.12667748 -19.76224710 21.81491274 0.54117647 0.42352941 0.64313725
v -17.05030199 -19.61439050 22.82465951 0.54117647 0.42352941 0.64313725
v -16.92046175 -21.04861162 18.42573389 0.54117647 0.42352941 0.64313725
v -16.97392523 -22.83769261 9.95597355 0.54117647 0.42352941 0.64313725
v -16.69896966 -23.99098720 6.57316605 0.54117647 0.42352941 0.64313725
v -16.69896966 -23.68048481 8.39835328 0.54117647 0.42352941 0.64313725
v -16.47365974 -23.79877059 9.95597355 0.54117647 0.42352941 0.64313725
v -16.80207752 -20.84161087 20.12032458 0.54117647 0.42352941 0.64313725
v -16.69133274 -25.56813770 -9.62417672 0.54117647 0.42352941 0.64313725
v -16.68751365 -25.55335103 -8.67495231 0.54117647 0.42352941 0.64313725
v -16.43547136 -25.49420940 -0.20519070 0.54117647 0.42352941 0.64313725
v -16.33618132 -25.49420940 1.48939841 0.54117647 0.42352941 0.64313725
v -15.92756769 -27.18471849 -8.67495231 0.54117647 0.42352941 0.64313725
v -15.89701749 -27.18471849 -6.98036225 0.54117647 0.42352941 0.64313725
v -15.83973493 -27.18471849 -5.28577282 0.54117647 0.42352941 0.64313725
v -15.74426398 -27.14036100 -1.89659461 0.54117647 0.42352941 0.64313725
v -16.22161745 -25.49420940 3.18398752 0.54117647 0.42352941 0.64313725
v -17.36726376 3.16559579 22.91703203 0.54117647 0.42352941 0.64313725
v -17.37871977 -3.06415388 -9.62417672 0.54117647 0.42352941 0.64313725
v -17.04266381 -19.59960384 22.91703203 0.54117647 0.42352941 0.64313725
v -16.66460037 -20.60996651 21.81491274 0.54117647 0.42352941 0.64313725
v -16.98156215 -19.71296241 22.91703203 0.54117647 0.42352941 0.64313725
v -16.26744275 -23.79877059 11.65056297 0.54117647 0.42352941 0.64313725
v -16.34381950 -22.10333178 18.42573389 0.54117647 0.42352941 0.64313725
v -16.08413903 -25.49420940 4.87857679 0.54117647 0.42352941 0.64313725
v -15.49222169 -26.60807119 4.87857679 0.54117647 0.42352941 0.64313725
v -15.77481418 -25.39563497 8.26138412 0.54117647 0.42352941 0.64313725
v -15.67552540 -25.21327783 9.95597355 0.54117647 0.42352941 0.64313725
v -16.08413903 -22.10333178 20.12032458 0.54117647 0.42352941 0.64313725
v -15.92756769 -27.18471849 -9.62417672 0.54117647 0.42352941 0.64313725
v -15.69461959 -27.02207269 -0.20519070 0.54117647 0.42352941 0.64313725
v -15.41584493 -28.17043755 -8.67495231 0.54117647 0.42352941 0.64313725
v -15.69080050 -27.35721869 -3.44465894 0.54117647 0.42352941 0.64313725
v -15.39675074 -28.14086674 -6.98036225 0.54117647 0.42352941 0.64313725
v -15.32801217 -28.03243789 -2.78211304 0.54117647 0.42352941 0.64313725
v -15.29746197 -27.98315068 -1.89659461 0.54117647 0.42352941 0.64313725
v -15.63733702 -26.88407556 1.48939841 0.54117647 0.42352941 0.64313725
v -15.57241754 -26.75593031 3.18398752 0.54117647 0.42352941 0.64313725
v -16.82880989 3.92459897 22.91703203 0.54117647 0.42352941 0.64313725
v -17.10376546 -2.53679380 -9.62417672 0.54117647 0.42352941 0.64313725
v -16.60349871 -20.38325188 22.91703203 0.54117647 0.42352941 0.64313725
v -15.74044489 -22.20190621 21.74165083 0.54117647 0.42352941 0.64313725
v -15.56477936 -25.02106375 11.65056297 0.54117647 0.42352941 0.64313725
v -15.45021422 -24.83377687 13.34515240 0.54117647 0.42352941 0.64313725
v -15.59914864 -23.37490963 18.42573389 0.54117647 0.42352941 0.64313725
v -15.04923877 -27.60364972 3.18398752 0.54117647 0.42352941 0.64313725
v -14.94994873 -27.45579060 4.87857679 0.54117647 0.42352941 0.64313725
v -15.40438892 -26.46514180 6.25144903 0.54117647 0.42352941 0.64313725
v -15.45403331 -23.14819500 20.12032458 0.54117647 0.42352941 0.64313725
v -15.41202584 -28.16550782 -9.62417672 0.54117647 0.42352941 0.64313725
v -14.84684087 -29.01815696 -8.67495231 0.54117647 0.42352941 0.64313725
v -14.82392759 -28.98858614 -6.98036225 0.54117647 0.42352941 0.64313725
v -14.78955830 -28.93436920 -5.28577282 0.54117647 0.42352941 0.64313725
v -13.94177957 -30.10737766 -5.28577282 0.54117647 0.42352941 0.64313725
v -14.85829688 -28.72244124 -3.44465894 0.54117647 0.42352941 0.64313725
v -14.65208115 -28.88015477 -1.89659461 0.54117647 0.42352941 0.64313725
v -15.22872339 -27.86486489 -0.20519070 0.54117647 0.42352941 0.64313725
v -14.50696581 -28.88015477 -0.20519070 0.54117647 0.42352941 0.64313725
v -15.14088936 -27.73179244 1.48939841 0.54117647 0.42352941 0.64313725
v -16.33618132 4.48153112 22.91703203 0.54117647 0.42352941 0.64313725
v -16.61495598 -2.05871968 -9.62417672 0.54117647 0.42352941 0.64313725
v -16.01540046 4.84131947 22.91703203 0.54117647 0.42352941 0.64313725
v -15.20962920 5.71860969 22.91703203 0.54117647 0.42352941 0.64313725
v -14.65971806 6.28047031 22.91703203 0.54117647 0.42352941 0.64313725
v -15.69080050 -21.93083157 22.91703203 0.54117647 0.42352941 0.64313725
v -15.27836778 -24.56763197 15.56850409 0.54117647 0.42352941 0.64313725
v -15.14852754 -26.06099724 9.95597355 0.54117647 0.42352941 0.64313725
v -15.01105039 -25.86878315 11.65056297 0.54117647 0.42352941 0.64313725
v -15.18671592 -24.42962978 16.73114573 0.54117647 0.42352941 0.64313725
v -15.04160059 -24.22263156 18.42573389 0.54117647 0.42352941 0.64313725
v -14.19382186 -29.04773030 1.62955246 0.54117647 0.42352941 0.64313725
v -14.20146004 -28.78651260 3.18398752 0.54117647 0.42352941 0.64313725
v -14.62534878 -27.18471849 8.26138412 0.54117647 0.42352941 0.64313725
v -14.10217001 -28.62879654 4.87857679 0.54117647 0.42352941 0.64313725
v -13.97614886 -28.46122606 6.57316605 0.54117647 0.42352941 0.64313725
v -15.35856236 -23.00033588 21.13006883 0.54117647 0.42352941 0.64313725
v -14.86975288 -23.99591440 20.12032458 0.54117647 0.42352941 0.64313725
v -14.84302178 -29.01322975 -9.62417672 0.54117647 0.42352941 0.64313725
v -14.36948740 -29.67366228 -9.62417672 0.54117647 0.42352941 0.64313725
v -13.99906214 -30.18130596 -8.67495231 0.54117647 0.42352941 0.64313725
v -13.97614886 -30.15173515 -6.98036225 0.54117647 0.42352941 0.64313725
v -13.89595301 -30.03837657 -3.59118403 0.54117647 0.42352941 0.64313725
v -13.24293527 -30.99945455 -6.98036225 0.54117647 0.42352941 0.64313725
v -13.19710871 -30.95509707 -5.28577282 0.54117647 0.42352941 0.64313725
v -13.83103353 -29.95459133 -1.89659461 0.54117647 0.42352941 0.64313725
v -13.75847586 -29.87080610 -0.20519070 0.54117647 0.42352941 0.64313725
v -13.68973728 -29.79194554 1.15493994 0.54117647 0.42352941 0.64313725
v -13.62863563 -29.71801724 2.28572796 0.54117647 0.42352941 0.64313725
v -16.23689255 -1.68907503 -9.62417672 0.54117647 0.42352941 0.64313725
v -14.36566831 6.56632909 22.91703203 0.54117647 0.42352941 0.64313725
v -15.24781758 -22.83276540 22.25767227 0.54117647 0.42352941 0.64313725
v -15.17525991 -22.72926376 22.91703203 0.54117647 0.42352941 0.64313725
v -14.22055297 -27.34736175 10.08975656 0.54117647 0.42352941 0.64313725
v -13.72792566 -28.14579394 9.61514435 0.54117647 0.42352941 0.64313725
v -13.62099871 -28.01765122 10.74274716 0.54117647 0.42352941 0.64313725
v -14.19382186 -25.35128001 18.42573389 0.54117647 0.42352941 0.64313725
v -13.83867171 -28.28872333 8.26138412 0.54117647 0.42352941 0.64313725
v -13.55225887 -29.63423201 3.18398752 0.54117647 0.42352941 0.64313725
v -14.98813711 -22.98062200 22.91703203 0.54117647 0.42352941 0.64313725
v -14.02197416 -25.10977619 20.12032458 0.54117647 0.42352941 0.64313725
v -13.99524305 -30.18623569 -9.62417672 0.54117647 0.42352941 0.64313725
v -13.28494148 -31.03395510 -9.62417672 0.54117647 0.42352941 0.64313725
v -13.27348547 -31.02902537 -8.67495231 0.54117647 0.42352941 0.64313725
v -12.42570675 -31.88167198 -8.67495231 0.54117647 0.42352941 0.64313725
v -12.39515655 -31.84717144 -6.98036225 0.54117647 0.42352941 0.64313725
v -12.34932999 -31.79788674 -5.28577282 0.54117647 0.42352941 0.64313725
v -13.11691413 -30.88609598 -3.59118403 0.54117647 0.42352941 0.64313725
v -13.02526227 -30.80231074 -1.89659461 0.54117647 0.42352941 0.64313725
v -12.91451623 -30.71852298 -0.20519070 0.54117647 0.42352941 0.64313725
v -12.06673750 -31.53174436 -0.20519070 0.54117647 0.42352941 0.64313725
v -11.98272256 -31.45781354 0.89055881 0.54117647 0.42352941 0.64313725
v -12.70448014 -30.44252366 3.18398752 0.54117647 0.42352941 0.64313725
v -12.55554698 -30.31437841 4.87857679 0.54117647 0.42352941 0.64313725
v -15.86264694 -1.32928731 -9.62417672 0.54117647 0.42352941 0.64313725
v -13.49115847 7.40911877 22.91703203 0.54117647 0.42352941 0.64313725
v -13.40332571 -29.47158874 4.87857679 0.54117647 0.42352941 0.64313725
v -13.24675310 -29.30894295 6.57316605 0.54117647 0.42352941 0.64313725
v -13.07108757 -29.13644527 8.26138412 0.54117647 0.42352941 0.64313725
v -13.52170867 -27.89936544 11.65056297 0.54117647 0.42352941 0.64313725
v -13.62099871 -26.32714214 17.52110423 0.54117647 0.42352941 0.64313725
v -12.07055659 -29.84615996 9.62470091 0.54117647 0.42352941 0.64313725
v -12.67392995 -28.76679872 11.65056297 0.54117647 0.42352941 0.64313725
v -12.39897438 -30.16159208 6.57316605 0.54117647 0.42352941 0.64313725
v -13.81575843 -24.85349075 21.81491274 0.54117647 0.42352941 0.64313725
v -14.05252562 -24.19305822 22.91703203 0.54117647 0.42352941 0.64313725
v -12.81140836 -31.51695769 -9.62417672 0.54117647 0.42352941 0.64313725
v -12.43716276 -31.89153144 -9.62417672 0.54117647 0.42352941 0.64313725
v -12.02091094 -32.26610519 -9.62417672 0.54117647 0.42352941 0.64313725
v -11.47482016 -32.72939139 -8.67495231 0.54117647 0.42352941 0.64313725
v -11.42517451 -32.69489337 -6.98036225 0.54117647 0.42352941 0.64313725
v -12.26913540 -31.71902871 -3.59118403 0.54117647 0.42352941 0.64313725
v -11.35261684 -32.64560615 -5.28577282 0.54117647 0.42352941 0.64313725
v -12.17748355 -31.63524348 -1.89659461 0.54117647 0.42352941 0.64313725
v -10.96691649 -32.60617840 -1.72777277 0.54117647 0.42352941 0.64313725
v -10.24515891 -33.11382208 -1.05248541 0.54117647 0.42352941 0.64313725
v -11.09293763 -32.32031962 -0.20519070 0.54117647 0.42352941 0.64313725
v -10.93636503 -31.98024641 3.18398752 0.54117647 0.42352941 0.64313725
v -11.78414501 -31.29024054 3.18398752 0.54117647 0.42352941 0.64313725
v -11.63521059 -31.16209782 4.87857679 0.54117647 0.42352941 0.64313725
v -15.38911382 -0.87585617 -9.62417672 0.54117647 0.42352941 0.64313725
v -12.60901046 8.16812321 22.91703203 0.54117647 0.42352941 0.64313725
v -13.62481654 0.75058156 -9.62417672 0.54117647 0.42352941 0.64313725
v -14.31220483 0.12464957 -9.62417672 0.54117647 0.42352941 0.64313725
v -12.22330884 -29.98908936 8.26138412 0.54117647 0.42352941 0.64313725
v -12.47153204 -28.55486824 13.34515240 0.54117647 0.42352941 0.64313725
v -13.50261448 -26.19899690 18.42573389 0.54117647 0.42352941 0.64313725
v -12.25004121 -28.33308334 15.03974056 0.54117647 0.42352941 0.64313725
v -11.44426870 -31.00438176 6.57316605 0.54117647 0.42352941 0.64313725
v -11.23041479 -30.83681129 8.26138412 0.54117647 0.42352941 0.64313725
v -10.26807156 -31.43809966 9.18512690 0.54117647 0.42352941 0.64313725
v -11.92544126 -29.71801724 10.75548861 0.54117647 0.42352941 0.64313725
v -13.68209910 -24.69577469 22.81510295 0.54117647 0.42352941 0.64313725
v -13.26202946 -25.95749812 20.12032458 0.54117647 0.42352941 0.64313725
v -13.75847586 -24.56270476 22.91703203 0.54117647 0.42352941 0.64313725
v -11.48627617 -32.73924833 -9.62417672 0.54117647 0.42352941 0.64313725
v -10.62704080 -33.40953780 -8.67495231 0.54117647 0.42352941 0.64313725
v -10.57739641 -33.37503977 -6.98036225 0.54117647 0.42352941 0.64313725
v -10.50483875 -33.31589562 -5.28577282 0.54117647 0.42352941 0.64313725
v -11.25332807 -32.56674812 -3.59118403 0.54117647 0.42352941 0.64313725
v -9.56922726 -33.69046937 -1.72777277 0.54117647 0.42352941 0.64313725
v -9.32482252 -33.69539658 -0.20519070 0.54117647 0.42352941 0.64313725
v -9.17588809 -33.59682467 1.48939841 0.54117647 0.42352941 0.64313725
v -9.03077276 -33.48839583 3.18398752 0.54117647 0.42352941 0.64313725
v -9.87473302 -32.82796329 3.18398752 0.54117647 0.42352941 0.64313725
v -10.31771657 -33.16803650 -2.18008760 0.54117647 0.42352941 0.64313725
v -8.59160830 -34.83883170 -5.84001799 0.54117647 0.42352941 0.64313725
v -10.78743186 -31.85703090 4.87857679 0.54117647 0.42352941 0.64313725
v -10.59649060 -31.70424204 6.57316605 0.54117647 0.42352941 0.64313725
v -11.64666660 8.98134207 22.91703203 0.54117647 0.42352941 0.64313725
v -12.94888551 1.30258524 -9.62417672 0.54117647 0.42352941 0.64313725
v -10.88672064 9.62206072 22.91703203 0.54117647 0.42352941 0.64313725
v -11.80705703 -29.61451813 11.65056297 0.54117647 0.42352941 0.64313725
v -12.65483576 -27.02207269 18.42573389 0.54117647 0.42352941 0.64313725
v -11.56647201 -29.40258765 13.34515240 0.54117647 0.42352941 0.64313725
v -12.07055659 -28.15565341 16.32979544 0.54117647 0.42352941 0.64313725
v -10.38263606 -31.53667157 8.26138412 0.54117647 0.42352941 0.64313725
v -9.24462730 -32.47310342 8.15308401 0.54117647 0.42352941 0.64313725
v -8.41976122 -33.02017990 8.64362256 0.54117647 0.42352941 0.64313725
v -9.48521295 -31.91617253 9.83174584 0.54117647 0.42352941 0.64313725
v -9.92055895 -31.16209782 11.65056297 0.54117647 0.42352941 0.64313725
v -10.95927831 -30.31437841 11.65056297 0.54117647 0.42352941 0.64313725
v -13.66300491 -24.68098802 22.91703203 0.54117647 0.42352941 0.64313725
v -12.97943571 -25.70121016 21.81491274 0.54117647 0.42352941 0.64313725
v -12.41425074 -26.77564419 20.12032458 0.54117647 0.42352941 0.64313725
v -10.63849744 -33.41939726 -9.62417672 0.54117647 0.42352941 0.64313725
v -9.48139386 -34.22275666 -6.98036225 0.54117647 0.42352941 0.64313725
v -9.52721979 -34.25725720 -8.67495231 0.54117647 0.42352941 0.64313725
v -8.63743422 -34.87333225 -6.98036225 0.54117647 0.42352941 0.64313725
v -10.40554934 -33.23703759 -3.59118403 0.54117647 0.42352941 0.64313725
v -8.42739877 -34.73040286 -3.59118403 0.54117647 0.42352941 0.64313725
v -8.28992099 -34.63676068 -1.89659461 0.54117647 0.42352941 0.64313725
v -8.13334964 -34.54311598 -0.20519070 0.54117647 0.42352941 0.64313725
v -8.86656323 -33.35532337 4.87857679 0.54117647 0.42352941 0.64313725
v -9.71434196 -32.70475030 4.87857679 0.54117647 0.42352941 0.64313725
v -7.96532103 -34.44454408 1.48939841 0.54117647 0.42352941 0.64313725
v -7.70564119 -35.42040621 -6.98036225 0.54117647 0.42352941 0.64313725
v -7.85075653 -35.21340545 -5.27940178 0.54117647 0.42352941 0.64313725
v -7.58343914 -35.21833518 -3.59118403 0.54117647 0.42352941 0.64313725
v -9.53103888 -32.55196398 6.57316605 0.54117647 0.42352941 0.64313725
v -8.57633320 -33.13353848 7.51602006 0.54117647 0.42352941 0.64313725
v -11.70776826 2.28337584 -9.62417672 0.54117647 0.42352941 0.64313725
v -9.69524840 10.54863564 22.91703203 0.54117647 0.42352941 0.64313725
v -10.71869329 -30.12216433 13.34515240 0.54117647 0.42352941 0.64313725
v -10.45519373 -29.90037691 15.03974056 0.54117647 0.42352941 0.64313725
v -11.30297245 -29.17587302 15.03974056 0.54117647 0.42352941 0.64313725
v -11.90252798 -27.99793735 17.45739636 0.54117647 0.42352941 0.64313725
v -8.18681312 -32.87725051 9.95597355 0.54117647 0.42352941 0.64313725
v -8.81691885 -31.62538654 13.34515240 0.54117647 0.42352941 0.64313725
v -9.07278023 -31.83238729 11.65056297 0.54117647 0.42352941 0.64313725
v -7.79347396 -33.48346862 8.15308401 0.54117647 0.42352941 0.64313725
v -7.34285286 -33.38982392 9.95597355 0.54117647 0.42352941 0.64313725
v -9.66469757 -30.96495401 13.34515240 0.54117647 0.42352941 0.64313725
v -13.49879539 -24.83870408 22.91703203 0.54117647 0.42352941 0.64313725
v -12.13165699 -26.50950181 21.81491274 0.54117647 0.42352941 0.64313725
v -12.20039556 -26.08071364 22.91703203 0.54117647 0.42352941 0.64313725
v -12.79995109 -25.50899607 22.91703203 0.54117647 0.42352941 0.64313725
v -11.74213755 -27.86979463 18.42573389 0.54117647 0.42352941 0.64313725
v -11.44808779 -27.62336360 20.12032458 0.54117647 0.42352941 0.64313725
v -9.53867643 -34.26711414 -9.62417672 0.54117647 0.42352941 0.64313725
v -8.67944106 -34.90290559 -8.67495231 0.54117647 0.42352941 0.64313725
v -7.70564119 -35.48940730 -8.67495231 0.54117647 0.42352941 0.64313725
v -7.44214226 -35.13454995 -1.89659461 0.54117647 0.42352941 0.64313725
v -7.28557092 -35.04583498 -0.20519070 0.54117647 0.42352941 0.64313725
v -8.68326015 -33.21239398 6.57316605 0.54117647 0.42352941 0.64313725
v -7.60253333 -34.41497326 3.26999120 0.54117647 0.42352941 0.64313725
v -7.11754231 -34.94726307 1.48939841 0.54117647 0.42352941 0.64313725
v -6.97242697 -34.86840504 2.76352568 0.54117647 0.42352941 0.64313725
v -6.01008374 -36.21391119 -8.67495231 0.54117647 0.42352941 0.64313725
v -6.01008374 -36.13998289 -6.98036225 0.54117647 0.42352941 0.64313725
v -6.01008374 -36.00691044 -5.28577282 0.54117647 0.42352941 0.64313725
v -7.70564119 -34.09954367 4.87857679 0.54117647 0.42352941 0.64313725
v -11.33734174 2.54952074 -9.62417672 0.54117647 0.42352941 0.64313725
v -9.14533789 10.95278272 22.91703203 0.54117647 0.42352941 0.64313725
v -10.29480329 -29.76730446 16.02400444 0.54117647 0.42352941 0.64313725
v -9.28281505 -30.83188155 15.01425892 0.54117647 0.42352941 0.64313725
v -7.66363435 -32.75403500 11.77479069 0.54117647 0.42352941 0.64313725
v -8.42739877 -31.33460055 15.56213305 0.54117647 0.42352941 0.64313725
v -8.63743422 -31.48245715 14.43453086 0.54117647 0.42352941 0.64313725
v -6.75857306 -34.78954701 3.89431370 0.54117647 0.42352941 0.64313725
v -7.07171638 -33.22718065 11.29380744 0.54117647 0.42352941 0.64313725
v -11.96744746 -26.36164269 22.72909896 0.54117647 0.42352941 0.64313725
v -11.92925909 -26.33207187 22.91703203 0.54117647 0.42352941 0.64313725
v -11.00510487 -27.45086087 21.84676542 0.54117647 0.42352941 0.64313725
v -10.09622448 -29.60466119 17.15160662 0.54117647 0.42352941 0.64313725
v -10.60030906 -28.32322388 20.12032458 0.54117647 0.42352941 0.64313725
v -10.37881760 -28.14086674 21.30526234 0.54117647 0.42352941 0.64313725
v -8.69089770 -34.91276253 -9.62417672 0.54117647 0.42352941 0.64313725
v -8.26318925 -35.16904797 -9.62417672 0.54117647 0.42352941 0.64313725
v -7.70564119 -35.49433703 -9.62417672 0.54117647 0.42352941 0.64313725
v -6.96097096 -35.81469636 -9.62417672 0.54117647 0.42352941 0.64313725
v -6.01008374 -35.85905384 -3.59118403 0.54117647 0.42352941 0.64313725
v -6.01008374 -35.68162390 -1.89659461 0.54117647 0.42352941 0.64313725
v -6.01008374 -36.21391119 -9.62417672 0.54117647 0.42352941 0.64313725
v -4.75750984 -36.48005609 -9.62417672 0.54117647 0.42352941 0.64313725
v -4.67731463 -36.47512889 -8.67495231 0.54117647 0.42352941 0.64313725
v -4.31834507 -36.29769895 -5.28577282 0.54117647 0.42352941 0.64313725
v -10.86380862 2.88466548 -9.62417672 0.54117647 0.42352941 0.64313725
v -8.86656323 11.14992654 22.91703203 0.54117647 0.42352941 0.64313725
v -9.47757540 -30.23552038 16.64514173 0.54117647 0.42352941 0.64313725
v -9.01549766 -30.09752072 18.42573389 0.54117647 0.42352941 0.64313725
v -7.80111214 -31.84224423 15.01425892 0.54117647 0.42352941 0.64313725
v -7.31612112 -31.67467375 16.73114573 0.54117647 0.42352941 0.64313725
v -8.16008138 -31.18181170 16.73114573 0.54117647 0.42352941 0.64313725
v -8.55341992 -29.72787671 20.96761740 0.54117647 0.42352941 0.64313725
v -6.01008374 -35.47462315 -0.20519070 0.54117647 0.42352941 0.64313725
v -6.01008374 -35.24790600 1.48939841 0.54117647 0.42352941 0.64313725
v -6.12082979 -34.98669083 3.26999120 0.54117647 0.42352941 0.64313725
v -5.62820122 -34.89304613 4.51863589 0.54117647 0.42352941 0.64313725
v -6.12082979 -34.72054592 5.00280403 0.54117647 0.42352941 0.64313725
v -6.01008374 -34.13404421 8.26138412 0.54117647 0.42352941 0.64313725
v -6.71656622 -33.09903793 12.42140962 0.54117647 0.42352941 0.64313725
v -7.02589045 -31.50709823 17.89378485 0.54117647 0.42352941 0.64313725
v -11.73068027 -26.49964235 22.91703203 0.54117647 0.42352941 0.64313725
v -10.05803610 -27.88457877 22.91703203 0.54117647 0.42352941 0.64313725
v -11.10057455 -27.02207269 22.91703203 0.54117647 0.42352941 0.64313725
v -9.74871188 -28.13593953 22.91703203 0.54117647 0.42352941 0.64313725
v -4.31834507 -36.13012595 -3.59118403 0.54117647 0.42352941 0.64313725
v -4.31834507 -35.92805241 -1.89659461 0.54117647 0.42352941 0.64313725
v -3.90973112 -36.53427052 -9.62417672 0.54117647 0.42352941 0.64313725
v -4.21523689 -36.43569861 -7.07273602 0.54117647 0.42352941 0.64313725
v -3.82953590 -36.52441358 -8.67495231 0.54117647 0.42352941 0.64313725
v -3.58513116 -36.50962691 -7.69705884 0.54117647 0.42352941 0.64313725
v -2.62278762 -36.31248310 -5.28577282 0.54117647 0.42352941 0.64313725
v -7.71327874 11.91878791 22.91703203 0.54117647 0.42352941 0.64313725
v -9.57686480 3.73238362 -9.62417672 0.54117647 0.42352941 0.64313725
v -7.63690262 -30.99452482 18.44484701 0.54117647 0.42352941 0.64313725
v -7.70564119 -30.46223754 20.12032458 0.54117647 0.42352941 0.64313725
v -7.69036609 -30.00387602 21.64609027 0.54117647 0.42352941 0.64313725
v -8.24791415 -29.54058731 22.09840636 0.54117647 0.42352941 0.64313725
v -9.17970718 -28.58936879 22.91703203 0.54117647 0.42352941 0.64313725
v -4.31834507 -34.91768973 4.66516051 0.54117647 0.42352941 0.64313725
v -4.31834507 -34.77476034 5.51245506 0.54117647 0.42352941 0.64313725
v -4.31834507 -34.57268932 6.57316605 0.54117647 0.42352941 0.64313725
v -6.01008374 -34.44947381 6.57316605 0.54117647 0.42352941 0.64313725
v -4.31834507 -35.68162390 -0.20519070 0.54117647 0.42352941 0.64313725
v -4.31834507 -35.15426382 3.18398752 0.54117647 0.42352941 0.64313725
v -4.31834507 -34.23754333 8.26138412 0.54117647 0.42352941 0.64313725
v -6.01008374 -33.78411155 9.95597355 0.54117647 0.42352941 0.64313725
v -6.09409805 -33.33560950 11.77479069 0.54117647 0.42352941 0.64313725
v -5.58619438 -33.16310929 12.69534731 0.54117647 0.42352941 0.64313725
v -6.01008374 -32.49281982 15.03974056 0.54117647 0.42352941 0.64313725
v -6.01008374 -32.04431525 16.73114573 0.54117647 0.42352941 0.64313725
v -6.41106046 -31.34938470 19.02138829 0.54117647 0.42352941 0.64313725
v -7.18628151 -29.88066051 22.91703203 0.54117647 0.42352941 0.64313725
v -2.62278762 -36.12026901 -3.59118403 0.54117647 0.42352941 0.64313725
v -2.62278762 -35.91326826 -1.89659461 0.54117647 0.42352941 0.64313725
v -2.91683706 -36.53427052 -9.62417672 0.54117647 0.42352941 0.64313725
v -2.98939473 -36.52441358 -8.67495231 0.54117647 0.42352941 0.64313725
v -3.16124180 -36.50962691 -7.69705884 0.54117647 0.42352941 0.64313725
v -2.60751236 -36.46034222 -7.07273602 0.54117647 0.42352941 0.64313725
v -0.93104902 -36.34698364 -6.98036225 0.54117647 0.42352941 0.64313725
v -0.93104902 -36.19912704 -5.28577282 0.54117647 0.42352941 0.64313725
v -6.70510958 12.53979017 22.91703203 0.54117647 0.42352941 0.64313725
v -8.72908608 4.24988676 -9.62417672 0.54117647 0.42352941 0.64313725
v -7.94240838 -29.44694513 22.91703203 0.54117647 0.42352941 0.64313725
v -2.62278762 -35.64712336 -0.20519070 0.54117647 0.42352941 0.64313725
v -2.62278762 -35.37605125 1.48939841 0.54117647 0.42352941 0.64313725
v -2.62278762 -35.10004940 3.18398752 0.54117647 0.42352941 0.64313725
v -2.62278762 -34.73040286 5.26400027 0.54117647 0.42352941 0.64313725
v -2.62278762 -34.48397435 6.57316605 0.54117647 0.42352941 0.64313725
v -2.62278762 -34.15375809 8.26138412 0.54117647 0.42352941 0.64313725
v -4.31834507 -33.87282651 9.95597355 0.54117647 0.42352941 0.64313725
v -4.31834507 -33.45882501 11.65056297 0.54117647 0.42352941 0.64313725
v -4.31834507 -32.57660506 15.03974056 0.54117647 0.42352941 0.64313725
v -5.28068861 -31.43809966 19.32717803 0.54117647 0.42352941 0.64313725
v -5.91079434 -31.58595879 18.44484701 0.54117647 0.42352941 0.64313725
v -5.91079434 -31.14238394 19.98335479 0.54117647 0.42352941 0.64313725
v -6.01008374 -30.55587971 21.81491274 0.54117647 0.42352941 0.64313725
v -5.99480864 -30.19116542 22.91703203 0.54117647 0.42352941 0.64313725
v -0.93104902 -36.00691044 -3.59118403 0.54117647 0.42352941 0.64313725
v -0.93104902 -35.78512302 -1.89659461 0.54117647 0.42352941 0.64313725
v -2.06905834 -36.48991303 -9.62417672 0.54117647 0.42352941 0.64313725
v -2.14161600 -36.48498583 -8.67495231 0.54117647 0.42352941 0.64313725
v 0.76068965 -36.16955371 -8.67495231 0.54117647 0.42352941 0.64313725
v 0.76068965 -36.12519622 -6.98036225 0.54117647 0.42352941 0.64313725
v 0.76068965 -36.01184017 -5.28577282 0.54117647 0.42352941 0.64313725
v -0.93104902 -36.38148419 -8.67495231 0.54117647 0.42352941 0.64313725
v 0.76068965 -35.83441023 -3.59118403 0.54117647 0.42352941 0.64313725
v -5.85351177 12.96857834 22.91703203 0.54117647 0.42352941 0.64313725
v -7.70564119 4.77724684 -9.62417672 0.54117647 0.42352941 0.64313725
v -0.93104902 -35.24790600 1.48939841 0.54117647 0.42352941 0.64313725
v -0.91195491 -34.95712001 3.27954713 0.54117647 0.42352941 0.64313725
v -1.46568419 -34.83883170 4.18736278 0.54117647 0.42352941 0.64313725
v -0.93104902 -34.35582911 6.57316605 0.54117647 0.42352941 0.64313725
v -0.93104902 -34.03547231 8.26138412 0.54117647 0.42352941 0.64313725
v -2.62278762 -33.77918434 9.95597355 0.54117647 0.42352941 0.64313725
v -3.12305342 -33.14339541 12.60615843 0.54117647 0.42352941 0.64313725
v -2.62278762 -32.05417471 16.73114573 0.54117647 0.42352941 0.64313725
v -4.31834507 -32.13303022 16.73114573 0.54117647 0.42352941 0.64313725
v -4.31834507 -31.68452817 18.42573389 0.54117647 0.42352941 0.64313725
v -4.31834507 -31.43809966 19.31762399 0.54117647 0.42352941 0.64313725
v -4.31834507 -30.67909523 21.81491274 0.54117647 0.42352941 0.64313725
v -4.31834507 -30.31930814 22.91703203 0.54117647 0.42352941 0.64313725
v -4.91026273 -30.27494814 22.91703203 0.54117647 0.42352941 0.64313725
v 0.76068965 -35.60769308 -1.89659461 0.54117647 0.42352941 0.64313725
v 0.76068965 -34.87826198 2.72530197 0.54117647 0.42352941 0.64313725
v -1.53824186 -36.44062834 -9.62417672 0.54117647 0.42352941 0.64313725
v 0.76068965 -36.16462650 -9.62417672 0.54117647 0.42352941 0.64313725
v 2.45624702 -35.91326826 -9.62417672 0.54117647 0.42352941 0.64313725
v 2.45624702 -35.90341132 -8.67495231 0.54117647 0.42352941 0.64313725
v 2.45624702 -35.83933744 -6.98036225 0.54117647 0.42352941 0.64313725
v 2.45624702 -35.73583833 -5.28577282 0.54117647 0.42352941 0.64313725
v 2.45624702 -35.58797920 -3.59118403 0.54117647 0.42352941 0.64313725
v -0.93104902 -36.37655446 -9.62417672 0.54117647 0.42352941 0.64313725
v 2.45624702 -35.38590818 -1.89659461 0.54117647 0.42352941 0.64313725
v -4.30688874 13.56986924 22.91703203 0.54117647 0.42352941 0.64313725
v -5.94516362 5.53625128 -9.62417672 0.54117647 0.42352941 0.64313725
v 0.76068965 -34.19811557 6.57316605 0.54117647 0.42352941 0.64313725
v 0.76068965 -33.87775625 8.26138412 0.54117647 0.42352941 0.64313725
v 0.76068965 -33.50811223 9.95597355 0.54117647 0.42352941 0.64313725
v -0.93104902 -33.65596882 9.95597355 0.54117647 0.42352941 0.64313725
v -2.58459940 -33.31589562 11.78116046 0.54117647 0.42352941 0.64313725
v 0.76068965 -33.01525017 12.07421001 0.54117647 0.42352941 0.64313725
v 0.76068965 -32.69489337 13.34515240 0.54117647 0.42352941 0.64313725
v -2.62278762 -32.48789009 15.03974056 0.54117647 0.42352941 0.64313725
v 0.76068965 -32.25131852 15.03974056 0.54117647 0.42352941 0.64313725
v 0.76068965 -31.28038360 18.71559855 0.54117647 0.42352941 0.64313725
v -2.77935928 -31.58595879 18.51492341 0.54117647 0.42352941 0.64313725
v -3.44765338 -31.42331299 19.27940028 0.54117647 0.42352941 0.64313725
v -2.62278762 -30.59038026 21.81491274 0.54117647 0.42352941 0.64313725
v -2.54641118 -30.24045011 22.91703203 0.54117647 0.42352941 0.64313725
v -3.23379947 -30.27494814 22.91703203 0.54117647 0.42352941 0.64313725
v 2.45624702 -35.13947715 -0.20519070 0.54117647 0.42352941 0.64313725
v 2.34932007 -34.89797586 1.43843324 0.54117647 0.42352941 0.64313725
v 1.71539541 -34.82404756 2.41314056 0.54117647 0.42352941 0.64313725
v 3.20091773 -35.77526608 -9.62417672 0.54117647 0.42352941 0.64313725
v 4.14798586 -35.58797920 -8.67495231 0.54117647 0.42352941 0.64313725
v 4.14798586 -35.51898064 -6.98036225 0.54117647 0.42352941 0.64313725
v 4.14798586 -35.41547900 -5.28577282 0.54117647 0.42352941 0.64313725
v 4.14798586 -35.26269267 -3.59118403 0.54117647 0.42352941 0.64313725
v 4.30455752 -35.02119137 -1.75644055 0.54117647 0.42352941 0.64313725
v 3.81574804 -34.91768973 -0.20519070 0.54117647 0.42352941 0.64313725
v 3.44914124 -34.84376143 0.83959364 0.54117647 0.42352941 0.64313725
v -2.62278762 13.81629775 22.91703203 0.54117647 0.42352941 0.64313725
v -2.62278762 6.25582670 -9.62417672 0.54117647 0.42352941 0.64313725
v -4.32216384 6.00446847 -9.62417672 0.54117647 0.42352941 0.64313725
v -4.78806036 5.90096809 -9.62417672 0.54117647 0.42352941 0.64313725
v -5.10502276 5.82703853 -9.62417672 0.54117647 0.42352941 0.64313725
v 2.45624702 -33.98618509 6.57316605 0.54117647 0.42352941 0.64313725
v 2.34932007 -34.63183095 3.05976012 0.54117647 0.42352941 0.64313725
v 2.45624702 -34.29175775 4.87857679 0.54117647 0.42352941 0.64313725
v 2.45624702 -33.64611189 8.26138412 0.54117647 0.42352941 0.64313725
v 1.89869897 -33.16310929 11.01668486 0.54117647 0.42352941 0.64313725
v 0.76068965 -33.22225345 11.22691530 0.54117647 0.42352941 0.64313725
v 2.45624702 -32.51746343 13.34515240 0.54117647 0.42352941 0.64313725
v 2.45624702 -32.08374553 15.03974056 0.54117647 0.42352941 0.64313725
v 1.83759778 -31.45288381 17.70585178 0.54117647 0.42352941 0.64313725
v 2.45624702 -30.73330965 20.12032458 0.54117647 0.42352941 0.64313725
v 0.76068965 -30.89595292 20.12032458 0.54117647 0.42352941 0.64313725
v -2.32110063 -31.38388524 19.13924496 0.54117647 0.42352941 0.64313725
v 0.76068965 -30.40309338 21.81491274 0.54117647 0.42352941 0.64313725
v 0.76068965 -30.04823603 22.91703203 0.54117647 0.42352941 0.64313725
v 2.84576694 -34.74518953 1.97038134 0.54117647 0.42352941 0.64313725
v 4.14798586 -35.59783614 -9.62417672 0.54117647 0.42352941 0.64313725
v 5.84354331 -35.20847825 -8.67495231 0.54117647 0.42352941 0.64313725
v 5.84354331 -35.13454995 -6.98036225 0.54117647 0.42352941 0.64313725
v 5.98483955 -34.99654776 -5.22843725 0.54117647 0.42352941 0.64313725
v 6.64549610 -34.79940395 -4.62641181 0.54117647 0.42352941 0.64313725
v 5.59150102 -34.94726307 -3.59118403 0.54117647 0.42352941 0.64313725
v 5.27071952 -34.86840504 -2.22468235 0.54117647 0.42352941 0.64313725
v 4.97285162 -34.80433368 -1.09707954 0.54117647 0.42352941 0.64313725
v 4.14798586 -34.30161469 3.18398752 0.54117647 0.42352941 0.64313725
v 4.66352676 -34.73533259 -0.20519070 0.54117647 0.42352941 0.64313725
v 5.84354331 -34.20304278 1.48939841 0.54117647 0.42352941 0.64313725
v -0.91195491 13.61915393 22.91703203 0.54117647 0.42352941 0.64313725
v -0.93104902 6.19175534 -9.62417672 0.54117647 0.42352941 0.64313725
v -1.67571949 6.22132616 -9.62417672 0.54117647 0.42352941 0.64313725
v 4.14798586 -33.99111482 4.87857679 0.54117647 0.42352941 0.64313725
v 4.14798586 -33.66582576 6.57316605 0.54117647 0.42352941 0.64313725
v 4.20908688 -33.31589562 8.31553481 0.54117647 0.42352941 0.64313725
v 3.68208934 -33.18775290 9.45587844 0.54117647 0.42352941 0.64313725
v 3.02525188 -33.06946459 10.58666678 0.54117647 0.42352941 0.64313725
v 2.46006596 -32.93146493 11.60915374 0.54117647 0.42352941 0.64313725
v 4.14798586 -32.22667492 13.34515240 0.54117647 0.42352941 0.64313725
v 4.14798586 -31.80774368 15.03974056 0.54117647 0.42352941 0.64313725
v 4.14798586 -30.95016734 18.42573389 0.54117647 0.42352941 0.64313725
v 2.42187774 -31.22123945 18.33335886 0.54117647 0.42352941 0.64313725
v 4.14798586 -30.49673808 20.12032458 0.54117647 0.42352941 0.64313725
v 3.63626341 -29.78701833 22.84695563 0.54117647 0.42352941 0.64313725
v 2.45624702 -30.23552038 21.81491274 0.54117647 0.42352941 0.64313725
v 2.45624702 -29.91023385 22.91703203 0.54117647 0.42352941 0.64313725
v 2.23475541 -29.92994773 22.91703203 0.54117647 0.42352941 0.64313725
v 5.84354331 -35.21833518 -9.62417672 0.54117647 0.42352941 0.64313725
v 7.07702302 -34.90783280 -8.67495231 0.54117647 0.42352941 0.64313725
v 7.76822977 -34.66140429 -6.98036225 0.54117647 0.42352941 0.64313725
v 7.42071716 -34.63676068 -5.22843725 0.54117647 0.42352941 0.64313725
v 7.53528167 -34.46425795 -3.59118403 0.54117647 0.42352941 0.64313725
v 6.43927974 -34.75504647 -3.59118403 0.54117647 0.42352941 0.64313725
v 5.83972422 -34.69097511 -1.75644055 0.54117647 0.42352941 0.64313725
v 5.84354331 -34.46918769 -0.20519070 0.54117647 0.42352941 0.64313725
v 5.84354331 -33.90239985 3.18398752 0.54117647 0.42352941 0.64313725
v 6.42782310 -33.05960765 7.07326084 0.54117647 0.42352941 0.64313725
v 7.53528167 -33.77918434 1.48939841 0.54117647 0.42352941 0.64313725
v 7.46272400 -32.90682132 6.53494202 0.54117647 0.42352941 0.64313725
v 0.76068965 13.16079495 22.91703203 0.54117647 0.42352941 0.64313725
v 4.14798586 5.03353481 -9.62417672 0.54117647 0.42352941 0.64313725
v 2.45624702 5.48203686 -9.62417672 0.54117647 0.42352941 0.64313725
v 1.93688719 5.60525237 -9.62417672 0.54117647 0.42352941 0.64313725
v 1.25713660 5.76296717 -9.62417672 0.54117647 0.42352941 0.64313725
v 0.40935788 5.95025405 -9.62417672 0.54117647 0.42352941 0.64313725
v -0.18637852 6.06361136 -9.62417672 0.54117647 0.42352941 0.64313725
v 5.29745126 -33.18282317 7.78677192 0.54117647 0.42352941 0.64313725
v 4.81246087 -33.07932405 8.91437473 0.54117647 0.42352941 0.64313725
v 4.20908688 -32.97089269 9.99738279 0.54117647 0.42352941 0.64313725
v 4.14798586 -32.61110560 11.65056297 0.54117647 0.42352941 0.64313725
v 5.84354331 -31.85703090 13.34515240 0.54117647 0.42352941 0.64313725
v 5.67551469 -31.11774034 16.56550878 0.54117647 0.42352941 0.64313725
v 5.84354331 -30.62488080 18.42573389 0.54117647 0.42352941 0.64313725
v 5.84354331 -30.18130596 20.12032458 0.54117647 0.42352941 0.64313725
v 5.84354331 -29.84123276 21.32118741 0.54117647 0.42352941 0.64313725
v 4.76281617 -29.68844643 22.53798037 0.54117647 0.42352941 0.64313725
v 4.17853637 -29.97430521 21.91047330 0.54117647 0.42352941 0.64313725
v 4.52223052 -29.60466119 22.91703203 0.54117647 0.42352941 0.64313725
v 3.69736476 -29.75251779 22.91703203 0.54117647 0.42352941 0.64313725
v 3.28493172 -29.80673221 22.91703203 0.54117647 0.42352941 0.64313725
v 7.09229811 -34.91276253 -9.62417672 0.54117647 0.42352941 0.64313725
v 7.92480174 -34.69590231 -8.67495231 0.54117647 0.42352941 0.64313725
v 9.23083912 -34.22768639 -6.98036225 0.54117647 0.42352941 0.64313725
v 9.23083912 -34.10940060 -5.28577282 0.54117647 0.42352941 0.64313725
v 7.53528167 -34.28190081 -1.89659461 0.54117647 0.42352941 0.64313725
v 9.23083912 -33.95661428 -3.59118403 0.54117647 0.42352941 0.64313725
v 7.53528167 -34.04532924 -0.20519070 0.54117647 0.42352941 0.64313725
v 7.53528167 -32.54703424 8.26138412 0.54117647 0.42352941 0.64313725
v 5.85499995 -32.95610854 8.31553481 0.54117647 0.42352941 0.64313725
v 9.25757085 -33.30110895 1.39702432 0.54117647 0.42352941 0.64313725
v 8.71147944 -33.21732371 2.86227050 0.54117647 0.42352941 0.64313725
v 9.23083912 -32.42874846 6.57316605 0.54117647 0.42352941 0.64313725
v 7.68803455 -33.41446753 3.33051229 0.54117647 0.42352941 0.64313725
v 2.97560718 12.51021935 22.91703203 0.54117647 0.42352941 0.64313725
v 5.09887276 4.74274756 -9.62417672 0.54117647 0.42352941 0.64313725
v 5.84354331 -32.61110560 9.95597355 0.54117647 0.42352941 0.64313725
v 5.84354331 -32.24146159 11.65056297 0.54117647 0.42352941 0.64313725
v 7.38634787 -31.11774034 14.89003121 0.54117647 0.42352941 0.64313725
v 7.53528167 -30.65938135 16.73114573 0.54117647 0.42352941 0.64313725
v 7.53528167 -30.24045011 18.42573389 0.54117647 0.42352941 0.64313725
v 8.49762553 -29.76730446 19.40681098 0.54117647 0.42352941 0.64313725
v 7.39398542 -29.85601943 20.03113506 0.54117647 0.42352941 0.64313725
v 6.73332887 -29.73773112 21.00265560 0.54117647 0.42352941 0.64313725
v 5.84354331 -29.57508785 22.16848276 0.54117647 0.42352941 0.64313725
v 5.84354331 -29.33851629 22.91703203 0.54117647 0.42352941 0.64313725
v 5.18288675 -29.47651847 22.91703203 0.54117647 0.42352941 0.64313725
v 7.94007684 -34.69590231 -9.62417672 0.54117647 0.42352941 0.64313725
v 9.23083912 -34.31147162 -9.62417672 0.54117647 0.42352941 0.64313725
v 9.23083912 -34.30654442 -8.67495231 0.54117647 0.42352941 0.64313725
v 10.92257811 -33.58696773 -6.98036225 0.54117647 0.42352941 0.64313725
v 11.07151253 -33.41939726 -5.24436359 0.54117647 0.42352941 0.64313725
v 10.80419388 -33.39968086 -3.59118403 0.54117647 0.42352941 0.64313725
v 9.23083912 -33.76932740 -1.89659461 0.54117647 0.42352941 0.64313725
v 9.23083912 -33.54753998 -0.20519070 0.54117647 0.42352941 0.64313725
v 10.59797815 -33.30603868 -1.89659461 0.54117647 0.42352941 0.64313725
v 10.13590041 -33.13846568 0.77270213 0.54117647 0.42352941 0.64313725
v 9.23083912 -32.09360246 8.26138412 0.54117647 0.42352941 0.64313725
v 9.97169088 -31.39374218 10.65992932 0.54117647 0.42352941 0.64313725
v 7.53528167 -32.18724464 9.95597355 0.54117647 0.42352941 0.64313725
v 9.84185128 -33.04482351 1.90030463 0.54117647 0.42352941 0.64313725
v 10.92257811 -31.90138586 6.57316605 0.54117647 0.42352941 0.64313725
v 11.81236430 -31.44795660 7.54150264 0.54117647 0.42352941 0.64313725
v 10.91875902 -31.61059987 8.16901035 0.54117647 0.42352941 0.64313725
v 4.21290566 12.12578867 22.91703203 0.54117647 0.42352941 0.64313725
v 5.84354331 4.50617473 -9.62417672 0.54117647 0.42352941 0.64313725
v 7.68421609 -31.74367232 11.79390254 0.54117647 0.42352941 0.64313725
v 9.23083912 -30.61009413 15.03974056 0.54117647 0.42352941 0.64313725
v 9.23083912 -30.22073371 16.73114573 0.54117647 0.42352941 0.64313725
v 10.10534958 -29.73773112 17.61347927 0.54117647 0.42352941 0.64313725
v 9.12773125 -29.38780350 20.03113506 0.54117647 0.42352941 0.64313725
v 9.23083912 -28.83087008 21.81491274 0.54117647 0.42352941 0.64313725
v 7.86370071 -29.60466119 20.53759995 0.54117647 0.42352941 0.64313725
v 7.39398542 -29.37794404 21.66520339 0.54117647 0.42352941 0.64313725
v 6.78679235 -29.11672886 22.91703203 0.54117647 0.42352941 0.64313725
v 10.92257811 -33.66582576 -9.62417672 0.54117647 0.42352941 0.64313725
v 10.92257811 -33.65596882 -8.67495231 0.54117647 0.42352941 0.64313725
v 11.81618213 -33.14339541 -5.78268241 0.54117647 0.42352941 0.64313725
v 11.65197260 -33.06453738 -3.59118403 0.54117647 0.42352941 0.64313725
v 11.44193778 -32.98074962 -1.89659461 0.54117647 0.42352941 0.64313725
v 10.30392839 -33.20253704 -0.20519070 0.54117647 0.42352941 0.64313725
v 10.78891878 -32.77867860 1.39702432 0.54117647 0.42352941 0.64313725
v 11.48012616 -31.31981388 8.66910546 0.54117647 0.42352941 0.64313725
v 10.91875902 -31.21138504 10.03879202 0.54117647 0.42352941 0.64313725
v 10.92257811 -30.86145237 11.65056297 0.54117647 0.42352941 0.64313725
v 10.40703689 -29.85601943 16.73114573 0.54117647 0.42352941 0.64313725
v 9.33394761 -31.31488415 11.79390254 0.54117647 0.42352941 0.64313725
v 8.84131967 -31.54652851 11.32566011 0.54117647 0.42352941 0.64313725
v 12.50357042 -30.33409481 9.95597355 0.54117647 0.42352941 0.64313725
v 12.30881070 -30.14187821 11.65056297 0.54117647 0.42352941 0.64313725
v 12.07586260 -29.94473440 13.34515240 0.54117647 0.42352941 0.64313725
v 11.88873980 -29.81166194 14.51416382 0.54117647 0.42352941 0.64313725
v 11.62142241 -29.66380282 15.64176600 0.54117647 0.42352941 0.64313725
v 11.92692817 -31.52188490 6.57316605 0.54117647 0.42352941 0.64313725
v 13.44682009 -29.70323057 8.98445175 0.54117647 0.42352941 0.64313725
v 13.34753005 -29.59480173 9.95597355 0.54117647 0.42352941 0.64313725
v 4.78572913 11.91878791 22.91703203 0.54117647 0.42352941 0.64313725
v 7.18013151 4.05767142 -9.62417672 0.54117647 0.42352941 0.64313725
v 6.80588654 4.19074387 -9.62417672 0.54117647 0.42352941 0.64313725
v 6.39345381 4.32874479 -9.62417672 0.54117647 0.42352941 0.64313725
v 11.25481498 -29.52087343 16.73114573 0.54117647 0.42352941 0.64313725
v 10.76982459 -29.29415880 18.27602454 0.54117647 0.42352941 0.64313725
v 10.92257811 -28.72737097 20.12032458 0.54117647 0.42352941 0.64313725
v 10.29629084 -28.12115286 22.91703203 0.54117647 0.42352941 0.64313725
v 9.21174493 -28.47108300 22.91703203 0.54117647 0.42352941 0.64313725
v 7.48945574 -28.94915587 22.91703203 0.54117647 0.42352941 0.64313725
v 11.35028593 -33.46868195 -9.62417672 0.54117647 0.42352941 0.64313725
v 11.89637798 -33.19760984 -8.67495231 0.54117647 0.42352941 0.64313725
v 11.85437051 -33.16803650 -6.98036225 0.54117647 0.42352941 0.64313725
v 12.47683931 -32.51253370 -5.24436359 0.54117647 0.42352941 0.64313725
v 13.50410266 -31.47752994 -3.59118403 0.54117647 0.42352941 0.64313725
v 12.61813556 -32.27103240 -3.59118403 0.54117647 0.42352941 0.64313725
v 12.75943180 -31.99010083 -2.06223092 0.54117647 0.42352941 0.64313725
v 12.40046255 -31.90138586 1.48939841 0.54117647 0.42352941 0.64313725
v 12.27062232 -31.77817287 3.18398752 0.54117647 0.42352941 0.64313725
v 11.00277269 -30.03837657 15.06203920 0.54117647 0.42352941 0.64313725
v 10.92257811 -30.46716474 13.34515240 0.54117647 0.42352941 0.64313725
v 13.15658942 -29.38287377 11.65056297 0.54117647 0.42352941 0.64313725
v 12.28207959 -28.45136660 18.42573389 0.54117647 0.42352941 0.64313725
v 12.00712402 -28.20986783 20.12032458 0.54117647 0.42352941 0.64313725
v 11.82000122 -28.06693844 21.06954899 0.54117647 0.42352941 0.64313725
v 13.11840104 -31.04874177 3.18398752 0.54117647 0.42352941 0.64313725
v 12.95037369 -30.90088265 4.87857679 0.54117647 0.42352941 0.64313725
v 12.77470690 -30.75302352 6.57316605 0.54117647 0.42352941 0.64313725
v 13.52319685 -29.80673221 7.85684894 0.54117647 0.42352941 0.64313725
v 15.07745805 -27.91907932 6.57316605 0.54117647 0.42352941 0.64313725
v 15.45933932 -26.74114617 9.95597355 0.54117647 0.42352941 0.64313725
v 15.32186216 -26.55878650 11.65056297 0.54117647 0.42352941 0.64313725
v 15.21875430 -26.42078684 12.77498027 0.54117647 0.42352941 0.64313725
v 13.82870262 -28.53515436 11.65056297 0.54117647 0.42352941 0.64313725
v 13.44300100 -28.00286455 15.75325163 0.54117647 0.42352941 0.64313725
v 5.80535493 11.52942749 22.91703203 0.54117647 0.42352941 0.64313725
v 7.65366526 3.88517121 -9.62417672 0.54117647 0.42352941 0.64313725
v 10.88438973 -28.26408225 21.70661263 0.54117647 0.42352941 0.64313725
v 10.30774748 -28.11622313 22.91703203 0.54117647 0.42352941 0.64313725
v 11.90401616 -33.20746678 -9.62417672 0.54117647 0.42352941 0.64313725
v 12.74415670 -32.41396179 -8.67495231 0.54117647 0.42352941 0.64313725
v 13.54229104 -31.52681463 -5.28577282 0.54117647 0.42352941 0.64313725
v 15.37914473 -28.33801055 -0.20519070 0.54117647 0.42352941 0.64313725
v 15.33331817 -28.26900946 1.48939841 0.54117647 0.42352941 0.64313725
v 15.27221778 -28.18522422 3.18398752 0.54117647 0.42352941 0.64313725
v 13.42008772 -31.36416884 -1.60991610 0.54117647 0.42352941 0.64313725
v 13.34371223 -31.27545387 -0.20519070 0.54117647 0.42352941 0.64313725
v 13.24824128 -31.16209782 1.48939841 0.54117647 0.42352941 0.64313725
v 13.33607405 -27.86979463 16.73114573 0.54117647 0.42352941 0.64313725
v 13.12985832 -27.63322053 18.42573389 0.54117647 0.42352941 0.64313725
v 12.85490275 -27.38679203 20.12032458 0.54117647 0.42352941 0.64313725
v 12.40046255 -26.90871664 22.91703203 0.54117647 0.42352941 0.64313725
v 11.91165307 -27.28821760 22.91703203 0.54117647 0.42352941 0.64313725
v 11.42284359 -27.86979463 22.19714991 0.54117647 0.42352941 0.64313725
v 13.70650056 -30.05809045 4.87857679 0.54117647 0.42352941 0.64313725
v 15.21111612 -28.10636619 4.42944700 0.54117647 0.42352941 0.64313725
v 15.56626753 -26.90871664 8.26138412 0.54117647 0.42352941 0.64313725
v 16.24601765 -25.49420940 9.95597355 0.54117647 0.42352941 0.64313725
v 16.00543136 -25.49420940 11.65056297 0.54117647 0.42352941 0.64313725
v 15.64264303 -25.60756546 13.34196688 0.54117647 0.42352941 0.64313725
v 15.58154263 -25.24777838 15.03974056 0.54117647 0.42352941 0.64313725
v 15.42115220 -25.01120681 16.73114573 0.54117647 0.42352941 0.64313725
v 13.60721052 -26.53907010 20.12032458 0.54117647 0.42352941 0.64313725
v 13.77905823 -26.78550113 18.42573389 0.54117647 0.42352941 0.64313725
v 6.42782310 11.26821232 22.91703203 0.54117647 0.42352941 0.64313725
v 9.23083912 3.26416770 -9.62417672 0.54117647 0.42352941 0.64313725
v 11.12497601 -27.75643605 22.91703203 0.54117647 0.42352941 0.64313725
v 12.75179488 -32.41396179 -9.62417672 0.54117647 0.42352941 0.64313725
v 13.11458195 -32.04431525 -9.62417672 0.54117647 0.42352941 0.64313725
v 13.56902215 -31.56624238 -8.67495231 0.54117647 0.42352941 0.64313725
v 15.48989078 -28.52036769 -6.98036225 0.54117647 0.42352941 0.64313725
v 15.47079659 -28.49079688 -5.28577282 0.54117647 0.42352941 0.64313725
v 15.44024639 -28.44643940 -3.59118403 0.54117647 0.42352941 0.64313725
v 16.10853923 -27.18471849 -0.20519070 0.54117647 0.42352941 0.64313725
v 16.03598156 -27.18471849 1.48939841 0.54117647 0.42352941 0.64313725
v 15.92905461 -27.18471849 3.18398752 0.54117647 0.42352941 0.64313725
v 13.79815242 -30.20594957 3.18398752 0.54117647 0.42352941 0.64313725
v 13.50028357 -26.38628629 21.10458719 0.54117647 0.42352941 0.64313725
v 13.33989314 -26.18421275 22.23537363 0.54117647 0.42352941 0.64313725
v 13.24442219 -26.06099724 22.91703203 0.54117647 0.42352941 0.64313725
v 12.79380109 -26.51442902 22.91703203 0.54117647 0.42352941 0.64313725
v 15.65791813 -27.33750481 4.94546845 0.54117647 0.42352941 0.64313725
v 15.65410030 -27.07135991 6.57316605 0.54117647 0.42352941 0.64313725
v 16.50187903 -25.73078097 6.57316605 0.54117647 0.42352941 0.64313725
v 16.49424084 -25.39070777 8.37605591 0.54117647 0.42352941 0.64313725
v 16.91431175 -24.75984857 7.88551673 0.54117647 0.42352941 0.64313725
v 16.68900057 -24.33598761 11.65056297 0.54117647 0.42352941 0.64313725
v 16.56679851 -24.12405713 13.34515240 0.54117647 0.42352941 0.64313725
v 16.50951594 -23.71991256 15.18945117 0.54117647 0.42352941 0.64313725
v 16.18491599 -23.79877059 16.73114573 0.54117647 0.42352941 0.64313725
v 15.61973101 -23.65091399 20.12032458 0.54117647 0.42352941 0.64313725
v 15.27603687 -24.80420353 18.11357311 0.54117647 0.42352941 0.64313725
v 14.35188138 -25.49420940 20.12032458 0.54117647 0.42352941 0.64313725
v 15.15383355 -24.63663306 19.24436208 0.54117647 0.42352941 0.64313725
v 6.99682780 11.01685408 22.91703203 0.54117647 0.42352941 0.64313725
v 10.34211677 2.67766347 -9.62417672 0.54117647 0.42352941 0.64313725
v 9.13536880 10.02620529 22.91703203 0.54117647 0.42352941 0.64313725
v 9.77311207 9.72556110 22.91703203 0.54117647 0.42352941 0.64313725
v 13.56902215 -31.57117212 -9.62417672 0.54117647 0.42352941 0.64313725
v 15.50516588 -28.54008157 -9.62417672 0.54117647 0.42352941 0.64313725
v 15.50134679 -28.54008157 -8.67495231 0.54117647 0.42352941 0.64313725
v 16.30711804 -27.18471849 -6.98036225 0.54117647 0.42352941 0.64313725
v 16.27656784 -27.18471849 -5.28577282 0.54117647 0.42352941 0.64313725
v 16.16582180 -27.18471849 -1.89659461 0.54117647 0.42352941 0.64313725
v 16.73864622 -26.10535472 -0.20519070 0.54117647 0.42352941 0.64313725
v 16.70809476 -26.04621309 1.48939841 0.54117647 0.42352941 0.64313725
v 16.66226946 -25.96242533 3.18398752 0.54117647 0.42352941 0.64313725
v 16.58971179 -25.84906928 4.87857679 0.54117647 0.42352941 0.64313725
v 15.05836387 -24.49863088 20.12032458 0.54117647 0.42352941 0.64313725
v 14.85596596 -24.20784489 21.81491274 0.54117647 0.42352941 0.64313725
v 13.92035447 -25.56813770 21.72890875 0.54117647 0.42352941 0.64313725
v 13.82488353 -25.26256504 22.91703203 0.54117647 0.42352941 0.64313725
v 16.97923123 -24.88306409 6.57316605 0.54117647 0.42352941 0.64313725
v 17.47185980 -23.79877059 6.57316605 0.54117647 0.42352941 0.64313725
v 17.20072333 -23.68048481 9.95597355 0.54117647 0.42352941 0.64313725
v 17.12052748 -23.48827073 11.65056297 0.54117647 0.42352941 0.64313725
v 17.02123870 -23.28126745 13.34515240 0.54117647 0.42352941 0.64313725
v 16.92958685 -23.09891031 14.72757978 0.54117647 0.42352941 0.64313725
v 16.84939100 -22.94119425 15.85518323 0.54117647 0.42352941 0.64313725
v 16.46750974 -22.25612063 20.12032458 0.54117647 0.42352941 0.64313725
v 16.32621223 -21.94068851 21.66520339 0.54117647 0.42352941 0.64313725
v 15.42878912 -23.36012548 21.81491274 0.54117647 0.42352941 0.64313725
v 10.34593586 9.41505871 22.91703203 0.54117647 0.42352941 0.64313725
v 11.22426478 8.67576941 22.91703203 0.54117647 0.42352941 0.64313725
v 11.60232822 8.31105260 22.91703203 0.54117647 0.42352941 0.64313725
v 10.71636111 2.27351890 -9.62417672 0.54117647 0.42352941 0.64313725
v 15.97870026 -27.78107966 -9.62417672 0.54117647 0.42352941 0.64313725
v 16.33003132 -27.18471849 -8.67495231 0.54117647 0.42352941 0.64313725
v 16.82647898 -26.28278466 -6.98036225 0.54117647 0.42352941 0.64313725
v 16.80738479 -26.24828411 -5.28577282 0.54117647 0.42352941 0.64313725
v 16.76155823 -26.15956914 -1.89659461 0.54117647 0.42352941 0.64313725
v 17.17017313 -25.31185226 -1.89659461 0.54117647 0.42352941 0.64313725
v 17.14344076 -25.26256504 -0.20519070 0.54117647 0.42352941 0.64313725
v 17.11670965 -25.19849116 1.48939841 0.54117647 0.42352941 0.64313725
v 17.07852127 -25.11470845 3.18398752 0.54117647 0.42352941 0.64313725
v 17.03269471 -25.00134735 4.87857679 0.54117647 0.42352941 0.64313725
v 14.15330257 -24.79434912 22.91703203 0.54117647 0.42352941 0.64313725
v 15.29131197 -23.14819500 22.91703203 0.54117647 0.42352941 0.64313725
v 17.58642494 -23.79877059 4.87857679 0.54117647 0.42352941 0.64313725
v 18.15542901 -22.10333178 6.57316605 0.54117647 0.42352941 0.64313725
v 18.02558877 -22.10333178 8.26138412 0.54117647 0.42352941 0.64313725
v 17.88811162 -22.10333178 9.95597355 0.54117647 0.42352941 0.64313725
v 17.73917719 -22.10333178 11.65056297 0.54117647 0.42352941 0.64313725
v 17.55205439 -22.10333178 13.34515240 0.54117647 0.42352941 0.64313725
v 17.23891170 -22.26597505 15.18945117 0.54117647 0.42352941 0.64313725
v 17.37256977 -20.41282270 20.12032458 0.54117647 0.42352941 0.64313725
v 16.92576776 -21.40839870 20.12032458 0.54117647 0.42352941 0.64313725
v 16.86084827 -21.27039904 21.00265560 0.54117647 0.42352941 0.64313725
v 15.91377951 -22.13290512 22.91703203 0.54117647 0.42352941 0.64313725
v 16.74246404 -21.04368441 22.13025904 0.54117647 0.42352941 0.64313725
v 16.65845037 -20.88596835 22.91703203 0.54117647 0.42352941 0.64313725
v 12.01094311 7.85269361 22.91703203 0.54117647 0.42352941 0.64313725
v 11.18989549 1.75108729 -9.62417672 0.54117647 0.42352941 0.64313725
v 16.34148859 -27.18471849 -9.62417672 0.54117647 0.42352941 0.64313725
v 16.62026199 -26.70171589 -9.62417672 0.54117647 0.42352941 0.64313725
v 16.84175408 -26.31235800 -9.62417672 0.54117647 0.42352941 0.64313725
v 17.20836151 -25.43506525 -6.98036225 0.54117647 0.42352941 0.64313725
v 17.20454242 -25.40056723 -5.28577282 0.54117647 0.42352941 0.64313725
v 17.19308515 -25.35620722 -3.59118403 0.54117647 0.42352941 0.64313725
v 17.82319087 -23.79877059 -1.89659461 0.54117647 0.42352941 0.64313725
v 17.77736557 -23.79877059 -0.20519070 0.54117647 0.42352941 0.64313725
v 17.66280044 -23.79877059 3.18398752 0.54117647 0.42352941 0.64313725
v 18.30436343 -21.95547518 4.84990900 0.54117647 0.42352941 0.64313725
v 18.51057916 -21.11268550 6.57316605 0.54117647 0.42352941 0.64313725
v 18.44947876 -20.93525557 8.26138412 0.54117647 0.42352941 0.64313725
v 18.38455802 -20.75782563 9.95597355 0.54117647 0.42352941 0.64313725
v 18.31963853 -20.57546596 11.65056297 0.54117647 0.42352941 0.64313725
v 18.26235596 -20.26003637 13.23685102 0.54117647 0.42352941 0.64313725
v 18.00267549 -20.41282270 15.03974056 0.54117647 0.42352941 0.64313725
v 17.80791577 -20.41282270 16.73114573 0.54117647 0.42352941 0.64313725
v 17.60551787 -20.41282270 18.42573389 0.54117647 0.42352941 0.64313725
v 17.11289056 -20.45225297 21.66520339 0.54117647 0.42352941 0.64313725
v 18.04468296 -18.71738641 20.12032458 0.54117647 0.42352941 0.64313725
v 17.80791577 -18.71738641 21.81491274 0.54117647 0.42352941 0.64313725
v 17.05178890 -20.09246337 22.91703203 0.54117647 0.42352941 0.64313725
v 16.90285448 -20.40296576 22.91703203 0.54117647 0.42352941 0.64313725
v 12.85108366 6.68954335 22.91703203 0.54117647 0.42352941 0.64313725
v 12.92746041 -0.53085449 -9.62417672 0.54117647 0.42352941 0.64313725
v 12.60667955 -0.08727965 -9.62417672 0.54117647 0.42352941 0.64313725
v 12.20570283 0.46472277 -9.62417672 0.54117647 0.42352941 0.64313725
v 11.88492197 0.90336788 -9.62417672 0.54117647 0.42352941 0.64313725
v 11.57941620 1.27794163 -9.62417672 0.54117647 0.42352941 0.64313725
v 17.21599842 -25.46463607 -9.62417672 0.54117647 0.42352941 0.64313725
v 17.89956763 -23.79877059 -6.98036225 0.54117647 0.42352941 0.64313725
v 17.88429253 -23.79877059 -5.28577282 0.54117647 0.42352941 0.64313725
v 17.85756142 -23.79877059 -3.59118403 0.54117647 0.42352941 0.64313725
v 18.33491363 -22.29554838 -0.20519070 0.54117647 0.42352941 0.64313725
v 18.28526924 -22.18711954 3.18398752 0.54117647 0.42352941 0.64313725
v 18.55640572 -21.29011292 4.27018110 0.54117647 0.42352941 0.64313725
v 18.71679615 -20.26496357 6.57316605 0.54117647 0.42352941 0.64313725
v 18.69006378 -20.08753616 8.26138412 0.54117647 0.42352941 0.64313725
v 18.65569449 -19.91010622 9.95597355 0.54117647 0.42352941 0.64313725
v 18.60223102 -19.72774656 11.65056297 0.54117647 0.42352941 0.64313725
v 18.56022481 -19.59960384 12.59978739 0.54117647 0.42352941 0.64313725
v 17.63225024 -18.71738641 22.91703203 0.54117647 0.42352941 0.64313725
v 18.29290616 -18.55474062 18.28239558 0.54117647 0.42352941 0.64313725
v 18.44184058 -17.47537685 20.12032458 0.54117647 0.42352941 0.64313725
v 18.37310201 -16.97266038 21.91684181 0.54117647 0.42352941 0.64313725
v 18.23562485 -17.00223246 22.91703203 0.54117647 0.42352941 0.64313725
v 13.33607405 6.01432541 22.91703203 0.54117647 0.42352941 0.64313725
v 13.33989314 -1.11242899 -9.62417672 0.54117647 0.42352941 0.64313725
v 17.60933696 -24.52820421 -9.62417672 0.54117647 0.42352941 0.64313725
v 17.91484273 -23.79877059 -9.62417672 0.54117647 0.42352941 0.64313725
v 18.39601529 -22.46804859 -9.62417672 0.54117647 0.42352941 0.64313725
v 18.39219620 -22.42861831 -6.98036225 0.54117647 0.42352941 0.64313725
v 18.35400782 -22.33004893 -1.89659461 0.54117647 0.42352941 0.64313725
v 18.59459410 -21.40347149 1.48939841 0.54117647 0.42352941 0.64313725
v 18.57549991 -21.33940013 3.18398752 0.54117647 0.42352941 0.64313725
v 18.80080983 -20.41282270 3.18398752 0.54117647 0.42352941 0.64313725
v 18.99556955 -18.71738641 8.26138412 0.54117647 0.42352941 0.64313725
v 18.92683097 -18.71738641 9.95597355 0.54117647 0.42352941 0.64313725
v 18.81990402 -18.71738641 11.65056297 0.54117647 0.42352941 0.64313725
v 18.69388287 -18.78145524 13.23685102 0.54117647 0.42352941 0.64313725
v 18.65951359 -16.63258717 20.12032458 0.54117647 0.42352941 0.64313725
v 18.51057916 -17.71688067 18.75063675 0.54117647 0.42352941 0.64313725
v 18.60223102 -16.37137200 21.42311901 0.54117647 0.42352941 0.64313725
v 18.51439825 -16.04115574 22.91703203 0.54117647 0.42352941 0.64313725
v 13.59575452 5.63482319 22.91703203 0.54117647 0.42352941 0.64313725
v 16.15818488 -5.16866573 -9.62417672 0.54117647 0.42352941 0.64313725
v 15.37532564 -4.02523060 -9.62417672 0.54117647 0.42352941 0.64313725
v 15.11564517 -3.65065748 -9.62417672 0.54117647 0.42352941 0.64313725
v 13.67213127 -1.58557402 -9.62417672 0.54117647 0.42352941 0.64313725
v 18.65569449 -21.62032918 -9.62417672 0.54117647 0.42352941 0.64313725
v 18.65187540 -21.60554251 -8.67495231 0.54117647 0.42352941 0.64313725
v 18.62514430 -21.51683007 -3.59118403 0.54117647 0.42352941 0.64313725
v 18.60605011 -21.44782898 -0.20519070 0.54117647 0.42352941 0.64313725
v 18.83517912 -20.41282270 1.48939841 0.54117647 0.42352941 0.64313725
v 19.03375793 -18.71738641 6.57316605 0.54117647 0.42352941 0.64313725
v 19.21706164 -17.02194759 9.95597355 0.54117647 0.42352941 0.64313725
v 19.13304797 -17.02194759 11.65056297 0.54117647 0.42352941 0.64313725
v 19.03375793 -17.02194759 13.34515240 0.54117647 0.42352941 0.64313725
v 18.90391896 -15.33143725 20.12032458 0.54117647 0.42352941 0.64313725
v 18.74352726 -15.46943817 21.91684181 0.54117647 0.42352941 0.64313725
v 18.70915797 -15.21315021 22.91703203 0.54117647 0.42352941 0.64313725
v 18.59077501 -15.72079641 22.91703203 0.54117647 0.42352941 0.64313725
v 13.99673123 5.02367661 22.91703203 0.54117647 0.42352941 0.64313725
v 16.79210969 -6.12481398 -9.62417672 0.54117647 0.42352941 0.64313725
v 16.43695828 -5.58759696 -9.62417672 0.54117647 0.42352941 0.64313725
v 18.82754220 -20.93525557 -9.62417672 0.54117647 0.42352941 0.64313725
v 18.89628078 -20.41282270 -3.59118403 0.54117647 0.42352941 0.64313725
v 19.23615583 -18.71738641 -6.98036225 0.54117647 0.42352941 0.64313725
v 19.12922888 -18.71738641 1.48939841 0.54117647 0.42352941 0.64313725
v 19.24379401 -17.02194759 8.26138412 0.54117647 0.42352941 0.64313725
v 19.37745207 -15.33143725 9.95597355 0.54117647 0.42352941 0.64313725
v 19.12922888 -13.63599970 20.12032458 0.54117647 0.42352941 0.64313725
v 19.04521520 -13.63599970 21.81491274 0.54117647 0.42352941 0.64313725
v 18.98029445 -13.63599970 22.91703203 0.54117647 0.42352941 0.64313725
v 14.90561035 3.62888325 22.91703203 0.54117647 0.42352941 0.64313725
v 17.25800589 -6.97253275 -9.62417672 0.54117647 0.42352941 0.64313725
v 15.09273315 3.32331059 22.91703203 0.54117647 0.42352941 0.64313725
v 15.37914473 2.83537953 22.91703203 0.54117647 0.42352941 0.64313725
v 18.95356334 -20.41282270 -9.62417672 0.54117647 0.42352941 0.64313725
v 19.25906911 -18.71738641 -9.62417672 0.54117647 0.42352941 0.64313725
v 19.39272717 -17.02194759 -8.67495231 0.54117647 0.42352941 0.64313725
v 19.39654626 -17.02194759 -9.62417672 0.54117647 0.42352941 0.64313725
v 19.40418444 -16.07565628 -9.62417672 0.54117647 0.42352941 0.64313725
v 19.37363298 -13.63599970 9.95597355 0.54117647 0.42352941 0.64313725
v 19.22469982 -10.25005180 21.81491274 0.54117647 0.42352941 0.64313725
v 19.24761184 -11.94056089 20.12032458 0.54117647 0.42352941 0.64313725
v 19.19033053 -11.94056089 21.81491274 0.54117647 0.42352941 0.64313725
v 19.15214216 -11.94056089 22.91703203 0.54117647 0.42352941 0.64313725
v 17.59024277 -7.67239430 -9.62417672 0.54117647 0.42352941 0.64313725
v 16.02070646 1.65744385 22.91703203 0.54117647 0.42352941 0.64313725
v 16.67754456 0.40557988 22.91703203 0.54117647 0.42352941 0.64313725
v 16.82647898 0.10986416 22.91703203 0.54117647 0.42352941 0.64313725
v 19.40036535 -15.33143725 -9.62417672 0.54117647 0.42352941 0.64313725
v 19.36981516 -13.63599970 8.26138412 0.54117647 0.42352941 0.64313725
v 19.22851891 -10.25005180 20.12032458 0.54117647 0.42352941 0.64313725
v 19.13686706 -8.55954272 22.91703203 0.54117647 0.42352941 0.64313725
v 19.20942472 -10.25005180 22.91703203 0.54117647 0.42352941 0.64313725
v 18.00649458 -8.55954272 -9.62417672 0.54117647 0.42352941 0.64313725
v 17.08615819 -0.44213952 22.91703203 0.54117647 0.42352941 0.64313725
v 19.33926370 -14.38021747 -9.62417672 0.54117647 0.42352941 0.64313725
v 18.95738243 -6.86410391 22.91703203 0.54117647 0.42352941 0.64313725
v 19.28961931 -13.63599970 -9.62417672 0.54117647 0.42352941 0.64313725
v 18.44947876 -9.73254866 -9.62417672 0.54117647 0.42352941 0.64313725
v 17.63225024 -1.78271846 22.91703203 0.54117647 0.42352941 0.64313725
v 19.02612101 -11.94056089 -9.62417672 0.54117647 0.42352941 0.64313725
v 18.67478868 -5.25738070 22.91703203 0.54117647 0.42352941 0.64313725
v 18.59459410 -10.20569432 -9.62417672 0.54117647 0.42352941 0.64313725
v 18.23180576 -3.56194251 22.91703203 0.54117647 0.42352941 0.64313725
v 18.70152105 -10.58026807 -9.62417672 0.54117647 0.42352941 0.64313725
v 18.53349244 -4.57230519 22.91703203 0.54117647 0.42352941 0.64313725
v 18.47239078 -4.35544687 22.91703203 0.54117647 0.42352941 0.64313725
v 18.51057916 -4.48359085 22.91703203 0.54117647 0.42352941 0.64313725
f 980 981 982
f 980 982 983
f 980 983 984
f 980 984 985
f 980 985 986
f 980 986 987
f 980 987 988
f 980 988 989
f 980 989 981
f 981 990 982
f 981 989 1007
f 981 1007 1025
f 981 1025 1041
f 981 1041 1063
f 981 1063 1076
f 981 1076 1095
f 981 1095 1097
f 981 1097 1117
f 981 1117 1116
f 981 1116 1139
f 981 1139 1160
f 981 1160 1181
f 981 1181 1209
f 981 1209 1234
f 981 1234 1260
f 981 1260 1263
f 981 1263 1262
f 981 1262 1290
f 981 1290 1321
f 981 1321 1352
f 981 1352 1377
f 981 1377 1405
f 981 1405 1434
f 981 1434 1460
f 981 1460 1487
f 981 1487 1518
f 981 1518 1517
f 981 1517 1516
f 981 1516 1515
f 981 1515 1547
f 981 1547 1546
f 981 1546 1581
f 981 1581 1580
f 981 1580 1579
f 981 1579 1578
f 981 1578 1577
f 981 1577 1576
f 981 1576 1610
f 981 1610 1640
f 981 1640 1674
f 981 1674 1673
f 981 1673 1672
f 981 1672 1707
f 981 1707 1736
f 981 1736 1766
f 981 1766 1796
f 981 1796 1823
f 981 1823 1852
f 981 1852 1851
f 981 1851 1850
f 981 1850 1849
f 981 1849 1848
f 981 1848 1871
f 981 1871 1892
f 981 1892 1891
f 981 1891 1890
f 981 1890 1889
f 981 1889 1908
f 981 1908 1907
f 981 1907 1919
f 981 1919 1932
f 981 1932 1941
f 981 1941 1946
f 981 1946 1950
f 981 1950 1952
f 981 1952 1948
f 981 1948 1945
f 981 1945 1943
f 981 1943 1936
f 981 1936 1926
f 981 1926 1925
f 981 1925 1923
f 981 1923 1922
f 981 1922 1909
f 981 1909 1893
f 981 1893 1874
f 981 1874 1873
f 981 1873 1872
f 981 1872 1853
f 981 1853 1826
f 981 1826 1825
f 981 1825 1824
f 981 1824 1797
f 981 1797 1770
f 981 1770 1769
f 981 1769 1739
f 981 1739 1738
f 981 1738 1710
f 981 1710 1681
f 981 1681 1650
f 981 1650 1623
f 981 1623 1622
f 981 1622 1596
f 981 1596 1563
f 981 1563 1534
f 981 1534 1506
f 981 1506 1479
f 981 1479 1478
f 981 1478 1484
f 981 1484 1477
f 981 1477 1452
f 981 1452 1427
f 981 1427 1399
f 981 1399 1374
f 981 1374 1373
f 981 1373 1370
f 981 1370 1369
f 981 1369 1368
f 981 1368 1367
f 981 1367 1339
f 981 1339 1305
f 981 1305 1275
f 981 1275 1248
f 981 1248 1247
f 981 1247 1246
f 981 1246 1222
f 981 1222 1221
f 981 1221 1199
f 981 1199 1198
f 981 1198 1170
f 981 1170 1150
f 981 1150 1129
f 981 1129 1106
f 981 1106 1105
f 981 1105 1086
f 981 1086 1085
f 981 1085 1075
f 981 1075 1059
f 981 1059 1058
f 981 1058 1061
f 981 1061 1047
f 981 1047 1028
f 981 1028 1009
f 981 1009 993
f 981 993 992
f 981 992 1008
f 981 1008 990
f 982 990 991
f 982 991 983
f 983 991 992
f 983 992 993
f 983 993 984
f 984 994 985
f 984 993 995
f 984 995 996
f 984 996 997
f 984 997 998
f 984 998 994
f 985 999 1000
f 985 1000 1001
f 985 1001 986
f 985 994 999
f 986 1001 1002
f 986 1002 987
f 987 1002 1003
f 987 1003 988
f 988 1003 1004
f 988 1004 1005
f 988 1005 1006
f 988 1006 989
f 989 1006 1007
f 990 1008 991
f 991 1008 992
f 993 1009 995
f 994 1010 1011
f 994 1011 999
f 994 998 1012
f 994 1012 1013
f 994 1013 1010
f 995 1009 1014
f 995 1014 996
f 996 1014 997
f 997 1014 1015
f 997 1015 998
f 998 1015 1016
f 998 1016 1017
f 998 1017 1012
f 999 1011 1000
f 1000 1018 1019
f 1000 1019 1001
f 1000 1011 1018
f 1001 1019 1020
f 1001 1020 1002
f 1002 1020 1021
f 1002 1021 1022
f 1002 1022 1003
f 1003 1022 1004
f 1004 1022 1023
f 1004 1023 1024
f 1004 1024 1007
f 1004 1007 1005
f 1005 1007 1006
f 1007 1024 1023
f 1007 1023 1026
f 1007 1026 1027
f 1007 1027 1025
f 1009 1028 1014
f 1010 1029 1030
f 1010 1030 1011
f 1010 1013 1029
f 1011 1030 1031
f 1011 1031 1018
f 1012 1017 1013
f 1013 1032 1033
f 1013 1033 1029
f 1013 1017 1034
f 1013 1034 1035
f 1013 1035 1036
f 1013 1036 1032
f 1014 1028 1037
f 1014 1037 1038
f 1014 1038 1039
f 1014 1039 1015
f 1015 1039 1040
f 1015 1040 1016
f 1016 1040 1017
f 1017 1040 1034
f 1018 1031 1048
f 1018 1048 1053
f 1018 1053 1070
f 1018 1070 1071
f 1018 1071 1080
f 1018 1080 1099
f 1018 1099 1098
f 1018 1098 1100
f 1018 1100 1119
f 1018 1119 1120
f 1018 1120 1140
f 1018 1140 1142
f 1018 1142 1161
f 1018 1161 1185
f 1018 1185 1212
f 1018 1212 1219
f 1018 1219 1245
f 1018 1245 1274
f 1018 1274 1302
f 1018 1302 1333
f 1018 1333 1336
f 1018 1336 1335
f 1018 1335 1362
f 1018 1362 1393
f 1018 1393 1395
f 1018 1395 1394
f 1018 1394 1396
f 1018 1396 1410
f 1018 1410 1435
f 1018 1435 1424
f 1018 1424 1449
f 1018 1449 1474
f 1018 1474 1473
f 1018 1473 1502
f 1018 1502 1501
f 1018 1501 1532
f 1018 1532 1562
f 1018 1562 1561
f 1018 1561 1595
f 1018 1595 1594
f 1018 1594 1593
f 1018 1593 1621
f 1018 1621 1620
f 1018 1620 1649
f 1018 1649 1680
f 1018 1680 1679
f 1018 1679 1678
f 1018 1678 1709
f 1018 1709 1737
f 1018 1737 1723
f 1018 1723 1722
f 1018 1722 1751
f 1018 1751 1750
f 1018 1750 1782
f 1018 1782 1807
f 1018 1807 1808
f 1018 1808 1819
f 1018 1819 1821
f 1018 1821 1846
f 1018 1846 1845
f 1018 1845 1865
f 1018 1865 1869
f 1018 1869 1887
f 1018 1887 1905
f 1018 1905 1904
f 1018 1904 1917
f 1018 1917 1931
f 1018 1931 1940
f 1018 1940 1939
f 1018 1939 1944
f 1018 1944 1949
f 1018 1949 1953
f 1018 1953 1955
f 1018 1955 1954
f 1018 1954 1951
f 1018 1951 1947
f 1018 1947 1942
f 1018 1942 1935
f 1018 1935 1934
f 1018 1934 1933
f 1018 1933 1921
f 1018 1921 1920
f 1018 1920 1918
f 1018 1918 1906
f 1018 1906 1888
f 1018 1888 1870
f 1018 1870 1847
f 1018 1847 1822
f 1018 1822 1795
f 1018 1795 1794
f 1018 1794 1793
f 1018 1793 1768
f 1018 1768 1767
f 1018 1767 1765
f 1018 1765 1735
f 1018 1735 1706
f 1018 1706 1671
f 1018 1671 1639
f 1018 1639 1609
f 1018 1609 1575
f 1018 1575 1545
f 1018 1545 1514
f 1018 1514 1486
f 1018 1486 1459
f 1018 1459 1433
f 1018 1433 1404
f 1018 1404 1378
f 1018 1378 1353
f 1018 1353 1322
f 1018 1322 1291
f 1018 1291 1289
f 1018 1289 1261
f 1018 1261 1235
f 1018 1235 1210
f 1018 1210 1184
f 1018 1184 1183
f 1018 1183 1182
f 1018 1182 1180
f 1018 1180 1159
f 1018 1159 1138
f 1018 1138 1118
f 1018 1118 1096
f 1018 1096 1078
f 1018 1078 1077
f 1018 1077 1064
f 1018 1064 1046
f 1018 1046 1045
f 1018 1045 1044
f 1018 1044 1043
f 1018 1043 1042
f 1018 1042 1026
f 1018 1026 1023
f 1018 1023 1022
f 1018 1022 1021
f 1018 1021 1020
f 1018 1020 1019
f 1025 1027 1042
f 1025 1042 1043
f 1025 1043 1044
f 1025 1044 1045
f 1025 1045 1046
f 1025 1046 1041
f 1026 1042 1027
f 1028 1047 1038
f 1028 1038 1037
f 1029 1033 1030
f 1030 1048 1031
f 1030 1033 1048
f 1032 1049 1050
f 1032 1050 1033
f 1032 1036 1049
f 1033 1050 1051
f 1033 1051 1052
f 1033 1052 1053
f 1033 1053 1048
f 1034 1040 1054
f 1034 1054 1055
f 1034 1055 1035
f 1035 1055 1056
f 1035 1056 1057
f 1035 1057 1036
f 1036 1057 1049
f 1038 1058 1059
f 1038 1059 1060
f 1038 1060 1039
f 1038 1047 1061
f 1038 1061 1058
f 1039 1060 1040
f 1040 1062 1054
f 1040 1060 1062
f 1041 1046 1063
f 1046 1064 1063
f 1049 1065 1051
f 1049 1051 1050
f 1049 1057 1066
f 1049 1066 1067
f 1049 1067 1068
f 1049 1068 1065
f 1051 1065 1069
f 1051 1069 1052
f 1052 1070 1053
f 1052 1069 1071
f 1052 1071 1070
f 1054 1062 1060
f 1054 1060 1072
f 1054 1072 1073
f 1054 1073 1055
f 1055 1073 1056
f 1056 1073 1074
f 1056 1074 1057
f 1057 1074 1066
f 1059 1075 1060
f 1060 1075 1072
f 1063 1064 1077
f 1063 1077 1078
f 1063 1078 1076
f 1065 1079 1080
f 1065 1080 1069
f 1065 1068 1081
f 1065 1081 1079
f 1066 1074 1067
f 1067 1074 1082
f 1067 1082 1083
f 1067 1083 1068
f 1068 1083 1084
f 1068 1084 1081
f 1069 1080 1071
f 1072 1085 1086
f 1072 1086 1087
f 1072 1087 1088
f 1072 1088 1089
f 1072 1089 1073
f 1072 1075 1085
f 1073 1089 1088
f 1073 1088 1090
f 1073 1090 1091
f 1073 1091 1092
f 1073 1092 1074
f 1074 1093 1082
f 1074 1092 1094
f 1074 1094 1093
f 1076 1078 1095
f 1078 1096 1097
f 1078 1097 1095
f 1079 1081 1098
f 1079 1098 1099
f 1079 1099 1080
f 1081 1100 1098
f 1081 1084 1101
f 1081 1101 1100
f 1082 1093 1094
f 1082 1094 1083
f 1083 1102 1084
f 1083 1094 1103
f 1083 1103 1102
f 1084 1102 1104
f 1084 1104 1101
f 1086 1105 1087
f 1087 1105 1106
f 1087 1106 1107
f 1087 1107 1088
f 1088 1107 1090
f 1090 1108 1109
f 1090 1109 1092
f 1090 1092 1091
f 1090 1107 1110
f 1090 1110 1111
f 1090 1111 1112
f 1090 1112 1113
f 1090 1113 1108
f 1092 1109 1114
f 1092 1114 1115
f 1092 1115 1094
f 1094 1115 1103
f 1096 1116 1117
f 1096 1117 1097
f 1096 1118 1116
f 1100 1101 1119
f 1101 1120 1119
f 1101 1104 1121
f 1101 1121 1122
f 1101 1122 1120
f 1102 1123 1104
f 1102 1103 1124
f 1102 1124 1123
f 1103 1115 1125
f 1103 1125 1126
f 1103 1126 1127
f 1103 1127 1124
f 1104 1123 1128
f 1104 1128 1121
f 1106 1129 1130
f 1106 1130 1107
f 1107 1130 1110
f 1108 1113 1109
f 1109 1113 1131
f 1109 1131 1132
f 1109 1132 1114
f 1110 1130 1133
f 1110 1133 1134
f 1110 1134 1112
f 1110 1112 1111
f 1112 1134 1135
f 1112 1135 1136
f 1112 1136 1113
f 1113 1136 1131
f 1114 1125 1115
f 1114 1132 1137
f 1114 1137 1125
f 1116 1118 1138
f 1116 1138 1139
f 1120 1122 1140
f 1121 1128 1122
f 1122 1128 1141
f 1122 1141 1142
f 1122 1142 1140
f 1123 1124 1127
f 1123 1127 1143
f 1123 1143 1144
f 1123 1144 1128
f 1125 1137 1145
f 1125 1145 1126
f 1126 1145 1146
f 1126 1146 1127
f 1127 1146 1147
f 1127 1147 1148
f 1127 1148 1143
f 1128 1144 1149
f 1128 1149 1141
f 1129 1150 1133
f 1129 1133 1130
f 1131 1136 1132
f 1132 1136 1151
f 1132 1151 1137
f 1133 1150 1152
f 1133 1152 1134
f 1134 1153 1135
f 1134 1152 1154
f 1134 1154 1155
f 1134 1155 1153
f 1135 1153 1136
f 1136 1153 1155
f 1136 1155 1156
f 1136 1156 1151
f 1137 1151 1157
f 1137 1157 1158
f 1137 1158 1145
f 1138 1159 1160
f 1138 1160 1139
f 1141 1161 1142
f 1141 1149 1162
f 1141 1162 1161
f 1143 1148 1163
f 1143 1163 1164
f 1143 1164 1144
f 1144 1164 1165
f 1144 1165 1149
f 1145 1158 1146
f 1146 1158 1166
f 1146 1166 1167
f 1146 1167 1168
f 1146 1168 1148
f 1146 1148 1147
f 1148 1168 1163
f 1149 1165 1169
f 1149 1169 1162
f 1150 1170 1152
f 1151 1156 1157
f 1152 1170 1198
f 1152 1198 1171
f 1152 1171 1154
f 1154 1171 1172
f 1154 1172 1155
f 1155 1172 1173
f 1155 1173 1174
f 1155 1174 1175
f 1155 1175 1176
f 1155 1176 1156
f 1156 1177 1157
f 1156 1176 1178
f 1156 1178 1177
f 1157 1177 1158
f 1158 1177 1179
f 1158 1179 1166
f 1159 1180 1160
f 1160 1180 1182
f 1160 1182 1183
f 1160 1183 1184
f 1160 1184 1181
f 1161 1162 1185
f 1162 1169 1185
f 1163 1168 1164
f 1164 1186 1165
f 1164 1168 1187
f 1164 1187 1188
f 1164 1188 1186
f 1165 1186 1189
f 1165 1189 1190
f 1165 1190 1169
f 1166 1179 1191
f 1166 1191 1192
f 1166 1192 1167
f 1167 1193 1187
f 1167 1187 1168
f 1167 1192 1194
f 1167 1194 1195
f 1167 1195 1193
f 1169 1196 1185
f 1169 1190 1197
f 1169 1197 1196
f 1171 1198 1199
f 1171 1199 1200
f 1171 1200 1201
f 1171 1201 1172
f 1172 1201 1174
f 1172 1174 1173
f 1174 1202 1175
f 1174 1201 1203
f 1174 1203 1204
f 1174 1204 1202
f 1175 1202 1176
f 1176 1202 1205
f 1176 1205 1206
f 1176 1206 1178
f 1177 1178 1191
f 1177 1191 1179
f 1178 1206 1207
f 1178 1207 1208
f 1178 1208 1191
f 1181 1184 1209
f 1184 1210 1209
f 1185 1196 1211
f 1185 1211 1212
f 1186 1188 1189
f 1187 1193 1213
f 1187 1213 1188
f 1188 1213 1189
f 1189 1213 1214
f 1189 1214 1190
f 1190 1214 1215
f 1190 1215 1216
f 1190 1216 1197
f 1191 1208 1192
f 1192 1208 1194
f 1193 1195 1217
f 1193 1217 1214
f 1193 1214 1213
f 1194 1208 1195
f 1195 1208 1218
f 1195 1218 1217
f 1196 1197 1211
f 1197 1219 1212
f 1197 1212 1211
f 1197 1216 1220
f 1197 1220 1219
f 1199 1221 1200
f 1200 1221 1222
f 1200 1222 1223
f 1200 1223 1201
f 1201 1223 1203
f 1202 1204 1205
f 1203 1223 1224
f 1203 1224 1225
f 1203 1225 1204
f 1204 1225 1226
f 1204 1226 1227
f 1204 1227 1205
f 1205 1227 1206
f 1206 1227 1228
f 1206 1228 1207
f 1207 1228 1229
f 1207 1229 1208
f 1208 1229 1230
f 1208 1230 1231
f 1208 1231 1232
f 1208 1232 1233
f 1208 1233 1218
f 1209 1210 1235
f 1209 1235 1234
f 1214 1217 1236
f 1214 1236 1237
f 1214 1237 1238
f 1214 1238 1215
f 1215 1239 1240
f 1215 1240 1216
f 1215 1238 1241
f 1215 1241 1242
f 1215 1242 1239
f 1216 1240 1220
f 1217 1218 1236
f 1218 1233 1243
f 1218 1243 1236
f 1219 1220 1244
f 1219 1244 1245
f 1220 1240 1244
f 1222 1246 1223
f 1223 1246 1224
f 1224 1246 1247
f 1224 1247 1248
f 1224 1248 1249
f 1224 1249 1225
f 1225 1249 1250
f 1225 1250 1226
f 1226 1251 1227
f 1226 1250 1252
f 1226 1252 1251
f 1227 1251 1253
f 1227 1253 1228
f 1228 1253 1229
f 1229 1253 1230
f 1230 1253 1254
f 1230 1254 1255
f 1230 1255 1256
f 1230 1256 1231
f 1231 1257 1258
f 1231 1258 1232
f 1231 1256 1257
f 1232 1258 1259
f 1232 1259 1233
f 1233 1259 1243
f 1234 1235 1260
f 1235 1261 1262
f 1235 1262 1263
f 1235 1263 1260
f 1236 1243 1237
f 1237 1243 1264
f 1237 1264 1238
f 1238 1264 1241
f 1239 1242 1265
f 1239 1265 1240
f 1240 1266 1244
f 1240 1265 1267
f 1240 1267 1266
f 1241 1264 1268
f 1241 1268 1269
f 1241 1269 1270
f 1241 1270 1271
f 1241 1271 1242
f 1242 1271 1265
f 1243 1259 1268
f 1243 1268 1264
f 1244 1272 1245
f 1244 1266 1273
f 1244 1273 1272
f 1245 1272 1274
f 1248 1275 1249
f 1249 1275 1305
f 1249 1305 1276
f 1249 1276 1277
f 1249 1277 1250
f 1250 1277 1252
f 1251 1252 1253
f 1252 1277 1278
f 1252 1278 1309
f 1252 1309 1279
f 1252 1279 1253
f 1253 1279 1254
f 1254 1279 1255
f 1255 1280 1281
f 1255 1281 1282
f 1255 1282 1283
f 1255 1283 1284
f 1255 1284 1257
f 1255 1257 1256
f 1255 1279 1285
f 1255 1285 1286
f 1255 1286 1280
f 1257 1287 1258
f 1257 1284 1287
f 1258 1287 1259
f 1259 1287 1288
f 1259 1288 1268
f 1261 1289 1262
f 1262 1289 1291
f 1262 1291 1290
f 1265 1271 1292
f 1265 1292 1267
f 1266 1267 1293
f 1266 1293 1273
f 1267 1292 1294
f 1267 1294 1295
f 1267 1295 1293
f 1268 1288 1296
f 1268 1296 1269
f 1269 1296 1270
f 1270 1296 1297
f 1270 1297 1298
f 1270 1298 1299
f 1270 1299 1300
f 1270 1300 1301
f 1270 1301 1271
f 1271 1301 1292
f 1272 1302 1274
f 1272 1273 1303
f 1272 1303 1302
f 1273 1293 1304
f 1273 1304 1303
f 1276 1306 1277
f 1276 1305 1339
f 1276 1339 1307
f 1276 1307 1308
f 1276 1308 1306
f 1277 1306 1286
f 1277 1286 1278
f 1278 1286 1309
f 1279 1309 1285
f 1280 1286 1310
f 1280 1310 1281
f 1281 1310 1311
f 1281 1311 1282
f 1282 1311 1312
f 1282 1312 1283
f 1283 1313 1314
f 1283 1314 1284
f 1283 1312 1315
f 1283 1315 1313
f 1284 1314 1287
f 1285 1309 1286
f 1286 1308 1316
f 1286 1316 1317
f 1286 1317 1318
f 1286 1318 1310
f 1286 1306 1308
f 1287 1314 1319
f 1287 1319 1288
f 1288 1319 1320
f 1288 1320 1297
f 1288 1297 1296
f 1290 1291 1321
f 1291 1322 1321
f 1292 1301 1323
f 1292 1323 1294
f 1293 1295 1304
f 1294 1323 1324
f 1294 1324 1325
f 1294 1325 1295
f 1295 1325 1326
f 1295 1326 1304
f 1297 1320 1298
f 1298 1327 1328
f 1298 1328 1329
f 1298 1329 1299
f 1298 1320 1330
f 1298 1330 1331
f 1298 1331 1327
f 1299 1329 1300
f 1300 1332 1323
f 1300 1323 1301
f 1300 1329 1332
f 1302 1303 1333
f 1303 1304 1334
f 1303 1334 1335
f 1303 1335 1336
f 1303 1336 1333
f 1304 1326 1337
f 1304 1337 1338
f 1304 1338 1334
f 1307 1339 1367
f 1307 1367 1340
f 1307 1340 1308
f 1308 1340 1341
f 1308 1341 1316
f 1310 1318 1342
f 1310 1342 1311
f 1311 1342 1343
f 1311 1343 1312
f 1312 1343 1346
f 1312 1346 1315
f 1313 1344 1314
f 1313 1315 1345
f 1313 1345 1344
f 1314 1344 1320
f 1314 1320 1319
f 1315 1346 1347
f 1315 1347 1345
f 1316 1341 1348
f 1316 1348 1349
f 1316 1349 1318
f 1316 1318 1317
f 1318 1349 1350
f 1318 1350 1342
f 1320 1344 1351
f 1320 1351 1330
f 1321 1322 1353
f 1321 1353 1352
f 1323 1332 1324
f 1324 1354 1325
f 1324 1332 1355
f 1324 1355 1354
f 1325 1354 1337
f 1325 1337 1326
f 1327 1331 1356
f 1327 1356 1357
f 1327 1357 1358
f 1327 1358 1328
f 1328 1358 1355
f 1328 1355 1332
f 1328 1332 1329
f 1330 1351 1347
f 1330 1347 1359
f 1330 1359 1331
f 1331 1360 1356
f 1331 1359 1360
f 1334 1338 1361
f 1334 1361 1335
f 1335 1361 1362
f 1337 1354 1338
f 1338 1363 1361
f 1338 1354 1364
f 1338 1364 1365
f 1338 1365 1366
f 1338 1366 1363
f 1340 1367 1341
f 1341 1367 1368
f 1341 1368 1369
f 1341 1369 1370
f 1341 1370 1348
f 1342 1350 1371
f 1342 1371 1343
f 1343 1371 1346
f 1344 1345 1351
f 1345 1347 1351
f 1346 1371 1347
f 1347 1371 1372
f 1347 1372 1359
f 1348 1370 1373
f 1348 1373 1374
f 1348 1374 1375
f 1348 1375 1349
f 1349 1375 1376
f 1349 1376 1350
f 1350 1376 1371
f 1352 1353 1377
f 1353 1378 1377
f 1354 1355 1379
f 1354 1379 1380
f 1354 1380 1364
f 1355 1358 1357
f 1355 1357 1379
f 1356 1360 1357
f 1357 1360 1381
f 1357 1381 1382
f 1357 1382 1383
f 1357 1383 1384
f 1357 1384 1380
f 1357 1380 1379
f 1359 1372 1385
f 1359 1385 1386
f 1359 1386 1387
f 1359 1387 1388
f 1359 1388 1389
f 1359 1389 1390
f 1359 1390 1360
f 1360 1390 1391
f 1360 1391 1392
f 1360 1392 1382
f 1360 1382 1381
f 1361 1393 1362
f 1361 1363 1393
f 1363 1394 1395
f 1363 1395 1393
f 1363 1366 1394
f 1364 1380 1384
f 1364 1384 1365
f 1365 1384 1366
f 1366 1384 1396
f 1366 1396 1394
f 1371 1376 1397
f 1371 1397 1372
f 1372 1397 1398
f 1372 1398 1385
f 1374 1399 1375
f 1375 1400 1376
f 1375 1399 1401
f 1375 1401 1402
f 1375 1402 1400
f 1376 1403 1397
f 1376 1400 1402
f 1376 1402 1403
f 1377 1378 1404
f 1377 1404 1405
f 1382 1392 1406
f 1382 1406 1383
f 1383 1406 1384
f 1384 1406 1392
f 1384 1392 1407
f 1384 1407 1408
f 1384 1408 1409
f 1384 1409 1410
f 1384 1410 1396
f 1385 1398 1386
f 1386 1398 1388
f 1386 1388 1387
f 1388 1411 1412
f 1388 1412 1413
f 1388 1413 1390
f 1388 1390 1414
f 1388 1414 1389
f 1388 1398 1415
f 1388 1415 1416
f 1388 1416 1411
f 1389 1414 1390
f 1390 1417 1418
f 1390 1418 1391
f 1390 1413 1417
f 1391 1418 1419
f 1391 1419 1420
f 1391 1420 1421
f 1391 1421 1422
f 1391 1422 1423
f 1391 1423 1392
f 1392 1423 1424
f 1392 1424 1408
f 1392 1408 1407
f 1397 1403 1425
f 1397 1425 1398
f 1398 1425 1426
f 1398 1426 1415
f 1399 1427 1428
f 1399 1428 1401
f 1401 1428 1429
f 1401 1429 1402
f 1402 1429 1430
f 1402 1430 1403
f 1403 1430 1431
f 1403 1431 1432
f 1403 1432 1450
f 1403 1450 1425
f 1404 1433 1405
f 1405 1433 1434
f 1408 1424 1409
f 1409 1424 1435
f 1409 1435 1410
f 1411 1416 1436
f 1411 1436 1437
f 1411 1437 1438
f 1411 1438 1412
f 1412 1439 1440
f 1412 1440 1413
f 1412 1438 1439
f 1413 1440 1441
f 1413 1441 1417
f 1415 1426 1416
f 1416 1426 1436
f 1417 1441 1442
f 1417 1442 1418
f 1418 1442 1420
f 1418 1420 1419
f 1420 1422 1421
f 1420 1442 1443
f 1420 1443 1444
f 1420 1444 1445
f 1420 1445 1422
f 1422 1445 1446
f 1422 1446 1423
f 1423 1446 1445
f 1423 1445 1447
f 1423 1447 1448
f 1423 1448 1424
f 1424 1448 1449
f 1425 1450 1426
f 1426 1451 1436
f 1426 1450 1451
f 1427 1452 1453
f 1427 1453 1428
f 1428 1453 1429
f 1429 1453 1430
f 1430 1453 1431
f 1431 1454 1455
f 1431 1455 1456
f 1431 1456 1432
f 1431 1453 1457
f 1431 1457 1454
f 1432 1456 1458
f 1432 1458 1450
f 1433 1459 1460
f 1433 1460 1434
f 1436 1451 1461
f 1436 1461 1437
f 1437 1461 1462
f 1437 1462 1438
f 1438 1462 1463
f 1438 1463 1439
f 1439 1464 1440
f 1439 1463 1464
f 1440 1464 1465
f 1440 1465 1441
f 1441 1465 1466
f 1441 1466 1442
f 1442 1466 1443
f 1443 1466 1467
f 1443 1467 1468
f 1443 1468 1444
f 1444 1468 1469
f 1444 1469 1445
f 1445 1469 1470
f 1445 1470 1471
f 1445 1471 1472
f 1445 1472 1473
f 1445 1473 1474
f 1445 1474 1448
f 1445 1448 1447
f 1448 1474 1449
f 1450 1458 1451
f 1451 1458 1475
f 1451 1475 1476
f 1451 1476 1461
f 1452 1477 1457
f 1452 1457 1453
f 1454 1457 1484
f 1454 1484 1478
f 1454 1478 1479
f 1454 1479 1480
f 1454 1480 1455
f 1455 1480 1481
f 1455 1481 1482
f 1455 1482 1456
f 1456 1482 1483
f 1456 1483 1458
f 1457 1477 1484
f 1458 1483 1485
f 1458 1485 1475
f 1459 1486 1487
f 1459 1487 1460
f 1461 1476 1462
f 1462 1464 1463
f 1462 1476 1488
f 1462 1488 1464
f 1464 1488 1489
f 1464 1489 1465
f 1465 1489 1490
f 1465 1490 1491
f 1465 1491 1466
f 1466 1492 1467
f 1466 1491 1524
f 1466 1524 1493
f 1466 1493 1494
f 1466 1494 1492
f 1467 1494 1495
f 1467 1495 1468
f 1467 1492 1494
f 1468 1495 1494
f 1468 1494 1496
f 1468 1496 1497
f 1468 1497 1498
f 1468 1498 1499
f 1468 1499 1469
f 1469 1499 1470
f 1470 1499 1471
f 1471 1499 1472
f 1472 1500 1501
f 1472 1501 1502
f 1472 1502 1473
f 1472 1499 1500
f 1475 1485 1503
f 1475 1503 1504
f 1475 1504 1505
f 1475 1505 1476
f 1476 1505 1488
f 1479 1506 1480
f 1480 1506 1507
f 1480 1507 1481
f 1481 1507 1508
f 1481 1508 1509
f 1481 1509 1482
f 1482 1509 1483
f 1483 1509 1510
f 1483 1510 1511
f 1483 1511 1485
f 1485 1511 1512
f 1485 1512 1513
f 1485 1513 1503
f 1486 1514 1515
f 1486 1515 1516
f 1486 1516 1517
f 1486 1517 1518
f 1486 1518 1487
f 1488 1519 1489
f 1488 1505 1520
f 1488 1520 1521
f 1488 1521 1519
f 1489 1519 1522
f 1489 1522 1523
f 1489 1523 1490
f 1490 1523 1524
f 1490 1524 1491
f 1493 1524 1523
f 1493 1523 1494
f 1494 1525 1526
f 1494 1526 1527
f 1494 1527 1496
f 1494 1523 1525
f 1496 1527 1497
f 1497 1527 1528
f 1497 1528 1529
f 1497 1529 1530
f 1497 1530 1498
f 1498 1530 1499
f 1499 1530 1529
f 1499 1529 1531
f 1499 1531 1500
f 1500 1531 1501
f 1501 1531 1532
f 1503 1513 1504
f 1504 1513 1533
f 1504 1533 1505
f 1505 1533 1520
f 1506 1534 1507
f 1507 1534 1563
f 1507 1563 1535
f 1507 1535 1508
f 1508 1535 1536
f 1508 1536 1537
f 1508 1537 1509
f 1509 1537 1538
f 1509 1538 1539
f 1509 1539 1510
f 1510 1539 1540
f 1510 1540 1541
f 1510 1541 1511
f 1511 1541 1512
f 1512 1541 1513
f 1513 1542 1521
f 1513 1521 1533
f 1513 1541 1543
f 1513 1543 1544
f 1513 1544 1542
f 1514 1545 1546
f 1514 1546 1547
f 1514 1547 1515
f 1519 1521 1542
f 1519 1542 1548
f 1519 1548 1549
f 1519 1549 1550
f 1519 1550 1551
f 1519 1551 1522
f 1520 1533 1521
f 1522 1551 1552
f 1522 1552 1523
f 1523 1552 1553
f 1523 1553 1525
f 1525 1553 1554
f 1525 1554 1555
f 1525 1555 1556
f 1525 1556 1526
f 1526 1556 1557
f 1526 1557 1527
f 1527 1557 1528
f 1528 1557 1558
f 1528 1558 1559
f 1528 1559 1560
f 1528 1560 1531
f 1528 1531 1529
f 1531 1560 1561
f 1531 1561 1562
f 1531 1562 1532
f 1535 1563 1564
f 1535 1564 1536
f 1536 1564 1565
f 1536 1565 1538
f 1536 1538 1537
f 1538 1565 1566
f 1538 1566 1567
f 1538 1567 1568
f 1538 1568 1539
f 1539 1568 1569
f 1539 1569 1540
f 1540 1569 1541
f 1541 1569 1570
f 1541 1570 1543
f 1542 1544 1571
f 1542 1571 1572
f 1542 1572 1548
f 1543 1570 1544
f 1544 1573 1574
f 1544 1574 1571
f 1544 1570 1602
f 1544 1602 1573
f 1545 1575 1576
f 1545 1576 1577
f 1545 1577 1578
f 1545 1578 1579
f 1545 1579 1580
f 1545 1580 1581
f 1545 1581 1546
f 1548 1572 1582
f 1548 1582 1583
f 1548 1583 1549
f 1549 1583 1550
f 1550 1583 1551
f 1551 1583 1584
f 1551 1584 1552
f 1552 1584 1585
f 1552 1585 1554
f 1552 1554 1553
f 1554 1585 1612
f 1554 1612 1586
f 1554 1586 1587
f 1554 1587 1588
f 1554 1588 1555
f 1555 1588 1556
f 1556 1588 1589
f 1556 1589 1558
f 1556 1558 1557
f 1558 1589 1590
f 1558 1590 1591
f 1558 1591 1592
f 1558 1592 1559
f 1559 1591 1593
f 1559 1593 1594
f 1559 1594 1595
f 1559 1595 1561
f 1559 1561 1560
f 1559 1592 1591
f 1563 1596 1564
f 1564 1596 1597
f 1564 1597 1565
f 1565 1597 1598
f 1565 1598 1599
f 1565 1599 1566
f 1566 1599 1567
f 1567 1600 1568
f 1567 1599 1601
f 1567 1601 1600
f 1568 1600 1569
f 1569 1600 1602
f 1569 1602 1570
f 1571 1574 1572
f 1572 1574 1603
f 1572 1603 1604
f 1572 1604 1582
f 1573 1602 1605
f 1573 1605 1606
f 1573 1606 1607
f 1573 1607 1608
f 1573 1608 1574
f 1574 1607 1603
f 1574 1608 1607
f 1575 1609 1576
f 1576 1609 1610
f 1582 1604 1583
f 1583 1604 1611
f 1583 1611 1612
f 1583 1612 1584
f 1584 1612 1585
f 1586 1613 1614
f 1586 1614 1587
f 1586 1612 1613
f 1587 1614 1588
f 1588 1614 1615
f 1588 1615 1616
f 1588 1616 1617
f 1588 1617 1589
f 1589 1617 1618
f 1589 1618 1590
f 1590 1618 1619
f 1590 1619 1591
f 1591 1619 1620
f 1591 1620 1621
f 1591 1621 1593
f 1596 1622 1597
f 1597 1622 1623
f 1597 1623 1624
f 1597 1624 1598
f 1598 1625 1626
f 1598 1626 1599
f 1598 1624 1625
f 1599 1626 1627
f 1599 1627 1601
f 1600 1601 1628
f 1600 1628 1629
f 1600 1629 1602
f 1601 1627 1630
f 1601 1630 1628
f 1602 1629 1631
f 1602 1631 1605
f 1603 1607 1632
f 1603 1632 1633
f 1603 1633 1634
f 1603 1634 1611
f 1603 1611 1604
f 1605 1631 1635
f 1605 1635 1606
f 1606 1635 1607
f 1607 1635 1636
f 1607 1636 1637
f 1607 1637 1638
f 1607 1638 1632
f 1609 1639 1610
f 1610 1639 1640
f 1611 1634 1612
f 1612 1634 1641
f 1612 1641 1613
f 1613 1642 1614
f 1613 1641 1642
f 1614 1642 1643
f 1614 1643 1616
f 1614 1616 1615
f 1616 1644 1645
f 1616 1645 1646
f 1616 1646 1647
f 1616 1647 1617
f 1616 1643 1644
f 1617 1647 1618
f 1618 1647 1648
f 1618 1648 1619
f 1619 1648 1620
f 1620 1648 1649
f 1623 1650 1624
f 1624 1650 1651
f 1624 1651 1625
f 1625 1651 1652
f 1625 1652 1626
f 1626 1652 1653
f 1626 1653 1627
f 1627 1653 1654
f 1627 1654 1630
f 1628 1630 1655
f 1628 1655 1631
f 1628 1631 1629
f 1630 1654 1655
f 1631 1655 1654
f 1631 1654 1656
f 1631 1656 1637
f 1631 1637 1635
f 1632 1638 1633
f 1633 1638 1657
f 1633 1657 1658
f 1633 1658 1659
f 1633 1659 1660
f 1633 1660 1643
f 1633 1643 1642
f 1633 1642 1661
f 1633 1661 1662
f 1633 1662 1634
f 1634 1662 1641
f 1635 1637 1636
f 1637 1663 1664
f 1637 1664 1665
f 1637 1665 1666
f 1637 1666 1667
f 1637 1667 1659
f 1637 1659 1657
f 1637 1657 1638
f 1637 1656 1654
f 1637 1654 1668
f 1637 1668 1669
f 1637 1669 1670
f 1637 1670 1663
f 1639 1671 1672
f 1639 1672 1673
f 1639 1673 1674
f 1639 1674 1640
f 1641 1662 1661
f 1641 1661 1642
f 1643 1660 1644
f 1644 1660 1675
f 1644 1675 1676
f 1644 1676 1677
f 1644 1677 1645
f 1645 1677 1646
f 1646 1677 1678
f 1646 1678 1679
f 1646 1679 1680
f 1646 1680 1648
f 1646 1648 1647
f 1648 1680 1649
f 1650 1681 1651
f 1651 1681 1682
f 1651 1682 1683
f 1651 1683 1652
f 1652 1684 1685
f 1652 1685 1686
f 1652 1686 1653
f 1652 1683 1684
f 1653 1686 1687
f 1653 1687 1688
f 1653 1688 1689
f 1653 1689 1654
f 1654 1689 1668
f 1657 1659 1658
f 1659 1667 1690
f 1659 1690 1691
f 1659 1691 1660
f 1660 1690 1667
f 1660 1667 1675
f 1660 1691 1690
f 1663 1670 1664
f 1664 1670 1692
f 1664 1692 1665
f 1665 1692 1693
f 1665 1693 1666
f 1666 1693 1694
f 1666 1694 1695
f 1666 1695 1667
f 1667 1695 1677
f 1667 1677 1675
f 1668 1689 1696
f 1668 1696 1697
f 1668 1697 1698
f 1668 1698 1669
f 1669 1698 1697
f 1669 1697 1696
f 1669 1696 1699
f 1669 1699 1700
f 1669 1700 1701
f 1669 1701 1702
f 1669 1702 1703
f 1669 1703 1670
f 1670 1703 1704
f 1670 1704 1705
f 1670 1705 1692
f 1671 1706 1707
f 1671 1707 1672
f 1675 1677 1676
f 1677 1695 1708
f 1677 1708 1678
f 1678 1708 1709
f 1681 1710 1682
f 1682 1710 1711
f 1682 1711 1683
f 1683 1711 1712
f 1683 1712 1684
f 1684 1712 1685
f 1685 1712 1713
f 1685 1713 1714
f 1685 1714 1715
f 1685 1715 1716
f 1685 1716 1686
f 1686 1716 1687
f 1687 1716 1717
f 1687 1717 1688
f 1688 1717 1718
f 1688 1718 1696
f 1688 1696 1689
f 1692 1705 1719
f 1692 1719 1720
f 1692 1720 1693
f 1693 1720 1694
f 1694 1720 1721
f 1694 1721 1722
f 1694 1722 1695
f 1695 1722 1723
f 1695 1723 1724
f 1695 1724 1708
f 1696 1718 1699
f 1699 1718 1725
f 1699 1725 1726
f 1699 1726 1700
f 1700 1727 1701
f 1700 1726 1727
f 1701 1727 1728
f 1701 1728 1729
f 1701 1729 1702
f 1702 1729 1703
f 1703 1729 1730
f 1703 1730 1731
f 1703 1731 1732
f 1703 1732 1733
f 1703 1733 1734
f 1703 1734 1705
f 1703 1705 1704
f 1705 1734 1733
f 1705 1733 1719
f 1706 1735 1736
f 1706 1736 1707
f 1708 1724 1709
f 1709 1724 1737
f 1710 1738 1711
f 1711 1738 1739
f 1711 1739 1740
f 1711 1740 1712
f 1712 1740 1741
f 1712 1741 1742
f 1712 1742 1743
f 1712 1743 1713
f 1713 1743 1744
f 1713 1744 1745
f 1713 1745 1714
f 1714 1745 1746
f 1714 1746 1715
f 1715 1726 1716
f 1715 1746 1726
f 1716 1747 1717
f 1716 1726 1747
f 1717 1747 1718
f 1718 1747 1725
f 1719 1733 1748
f 1719 1748 1720
f 1720 1748 1721
f 1721 1748 1749
f 1721 1749 1750
f 1721 1750 1751
f 1721 1751 1722
f 1723 1737 1724
f 1725 1747 1726
f 1726 1746 1752
f 1726 1752 1753
f 1726 1753 1727
f 1727 1753 1754
f 1727 1754 1728
f 1728 1754 1755
f 1728 1755 1756
f 1728 1756 1757
f 1728 1757 1729
f 1729 1757 1758
f 1729 1758 1759
f 1729 1759 1731
f 1729 1731 1730
f 1731 1759 1760
f 1731 1760 1732
f 1732 1760 1761
f 1732 1761 1762
f 1732 1762 1733
f 1733 1763 1748
f 1733 1762 1764
f 1733 1764 1763
f 1735 1765 1736
f 1736 1765 1767
f 1736 1767 1768
f 1736 1768 1766
f 1739 1769 1740
f 1740 1769 1770
f 1740 1770 1771
f 1740 1771 1741
f 1741 1771 1772
f 1741 1772 1773
f 1741 1773 1742
f 1742 1773 1774
f 1742 1774 1744
f 1742 1744 1743
f 1744 1774 1775
f 1744 1775 1776
f 1744 1776 1745
f 1745 1776 1777
f 1745 1777 1746
f 1746 1777 1778
f 1746 1778 1754
f 1746 1754 1752
f 1748 1763 1779
f 1748 1779 1780
f 1748 1780 1781
f 1748 1781 1782
f 1748 1782 1750
f 1748 1750 1749
f 1752 1754 1753
f 1754 1778 1783
f 1754 1783 1756
f 1754 1756 1755
f 1756 1783 1784
f 1756 1784 1785
f 1756 1785 1786
f 1756 1786 1757
f 1757 1786 1787
f 1757 1787 1788
f 1757 1788 1758
f 1758 1788 1789
f 1758 1789 1759
f 1759 1789 1760
f 1760 1789 1790
f 1760 1790 1761
f 1761 1779 1764
f 1761 1764 1762
f 1761 1790 1791
f 1761 1791 1792
f 1761 1792 1779
f 1763 1764 1779
f 1766 1768 1793
f 1766 1793 1794
f 1766 1794 1795
f 1766 1795 1796
f 1770 1797 1771
f 1771 1797 1772
f 1772 1797 1798
f 1772 1798 1799
f 1772 1799 1773
f 1773 1799 1800
f 1773 1800 1801
f 1773 1801 1775
f 1773 1775 1774
f 1775 1801 1802
f 1775 1802 1803
f 1775 1803 1804
f 1775 1804 1776
f 1776 1804 1805
f 1776 1805 1777
f 1777 1805 1806
f 1777 1806 1783
f 1777 1783 1778
f 1779 1792 1780
f 1780 1807 1782
f 1780 1782 1781
f 1780 1792 1808
f 1780 1808 1807
f 1783 1806 1809
f 1783 1809 1784
f 1784 1809 1810
f 1784 1810 1811
f 1784 1811 1812
f 1784 1812 1813
f 1784 1813 1785
f 1785 1813 1786
f 1786 1813 1814
f 1786 1814 1787
f 1787 1814 1788
f 1788 1814 1815
f 1788 1815 1789
f 1789 1815 1816
f 1789 1816 1817
f 1789 1817 1818
f 1789 1818 1790
f 1790 1818 1791
f 1791 1819 1792
f 1791 1818 1820
f 1791 1820 1821
f 1791 1821 1819
f 1792 1819 1808
f 1795 1822 1823
f 1795 1823 1796
f 1797 1824 1798
f 1798 1824 1825
f 1798 1825 1799
f 1799 1826 1827
f 1799 1827 1828
f 1799 1828 1829
f 1799 1829 1800
f 1799 1825 1826
f 1800 1829 1802
f 1800 1802 1801
f 1802 1829 1830
f 1802 1830 1831
f 1802 1831 1803
f 1803 1831 1804
f 1804 1831 1832
f 1804 1832 1805
f 1805 1832 1809
f 1805 1809 1806
f 1809 1832 1833
f 1809 1833 1810
f 1810 1833 1834
f 1810 1834 1835
f 1810 1835 1836
f 1810 1836 1811
f 1811 1836 1837
f 1811 1837 1812
f 1812 1837 1813
f 1813 1837 1814
f 1814 1837 1838
f 1814 1838 1839
f 1814 1839 1840
f 1814 1840 1841
f 1814 1841 1815
f 1815 1841 1816
f 1816 1842 1818
f 1816 1818 1817
f 1816 1841 1843
f 1816 1843 1844
f 1816 1844 1842
f 1818 1842 1845
f 1818 1845 1846
f 1818 1846 1820
f 1820 1846 1821
f 1822 1847 1848
f 1822 1848 1849
f 1822 1849 1850
f 1822 1850 1851
f 1822 1851 1852
f 1822 1852 1823
f 1826 1853 1827
f 1827 1853 1854
f 1827 1854 1855
f 1827 1855 1828
f 1828 1855 1856
f 1828 1856 1829
f 1829 1856 1830
f 1830 1856 1857
f 1830 1857 1858
f 1830 1858 1831
f 1831 1858 1832
f 1832 1858 1833
f 1833 1858 1859
f 1833 1859 1834
f 1834 1859 1860
f 1834 1860 1861
f 1834 1861 1862
f 1834 1862 1863
f 1834 1863 1835
f 1835 1863 1836
f 1836 1863 1837
f 1837 1863 1864
f 1837 1864 1838
f 1838 1864 1843
f 1838 1843 1839
f 1839 1843 1840
f 1840 1843 1841
f 1842 1844 1865
f 1842 1865 1845
f 1843 1866 1867
f 1843 1867 1868
f 1843 1868 1869
f 1843 1869 1844
f 1843 1864 1866
f 1844 1869 1865
f 1847 1870 1848
f 1848 1870 1871
f 1853 1872 1854
f 1854 1872 1873
f 1854 1873 1874
f 1854 1874 1875
f 1854 1875 1855
f 1855 1875 1876
f 1855 1876 1856
f 1856 1876 1857
f 1857 1876 1877
f 1857 1877 1878
f 1857 1878 1858
f 1858 1878 1859
f 1859 1878 1879
f 1859 1879 1860
f 1860 1879 1880
f 1860 1880 1861
f 1861 1880 1881
f 1861 1881 1862
f 1862 1881 1863
f 1863 1881 1882
f 1863 1882 1883
f 1863 1883 1884
f 1863 1884 1864
f 1864 1885 1866
f 1864 1884 1885
f 1866 1885 1867
f 1867 1885 1884
f 1867 1884 1886
f 1867 1886 1868
f 1868 1886 1887
f 1868 1887 1869
f 1870 1888 1889
f 1870 1889 1890
f 1870 1890 1891
f 1870 1891 1892
f 1870 1892 1871
f 1874 1893 1875
f 1875 1893 1894
f 1875 1894 1895
f 1875 1895 1896
f 1875 1896 1876
f 1876 1896 1877
f 1877 1897 1879
f 1877 1879 1878
f 1877 1896 1897
f 1879 1897 1898
f 1879 1898 1880
f 1880 1898 1899
f 1880 1899 1881
f 1881 1899 1900
f 1881 1900 1901
f 1881 1901 1882
f 1882 1901 1884
f 1882 1884 1883
f 1884 1901 1902
f 1884 1902 1903
f 1884 1903 1886
f 1886 1903 1904
f 1886 1904 1905
f 1886 1905 1887
f 1888 1906 1907
f 1888 1907 1908
f 1888 1908 1889
f 1893 1909 1894
f 1894 1909 1895
f 1895 1909 1910
f 1895 1910 1896
f 1896 1910 1897
f 1897 1910 1911
f 1897 1911 1912
f 1897 1912 1898
f 1898 1912 1899
f 1899 1912 1913
f 1899 1913 1914
f 1899 1914 1915
f 1899 1915 1916
f 1899 1916 1900
f 1900 1902 1901
f 1900 1916 1902
f 1902 1916 1917
f 1902 1917 1903
f 1903 1917 1904
f 1906 1918 1907
f 1907 1918 1920
f 1907 1920 1921
f 1907 1921 1919
f 1909 1922 1910
f 1910 1922 1911
f 1911 1922 1923
f 1911 1923 1914
f 1911 1914 1913
f 1911 1913 1912
f 1914 1923 1924
f 1914 1924 1925
f 1914 1925 1926
f 1914 1926 1927
f 1914 1927 1928
f 1914 1928 1929
f 1914 1929 1930
f 1914 1930 1931
f 1914 1931 1915
f 1915 1931 1916
f 1916 1931 1917
f 1919 1921 1933
f 1919 1933 1934
f 1919 1934 1935
f 1919 1935 1932
f 1923 1925 1924
f 1926 1936 1927
f 1927 1936 1937
f 1927 1937 1938
f 1927 1938 1928
f 1928 1938 1939
f 1928 1939 1940
f 1928 1940 1929
f 1929 1940 1930
f 1930 1940 1931
f 1932 1935 1942
f 1932 1942 1941
f 1936 1943 1939
f 1936 1939 1938
f 1936 1938 1937
f 1939 1943 1945
f 1939 1945 1944
f 1941 1942 1947
f 1941 1947 1946
f 1944 1948 1949
f 1944 1945 1948
f 1946 1947 1951
f 1946 1951 1950
f 1948 1952 1953
f 1948 1953 1949
f 1950 1951 1954
f 1950 1954 1955
f 1950 1955 1952
f 1952 1955 1953

o geometry_2
v 0.75982686 35.47977313 87.75819559 0.43529412 0.89019608 0.96078431
v -0.92780608 35.47977313 87.72646155 0.43529412 0.89019608 0.96078431
v -0.92780608 33.79088709 87.47892998 0.43529412 0.89019608 0.96078431
v 0.75982686 33.79088709 87.50431317 0.43529412 0.89019608 0.96078431
v 2.44745987 33.85640229 87.21235596 0.43529412 0.89019608 0.96078431
v 2.45504472 35.47977313 87.42180265 0.43529412 0.89019608 0.96078431
v 3.40694540 36.48437056 87.11080299 0.43529412 0.89019608 0.96078431
v 2.45504472 36.74643891 87.23773916 0.43529412 0.89019608 0.96078431
v 0.74086471 37.24873637 87.37737701 0.43529412 0.89019608 0.96078431
v -0.92780608 37.17593890 87.47892998 0.43529412 0.89019608 0.96078431
v -2.62302379 35.47977313 87.48527073 0.43529412 0.89019608 0.96078431
v -2.62302379 33.79088709 87.32660053 0.43529412 0.89019608 0.96078431
v -3.54079261 32.88092636 87.04732482 0.43529412 0.89019608 0.96078431
v -4.31824158 20.51274063 83.80400089 0.43529412 0.89019608 0.96078431
v -2.62302379 20.38170646 83.83573493 0.43529412 0.89019608 0.96078431
v -0.92780608 20.30891025 83.84843157 0.43529412 0.89019608 0.96078431
v 1.87859479 32.75717067 87.09811140 0.43529412 0.89019608 0.96078431
v -0.92780608 19.46446598 83.61993739 0.43529412 0.89019608 0.96078431
v 0.75982686 19.50814446 83.61359160 0.43529412 0.89019608 0.96078431
v 2.45504472 19.79205204 83.53108107 0.43529412 0.89019608 0.96078431
v 2.45504472 20.63649632 83.75957525 0.43529412 0.89019608 0.96078431
v 3.35764368 34.46789594 87.06002651 0.43529412 0.89019608 0.96078431
v 3.00873993 33.33954534 86.95212270 0.43529412 0.89019608 0.96078431
v 3.42211512 35.47977313 87.11080299 0.43529412 0.89019608 0.96078431
v 5.08320105 36.46981107 85.42249248 0.43529412 0.89019608 0.96078431
v 6.56604237 37.59088193 83.44222475 0.43529412 0.89019608 0.96078431
v 5.43589770 38.31885152 83.93094210 0.43529412 0.89019608 0.96078431
v 0.18337696 41.60926663 85.54943369 0.43529412 0.89019608 0.96078431
v 5.42072798 33.79088709 85.67002910 0.43529412 0.89019608 0.96078431
v 5.27282280 35.47977313 85.57482193 0.43529412 0.89019608 0.96078431
v 0.16441482 38.10773888 87.11714374 0.43529412 0.89019608 0.96078431
v -0.92780608 38.11501862 87.11714374 0.43529412 0.89019608 0.96078431
v -1.91004626 38.07134014 87.06636726 0.43529412 0.89019608 0.96078431
v -2.53579793 37.18321865 87.21869671 0.43529412 0.89019608 0.96078431
v -3.81764037 36.62268322 87.12983534 0.43529412 0.89019608 0.96078431
v -4.03380896 35.47977313 87.20600512 0.43529412 0.89019608 0.96078431
v -3.82901781 33.79088709 87.14253703 0.43529412 0.89019608 0.96078431
v -4.67473049 33.79088709 86.89500041 0.43529412 0.89019608 0.96078431
v -7.20428336 21.93227983 83.76592105 0.43529412 0.89019608 0.96078431
v -6.90468103 21.02959884 83.65802228 0.43529412 0.89019608 0.96078431
v -6.00966725 20.79664948 83.72149036 0.43529412 0.89019608 0.96078431
v -6.00966725 19.95220520 83.49934198 0.43529412 0.89019608 0.96078431
v -6.00966725 18.54722676 83.12487425 0.43529412 0.89019608 0.96078431
v -4.31824158 18.54722676 83.24546461 0.43529412 0.89019608 0.96078431
v -2.62302379 18.54722676 83.32162934 0.43529412 0.89019608 0.96078431
v -2.62302379 19.53726344 83.60089495 0.43529412 0.89019608 0.96078431
v -0.92780608 18.54722676 83.36605497 0.43529412 0.89019608 0.96078431
v 3.61932172 20.92040391 83.68340548 0.43529412 0.89019608 0.96078431
v 4.74567443 21.22615073 83.60724580 0.43529412 0.89019608 0.96078431
v 5.39797310 22.35450134 83.74687860 0.43529412 0.89019608 0.96078431
v 0.75982686 18.54722676 83.33432093 0.43529412 0.89019608 0.96078431
v 2.45504472 18.54722676 83.17564568 0.43529412 0.89019608 0.96078431
v 4.16922466 20.30891025 83.43587390 0.43529412 0.89019608 0.96078431
v 5.32970907 32.09471879 85.58751857 0.43529412 0.89019608 0.96078431
v 6.52811840 23.05335069 83.59454915 0.43529412 0.89019608 0.96078431
v 6.75566411 24.18898230 83.68975632 0.43529412 0.89019608 0.96078431
v 5.91374402 21.84492413 83.49300123 0.43529412 0.89019608 0.96078431
v 6.12232806 35.47977313 84.69258431 0.43529412 0.89019608 0.96078431
v 6.78221158 38.18053634 82.31245051 0.43529412 0.89019608 0.96078431
v 5.22352107 41.62382612 80.46546979 0.43529412 0.89019608 0.96078431
v 6.70636238 36.46253132 83.67071388 0.43529412 0.89019608 0.96078431
v 13.58204441 21.56829503 72.12548026 0.43529412 0.89019608 0.96078431
v 3.61173686 40.02957679 83.90555385 0.43529412 0.89019608 0.96078431
v 2.04925423 43.32727417 78.98026520 0.43529412 0.89019608 0.96078431
v 0.83188308 43.56022353 79.48803004 0.43529412 0.89019608 0.96078431
v -2.95675798 43.35639316 82.19185509 0.43529412 0.89019608 0.96078431
v -0.92780608 41.67478435 85.61925261 0.43529412 0.89019608 0.96078431
v 6.26644003 33.79088709 84.84491376 0.43529412 0.89019608 0.96078431
v 8.51156092 21.93227983 82.08396138 0.43529412 0.89019608 0.96078431
v -4.31824158 38.87210721 86.13970905 0.43529412 0.89019608 0.96078431
v -3.04019141 37.75103382 86.92673950 0.43529412 0.89019608 0.96078431
v -1.99347985 41.56559067 85.49865720 0.43529412 0.89019608 0.96078431
v -4.35616586 37.18321865 86.77441005 0.43529412 0.89019608 0.96078431
v -4.88331422 35.47977313 86.93308025 0.43529412 0.89019608 0.96078431
v -6.00966725 33.79088709 86.16509224 0.43529412 0.89019608 0.96078431
v -6.00966725 32.09471879 85.98737960 0.43529412 0.89019608 0.96078431
v -8.40269269 23.32270004 83.57551176 0.43529412 0.89019608 0.96078431
v -8.04999604 21.93227983 83.46760794 0.43529412 0.89019608 0.96078431
v -7.56456455 20.37442671 83.30258689 0.43529412 0.89019608 0.96078431
v -7.70488457 18.54722676 82.83290694 0.43529412 0.89019608 0.96078431
v -7.83762004 16.70546605 82.28071647 0.43529412 0.89019608 0.96078431
v -6.00966725 16.85105972 82.61075856 0.43529412 0.89019608 0.96078431
v -4.31824158 16.85105972 82.73135397 0.43529412 0.89019608 0.96078431
v -2.62302379 16.85105972 82.80751870 0.43529412 0.89019608 0.96078431
v -0.92780608 16.85105972 82.83925779 0.43529412 0.89019608 0.96078431
v 4.15026236 18.54722676 82.92811411 0.43529412 0.89019608 0.96078431
v 5.84168803 20.23611279 83.10583181 0.43529412 0.89019608 0.96078431
v 0.75982686 16.85105972 82.78848131 0.43529412 0.89019608 0.96078431
v 2.45504472 16.85105972 82.62980101 0.43529412 0.89019608 0.96078431
v 6.82392814 25.31733290 83.74687860 0.43529412 0.89019608 0.96078431
v 7.16903962 18.54722676 82.16647190 0.43529412 0.89019608 0.96078431
v 7.66964082 20.18515583 82.36957784 0.43529412 0.89019608 0.96078431
v 8.32193917 19.58822167 81.91258948 0.43529412 0.89019608 0.96078431
v 8.44708947 20.72385202 82.00779160 0.43529412 0.89019608 0.96078431
v 6.80875843 35.47977313 83.84208577 0.43529412 0.89019608 0.96078431
v 13.92715589 23.62844687 67.54928120 0.43529412 0.89019608 0.96078431
v 14.08264562 23.62844687 65.85462489 0.43529412 0.89019608 0.96078431
v 6.08819605 40.56827298 79.40551952 0.43529412 0.89019608 0.96078431
v 13.44551761 22.70392664 71.70657680 0.43529412 0.89019608 0.96078431
v 13.78304391 22.05603426 71.05918420 0.43529412 0.89019608 0.96078431
v 14.24572052 21.93227983 69.24393752 0.43529412 0.89019608 0.96078431
v 14.52256796 21.93227983 67.54928120 0.43529412 0.89019608 0.96078431
v 5.36004850 41.74758181 79.40551952 0.43529412 0.89019608 0.96078431
v 4.15026236 42.38091470 79.40551952 0.43529412 0.89019608 0.96078431
v 13.40380042 20.23611279 73.29968014 0.43529412 0.89019608 0.96078431
v 13.71857247 20.23611279 72.45552741 0.43529412 0.89019608 0.96078431
v 14.23055017 20.23611279 70.93858879 0.43529412 0.89019608 0.96078431
v 1.98857538 43.30543493 77.71086320 0.43529412 0.89019608 0.96078431
v 0.75982686 43.82957163 77.71086320 0.43529412 0.89019608 0.96078431
v -0.92780608 43.90964884 79.40551952 0.43529412 0.89019608 0.96078431
v -3.98829982 43.35639316 82.19185509 0.43529412 0.89019608 0.96078431
v 6.89219217 33.79088709 83.99441523 0.43529412 0.89019608 0.96078431
v 8.51914609 23.62844687 82.10300382 0.43529412 0.89019608 0.96078431
v 9.92234624 18.54722676 80.04022052 0.43529412 0.89019608 0.96078431
v 9.96027085 20.23611279 80.05926296 0.43529412 0.89019608 0.96078431
v -5.21704826 39.78206794 85.39710423 0.43529412 0.89019608 0.96078431
v -6.05138381 37.00850726 85.82235350 0.43529412 0.89019608 0.96078431
v -5.46734886 38.87210721 85.61925261 0.43529412 0.89019608 0.96078431
v -6.00966725 35.47977313 86.15240065 0.43529412 0.89019608 0.96078431
v -6.96536052 33.79088709 85.46057232 0.43529412 0.89019608 0.96078431
v -6.93502046 32.09471879 85.41614668 0.43529412 0.89019608 0.96078431
v -6.88951132 31.04644540 85.36537019 0.43529412 0.89019608 0.96078431
v -8.55438983 24.45105065 83.64532564 0.43529412 0.89019608 0.96078431
v -9.90449631 18.54722676 81.65870706 0.43529412 0.89019608 0.96078431
v -9.05878363 18.54722676 82.28706731 0.43529412 0.89019608 0.96078431
v -8.81606757 17.17136604 82.10300382 0.43529412 0.89019608 0.96078431
v -8.48991839 16.04301417 81.93797772 0.43529412 0.89019608 0.96078431
v -7.36356568 15.72998760 82.05222734 0.43529412 0.89019608 0.96078431
v -6.00966725 15.48975849 82.14108366 0.43529412 0.89019608 0.96078431
v -4.31824158 15.33688508 82.19820594 0.43529412 0.89019608 0.96078431
v -2.47891134 15.03841800 82.18551434 0.43529412 0.89019608 0.96078431
v -1.81902798 14.30316992 81.95067437 0.43529412 0.89019608 0.96078431
v -1.69387768 14.30316992 81.95067437 0.43529412 0.89019608 0.96078431
v -1.04916395 15.00930027 82.19185509 0.43529412 0.89019608 0.96078431
v 5.84168803 18.54722676 82.59172117 0.43529412 0.89019608 0.96078431
v 4.26403553 16.70546605 82.29340806 0.43529412 0.89019608 0.96078431
v 6.82392814 17.55718881 82.00145085 0.43529412 0.89019608 0.96078431
v 0.75982686 15.28592811 82.22359418 0.43529412 0.89019608 0.96078431
v 2.45504472 15.51887748 82.14108366 0.43529412 0.89019608 0.96078431
v 3.77860404 15.78094582 82.03953069 0.43529412 0.89019608 0.96078431
v 8.01854488 18.54722676 81.78564827 0.43529412 0.89019608 0.96078431
v 8.66705065 15.52615722 80.45277314 0.43529412 0.89019608 0.96078431
v 8.91735125 16.85105972 80.68761312 0.43529412 0.89019608 0.96078431
v 9.76685651 16.85105972 79.91327931 0.43529412 0.89019608 0.96078431
v 12.09920373 20.12691786 76.13680230 0.43529412 0.89019608 0.96078431
v 12.96008549 20.23611279 74.32790142 0.43529412 0.89019608 0.96078431
v 13.46068670 19.29703433 73.46470624 0.43529412 0.89019608 0.96078431
v 14.70839712 21.93227983 65.85462489 0.43529412 0.89019608 0.96078431
v 14.11677763 23.62844687 64.15997362 0.43529412 0.89019608 0.96078431
v 13.60100734 24.74951773 65.85462489 0.43529412 0.89019608 0.96078431
v 14.78803891 21.93227983 64.15997362 0.43529412 0.89019608 0.96078431
v 6.50536351 39.44720213 76.01620689 0.43529412 0.89019608 0.96078431
v 13.60479867 24.74951773 64.15997362 0.43529412 0.89019608 0.96078431
v 13.16866891 25.59396074 64.15997362 0.43529412 0.89019608 0.96078431
v 14.67426511 20.23611279 69.24393752 0.43529412 0.89019608 0.96078431
v 14.98524457 20.17059633 67.53023876 0.43529412 0.89019608 0.96078431
v 15.07247153 20.68745328 65.85462489 0.43529412 0.89019608 0.96078431
v 5.25765308 41.65294511 78.05994774 0.43529412 0.89019608 0.96078431
v 14.47326686 18.54722676 70.93858879 0.43529412 0.89019608 0.96078431
v 14.96628290 18.54722676 69.18046439 0.43529412 0.89019608 0.96078431
v 1.67759576 43.15256026 76.75881170 0.43529412 0.89019608 0.96078431
v 0.73707228 43.41462860 76.12410565 0.43529412 0.89019608 0.96078431
v -0.92780608 44.04068175 77.71086320 0.43529412 0.89019608 0.96078431
v 0.16062237 43.23991721 74.89913434 0.43529412 0.89019608 0.96078431
v -0.92780608 43.69853619 76.01620689 0.43529412 0.89019608 0.96078431
v -2.62302379 43.84413112 79.40551952 0.43529412 0.89019608 0.96078431
v -4.45856159 43.45830708 81.16998467 0.43529412 0.89019608 0.96078431
v -5.11465253 43.05792608 81.78564827 0.43529412 0.89019608 0.96078431
v 9.92613883 21.93227983 79.95135915 0.43529412 0.89019608 0.96078431
v 11.78063909 19.48630522 76.87940207 0.43529412 0.89019608 0.96078431
v 11.72754415 20.61465708 76.78419490 0.43529412 0.89019608 0.96078431
v 10.33192916 15.15489268 78.87871224 0.43529412 0.89019608 0.96078431
v 10.42294745 16.85105972 79.06912658 0.43529412 0.89019608 0.96078431
v 10.46087205 18.54722676 79.18971694 0.43529412 0.89019608 0.96078431
v 11.30658473 18.54722676 77.74259724 0.43529412 0.89019608 0.96078431
v 11.78822300 18.54722676 76.89843946 0.43529412 0.89019608 0.96078431
v 10.44190912 20.23611279 79.20875938 0.43529412 0.89019608 0.96078431
v -6.96156793 39.88398187 82.10300382 0.43529412 0.89019608 0.96078431
v -6.64679589 37.46712624 84.86395620 0.43529412 0.89019608 0.96078431
v -6.85917189 36.33877563 85.33998195 0.43529412 0.89019608 0.96078431
v -6.91226620 35.47977313 85.40345003 0.43529412 0.89019608 0.96078431
v -12.25959777 20.23611279 78.99295680 0.43529412 0.89019608 0.96078431
v -8.58852185 26.66407337 83.67706473 0.43529412 0.89019608 0.96078431
v -8.58093668 25.31733290 83.67071388 0.43529412 0.89019608 0.96078431
v -10.04860891 20.23611279 81.73487684 0.43529412 0.89019608 0.96078431
v -10.73883123 18.54722676 80.81455433 0.43529412 0.89019608 0.96078431
v -10.62885127 16.85105972 80.66222992 0.43529412 0.89019608 0.96078431
v -10.43922953 15.15489268 80.45277314 0.43529412 0.89019608 0.96078431
v -10.30270147 14.15757625 80.30679454 0.43529412 0.89019608 0.96078431
v -9.38872539 16.70546605 81.58888813 0.43529412 0.89019608 0.96078431
v -7.83762004 15.16217242 81.75391423 0.43529412 0.89019608 0.96078431
v -9.97655229 13.02922501 80.09734280 0.43529412 0.89019608 0.96078431
v -9.40768769 13.53880285 80.57971435 0.43529412 0.89019608 0.96078431
v -8.84640699 12.31581617 80.38930506 0.43529412 0.89019608 0.96078431
v -7.70488457 13.45872690 81.13825063 0.43529412 0.89019608 0.96078431
v -6.00966725 14.64531547 81.82372811 0.43529412 0.89019608 0.96078431
v -4.31824158 14.48516232 81.88085544 0.43529412 0.89019608 0.96078431
v -4.31824158 13.45872690 81.45560113 0.43529412 0.89019608 0.96078431
v -5.22463311 10.91083710 80.25601805 0.43529412 0.89019608 0.96078431
v -0.92780608 11.76983961 80.70665556 0.43529412 0.89019608 0.96078431
v -1.04916395 13.62615918 81.61428142 0.43529412 0.89019608 0.96078431
v -0.56373242 14.34684839 81.93163193 0.43529412 0.89019608 0.96078431
v 5.84168803 17.20048376 82.13473786 0.43529412 0.89019608 0.96078431
v 4.90874902 16.05029392 81.93163193 0.43529412 0.89019608 0.96078431
v 7.44967965 16.93841541 81.51907426 0.43529412 0.89019608 0.96078431
v 5.84168803 16.35604075 81.81103651 0.43529412 0.89019608 0.96078431
v 7.64688593 15.03841800 80.70665556 0.43529412 0.89019608 0.96078431
v 8.28401520 14.39052624 80.21793317 0.43529412 0.89019608 0.96078431
v 0.75982686 14.44148384 81.89354704 0.43529412 0.89019608 0.96078431
v 2.45504472 14.67443383 81.79834492 0.43529412 0.89019608 0.96078431
v 4.26403553 15.19129141 81.69679195 0.43529412 0.89019608 0.96078431
v 9.96785539 12.81083451 78.47885121 0.43529412 0.89019608 0.96078431
v 10.20677886 13.93918575 78.70099959 0.43529412 0.89019608 0.96078431
v 13.15729241 18.65642169 74.18826356 0.43529412 0.89019608 0.96078431
v 13.49102612 18.16868247 73.53452012 0.43529412 0.89019608 0.96078431
v 13.77545874 18.65642169 72.79192035 0.43529412 0.89019608 0.96078431
v 15.11798004 20.92768365 64.15997362 0.43529412 0.89019608 0.96078431
v 14.05230619 23.62844687 62.46531730 0.43529412 0.89019608 0.96078431
v 14.75769948 21.93227983 62.46531730 0.43529412 0.89019608 0.96078431
v 15.11798004 20.94224315 62.46531730 0.43529412 0.89019608 0.96078431
v 13.11557522 25.50660379 62.46531730 0.43529412 0.89019608 0.96078431
v 12.19022201 27.16637336 62.41454082 0.43529412 0.89019608 0.96078431
v 11.75029967 27.82882271 61.81791966 0.43529412 0.89019608 0.96078431
v 11.09420873 28.70966698 60.77066099 0.43529412 0.89019608 0.96078431
v 10.33572175 29.93265429 60.77066099 0.43529412 0.89019608 0.96078431
v 13.56308274 24.66216203 62.46531730 0.43529412 0.89019608 0.96078431
v 15.20520574 17.97941032 68.57115163 0.43529412 0.89019608 0.96078431
v 15.11418745 19.11504193 68.08242924 0.43529412 0.89019608 0.96078431
v 15.19382924 19.55910268 66.95266004 0.43529412 0.89019608 0.96078431
v 15.25830069 19.83573052 65.85462489 0.43529412 0.89019608 0.96078431
v 15.33414863 20.08323938 64.15997362 0.43529412 0.89019608 0.96078431
v 4.93150359 41.37631727 76.93017855 0.43529412 0.89019608 0.96078431
v 10.20677886 29.71426190 59.56472707 0.43529412 0.89019608 0.96078431
v 9.94889309 29.45947329 58.43495787 0.43529412 0.89019608 0.96078431
v 14.59462458 16.85105972 70.93858879 0.43529412 0.89019608 0.96078431
v 15.02316917 16.85105972 69.62475610 0.43529412 0.89019608 0.96078431
v 15.26967718 16.85105972 68.77425757 0.43529412 0.89019608 0.96078431
v -2.62302379 43.66941973 77.71086320 0.43529412 0.89019608 0.96078431
v 4.19197923 30.86445426 55.70573953 0.43529412 0.89019608 0.96078431
v 4.09337608 29.94721378 53.99204582 0.43529412 0.89019608 0.96078431
v 2.86462733 31.08284413 55.15354905 0.43529412 0.89019608 0.96078431
v -0.04037660 32.96100105 56.50546663 0.43529412 0.89019608 0.96078431
v -0.92780608 33.08475674 56.28966405 0.43529412 0.89019608 0.96078431
v -0.92780608 42.89049191 73.91534375 0.43529412 0.89019608 0.96078431
v -0.92780608 43.28359569 74.75949648 0.43529412 0.89019608 0.96078431
v 8.31435463 31.21387704 59.99632718 0.43529412 0.89019608 0.96078431
v 8.82254038 29.80889860 57.77486863 0.43529412 0.89019608 0.96078431
v 8.25367577 29.49587203 56.64509943 0.43529412 0.89019608 0.96078431
v 5.32970907 29.72882139 54.54423630 0.43529412 0.89019608 0.96078431
v -2.02761171 43.20351848 74.89913434 0.43529412 0.89019608 0.96078431
v -4.40546759 43.41462860 79.41186027 0.43529412 0.89019608 0.96078431
v -5.23221797 43.16711975 79.97674739 0.43529412 0.89019608 0.96078431
v -5.23221797 43.16711975 80.65587908 0.43529412 0.89019608 0.96078431
v -7.01466162 41.56559067 79.40551952 0.43529412 0.89019608 0.96078431
v -6.88951132 41.44911473 80.31948613 0.43529412 0.89019608 0.96078431
v -6.60128674 41.01233247 81.44926038 0.43529412 0.89019608 0.96078431
v 12.25469346 18.54722676 76.01620689 0.43529412 0.89019608 0.96078431
v 11.09420873 15.15489268 77.71086320 0.43529412 0.89019608 0.96078431
v 11.39760302 11.76983961 76.29547755 0.43529412 0.89019608 0.96078431
v 11.56826183 13.45872690 76.53666332 0.43529412 0.89019608 0.96078431
v 11.35588583 16.87289896 77.55853375 0.43529412 0.89019608 0.96078431
v 11.78822300 17.45527363 76.89209871 0.43529412 0.89019608 0.96078431
v -7.15877422 40.49547552 80.97322958 0.43529412 0.89019608 0.96078431
v -7.85658234 38.87210721 81.10017079 0.43529412 0.89019608 0.96078431
v -8.53922012 37.93302749 80.20524157 0.43529412 0.89019608 0.96078431
v -14.34543571 23.62844687 74.32790142 0.43529412 0.89019608 0.96078431
v -14.70950885 21.93227983 74.32790142 0.43529412 0.89019608 0.96078431
v -13.98515515 21.93227983 75.83848919 0.43529412 0.89019608 0.96078431
v -13.61728816 20.86944568 76.83497138 0.43529412 0.89019608 0.96078431
v -13.20012133 20.27979127 77.57122535 0.43529412 0.89019608 0.96078431
v -13.66279793 19.74109508 76.91113611 0.43529412 0.89019608 0.96078431
v -13.68555219 18.54722676 76.94287519 0.43529412 0.89019608 0.96078431
v -13.10910304 18.54722676 77.79337373 0.43529412 0.89019608 0.96078431
v -12.26339036 18.54722676 78.98026520 0.43529412 0.89019608 0.96078431
v -11.61109075 20.23611279 79.83711458 0.43529412 0.89019608 0.96078431
v -10.76537807 20.23611279 80.89071905 0.43529412 0.89019608 0.96078431
v -11.58454391 18.54722676 79.83076374 0.43529412 0.89019608 0.96078431
v -11.47456395 16.85105972 79.72287002 0.43529412 0.89019608 0.96078431
v -12.05480568 15.15489268 78.69464874 0.43529412 0.89019608 0.96078431
v -11.28873479 15.15489268 79.54514728 0.43529412 0.89019608 0.96078431
v -11.95620223 14.25949207 78.58040418 0.43529412 0.89019608 0.96078431
v -11.03084902 13.64799841 79.33570059 0.43529412 0.89019608 0.96078431
v -10.65160553 11.76983961 78.98026520 0.43529412 0.89019608 0.96078431
v -10.40509751 10.63420926 78.71369119 0.43529412 0.89019608 0.96078431
v -9.40768769 11.75528011 79.83711458 0.43529412 0.89019608 0.96078431
v -9.39630993 10.07367320 78.99295680 0.43529412 0.89019608 0.96078431
v -8.82744532 9.02539854 78.68195715 0.43529412 0.89019608 0.96078431
v -7.70488457 11.17290545 80.13542264 0.43529412 0.89019608 0.96078431
v -7.70488457 12.01734909 80.52259207 0.43529412 0.89019608 0.96078431
v -6.00966725 13.45872690 81.34770741 0.43529412 0.89019608 0.96078431
v -5.87693178 11.63880543 80.55432611 0.43529412 0.89019608 0.96078431
v -1.93659342 10.90355735 80.26236385 0.43529412 0.89019608 0.96078431
v -6.35477873 10.99091305 80.21793317 0.43529412 0.89019608 0.96078431
v -5.87693178 10.24110547 79.84980618 0.43529412 0.89019608 0.96078431
v -4.31824158 8.53038020 78.96757361 0.43529412 0.89019608 0.96078431
v -2.62302379 8.50854096 78.96757361 0.43529412 0.89019608 0.96078431
v -0.92780608 10.91083710 80.26236385 0.43529412 0.89019608 0.96078431
v -0.06692364 10.91811684 80.25601805 0.43529412 0.89019608 0.96078431
v 0.75982686 13.45872690 81.44926038 0.43529412 0.89019608 0.96078431
v 5.84168803 15.15489268 81.30962252 0.43529412 0.89019608 0.96078431
v 7.15386990 14.00470284 80.41469330 0.43529412 0.89019608 0.96078431
v 7.64688593 13.45144715 79.95771000 0.43529412 0.89019608 0.96078431
v 7.60516938 11.66064467 79.04373329 0.43529412 0.89019608 0.96078431
v 8.21195858 11.02731178 78.49789366 0.43529412 0.89019608 0.96078431
v 8.83771009 12.15566301 78.80889331 0.43529412 0.89019608 0.96078431
v 9.94510113 9.33114537 76.80323734 0.43529412 0.89019608 0.96078431
v 2.45504472 13.45872690 81.25250024 0.43529412 0.89019608 0.96078431
v 4.15026236 13.45872690 80.94149554 0.43529412 0.89019608 0.96078431
v 10.32055204 10.45949660 77.10154540 0.43529412 0.89019608 0.96078431
v 10.54809775 11.76983961 77.39985850 0.43529412 0.89019608 0.96078431
v 13.51378038 16.85105972 73.57260501 0.43529412 0.89019608 0.96078431
v 13.93094847 16.85105972 72.63324510 0.43529412 0.89019608 0.96078431
v 15.36828064 20.09779887 62.46531730 0.43529412 0.89019608 0.96078431
v 13.82096852 23.76676079 60.71988450 0.43529412 0.89019608 0.96078431
v 13.50998779 24.56024558 61.25303758 0.43529412 0.89019608 0.96078431
v 14.64392568 21.93227983 60.77066099 0.43529412 0.89019608 0.96078431
v 15.07626285 20.84760644 60.77066099 0.43529412 0.89019608 0.96078431
v 15.36448806 19.99588368 60.77066099 0.43529412 0.89019608 0.96078431
v 12.17884425 26.86790627 60.77066099 0.43529412 0.89019608 0.96078431
v 11.68203564 27.71234929 60.77066099 0.43529412 0.89019608 0.96078431
v 11.54930016 27.48667967 59.08235552 0.43529412 0.89019608 0.96078431
v 15.29243270 18.54722676 67.53023876 0.43529412 0.89019608 0.96078431
v 15.52756296 16.85105972 67.54928120 0.43529412 0.89019608 0.96078431
v 15.51997779 18.54722676 65.85462489 0.43529412 0.89019608 0.96078431
v 15.66788361 18.54722676 64.15997362 0.43529412 0.89019608 0.96078431
v 15.75131672 18.54722676 62.46531730 0.43529412 0.89019608 0.96078431
v 11.35209324 27.20277209 57.38769920 0.43529412 0.89019608 0.96078431
v 11.64031845 25.97978478 55.33761255 0.43529412 0.89019608 0.96078431
v 10.50638056 28.36752142 57.38769920 0.43529412 0.89019608 0.96078431
v 10.28262743 28.06177460 56.15637704 0.43529412 0.89019608 0.96078431
v 9.88442164 27.74874802 55.03930449 0.43529412 0.89019608 0.96078431
v 14.62496401 15.15489268 70.93858879 0.43529412 0.89019608 0.96078431
v 15.05730118 15.15489268 69.75804311 0.43529412 0.89019608 0.96078431
v 15.31518696 15.15489268 68.91389037 0.43529412 0.89019608 0.96078431
v 15.65271326 15.15489268 67.54928120 0.43529412 0.89019608 0.96078431
v -2.60406164 43.31271468 76.15584474 0.43529412 0.89019608 0.96078431
v -3.82143296 43.24719696 77.71086320 0.43529412 0.89019608 0.96078431
v 4.62052413 29.40851507 53.41446710 0.43529412 0.89019608 0.96078431
v 2.36023385 30.68974035 54.12533283 0.43529412 0.89019608 0.96078431
v 5.80376343 11.52961050 22.92337530 0.43529412 0.89019608 0.96078431
v 1.73448234 31.29395425 54.76637963 0.43529412 0.89019608 0.96078431
v -0.32860155 31.17747831 53.27482925 0.43529412 0.89019608 0.96078431
v -0.92780608 32.60429852 55.43916551 0.43529412 0.89019608 0.96078431
v 4.78359872 11.91543327 22.92337530 0.43529412 0.89019608 0.96078431
v 4.21094153 12.11926491 22.92337530 0.43529412 0.89019608 0.96078431
v 2.97460791 12.51236743 22.92337530 0.43529412 0.89019608 0.96078431
v -1.45874663 31.33035299 53.02095188 0.43529412 0.89019608 0.96078431
v -2.62302379 33.98015798 57.38769920 0.43529412 0.89019608 0.96078431
v -2.62302379 34.54797315 58.40956963 0.43529412 0.89019608 0.96078431
v -4.31824158 34.44605670 58.63171801 0.43529412 0.89019608 0.96078431
v 9.77444106 9.72424852 22.92337530 0.43529412 0.89019608 0.96078431
v 9.13351984 10.02999535 22.92337530 0.43529412 0.89019608 0.96078431
v 6.99458759 11.02003203 22.92337530 0.43529412 0.89019608 0.96078431
v -2.60406164 42.73034001 74.32790142 0.43529412 0.89019608 0.96078431
v -3.15775685 42.96328937 75.67981394 0.43529412 0.89019608 0.96078431
v -5.03121910 43.05064633 78.84697820 0.43529412 0.89019608 0.96078431
v -6.93881305 41.47095397 76.75246086 0.43529412 0.89019608 0.96078431
v -7.04879363 41.58015017 77.71086320 0.43529412 0.89019608 0.96078431
v -8.62644582 39.82574389 77.23483240 0.43529412 0.89019608 0.96078431
v -7.68213031 40.56827298 79.40551952 0.43529412 0.89019608 0.96078431
v 13.08902838 16.85105972 74.42310354 0.43529412 0.89019608 0.96078431
v 11.75029967 16.32692176 76.82862558 0.43529412 0.89019608 0.96078431
v 12.08024080 13.45872690 75.69251059 0.43529412 0.89019608 0.96078431
v 11.68582822 15.15489268 76.72072682 0.43529412 0.89019608 0.96078431
v 11.67445046 9.57137511 75.02607050 0.43529412 0.89019608 0.96078431
v 11.82235502 10.69972571 75.26091048 0.43529412 0.89019608 0.96078431
v 11.93233624 11.76983961 75.45132481 0.43529412 0.89019608 0.96078431
v 12.15609000 16.87289896 76.16853634 0.43529412 0.89019608 0.96078431
v -8.40269269 38.96674139 79.54514728 0.43529412 0.89019608 0.96078431
v -13.61349557 31.18475806 69.85959608 0.43529412 0.89019608 0.96078431
v -13.77657047 30.05640745 70.51968532 0.43529412 0.89019608 0.96078431
v -15.25182725 24.19626205 71.49713011 0.43529412 0.89019608 0.96078431
v -15.40731698 23.06791018 71.99854410 0.43529412 0.89019608 0.96078431
v -15.20631873 21.93227983 73.16004734 0.43529412 0.89019608 0.96078431
v -15.29733702 20.86216594 73.40758396 0.43529412 0.89019608 0.96078431
v -15.01290440 20.27251152 74.21365181 0.43529412 0.89019608 0.96078431
v -14.03066366 20.27979127 76.16853634 0.43529412 0.89019608 0.96078431
v -14.22028541 18.54722676 76.01620689 0.43529412 0.89019608 0.96078431
v -13.67417569 17.22960275 76.92383275 0.43529412 0.89019608 0.96078431
v -13.15461155 16.73458504 77.57757620 0.43529412 0.89019608 0.96078431
v -12.19512633 16.85105972 78.87871224 0.43529412 0.89019608 0.96078431
v -12.81708525 15.15489268 77.71086320 0.43529412 0.89019608 0.96078431
v -13.54902539 15.15489268 76.73976926 0.43529412 0.89019608 0.96078431
v -13.34802588 13.45872690 76.48588684 0.43529412 0.89019608 0.96078431
v -12.39991716 13.60432057 77.75528884 0.43529412 0.89019608 0.96078431
v -12.22925835 11.76983961 77.20944921 0.43529412 0.89019608 0.96078431
v -11.75899657 13.13114083 78.34556420 0.43529412 0.89019608 0.96078431
v -11.50111079 11.76983961 78.05994774 0.43529412 0.89019608 0.96078431
v -11.75899657 9.59321435 76.65725874 0.43529412 0.89019608 0.96078431
v -10.56058724 8.37750679 77.19040677 0.43529412 0.89019608 0.96078431
v -10.28373980 7.48210523 76.90479031 0.43529412 0.89019608 0.96078431
v -9.95758999 9.50585739 78.39634069 0.43529412 0.89019608 0.96078431
v -12.03205143 10.72156495 76.97460924 0.43529412 0.89019608 0.96078431
v -7.70488457 10.07367320 79.55149812 0.43529412 0.89019608 0.96078431
v -9.39630993 8.42846438 78.00282546 0.43529412 0.89019608 0.96078431
v -9.40010251 7.12540081 77.14597608 0.43529412 0.89019608 0.96078431
v -8.36856068 5.91697315 76.81592894 0.43529412 0.89019608 0.96078431
v -7.70488457 7.94072547 78.30113352 0.43529412 0.89019608 0.96078431
v -7.70488457 8.78516880 78.82158995 0.43529412 0.89019608 0.96078431
v -6.00966725 8.61045647 78.92948872 0.43529412 0.89019608 0.96078431
v -4.31824158 7.68593655 78.47250541 0.43529412 0.89019608 0.96078431
v -2.62302379 7.66409732 78.48520206 0.43529412 0.89019608 0.96078431
v -0.92780608 8.56677830 78.95487696 0.43529412 0.89019608 0.96078431
v -0.92780608 10.05911370 79.79902970 0.43529412 0.89019608 0.96078431
v 1.06322154 11.02731178 80.19889072 0.43529412 0.89019608 0.96078431
v 0.60433713 11.66064467 80.57336855 0.43529412 0.89019608 0.96078431
v 0.75982686 8.67597387 78.89140888 0.43529412 0.89019608 0.96078431
v 0.60433713 10.24110547 79.80538054 0.43529412 0.89019608 0.96078431
v 2.45504472 12.03918770 80.56067696 0.43529412 0.89019608 0.96078431
v 5.73170744 13.45144715 80.54798031 0.43529412 0.89019608 0.96078431
v 6.22093089 12.87635160 80.11638020 0.43529412 0.89019608 0.96078431
v 7.08560587 10.69244597 78.69464874 0.43529412 0.89019608 0.96078431
v 7.60516938 10.11007130 78.16150071 0.43529412 0.89019608 0.96078431
v 8.81874779 8.95988146 77.03807732 0.43529412 0.89019608 0.96078431
v 9.32314158 8.39206597 76.45415280 0.43529412 0.89019608 0.96078431
v 10.25608059 7.32923213 75.31168696 0.43529412 0.89019608 0.96078431
v 11.62514936 6.12080432 73.31872259 0.43529412 0.89019608 0.96078431
v 4.15026236 12.34493453 80.39565086 0.43529412 0.89019608 0.96078431
v 5.09078591 12.56332566 80.28140629 0.43529412 0.89019608 0.96078431
v 11.87544997 7.24187581 73.63607309 0.43529412 0.89019608 0.96078431
v 13.50240388 15.48975849 73.55356256 0.43529412 0.89019608 0.96078431
v 13.82096852 15.01658002 72.79826615 0.43529412 0.89019608 0.96078431
v 15.77027839 18.54722676 60.77066099 0.43529412 0.89019608 0.96078431
v 13.44172503 24.42193166 60.12326839 0.43529412 0.89019608 0.96078431
v 14.45809652 21.93227983 59.08235552 0.43529412 0.89019608 0.96078431
v 13.09661355 25.20085822 60.71988450 0.43529412 0.89019608 0.96078431
v 14.99662233 20.66561404 59.08235552 0.43529412 0.89019608 0.96078431
v 15.31518696 19.81389128 59.08235552 0.43529412 0.89019608 0.96078431
v 15.70959953 18.54722676 59.08235552 0.43529412 0.89019608 0.96078431
v 12.04610878 26.63495439 59.08235552 0.43529412 0.89019608 0.96078431
v 12.78563409 25.31733290 59.08235552 0.43529412 0.89019608 0.96078431
v 11.88303388 26.35832907 57.38769920 0.43529412 0.89019608 0.96078431
v 11.78822300 26.19089490 56.46103594 0.43529412 0.89019608 0.96078431
v 15.78165615 16.85105972 65.85462489 0.43529412 0.89019608 0.96078431
v 15.95990014 15.15489268 65.85462489 0.43529412 0.89019608 0.96078431
v 15.95610755 16.85105972 64.15997362 0.43529412 0.89019608 0.96078431
v 16.06229618 16.85105972 62.46531730 0.43529412 0.89019608 0.96078431
v 16.13435280 16.85105972 60.77066099 0.43529412 0.89019608 0.96078431
v 16.15331447 16.85105972 59.08235552 0.43529412 0.89019608 0.96078431
v 12.11058022 25.37557087 55.81363830 0.43529412 0.89019608 0.96078431
v 11.97405216 24.83687342 54.00473742 0.43529412 0.89019608 0.96078431
v 11.83373278 24.57480507 52.93209050 0.43529412 0.89019608 0.96078431
v 11.64411103 24.30545698 51.80232131 0.43529412 0.89019608 0.96078431
v 11.39381043 25.68131770 54.00473742 0.43529412 0.89019608 0.96078431
v 10.26745772 26.31465059 52.91939891 0.43529412 0.89019608 0.96078431
v 10.34709888 9.41122195 22.92337530 0.43529412 0.89019608 0.96078431
v 14.54532222 13.45872690 70.93858879 0.43529412 0.89019608 0.96078431
v 15.03075434 13.45872690 69.70726662 0.43529412 0.89019608 0.96078431
v 15.30760179 13.45872690 68.86311389 0.43529412 0.89019608 0.96078431
v 15.69443045 13.45872690 67.54928120 0.43529412 0.89019608 0.96078431
v 16.12297504 11.76983961 65.85462489 0.43529412 0.89019608 0.96078431
v 16.08125785 13.45872690 65.85462489 0.43529412 0.89019608 0.96078431
v 6.42951494 11.26754152 22.92337530 0.43529412 0.89019608 0.96078431
v 0.75982686 13.16025982 22.92337530 0.43529412 0.89019608 0.96078431
v -0.91263628 13.61887943 22.92337530 0.43529412 0.89019608 0.96078431
v -2.62302379 33.22307192 56.06117492 0.43529412 0.89019608 0.96078431
v -2.62302379 13.81543132 22.92337530 0.43529412 0.89019608 0.96078431
v -3.84039494 31.34491248 52.99556363 0.43529412 0.89019608 0.96078431
v -4.31824158 33.12843522 56.21985017 0.43529412 0.89019608 0.96078431
v -4.31824158 33.78360735 57.38769920 0.43529412 0.89019608 0.96078431
v -5.24738769 32.99012003 56.45469014 0.43529412 0.89019608 0.96078431
v -5.23980283 34.67900859 59.83130108 0.43529412 0.89019608 0.96078431
v -4.31824158 34.86099973 59.48221654 0.43529412 0.89019608 0.96078431
v -3.71903723 41.60198688 73.14735069 0.43529412 0.89019608 0.96078431
v -4.66714564 42.88321216 77.71086320 0.43529412 0.89019608 0.96078431
v -8.42544695 39.60735402 75.45767061 0.43529412 0.89019608 0.96078431
v -8.62644582 39.82574389 76.58743981 0.43529412 0.89019608 0.96078431
v -6.04759122 33.81272633 59.03792483 0.43529412 0.89019608 0.96078431
v -6.85537993 32.93916433 58.23820278 0.43529412 0.89019608 0.96078431
v -7.23083084 33.20851243 59.36797198 0.43529412 0.89019608 0.96078431
v -8.36097550 32.79356940 60.31367768 0.43529412 0.89019608 0.96078431
v -9.04740650 31.66521880 59.08235552 0.43529412 0.89019608 0.96078431
v -10.16996662 31.18475806 60.08518350 0.43529412 0.89019608 0.96078431
v -11.96378740 29.57594924 59.88207757 0.43529412 0.89019608 0.96078431
v -8.51267328 39.59279453 78.36460665 0.43529412 0.89019608 0.96078431
v -13.66279793 31.28667451 68.72982688 0.43529412 0.89019608 0.96078431
v 12.18642943 15.15489268 75.87657408 0.43529412 0.89019608 0.96078431
v 13.11936781 15.01658002 74.20096021 0.43529412 0.89019608 0.96078431
v 12.86527462 13.45872690 74.32790142 0.43529412 0.89019608 0.96078431
v 12.02335452 8.37750679 73.90899795 0.43529412 0.89019608 0.96078431
v 13.25968719 11.76983961 73.10927085 0.43529412 0.89019608 0.96078431
v 12.57325683 11.76983961 74.32790142 0.43529412 0.89019608 0.96078431
v 12.16367391 10.11007130 74.40406110 0.43529412 0.89019608 0.96078431
v 13.45310152 9.28018746 71.76370413 0.43529412 0.89019608 0.96078431
v 13.58583700 10.40853838 71.99854410 0.43529412 0.89019608 0.96078431
v -15.42248732 28.02537586 65.85462489 0.43529412 0.89019608 0.96078431
v -15.34663812 27.91617967 66.78129319 0.43529412 0.89019608 0.96078431
v -14.53126487 28.70966698 69.24393752 0.43529412 0.89019608 0.96078431
v -15.39973180 24.72039874 70.36735587 0.43529412 0.89019608 0.96078431
v -15.55522153 23.62844687 70.93224299 0.43529412 0.89019608 0.96078431
v -15.97238963 21.93227983 70.93858879 0.43529412 0.89019608 0.96078431
v -15.53246728 21.93227983 72.31589460 0.43529412 0.89019608 0.96078431
v -15.62727815 20.27251152 72.76018631 0.43529412 0.89019608 0.96078431
v -15.37318496 19.73381533 73.57895080 0.43529412 0.89019608 0.96078431
v -15.01669699 18.54722676 74.51831071 0.43529412 0.89019608 0.96078431
v -15.00911182 16.85105972 74.55639055 0.43529412 0.89019608 0.96078431
v -14.07996602 16.73458504 76.18122794 0.43529412 0.89019608 0.96078431
v -13.62487333 16.09397240 76.85401382 0.43529412 0.89019608 0.96078431
v -14.08754993 15.15489268 75.89561148 0.43529412 0.89019608 0.96078431
v -13.94343796 13.45872690 75.64173411 0.43529412 0.89019608 0.96078431
v -13.78036306 12.13382440 75.38785169 0.43529412 0.89019608 0.96078431
v -13.16978190 11.64608518 75.97812200 0.43529412 0.89019608 0.96078431
v -12.49093545 10.12463079 76.06063757 0.43529412 0.89019608 0.96078431
v -12.23305093 8.68325330 75.52748449 0.43529412 0.89019608 0.96078431
v -11.92586280 7.55490238 75.15935751 0.43529412 0.89019608 0.96078431
v -11.50490338 8.22463338 76.06063757 0.43529412 0.89019608 0.96078431
v -10.68194496 6.83421348 75.93369636 0.43529412 0.89019608 0.96078431
v -10.38613521 5.69858250 75.31168696 0.43529412 0.89019608 0.96078431
v -9.25978250 5.07980941 75.58461182 0.43529412 0.89019608 0.96078431
v -9.40010251 6.28823707 76.50492928 0.43529412 0.89019608 0.96078431
v -13.60591166 11.00547254 75.13397431 0.43529412 0.89019608 0.96078431
v -13.40870474 10.07367320 74.87374105 0.43529412 0.89019608 0.96078431
v -8.60369156 4.11889108 75.20378819 0.43529412 0.89019608 0.96078431
v -7.70488457 3.89322084 75.38785169 0.43529412 0.89019608 0.96078431
v -7.76556343 5.07980941 76.33355739 0.43529412 0.89019608 0.96078431
v -7.24220796 5.70586224 76.96191259 0.43529412 0.89019608 0.96078431
v -7.76556343 6.56486507 77.39351270 0.43529412 0.89019608 0.96078431
v -6.00966725 6.69589940 77.75528884 0.43529412 0.89019608 0.96078431
v -6.00966725 7.75873339 78.42172893 0.43529412 0.89019608 0.96078431
v -4.31824158 6.69589940 77.86319266 0.43529412 0.89019608 0.96078431
v -0.92780608 7.71505523 78.45346297 0.43529412 0.89019608 0.96078431
v -2.62302379 6.69589940 77.87588425 0.43529412 0.89019608 0.96078431
v 2.45504472 11.19474469 80.10368860 0.43529412 0.89019608 0.96078431
v 2.45504472 10.07367320 79.47533340 0.43529412 0.89019608 0.96078431
v 0.75982686 7.83153022 78.37729824 0.43529412 0.89019608 0.96078431
v 2.45504472 8.86524538 78.77715927 0.43529412 0.89019608 0.96078431
v 4.15026236 11.50049151 79.94501335 0.43529412 0.89019608 0.96078431
v 5.73170744 11.90815353 79.74825321 0.43529412 0.89019608 0.96078431
v 5.84168803 10.37214028 78.87871224 0.43529412 0.89019608 0.96078431
v 5.84168803 9.52041688 78.37729824 0.43529412 0.89019608 0.96078431
v 7.53690535 8.61773621 77.26022570 0.43529412 0.89019608 0.96078431
v 7.53690535 7.76601313 76.70803522 0.43529412 0.89019608 0.96078431
v 9.23212329 6.99436632 75.55287273 0.43529412 0.89019608 0.96078431
v 9.23212329 6.15720274 74.95625157 0.43529412 0.89019608 0.96078431
v 9.75168680 4.30816276 73.35680747 0.43529412 0.89019608 0.96078431
v 10.49500407 5.43651399 73.79474834 0.43529412 0.89019608 0.96078431
v 11.79580818 4.11161134 71.81448061 0.43529412 0.89019608 0.96078431
v 11.97026084 4.99973283 72.11278867 0.43529412 0.89019608 0.96078431
v 12.20918368 6.68861965 72.70306403 0.43529412 0.89019608 0.96078431
v 13.60100734 7.13268056 70.32927603 0.43529412 0.89019608 0.96078431
v 13.77925133 8.37750679 70.67836057 0.43529412 0.89019608 0.96078431
v 13.46068670 14.36140726 73.47105204 0.43529412 0.89019608 0.96078431
v 13.82855243 13.45872690 72.51900054 0.43529412 0.89019608 0.96078431
v 16.10022078 16.85105972 57.38769920 0.43529412 0.89019608 0.96078431
v 13.77166616 23.41005574 59.08235552 0.43529412 0.89019608 0.96078431
v 13.64651585 23.13342790 57.38769920 0.43529412 0.89019608 0.96078431
v 13.35829065 24.26177850 59.08235552 0.43529412 0.89019608 0.96078431
v 14.88284978 20.43266468 57.38769920 0.43529412 0.89019608 0.96078431
v 14.21538109 21.93227983 57.38769920 0.43529412 0.89019608 0.96078431
v 15.23554517 19.58094192 57.38769920 0.43529412 0.89019608 0.96078431
v 15.17865890 19.43534825 56.40391366 0.43529412 0.89019608 0.96078431
v 15.59582699 18.54722676 57.38769920 0.43529412 0.89019608 0.96078431
v 15.99023956 16.85105972 55.69304793 0.43529412 0.89019608 0.96078431
v 13.20280092 23.97787091 57.38769920 0.43529412 0.89019608 0.96078431
v 12.46706946 25.31733290 57.38769920 0.43529412 0.89019608 0.96078431
v 16.17986131 15.15489268 64.15997362 0.43529412 0.89019608 0.96078431
v 16.34293621 13.45872690 64.15997362 0.43529412 0.89019608 0.96078431
v 16.31638937 15.15489268 62.46531730 0.43529412 0.89019608 0.96078431
v 16.41878541 15.15489268 60.77066099 0.43529412 0.89019608 0.96078431
v 16.47946427 15.15489268 59.08235552 0.43529412 0.89019608 0.96078431
v 16.47567169 15.15489268 57.38769920 0.43529412 0.89019608 0.96078431
v 16.90421627 12.86179274 54.00473742 0.43529412 0.89019608 0.96078431
v 16.44912484 15.15489268 55.69304793 0.43529412 0.89019608 0.96078431
v 13.08902838 23.54108991 55.64227145 0.43529412 0.89019608 0.96078431
v 13.42276209 22.68936715 55.05199609 0.43529412 0.89019608 0.96078431
v 12.64910603 23.62844687 54.00473742 0.43529412 0.89019608 0.96078431
v 12.16746649 23.69396333 52.34182019 0.43529412 0.89019608 0.96078431
v 11.97026084 23.13342790 50.61542983 0.43529412 0.89019608 0.96078431
v 14.90560404 3.63843192 22.92337530 0.43529412 0.89019608 0.96078431
v 13.99921250 5.02885150 22.92337530 0.43529412 0.89019608 0.96078431
v 13.59342217 5.64034516 22.92337530 0.43529412 0.89019608 0.96078431
v 13.33932898 6.01888882 22.92337530 0.43529412 0.89019608 0.96078431
v 12.85010553 6.69589940 22.92337530 0.43529412 0.89019608 0.96078431
v 12.00818418 7.85336946 22.92337530 0.43529412 0.89019608 0.96078431
v 11.60239385 8.31198939 22.92337530 0.43529412 0.89019608 0.96078431
v 11.22315036 8.67597387 22.92337530 0.43529412 0.89019608 0.96078431
v 14.35570047 11.76983961 70.93858879 0.43529412 0.89019608 0.96078431
v 14.95111255 11.76983961 69.54224558 0.43529412 0.89019608 0.96078431
v 15.26588460 11.76983961 68.69809284 0.43529412 0.89019608 0.96078431
v 15.65271326 11.76983961 67.54928120 0.43529412 0.89019608 0.96078431
v 16.04712583 10.07367320 65.85462489 0.43529412 0.89019608 0.96078431
v 16.46050134 10.07367320 64.15997362 0.43529412 0.89019608 0.96078431
v 16.45670875 11.76983961 64.15997362 0.43529412 0.89019608 0.96078431
v -4.30686445 13.56792183 22.92337530 0.43529412 0.89019608 0.96078431
v -4.31824158 32.63341750 55.37569239 0.43529412 0.89019608 0.96078431
v -5.99449754 32.08743905 55.71843618 0.43529412 0.89019608 0.96078431
v -6.49509874 32.71349219 57.38769920 0.43529412 0.89019608 0.96078431
v -5.64559348 33.23763141 57.38769920 0.43529412 0.89019608 0.96078431
v -4.97054024 31.19203780 53.24944100 0.43529412 0.89019608 0.96078431
v -5.85417689 12.96370793 22.92337530 0.43529412 0.89019608 0.96078431
v -6.07793065 12.85451299 22.92337530 0.43529412 0.89019608 0.96078431
v -6.63162617 12.57788452 22.92337530 0.43529412 0.89019608 0.96078431
v -6.77573877 12.49052883 22.92337530 0.43529412 0.89019608 0.96078431
v -7.71246974 11.91543327 22.92337530 0.43529412 0.89019608 0.96078431
v -13.62108074 29.53955050 63.34120408 0.43529412 0.89019608 0.96078431
v -15.32388386 27.85794170 63.32216668 0.43529412 0.89019608 0.96078431
v -13.66279793 31.28667451 68.27918937 0.43529412 0.89019608 0.96078431
v -7.20807595 31.50506438 56.11195140 0.43529412 0.89019608 0.96078431
v -7.74660176 31.82537070 57.39404500 0.43529412 0.89019608 0.96078431
v -8.72504928 31.38859096 57.96527792 0.43529412 0.89019608 0.96078431
v -7.75797888 32.59701877 58.91098362 0.43529412 0.89019608 0.96078431
v -9.89311918 30.95180870 59.08235552 0.43529412 0.89019608 0.96078431
v -11.08394270 30.00544923 59.22198832 0.43529412 0.89019608 0.96078431
v -10.51507810 29.78705936 57.81929932 0.43529412 0.89019608 0.96078431
v -11.64143018 29.27748216 58.75230837 0.43529412 0.89019608 0.96078431
v -11.93344797 27.85794170 56.54989227 0.43529412 0.89019608 0.96078431
v -12.66538811 28.58591129 59.31084970 0.43529412 0.89019608 0.96078431
v -13.66279793 27.88706068 59.86938597 0.43529412 0.89019608 0.96078431
v -13.87896652 28.10545307 60.77066099 0.43529412 0.89019608 0.96078431
v -14.28096427 28.49855433 62.46531730 0.43529412 0.89019608 0.96078431
v -15.43386382 28.02537586 64.45193588 0.43529412 0.89019608 0.96078431
v 13.40380042 13.45872690 73.36315327 0.43529412 0.89019608 0.96078431
v 13.71857247 11.76983961 72.25877232 0.43529412 0.89019608 0.96078431
v 13.94611882 9.93535928 71.09091824 0.43529412 0.89019608 0.96078431
v -16.50712285 25.31733290 62.46531730 0.43529412 0.89019608 0.96078431
v -16.45782175 25.31733290 64.15997362 0.43529412 0.89019608 0.96078431
v -15.76001362 27.01350120 65.85462489 0.43529412 0.89019608 0.96078431
v -16.20752114 25.31733290 65.85462489 0.43529412 0.89019608 0.96078431
v -16.32129369 23.62844687 67.54928120 0.43529412 0.89019608 0.96078431
v -15.87757875 25.31733290 67.54928120 0.43529412 0.89019608 0.96078431
v -15.97618221 23.62844687 69.24393752 0.43529412 0.89019608 0.96078431
v -15.52109078 25.29549366 69.18046439 0.43529412 0.89019608 0.96078431
v -15.21390265 27.44300120 67.91106239 0.43529412 0.89019608 0.96078431
v -16.39335030 21.93227983 69.24393752 0.43529412 0.89019608 0.96078431
v -17.05702641 19.55182293 68.52037515 0.43529412 0.89019608 0.96078431
v -16.26440742 20.23611279 70.93858879 0.43529412 0.89019608 0.96078431
v -16.45023657 18.54722676 70.93858879 0.43529412 0.89019608 0.96078431
v -15.83965415 18.54722676 72.63324510 0.43529412 0.89019608 0.96078431
v -15.41869474 18.54722676 73.67415797 0.43529412 0.89019608 0.96078431
v -15.44144899 16.85105972 73.70589201 0.43529412 0.89019608 0.96078431
v -15.39973180 15.15489268 73.61703064 0.43529412 0.89019608 0.96078431
v -14.93326261 15.15489268 74.46118843 0.43529412 0.89019608 0.96078431
v -15.34663812 14.18669523 73.51547768 0.43529412 0.89019608 0.96078431
v -14.85362209 13.55336234 74.17557197 0.43529412 0.89019608 0.96078431
v -15.25561983 13.05834400 73.33776503 0.43529412 0.89019608 0.96078431
v -15.11530045 11.76983961 73.09657926 0.43529412 0.89019608 0.96078431
v -14.23166317 11.64608518 74.47388002 0.43529412 0.89019608 0.96078431
v -12.87017894 8.23191312 74.42310354 0.43529412 0.89019608 0.96078431
v -13.77657047 8.90892355 73.68684957 0.43529412 0.89019608 0.96078431
v -13.50730820 7.78057263 73.30603099 0.43529412 0.89019608 0.96078431
v -13.23046076 6.57214481 72.69671318 0.43529412 0.89019608 0.96078431
v -13.58694873 5.92425274 71.71927344 0.43529412 0.89019608 0.96078431
v -12.32027663 6.69589940 73.95342359 0.43529412 0.89019608 0.96078431
v -12.00550459 5.76409974 73.55990836 0.43529412 0.89019608 0.96078431
v -11.61109075 6.69589940 74.79758137 0.43529412 0.89019608 0.96078431
v -10.94362332 5.16716558 74.15652952 0.43529412 0.89019608 0.96078431
v -10.37855067 4.02425501 73.62338149 0.43529412 0.89019608 0.96078431
v -9.73383686 4.57023142 74.75315068 0.43529412 0.89019608 0.96078431
v -14.00790941 10.07367320 74.02958831 0.43529412 0.89019608 0.96078431
v -7.40149028 2.11697753 73.80744498 0.43529412 0.89019608 0.96078431
v -8.42165499 -2.53474101 68.31092341 0.43529412 0.89019608 0.96078431
v -7.29530165 -2.86960619 68.64096551 0.43529412 0.89019608 0.96078431
v -6.00966725 1.82579020 74.06132740 0.43529412 0.89019608 0.96078431
v -6.00966725 2.76486960 74.90548014 0.43529412 0.89019608 0.96078431
v -6.00966725 3.60931293 75.59730342 0.43529412 0.89019608 0.96078431
v -6.00966725 4.73038442 76.44780195 0.43529412 0.89019608 0.96078431
v -6.00966725 5.57482791 77.05076891 0.43529412 0.89019608 0.96078431
v -4.31824158 5.50203108 77.10154540 0.43529412 0.89019608 0.96078431
v -0.92780608 6.69589940 77.79971953 0.43529412 0.89019608 0.96078431
v -2.62302379 5.49475133 77.10154540 0.43529412 0.89019608 0.96078431
v 3.72171745 9.06907671 78.65656891 0.43529412 0.89019608 0.96078431
v 4.22990351 9.93535928 79.05008413 0.43529412 0.89019608 0.96078431
v 2.45504472 8.02080205 78.25670283 0.43529412 0.89019608 0.96078431
v 0.75982686 6.69589940 77.64104428 0.43529412 0.89019608 0.96078431
v 1.81412335 5.78593882 76.90479031 0.43529412 0.89019608 0.96078431
v 4.85186275 9.28018746 78.52327685 0.43529412 0.89019608 0.96078431
v 5.99338517 8.21735363 77.49506567 0.43529412 0.89019608 0.96078431
v 6.65706128 7.54762263 76.85401382 0.43529412 0.89019608 0.96078431
v 8.27643003 5.89513407 75.14031506 0.43529412 0.89019608 0.96078431
v 9.20557645 4.91965625 74.03593411 0.43529412 0.89019608 0.96078431
v 8.62154150 4.05337368 73.56625416 0.43529412 0.89019608 0.96078431
v 8.81874779 2.26257120 71.95411342 0.43529412 0.89019608 0.96078431
v 9.94510113 2.51736043 71.73197009 0.43529412 0.89019608 0.96078431
v 10.92354865 3.74762717 72.13817691 0.43529412 0.89019608 0.96078431
v 10.92354865 2.89590378 71.40826874 0.43529412 0.89019608 0.96078431
v 11.86027962 2.33536803 70.20233482 0.43529412 0.89019608 0.96078431
v 12.04610878 3.44916009 70.83703582 0.43529412 0.89019608 0.96078431
v 12.94870773 3.41276167 69.12334211 0.43529412 0.89019608 0.96078431
v 12.61118143 4.99973283 70.93858879 0.43529412 0.89019608 0.96078431
v 14.49222853 8.37750679 69.24393752 0.43529412 0.89019608 0.96078431
v 13.93853364 6.62310257 69.35183628 0.43529412 0.89019608 0.96078431
v 16.35431397 15.15489268 54.00473742 0.43529412 0.89019608 0.96078431
v 13.54032722 22.92231651 56.17541948 0.43529412 0.89019608 0.96078431
v 14.78424633 20.09779887 55.78190426 0.43529412 0.89019608 0.96078431
v 15.39862007 18.61274321 55.78190426 0.43529412 0.89019608 0.96078431
v 15.81199558 16.85105972 54.00473742 0.43529412 0.89019608 0.96078431
v 15.33035604 18.11772550 54.00473742 0.43529412 0.89019608 0.96078431
v 15.09143320 19.22423687 55.28683606 0.43529412 0.89019608 0.96078431
v 16.52118020 13.45872690 62.46531730 0.43529412 0.89019608 0.96078431
v 16.66908602 11.76983961 62.46531730 0.43529412 0.89019608 0.96078431
v 16.63874659 13.45872690 60.77066099 0.43529412 0.89019608 0.96078431
v 16.86629167 12.69435983 58.42861207 0.43529412 0.89019608 0.96078431
v 16.87766943 12.76715667 57.38769920 0.43529412 0.89019608 0.96078431
v 16.89663110 12.86179274 55.69304793 0.43529412 0.89019608 0.96078431
v 16.74872654 13.70623576 55.69304793 0.43529412 0.89019608 0.96078431
v 16.87766943 12.71619844 52.31008110 0.43529412 0.89019608 0.96078431
v 16.72217970 13.70623576 54.00473742 0.43529412 0.89019608 0.96078431
v 17.07108376 11.76983961 54.00473742 0.43529412 0.89019608 0.96078431
v 17.29104494 10.07367320 50.61542983 0.43529412 0.89019608 0.96078431
v 17.04832825 11.76983961 52.31008110 0.43529412 0.89019608 0.96078431
v 16.85491518 12.62884275 51.43419433 0.43529412 0.89019608 0.96078431
v 13.29381921 22.44913678 54.00473742 0.43529412 0.89019608 0.96078431
v 14.38983249 20.23611279 54.00473742 0.43529412 0.89019608 0.96078431
v 15.13694297 17.63726602 51.59921537 0.43529412 0.89019608 0.96078431
v 13.72236506 21.60469376 54.00473742 0.43529412 0.89019608 0.96078431
v 13.57445924 21.29894694 52.71629297 0.43529412 0.89019608 0.96078431
v 13.12695298 21.88860135 52.21487898 0.43529412 0.89019608 0.96078431
v 13.43413985 21.02231910 51.58652378 0.43529412 0.89019608 0.96078431
v 13.29761179 20.78208999 50.61542983 0.43529412 0.89019608 0.96078431
v 15.37965840 2.83766644 22.92337530 0.43529412 0.89019608 0.96078431
v 15.09143320 3.32540535 22.92337530 0.43529412 0.89019608 0.96078431
v 14.87905720 10.00087636 69.15507615 0.43529412 0.89019608 0.96078431
v 15.13694297 9.39666246 68.34265745 0.43529412 0.89019608 0.96078431
v 15.20899833 10.52501369 68.52672095 0.43529412 0.89019608 0.96078431
v 15.44792243 10.00087636 67.68256821 0.43529412 0.89019608 0.96078431
v 15.86129668 8.37750679 65.85462489 0.43529412 0.89019608 0.96078431
v 16.34672880 8.37750679 64.15997362 0.43529412 0.89019608 0.96078431
v 16.73355746 8.29015046 62.35107274 0.43529412 0.89019608 0.96078431
v 16.87008426 8.79244855 61.71002089 0.43529412 0.89019608 0.96078431
v 16.87008426 9.48401878 61.71002089 0.43529412 0.89019608 0.96078431
v -8.86916188 11.15106621 22.92337530 0.43529412 0.89019608 0.96078431
v -15.12667695 27.64683410 62.46531730 0.43529412 0.89019608 0.96078431
v -15.32767645 26.16177592 59.93285405 0.43529412 0.89019608 0.96078431
v -15.55522153 26.44568603 61.06262829 0.43529412 0.89019608 0.96078431
v -16.66640516 23.90507471 59.08235552 0.43529412 0.89019608 0.96078431
v -17.06461032 22.84952031 58.08587333 0.43529412 0.89019608 0.96078431
v -15.74863587 26.80238856 62.46531730 0.43529412 0.89019608 0.96078431
v -16.90532801 24.13802407 60.77066099 0.43529412 0.89019608 0.96078431
v -8.33822125 31.08284413 56.83550873 0.43529412 0.89019608 0.96078431
v -9.14600933 10.95451495 22.92337530 0.43529412 0.89019608 0.96078431
v -9.69591226 10.54685230 22.92337530 0.43529412 0.89019608 0.96078431
v -9.43423453 30.43495175 57.33057692 0.43529412 0.89019608 0.96078431
v -10.81088784 28.34568218 55.69304793 0.43529412 0.89019608 0.96078431
v -12.20271150 26.40928730 54.43633753 0.43529412 0.89019608 0.96078431
v -12.55540689 26.76598982 55.69304793 0.43529412 0.89019608 0.96078431
v -13.40491216 25.92882656 55.69304793 0.43529412 0.89019608 0.96078431
v -13.63245850 26.16177592 56.54354647 0.43529412 0.89019608 0.96078431
v -13.49213786 7.40930840 22.92337530 0.43529412 0.89019608 0.96078431
v -13.49972303 7.41658814 22.94876354 0.43529412 0.89019608 0.96078431
v -14.84603691 27.01350120 60.60563994 0.43529412 0.89019608 0.96078431
v -16.93566743 24.01426965 62.46531730 0.43529412 0.89019608 0.96078431
v -16.86361208 23.53381017 64.14727697 0.43529412 0.89019608 0.96078431
v -16.99255497 22.63840893 64.69946745 0.43529412 0.89019608 0.96078431
v -16.60193372 23.62844687 65.85462489 0.43529412 0.89019608 0.96078431
v -16.77259379 21.77212667 67.39695175 0.43529412 0.89019608 0.96078431
v -16.93566743 20.68017354 67.86028590 0.43529412 0.89019608 0.96078431
v -17.11770527 20.16331659 67.39695175 0.43529412 0.89019608 0.96078431
v -17.62968297 18.54722676 65.85462489 0.43529412 0.89019608 0.96078431
v -17.35662811 18.54722676 67.54928120 0.43529412 0.89019608 0.96078431
v -17.11012010 18.54722676 68.72348108 0.43529412 0.89019608 0.96078431
v -16.87878116 18.54722676 69.56763382 0.43529412 0.89019608 0.96078431
v -16.93566743 16.85105972 69.77708555 0.43529412 0.89019608 0.96078431
v -16.54504745 16.85105972 70.93858879 0.43529412 0.89019608 0.96078431
v -15.89654168 16.85105972 72.63324510 0.43529412 0.89019608 0.96078431
v -15.83207024 15.15489268 72.63324510 0.43529412 0.89019608 0.96078431
v -15.63107074 13.55336234 72.71575563 0.43529412 0.89019608 0.96078431
v -15.55901412 11.76983961 72.24607567 0.43529412 0.89019608 0.96078431
v -15.42627991 10.56869154 71.97315586 0.43529412 0.89019608 0.96078431
v -14.91050836 10.02999535 72.57612282 0.43529412 0.89019608 0.96078431
v -15.26320501 9.44034062 71.66215116 0.43529412 0.89019608 0.96078431
v -14.18236081 8.36294730 72.69671318 0.43529412 0.89019608 0.96078431
v -13.90551336 7.04532423 72.18260759 0.43529412 0.89019608 0.96078431
v -14.49334027 6.69589940 70.93224299 0.43529412 0.89019608 0.96078431
v -15.08116843 6.34647457 69.65014434 0.43529412 0.89019608 0.96078431
v -13.95102314 5.34915766 70.58950425 0.43529412 0.89019608 0.96078431
v -13.57936482 4.22080659 70.02462217 0.43529412 0.89019608 0.96078431
v -11.98654165 4.10433159 71.83986885 0.43529412 0.89019608 0.96078431
v -11.50490338 4.63574866 72.96963805 0.43529412 0.89019608 0.96078431
v -11.86897653 -0.86041321 66.62261794 0.43529412 0.89019608 0.96078431
v -10.18513634 -2.56385999 66.63530954 0.43529412 0.89019608 0.96078431
v -9.05499104 -3.08071758 67.18115422 0.43529412 0.89019608 0.96078431
v -8.35339096 -4.20906881 66.58453306 0.43529412 0.89019608 0.96078431
v -6.00966725 0.16602221 72.40475092 0.43529412 0.89019608 0.96078431
v -6.00966725 0.98134687 73.24890366 0.43529412 0.89019608 0.96078431
v -7.22324566 -4.48569665 66.89553776 0.43529412 0.89019608 0.96078431
v -6.00966725 -3.08799732 68.90754457 0.43529412 0.89019608 0.96078431
v -6.00966725 -0.68570119 71.50347591 0.43529412 0.89019608 0.96078431
v -4.31824158 0.83575320 73.41392976 0.43529412 0.89019608 0.96078431
v -4.31824158 1.68019653 74.15652952 0.43529412 0.89019608 0.96078431
v -4.31824158 2.66295410 75.00702806 0.43529412 0.89019608 0.96078431
v -4.31824158 3.51467718 75.66077150 0.43529412 0.89019608 0.96078431
v -4.31824158 4.65030800 76.51127508 0.43529412 0.89019608 0.96078431
v -2.62302379 4.65030800 76.51762088 0.43529412 0.89019608 0.96078431
v -0.92780608 5.56026858 77.06346556 0.43529412 0.89019608 0.96078431
v 4.22990351 8.45758305 78.14880912 0.43529412 0.89019608 0.96078431
v 2.40953542 6.58670415 77.33003957 0.43529412 0.89019608 0.96078431
v 4.15026236 7.00892581 77.22214081 0.43529412 0.89019608 0.96078431
v 0.75982686 5.68402332 76.98095503 0.43529412 0.89019608 0.96078431
v 2.94426849 5.95337157 76.79054574 0.43529412 0.89019608 0.96078431
v 0.75982686 4.83957983 76.38433387 0.43529412 0.89019608 0.96078431
v 0.75982686 3.66755059 75.53383534 0.43529412 0.89019608 0.96078431
v 2.45504472 3.87138160 75.38150589 0.43529412 0.89019608 0.96078431
v 2.40953542 5.13076716 76.31451494 0.43529412 0.89019608 0.96078431
v 5.52691598 7.29283340 77.02538572 0.43529412 0.89019608 0.96078431
v 5.99338517 6.71773848 76.47319524 0.43529412 0.89019608 0.96078431
v 5.84168803 5.35643741 75.53383534 0.43529412 0.89019608 0.96078431
v 5.84168803 4.51199392 74.89278349 0.43529412 0.89019608 0.96078431
v 7.53690535 3.82042400 73.75031765 0.43529412 0.89019608 0.96078431
v 6.14508232 2.68479302 73.28698855 0.43529412 0.89019608 0.96078431
v 7.53690535 2.97598036 73.03310613 0.43529412 0.89019608 0.96078431
v 7.53690535 2.00050254 72.18895339 0.43529412 0.89019608 0.96078431
v 7.53690535 1.14877977 71.43365698 0.43529412 0.89019608 0.96078431
v 9.23212329 0.58096397 70.26580290 0.43529412 0.89019608 0.96078431
v 9.31934963 1.66563704 71.21785945 0.43529412 0.89019608 0.96078431
v 10.08542115 0.76295637 70.09443605 0.43529412 0.89019608 0.96078431
v 10.76047375 1.70203546 70.46890883 0.43529412 0.89019608 0.96078431
v 11.21177386 1.19973737 69.69457503 0.43529412 0.89019608 0.96078431
v 11.90578940 0.58824371 68.56480583 0.43529412 0.89019608 0.96078431
v 12.14471224 1.70203546 69.17411859 0.43529412 0.89019608 0.96078431
v 13.03593469 1.62923862 67.50485052 0.43529412 0.89019608 0.96078431
v 13.50240388 4.04609425 68.47594446 0.43529412 0.89019608 0.96078431
v 13.30140438 2.91774302 68.04434940 0.43529412 0.89019608 0.96078431
v 14.31019196 4.99973283 67.54928120 0.43529412 0.89019608 0.96078431
v 14.84492518 6.63766190 67.50485052 0.43529412 0.89019608 0.96078431
v 15.25450810 7.16179923 66.91458020 0.43529412 0.89019608 0.96078431
v 15.02316917 8.37750679 68.08877503 0.43529412 0.89019608 0.96078431
v 15.11039487 6.03344799 66.58453306 0.43529412 0.89019608 0.96078431
v 16.16089964 15.15489268 52.31008110 0.43529412 0.89019608 0.96078431
v 13.85130794 22.04875451 55.64227145 0.43529412 0.89019608 0.96078431
v 14.97766066 18.96216852 54.00473742 0.43529412 0.89019608 0.96078431
v 15.48584577 16.98209389 52.22122478 0.43529412 0.89019608 0.96078431
v 15.23175258 17.86293564 52.72898457 0.43529412 0.89019608 0.96078431
v 16.79423632 11.75528011 60.77701183 0.43529412 0.89019608 0.96078431
v 16.82836833 12.31581617 59.55838127 0.43529412 0.89019608 0.96078431
v 16.83215966 10.61237002 61.34823971 0.43529412 0.89019608 0.96078431
v 16.87387685 11.18746494 60.21847051 0.43529412 0.89019608 0.96078431
v 16.90042369 11.75528011 59.02523324 0.43529412 0.89019608 0.96078431
v 17.33276086 8.37750679 55.69304793 0.43529412 0.89019608 0.96078431
v 17.63994900 6.69589940 52.31008110 0.43529412 0.89019608 0.96078431
v 17.71200435 6.69589940 50.61542983 0.43529412 0.89019608 0.96078431
v 17.54513813 8.37750679 50.61542983 0.43529412 0.89019608 0.96078431
v 17.52617519 8.37750679 48.92077352 0.43529412 0.89019608 0.96078431
v 16.56289739 13.29857374 50.76775928 0.43529412 0.89019608 0.96078431
v 18.66011308 -3.82324477 26.90295825 0.43529412 0.89019608 0.96078431
v 18.60322681 -4.09987261 25.20830446 0.43529412 0.89019608 0.96078431
v 18.51979243 -4.45657767 23.05031651 0.43529412 0.89019608 0.96078431
v 18.51220852 -4.47841690 22.92337530 0.43529412 0.89019608 0.96078431
v 18.47428392 -4.34738273 22.92337530 0.43529412 0.89019608 0.96078431
v 18.23156849 -3.55389668 22.92337530 0.43529412 0.89019608 0.96078431
v 14.45430393 18.54722676 50.61542983 0.43529412 0.89019608 0.96078431
v 17.63236383 -1.77765369 22.92337530 0.43529412 0.89019608 0.96078431
v 17.08625285 -0.43819170 22.92337530 0.43529412 0.89019608 0.96078431
v 16.82457575 0.11506461 22.92337530 0.43529412 0.89019608 0.96078431
v 13.74891190 19.93036596 50.61542983 0.43529412 0.89019608 0.96078431
v 16.67666993 0.41353169 22.92337530 0.43529412 0.89019608 0.96078431
v 16.02057899 1.66563704 22.92337530 0.43529412 0.89019608 0.96078431
v 15.36828064 8.37750679 67.24462230 0.43529412 0.89019608 0.96078431
v 15.50860129 6.63766190 65.95617785 0.43529412 0.89019608 0.96078431
v 16.15331447 6.69589940 64.15997362 0.43529412 0.89019608 0.96078431
v 16.59323681 6.69589940 62.46531730 0.43529412 0.89019608 0.96078431
v 16.84733000 7.66409732 61.58942548 0.43529412 0.89019608 0.96078431
v 17.30242143 4.99973283 57.38769920 0.43529412 0.89019608 0.96078431
v 17.48825059 4.99973283 55.69304793 0.43529412 0.89019608 0.96078431
v 16.90800886 10.05911370 60.77701183 0.43529412 0.89019608 0.96078431
v 17.63615641 4.99973283 54.00473742 0.43529412 0.89019608 0.96078431
v 17.43515691 6.69589940 55.69304793 0.43529412 0.89019608 0.96078431
v -15.11150786 25.93610630 59.08235552 0.43529412 0.89019608 0.96078431
v -15.54005245 24.73495823 57.77486863 0.43529412 0.89019608 0.96078431
v -15.82069248 25.09166329 59.08235552 0.43529412 0.89019608 0.96078431
v -17.26560983 21.94683932 57.47020973 0.43529412 0.89019608 0.96078431
v -17.13287435 23.05335069 59.08235552 0.43529412 0.89019608 0.96078431
v -16.85981949 22.52193424 56.96244994 0.43529412 0.89019608 0.96078431
v -16.82948007 3.92961925 22.92337530 0.43529412 0.89019608 0.96078431
v -17.36800587 3.17253193 22.92337530 0.43529412 0.89019608 0.96078431
v -17.60692872 2.68479302 22.92337530 0.43529412 0.89019608 0.96078431
v -18.06581273 1.61467944 22.92337530 0.43529412 0.89019608 0.96078431
v -17.15562861 23.29358106 60.77066099 0.43529412 0.89019608 0.96078431
v -10.44302148 28.02537586 54.57597034 0.43529412 0.89019608 0.96078431
v -10.88673705 9.62233270 22.92337530 0.43529412 0.89019608 0.96078431
v -12.60850184 8.16639572 22.92337530 0.43529412 0.89019608 0.96078431
v -14.36818996 6.57214481 22.92337530 0.43529412 0.89019608 0.96078431
v -14.66020776 6.28823707 22.92337530 0.43529412 0.89019608 0.96078431
v -15.21390265 5.72770132 22.92972362 0.43529412 0.89019608 0.96078431
v -14.59194373 25.44836581 57.15921007 0.43529412 0.89019608 0.96078431
v -16.01410681 4.84685942 22.92337530 0.43529412 0.89019608 0.96078431
v -17.44385381 21.93227983 60.77066099 0.43529412 0.89019608 0.96078431
v -17.34145777 21.93227983 62.46531730 0.43529412 0.89019608 0.96078431
v -17.17079895 22.01963553 64.14727697 0.43529412 0.89019608 0.96078431
v -17.51591043 20.23611279 64.15997362 0.43529412 0.89019608 0.96078431
v -17.32249610 20.23611279 65.85462489 0.43529412 0.89019608 0.96078431
v -17.08736584 21.41542162 65.85462489 0.43529412 0.89019608 0.96078431
v -16.90912059 22.26714564 65.85462489 0.43529412 0.89019608 0.96078431
v -17.02668572 21.10239505 66.73051671 0.43529412 0.89019608 0.96078431
v -17.82309730 18.54722676 64.15997362 0.43529412 0.89019608 0.96078431
v -18.04685106 16.85105972 64.15997362 0.43529412 0.89019608 0.96078431
v -17.83826765 16.85105972 65.85462489 0.43529412 0.89019608 0.96078431
v -17.50453267 16.85105972 67.54928120 0.43529412 0.89019608 0.96078431
v -17.16321378 16.85105972 68.93293282 0.43529412 0.89019608 0.96078431
v -17.17838413 15.15489268 68.95197526 0.43529412 0.89019608 0.96078431
v -16.93566743 15.15489268 69.79612800 0.43529412 0.89019608 0.96078431
v -16.51850060 15.15489268 70.93858879 0.43529412 0.89019608 0.96078431
v -16.38955772 13.45872690 70.93858879 0.43529412 0.89019608 0.96078431
v -16.15442620 11.76983961 70.93858879 0.43529412 0.89019608 0.96078431
v -15.72588161 10.02999535 71.03379596 0.43529412 0.89019608 0.96078431
v -15.50971302 8.37750679 70.46256304 0.43529412 0.89019608 0.96078431
v -15.35801588 7.46754605 70.14521254 0.43529412 0.89019608 0.96078431
v -15.05841292 8.37750679 71.31306662 0.43529412 0.89019608 0.96078431
v -15.38835531 5.72042174 68.52037515 0.43529412 0.89019608 0.96078431
v -15.08495976 4.59207050 67.94279643 0.43529412 0.89019608 0.96078431
v -14.51609578 4.97061416 69.26932576 0.43529412 0.89019608 0.96078431
v -13.95481572 3.69666926 68.89484793 0.43529412 0.89019608 0.96078431
v -13.51489337 0.91582978 66.54645322 0.43529412 0.89019608 0.96078431
v -12.38474808 0.26793739 67.23193070 0.43529412 0.89019608 0.96078431
v -12.91948130 -0.21980120 66.01965098 0.43529412 0.89019608 0.96078431
v -12.32027663 -1.35543218 65.49284370 0.43529412 0.89019608 0.96078431
v -11.80450508 -2.48378342 64.83910026 0.43529412 0.89019608 0.96078431
v -11.27356445 -1.95964609 66.06407662 0.43529412 0.89019608 0.96078431
v -10.67436105 -3.03703910 65.50554035 0.43529412 0.89019608 0.96078431
v -10.09411805 -4.17267008 64.82640866 0.43529412 0.89019608 0.96078431
v -9.48353626 -5.23550422 64.24882994 0.43529412 0.89019608 0.96078431
v -8.96397275 -4.70408652 65.45476386 0.43529412 0.89019608 0.96078431
v -8.86916188 -6.29833837 63.67125122 0.43529412 0.89019608 0.96078431
v -8.21686353 -5.83243839 64.80102042 0.43529412 0.89019608 0.96078431
v -7.08671823 -6.11634597 65.13106756 0.43529412 0.89019608 0.96078431
v -4.31824158 -0.86769295 71.71927344 0.43529412 0.89019608 0.96078431
v -4.31824158 -0.02324994 72.56342617 0.43529412 0.89019608 0.96078431
v -4.31824158 -3.24814985 69.11064546 0.43529412 0.89019608 0.96078431
v -4.31824158 -2.49834228 69.95480325 0.43529412 0.89019608 0.96078431
v -4.31824158 -1.65389926 70.86877491 0.43529412 0.89019608 0.96078431
v -6.00966725 -3.93244097 67.95548803 0.43529412 0.89019608 0.96078431
v -3.28669974 -0.91865118 71.77639572 0.43529412 0.89019608 0.96078431
v -2.68370280 -0.24892019 72.44918161 0.43529412 0.89019608 0.96078431
v -2.62302379 0.79935447 73.44566380 0.43529412 0.89019608 0.96078431
v -2.62302379 1.64379812 74.17557197 0.43529412 0.89019608 0.96078431
v -2.62302379 2.64839461 75.01972470 0.43529412 0.89019608 0.96078431
v -2.62302379 3.49283794 75.67346815 0.43529412 0.89019608 0.96078431
v -0.92780608 3.54379585 75.62903746 0.43529412 0.89019608 0.96078431
v -0.92780608 4.71582509 76.47319524 0.43529412 0.89019608 0.96078431
v 4.15026236 6.17176207 76.63821629 0.43529412 0.89019608 0.96078431
v 3.56243513 4.06065343 75.24821888 0.43529412 0.89019608 0.96078431
v 0.75982686 2.82310694 74.88643769 0.43529412 0.89019608 0.96078431
v 2.45504472 3.02693827 74.72141664 0.43529412 0.89019608 0.96078431
v 4.69258043 4.26448459 75.08319783 0.43529412 0.89019608 0.96078431
v 5.68619830 3.27444744 73.93438114 0.43529412 0.89019608 0.96078431
v 5.01493734 2.45184303 73.48374364 0.43529412 0.89019608 0.96078431
v 5.67482054 1.68019653 72.57612282 0.43529412 0.89019608 0.96078431
v 6.33470406 0.90855003 71.65580536 0.43529412 0.89019608 0.96078431
v 7.53690535 0.24609879 70.58950425 0.43529412 0.89019608 0.96078431
v 9.23212329 -0.26347905 69.44703841 0.43529412 0.89019608 0.96078431
v 10.12334512 -0.95504928 68.42516798 0.43529412 0.89019608 0.96078431
v 10.66945547 0.10778487 69.05986898 0.43529412 0.89019608 0.96078431
v 11.25349105 -0.54010752 68.01261536 0.43529412 0.89019608 0.96078431
v 11.91337331 -1.10792269 66.88284111 0.43529412 0.89019608 0.96078431
v 12.20159851 -0.01597019 67.49215892 0.43529412 0.89019608 0.96078431
v 13.34691415 1.07598294 66.42585781 0.43529412 0.89019608 0.96078431
v 13.56308274 2.20433386 66.91458020 0.43529412 0.89019608 0.96078431
v 14.61358625 3.44916009 65.70864628 0.43529412 0.89019608 0.96078431
v 15.17486631 4.10433159 65.04855704 0.43529412 0.89019608 0.96078431
v 14.93973606 4.99973283 66.22275187 0.43529412 0.89019608 0.96078431
v 15.31518696 4.99973283 65.37225334 0.43529412 0.89019608 0.96078431
v 15.78924132 4.99973283 64.15997362 0.43529412 0.89019608 0.96078431
v 15.89542869 15.15489268 50.61542983 0.43529412 0.89019608 0.96078431
v 17.71958953 -1.77765369 23.51364814 0.43529412 0.89019608 0.96078431
v 17.54134554 6.69589940 54.00473742 0.43529412 0.89019608 0.96078431
v 17.74613637 4.99973283 52.31008110 0.43529412 0.89019608 0.96078431
v 18.01539990 3.30356642 48.92077352 0.43529412 0.89019608 0.96078431
v 18.09124784 3.30356642 47.22612225 0.43529412 0.89019608 0.96078431
v 17.92817294 4.99973283 47.22612225 0.43529412 0.89019608 0.96078431
v 17.91300386 4.99973283 45.53146593 0.43529412 0.89019608 0.96078431
v 18.27328442 1.61467944 40.45384783 0.43529412 0.89019608 0.96078431
v 18.88386684 -5.16270676 26.90295825 0.43529412 0.89019608 0.96078431
v 18.80801764 -5.16270676 25.20830446 0.43529412 0.89019608 0.96078431
v 18.69045251 -5.07535107 23.57077295 0.43529412 0.89019608 0.96078431
v 18.67528342 -5.25006372 22.92337530 0.43529412 0.89019608 0.96078431
v 18.53117019 -4.56577260 22.92337530 0.43529412 0.89019608 0.96078431
v 16.33914363 4.99973283 62.46531730 0.43529412 0.89019608 0.96078431
v 16.81319799 6.69589940 61.38632459 0.43529412 0.89019608 0.96078431
v 16.85112259 4.17712842 59.91381666 0.43529412 0.89019608 0.96078431
v 16.94593346 6.69589940 60.53582101 0.43529412 0.89019608 0.96078431
v 17.02178140 4.84685942 59.24103077 0.43529412 0.89019608 0.96078431
v 17.42757174 3.30356642 55.69304793 0.43529412 0.89019608 0.96078431
v 17.64374032 3.30356642 54.00473742 0.43529412 0.89019608 0.96078431
v 17.79543873 3.30356642 52.31008110 0.43529412 0.89019608 0.96078431
v 18.07228617 1.61467944 48.92077352 0.43529412 0.89019608 0.96078431
v 17.91300386 3.30356642 50.61542983 0.43529412 0.89019608 0.96078431
v -15.27079018 24.40737217 56.64509943 0.43529412 0.89019608 0.96078431
v -16.33646403 4.49015484 22.92337530 0.43529412 0.89019608 0.96078431
v -17.77758879 18.54722676 54.00473742 0.43529412 0.89019608 0.96078431
v -17.71690867 20.23611279 57.38769920 0.43529412 0.89019608 0.96078431
v -17.43247732 21.93227983 59.08235552 0.43529412 0.89019608 0.96078431
v -18.23647281 1.01774497 22.92337530 0.43529412 0.89019608 0.96078431
v -11.64522277 8.98172038 22.92337530 0.43529412 0.89019608 0.96078431
v -12.22167317 8.49398147 22.92337530 0.43529412 0.89019608 0.96078431
v -15.21011132 5.72770132 22.92337530 0.43529412 0.89019608 0.96078431
v -17.75104069 20.23611279 59.08235552 0.43529412 0.89019608 0.96078431
v -17.72449384 20.23611279 60.77066099 0.43529412 0.89019608 0.96078431
v -17.93686984 18.54722676 62.46531730 0.43529412 0.89019608 0.96078431
v -17.65622981 20.23611279 62.46531730 0.43529412 0.89019608 0.96078431
v -18.16820878 16.85105972 62.46531730 0.43529412 0.89019608 0.96078431
v -18.34266018 15.15489268 62.46531730 0.43529412 0.89019608 0.96078431
v -18.17200136 15.15489268 64.15997362 0.43529412 0.89019608 0.96078431
v -17.92170076 15.15489268 65.85462489 0.43529412 0.89019608 0.96078431
v -17.55383503 15.15489268 67.54928120 0.43529412 0.89019608 0.96078431
v -17.50832526 13.45872690 67.54928120 0.43529412 0.89019608 0.96078431
v -17.15183728 13.45872690 68.79964581 0.43529412 0.89019608 0.96078431
v -16.87498858 13.45872690 69.64379854 0.43529412 0.89019608 0.96078431
v -16.81810231 11.62424594 69.19316103 0.43529412 0.89019608 0.96078431
v -16.50712285 10.07367320 69.24393752 0.43529412 0.89019608 0.96078431
v -16.06340791 8.37750679 69.24393752 0.43529412 0.89019608 0.96078431
v -15.55901412 6.82693373 69.14873035 0.43529412 0.89019608 0.96078431
v -16.18097304 6.69589940 67.54928120 0.43529412 0.89019608 0.96078431
v -15.57418447 5.09436875 67.44772823 0.43529412 0.89019608 0.96078431
v -15.38077013 4.05337368 66.81302723 0.43529412 0.89019608 0.96078431
v -15.36180846 2.40088544 65.07394023 0.43529412 0.89019608 0.96078431
v -15.05082900 2.92502276 66.20371448 0.43529412 0.89019608 0.96078431
v -14.47437860 1.65835761 65.81019925 0.43529412 0.89019608 0.96078431
v -13.89792819 0.41353169 65.41668402 0.43529412 0.89019608 0.96078431
v -13.45042193 -0.71481954 64.75024393 0.43529412 0.89019608 0.96078431
v -12.84363209 -1.83589103 64.22978750 0.43529412 0.89019608 0.96078431
v -12.23305093 -2.94240302 63.70933611 0.43529412 0.89019608 0.96078431
v -11.69452513 -4.07075489 62.99846534 0.43529412 0.89019608 0.96078431
v -9.99930718 -5.76692067 63.00481618 0.43529412 0.89019608 0.96078431
v -10.56817178 -4.63857006 63.69663947 0.43529412 0.89019608 0.96078431
v -8.76676584 -7.89986871 61.85600454 0.43529412 0.89019608 0.96078431
v -8.65299329 -9.49411930 60.04075282 0.43529412 0.89019608 0.96078431
v -8.02344920 -7.43396872 62.98577374 0.43529412 0.89019608 0.96078431
v -7.55698001 -8.12553832 62.43992906 0.43529412 0.89019608 0.96078431
v -6.89330390 -7.72515606 63.33485828 0.43529412 0.89019608 0.96078431
v -6.00966725 -6.26921939 65.30243441 0.43529412 0.89019608 0.96078431
v -6.00966725 -5.52669156 66.15293799 0.43529412 0.89019608 0.96078431
v -2.62302379 -2.58569860 70.05000537 0.43529412 0.89019608 0.96078431
v -2.62302379 -3.33550618 69.20585263 0.43529412 0.89019608 0.96078431
v -4.31824158 -4.82784221 67.29539878 0.43529412 0.89019608 0.96078431
v -2.62302379 -4.17994982 68.24110449 0.43529412 0.89019608 0.96078431
v -2.15655444 -0.94776953 71.80178396 0.43529412 0.89019608 0.96078431
v -2.68370280 -1.58838217 71.10360983 0.43529412 0.89019608 0.96078431
v -0.92780608 0.83575320 73.41392976 0.43529412 0.89019608 0.96078431
v -1.43599206 -0.94776953 71.80178396 0.43529412 0.89019608 0.96078431
v -0.92780608 1.68019653 74.13748708 0.43529412 0.89019608 0.96078431
v -0.92780608 2.69935252 74.98164486 0.43529412 0.89019608 0.96078431
v 4.13509264 4.89781717 75.71154798 0.43529412 0.89019608 0.96078431
v 4.13509264 3.42004110 74.56274139 0.43529412 0.89019608 0.96078431
v 0.75982686 1.79667153 74.03593411 0.43529412 0.89019608 0.96078431
v 2.45504472 2.00050254 73.87091306 0.43529412 0.89019608 0.96078431
v 4.15026236 2.28441044 73.62972729 0.43529412 0.89019608 0.96078431
v 5.20455877 0.68287979 71.85890625 0.43529412 0.89019608 0.96078431
v 5.27282280 -1.04240561 70.19598902 0.43529412 0.89019608 0.96078431
v 9.23212329 -1.12976193 68.60288567 0.43529412 0.89019608 0.96078431
v 8.89080441 -2.83320809 66.91458020 0.43529412 0.89019608 0.96078431
v 10.02094970 -2.60025810 66.67974023 0.43529412 0.89019608 0.96078431
v 10.92354865 -3.09527644 65.53727439 0.43529412 0.89019608 0.96078431
v 10.92354865 -2.31635051 66.38777797 0.43529412 0.89019608 0.96078431
v 10.78322927 -1.37727079 67.49215892 0.43529412 0.89019608 0.96078431
v 11.90199681 -2.77497075 65.17549320 0.43529412 0.89019608 0.96078431
v 12.20159851 -1.71213660 65.78481101 0.43529412 0.89019608 0.96078431
v 13.06627412 -0.08148728 65.85462489 0.43529412 0.89019608 0.96078431
v 14.98145198 1.19973737 62.90326321 0.43529412 0.89019608 0.96078431
v 14.66668120 1.70203546 64.06476645 0.43529412 0.89019608 0.96078431
v 15.20899833 2.32808860 63.43006545 0.43529412 0.89019608 0.96078431
v 14.96249031 2.97598036 64.55983464 0.43529412 0.89019608 0.96078431
v 13.34691415 -0.64930245 64.71216410 0.43529412 0.89019608 0.96078431
v 15.34931897 3.44916009 64.06476645 0.43529412 0.89019608 0.96078431
v 15.89542869 3.30356642 62.46531730 0.43529412 0.89019608 0.96078431
v 18.15951187 1.61467944 47.22612225 0.43529412 0.89019608 0.96078431
v 18.11400210 3.30356642 45.53146593 0.43529412 0.89019608 0.96078431
v 18.43256673 -0.08148728 42.14850415 0.43529412 0.89019608 0.96078431
v 18.55013312 -0.90409169 39.71759386 0.43529412 0.89019608 0.96078431
v 18.28845476 1.61467944 42.14850415 0.43529412 0.89019608 0.96078431
v 18.10262560 3.30356642 43.84315794 0.43529412 0.89019608 0.96078431
v 18.55013312 -0.90409169 37.80079422 0.43529412 0.89019608 0.96078431
v 18.92179144 -5.16270676 28.59761204 0.43529412 0.89019608 0.96078431
v 19.03935657 -6.85887380 25.20830446 0.43529412 0.89019608 0.96078431
v 18.98626288 -6.85887380 23.51364814 0.43529412 0.89019608 0.96078431
v 18.95592346 -6.85887380 22.92337530 0.43529412 0.89019608 0.96078431
v 16.42636933 3.30356642 60.77066099 0.43529412 0.89019608 0.96078431
v 16.90042369 5.30547966 60.20577891 0.43529412 0.89019608 0.96078431
v 16.76010430 3.30356642 59.53299303 0.43529412 0.89019608 0.96078431
v 16.86629167 2.40088544 58.28897927 0.43529412 0.89019608 0.96078431
v 16.95351863 1.74571362 57.28614623 0.43529412 0.89019608 0.96078431
v 16.94214088 3.30356642 58.68884029 0.43529412 0.89019608 0.96078431
v 17.23415867 1.61467944 55.69304793 0.43529412 0.89019608 0.96078431
v 17.16589464 3.30356642 57.38769920 0.43529412 0.89019608 0.96078431
v 17.51859002 1.61467944 54.00473742 0.43529412 0.89019608 0.96078431
v 17.74613637 1.61467944 52.31008110 0.43529412 0.89019608 0.96078431
v 17.92817294 1.61467944 50.61542983 0.43529412 0.89019608 0.96078431
v 18.17088963 -0.08148728 47.22612225 0.43529412 0.89019608 0.96078431
v 18.38326563 -1.77765369 43.84315794 0.43529412 0.89019608 0.96078431
v 18.47428392 -1.77765369 42.14850415 0.43529412 0.89019608 0.96078431
v 18.36051138 -0.08148728 43.84315794 0.43529412 0.89019608 0.96078431
v -17.96720927 16.85105972 52.31008110 0.43529412 0.89019608 0.96078431
v -17.93307852 18.54722676 55.69304793 0.43529412 0.89019608 0.96078431
v -18.50573508 -0.16884361 22.92337530 0.43529412 0.89019608 0.96078431
v -17.97479445 18.54722676 57.38769920 0.43529412 0.89019608 0.96078431
v -18.24405798 16.85105972 59.08235552 0.43529412 0.89019608 0.96078431
v -18.24405798 16.85105972 60.77066099 0.43529412 0.89019608 0.96078431
v -17.98996479 18.54722676 60.77066099 0.43529412 0.89019608 0.96078431
v -18.43747105 15.15489268 60.77066099 0.43529412 0.89019608 0.96078431
v -18.54745227 13.45872690 60.77066099 0.43529412 0.89019608 0.96078431
v -18.41850938 13.45872690 62.46531730 0.43529412 0.89019608 0.96078431
v -18.20992597 13.45872690 64.15997362 0.43529412 0.89019608 0.96078431
v -17.91411559 13.45872690 65.85462489 0.43529412 0.89019608 0.96078431
v -17.81930472 11.76983961 65.85462489 0.43529412 0.89019608 0.96078431
v -17.30353443 11.62424594 67.70795645 0.43529412 0.89019608 0.96078431
v -17.08736584 12.09014593 68.59653987 0.43529412 0.89019608 0.96078431
v -17.01530922 10.96179469 68.38074234 0.43529412 0.89019608 0.96078431
v -16.92808352 10.07367320 68.12051412 0.43529412 0.89019608 0.96078431
v -16.73846178 8.38478622 67.51120136 0.43529412 0.89019608 0.96078431
v -16.18476563 4.99973283 65.85462489 0.43529412 0.89019608 0.96078431
v -16.94325261 7.82425048 66.46393765 0.43529412 0.89019608 0.96078431
v -16.77259379 6.65950098 65.88001313 0.43529412 0.89019608 0.96078431
v -16.78397029 4.94877508 64.19805346 0.43529412 0.89019608 0.96078431
v -16.15821878 3.30356642 64.15997362 0.43529412 0.89019608 0.96078431
v -15.55901412 3.41276167 65.72768368 0.43529412 0.89019608 0.96078431
v -15.55901412 2.00050254 64.15997362 0.43529412 0.89019608 0.96078431
v -15.32009128 0.77751586 63.29677844 0.43529412 0.89019608 0.96078431
v -15.09633752 1.15605952 64.15997362 0.43529412 0.89019608 0.96078431
v -14.24683225 -0.12516513 64.17901101 0.43529412 0.89019608 0.96078431
v -13.83345674 -1.18799927 63.62047474 0.43529412 0.89019608 0.96078431
v -13.36319497 -2.31635051 62.92230061 0.43529412 0.89019608 0.96078431
v -12.11169196 -4.50025614 61.86869614 0.43529412 0.89019608 0.96078431
v -10.32166377 -7.78339403 60.02806122 0.43529412 0.89019608 0.96078431
v -9.00948190 -9.86538384 59.08235552 0.43529412 0.89019608 0.96078431
v -8.48991839 -11.05197242 58.18108050 0.43529412 0.89019608 0.96078431
v -7.70488457 -9.74890916 60.36445416 0.43529412 0.89019608 0.96078431
v -7.70488457 -9.05733830 61.20860690 0.43529412 0.89019608 0.96078431
v -6.00966725 -7.82707124 63.46179949 0.43529412 0.89019608 0.96078431
v -6.00966725 -7.11366240 64.31230307 0.43529412 0.89019608 0.96078431
v -7.35977309 -11.32860026 58.54285664 0.43529412 0.89019608 0.96078431
v -6.43062730 -9.31940665 61.51961160 0.43529412 0.89019608 0.96078431
v -4.31824158 -7.25197632 64.46462747 0.43529412 0.89019608 0.96078431
v -4.31824158 -5.67956497 66.30526744 0.43529412 0.89019608 0.96078431
v -0.92780608 -3.35006567 69.21219843 0.43529412 0.89019608 0.96078431
v -0.92780608 -2.59297835 70.05635621 0.43529412 0.89019608 0.96078431
v -0.92780608 -4.19450932 68.26014693 0.43529412 0.89019608 0.96078431
v -2.62302379 -4.90063841 67.39060595 0.43529412 0.89019608 0.96078431
v -0.92780608 -5.76692067 66.41951201 0.43529412 0.89019608 0.96078431
v -0.92780608 -4.92247765 67.40964840 0.43529412 0.89019608 0.96078431
v 0.75982686 0.95222788 73.31237679 0.43529412 0.89019608 0.96078431
v -0.89367414 -0.24164044 72.42379337 0.43529412 0.89019608 0.96078431
v -0.30584696 -0.91865118 71.77004992 0.43529412 0.89019608 0.96078431
v -0.89367414 -1.59566192 71.09726404 0.43529412 0.89019608 0.96078431
v 2.45504472 1.15605952 73.12831330 0.43529412 0.89019608 0.96078431
v 4.15026236 0.47904878 72.03662394 0.43529412 0.89019608 0.96078431
v 4.15026236 -0.36539487 71.24959349 0.43529412 0.89019608 0.96078431
v 4.15026236 -1.23167712 70.39909496 0.43529412 0.89019608 0.96078431
v 4.15026236 -2.89872518 68.68539620 0.43529412 0.89019608 0.96078431
v 5.22352107 -2.70945366 68.49498691 0.43529412 0.89019608 0.96078431
v 7.53690535 -3.08799732 67.18750002 0.43529412 0.89019608 0.96078431
v 7.53690535 -3.93244097 66.26718256 0.43529412 0.89019608 0.96078431
v 8.72772950 -4.45657767 65.17549320 0.43529412 0.89019608 0.96078431
v 9.37244331 -3.53205807 65.92444381 0.43529412 0.89019608 0.96078431
v 9.85787480 -4.23090805 64.90891918 0.43529412 0.89019608 0.96078431
v 10.92354865 -3.93972072 64.57887709 0.43529412 0.89019608 0.96078431
v 11.84131795 -4.39106121 63.40467721 0.43529412 0.89019608 0.96078431
v 12.15229741 -3.39374352 64.04572401 0.43529412 0.89019608 0.96078431
v 13.05489636 -1.76309420 64.15362277 0.43529412 0.89019608 0.96078431
v 15.22416867 0.61736270 61.77349402 0.43529412 0.89019608 0.96078431
v 15.38345099 1.70203546 62.38915258 0.43529412 0.89019608 0.96078431
v 13.33174381 -2.31635051 62.98577374 0.43529412 0.89019608 0.96078431
v 14.96628290 -0.51098853 61.17687286 0.43529412 0.89019608 0.96078431
v 15.93335329 1.61467944 60.77066099 0.43529412 0.89019608 0.96078431
v 18.55013312 -0.89681194 38.75919404 0.43529412 0.89019608 0.96078431
v 18.53117019 -1.77765369 40.81562902 0.43529412 0.89019608 0.96078431
v 18.56530221 -1.77765369 39.96512796 0.43529412 0.89019608 0.96078431
v 18.86869649 -5.16270676 33.67523014 0.43529412 0.89019608 0.96078431
v 19.05831824 -6.85887380 28.59761204 0.43529412 0.89019608 0.96078431
v 19.05831824 -6.85887380 26.90295825 0.43529412 0.89019608 0.96078431
v 19.14933652 -8.55504084 23.51364814 0.43529412 0.89019608 0.96078431
v 19.13796003 -8.55504084 22.92337530 0.43529412 0.89019608 0.96078431
v 16.53255796 1.74571362 58.94272271 0.43529412 0.89019608 0.96078431
v 16.73734879 1.27253420 57.78756023 0.43529412 0.89019608 0.96078431
v 16.88146202 0.66104055 56.65779103 0.43529412 0.89019608 0.96078431
v 17.25691292 -0.08148728 54.00473742 0.43529412 0.89019608 0.96078431
v 17.55272204 -0.08148728 52.31008110 0.43529412 0.89019608 0.96078431
v 17.79923005 -0.08148728 50.61542983 0.43529412 0.89019608 0.96078431
v 18.01539990 -0.08148728 48.92077352 0.43529412 0.89019608 0.96078431
v 18.24673757 -1.77765369 45.53146593 0.43529412 0.89019608 0.96078431
v 18.56530221 -4.48569665 39.78106447 0.43529412 0.89019608 0.96078431
v 18.57667997 -3.47382010 40.01590192 0.43529412 0.89019608 0.96078431
v 18.64115141 -3.47382010 38.75919404 0.43529412 0.89019608 0.96078431
v -18.09994475 16.85105972 54.00473742 0.43529412 0.89019608 0.96078431
v -18.59675337 -0.61290435 22.92337530 0.43529412 0.89019608 0.96078431
v -18.68777165 -1.09336320 22.92337530 0.43529412 0.89019608 0.96078431
v -18.76362086 -1.53014420 22.92337530 0.43529412 0.89019608 0.96078431
v -18.90394150 -2.36002836 22.92337530 0.43529412 0.89019608 0.96078431
v -18.16441619 16.85105972 55.69304793 0.43529412 0.89019608 0.96078431
v -18.44505622 15.15489268 57.38769920 0.43529412 0.89019608 0.96078431
v -18.46781048 15.15489268 59.08235552 0.43529412 0.89019608 0.96078431
v -18.61950888 13.45872690 59.08235552 0.43529412 0.89019608 0.96078431
v -18.69535683 11.83535732 59.10774376 0.43529412 0.89019608 0.96078431
v -18.58916946 11.76983961 60.77066099 0.43529412 0.89019608 0.96078431
v -18.40713162 11.76983961 62.46531730 0.43529412 0.89019608 0.96078431
v -18.16062361 11.76983961 64.15997362 0.43529412 0.89019608 0.96078431
v -17.98996479 10.07367320 64.15997362 0.43529412 0.89019608 0.96078431
v -17.61072130 10.07367320 65.85462489 0.43529412 0.89019608 0.96078431
v -17.20872356 10.07367320 67.27636139 0.43529412 0.89019608 0.96078431
v -17.09494975 8.95260171 66.91458020 0.43529412 0.89019608 0.96078431
v -16.96221554 4.35184092 63.10636915 0.43529412 0.89019608 0.96078431
v -17.12149659 7.19091790 65.33417350 0.43529412 0.89019608 0.96078431
v -16.95463037 6.06984641 64.79467462 0.43529412 0.89019608 0.96078431
v -16.75363086 3.29628668 62.50974799 0.43529412 0.89019608 0.96078431
v -16.70432976 1.62195919 60.78335763 0.43529412 0.89019608 0.96078431
v -15.86620226 -0.19068221 60.87855975 0.43529412 0.89019608 0.96078431
v -15.57039188 0.29705638 62.16700925 0.43529412 0.89019608 0.96078431
v -15.27079018 -0.83129485 61.50691496 0.43529412 0.89019608 0.96078431
v -15.06979067 -0.19068221 62.62399255 0.43529412 0.89019608 0.96078431
v -14.12168195 -1.76309420 62.40184922 0.43529412 0.89019608 0.96078431
v -13.74243846 -2.75313151 61.79253142 0.43529412 0.89019608 0.96078431
v -13.63245850 -4.31098400 59.92016245 0.43529412 0.89019608 0.96078431
v -13.33664813 -3.99067768 60.77066099 0.43529412 0.89019608 0.96078431
v -12.40750233 -5.10447005 60.64372483 0.43529412 0.89019608 0.96078431
v -11.85760003 -7.61596112 58.11760737 0.43529412 0.89019608 0.96078431
v -11.51248855 -7.25197632 59.08235552 0.43529412 0.89019608 0.96078431
v -10.66298266 -8.14737756 59.08235552 0.43529412 0.89019608 0.96078431
v -9.85519458 -8.99182184 59.08235552 0.43529412 0.89019608 0.96078431
v -10.18892892 -9.34124588 58.15568721 0.43529412 0.89019608 0.96078431
v -9.55559224 -10.40408003 57.60349673 0.43529412 0.89019608 0.96078431
v -7.83762004 -10.66614838 59.09504711 0.43529412 0.89019608 0.96078431
v -8.91846361 -11.43779519 57.05130626 0.43529412 0.89019608 0.96078431
v -8.54301271 -14.47342296 53.14788804 0.43529412 0.89019608 0.96078431
v -6.99949190 -12.85005465 56.63240279 0.43529412 0.89019608 0.96078431
v -4.31824158 -7.95082693 63.62047474 0.43529412 0.89019608 0.96078431
v -5.30048200 -9.42132310 61.65289861 0.43529412 0.89019608 0.96078431
v -6.00966725 -11.51059266 58.79039326 0.43529412 0.89019608 0.96078431
v -6.00966725 -10.86998002 59.63454599 0.43529412 0.89019608 0.96078431
v -5.92244092 -9.90906232 60.88491060 0.43529412 0.89019608 0.96078431
v -2.62302379 -7.31021429 64.52810060 0.43529412 0.89019608 0.96078431
v 0.75982686 -4.13627135 68.18398220 0.43529412 0.89019608 0.96078431
v 0.75982686 -3.28454858 69.10429966 0.43529412 0.89019608 0.96078431
v 0.75982686 -2.49106316 69.95480325 0.43529412 0.89019608 0.96078431
v -0.92780608 -6.47305102 65.57535927 0.43529412 0.89019608 0.96078431
v 0.75982686 -6.41481305 65.50554035 0.43529412 0.89019608 0.96078431
v 0.75982686 -5.70140421 66.34969308 0.43529412 0.89019608 0.96078431
v 0.75982686 -4.85695993 67.33982947 0.43529412 0.89019608 0.96078431
v 0.75982686 0.02042854 72.46187321 0.43529412 0.89019608 0.96078431
v 2.45504472 0.21697980 72.28416056 0.43529412 0.89019608 0.96078431
v 0.75982686 -0.82401511 71.68119360 0.43529412 0.89019608 0.96078431
v 0.75982686 -1.64661951 70.83069002 0.43529412 0.89019608 0.96078431
v 2.45504472 -0.62746385 71.49713011 0.43529412 0.89019608 0.96078431
v 2.45504472 -1.46462712 70.64662653 0.43529412 0.89019608 0.96078431
v 2.45504472 -3.13895492 68.92658197 0.43529412 0.89019608 0.96078431
v 2.45504472 -3.98339793 68.01261536 0.43529412 0.89019608 0.96078431
v 4.15026236 -3.74316882 67.75873294 0.43529412 0.89019608 0.96078431
v 5.12112534 -4.36194222 66.74955411 0.43529412 0.89019608 0.96078431
v 7.53690535 -4.67496880 65.42302982 0.43529412 0.89019608 0.96078431
v 7.53690535 -5.52669156 64.43923923 0.43529412 0.89019608 0.96078431
v 8.53810776 -6.07266749 63.38563476 0.43529412 0.89019608 0.96078431
v 9.66825306 -5.85427762 63.13175234 0.43529412 0.89019608 0.96078431
v 10.92354865 -4.67496880 63.72837351 0.43529412 0.89019608 0.96078431
v 11.06766063 -5.59948776 62.52878538 0.43529412 0.89019608 0.96078431
v 11.73133673 -5.97803205 61.58307968 0.43529412 0.89019608 0.96078431
v 12.11058022 -6.41481305 60.45331049 0.43529412 0.89019608 0.96078431
v 12.11816540 -4.77688398 62.46531730 0.43529412 0.89019608 0.96078431
v 12.98663233 -3.42286250 62.43992906 0.43529412 0.89019608 0.96078431
v 15.20899833 -1.03512586 60.04710366 0.43529412 0.89019608 0.96078431
v 15.38724358 -0.00141070 60.67545887 0.43529412 0.89019608 0.96078431
v 15.92197553 -0.08148728 59.08235552 0.43529412 0.89019608 0.96078431
v 15.17865890 -2.65849544 58.27628262 0.43529412 0.89019608 0.96078431
v 14.93594347 -2.16347710 59.40605182 0.43529412 0.89019608 0.96078431
v 13.29381921 -3.95427895 61.20226110 0.43529412 0.89019608 0.96078431
v 16.51359629 0.02770829 57.28614623 0.43529412 0.89019608 0.96078431
v 18.79664114 -5.16270676 35.36988393 0.43529412 0.89019608 0.96078431
v 18.95213087 -6.85887380 31.98057635 0.43529412 0.89019608 0.96078431
v 19.01660231 -6.85887380 30.28592003 0.43529412 0.89019608 0.96078431
v 19.13037486 -8.55504084 26.90295825 0.43529412 0.89019608 0.96078431
v 19.14933652 -8.55504084 25.20830446 0.43529412 0.89019608 0.96078431
v 19.21001538 -10.24392687 22.92337530 0.43529412 0.89019608 0.96078431
v 16.71459453 -0.46731069 56.04213247 0.43529412 0.89019608 0.96078431
v 16.87008426 -0.99144801 54.91870908 0.43529412 0.89019608 0.96078431
v 16.96489513 0.02770829 55.56610672 0.43529412 0.89019608 0.96078431
v 16.97248030 -1.35543218 54.00473742 0.43529412 0.89019608 0.96078431
v 17.49204318 -3.47382010 48.92077352 0.43529412 0.89019608 0.96078431
v 17.53376037 -1.77765369 50.61542983 0.43529412 0.89019608 0.96078431
v 17.82957074 -1.77765369 48.92077352 0.43529412 0.89019608 0.96078431
v 18.06849359 -1.77765369 47.22612225 0.43529412 0.89019608 0.96078431
v 18.26190792 -3.47382010 43.84315794 0.43529412 0.89019608 0.96078431
v 18.56909479 -6.14546496 38.09275647 0.43529412 0.89019608 0.96078431
v 18.85732000 -8.55504084 31.98057635 0.43529412 0.89019608 0.96078431
v 18.85352741 -6.85887380 33.67523014 0.43529412 0.89019608 0.96078431
v -18.52090543 13.45872690 54.00473742 0.43529412 0.89019608 0.96078431
v -19.07839290 -3.47382010 22.92337530 0.43529412 0.89019608 0.96078431
v -19.16941119 -4.06347514 22.92337530 0.43529412 0.89019608 0.96078431
v -19.31352316 -5.16270676 22.92337530 0.43529412 0.89019608 0.96078431
v -18.58537687 13.45872690 55.69304793 0.43529412 0.89019608 0.96078431
v -18.69914941 12.41045225 55.69304793 0.43529412 0.89019608 0.96078431
v -18.62330147 13.45872690 57.38769920 0.43529412 0.89019608 0.96078431
v -18.70673458 12.43229085 57.38769920 0.43529412 0.89019608 0.96078431
v -18.75224310 11.58784721 57.38769920 0.43529412 0.89019608 0.96078431
v -18.72948884 11.31121937 58.56824488 0.43529412 0.89019608 0.96078431
v -18.73328143 10.07367320 58.56189908 0.43529412 0.89019608 0.96078431
v -18.68018774 10.07367320 59.41239761 0.43529412 0.89019608 0.96078431
v -18.53607451 10.07367320 60.77066099 0.43529412 0.89019608 0.96078431
v -18.29335908 10.07367320 62.46531730 0.43529412 0.89019608 0.96078431
v -18.05443624 8.37750679 62.46531730 0.43529412 0.89019608 0.96078431
v -17.70553217 8.37750679 64.15997362 0.43529412 0.89019608 0.96078431
v -17.25802465 8.38478622 65.88001313 0.43529412 0.89019608 0.96078431
v -17.12908177 5.48019200 63.66490543 0.43529412 0.89019608 0.96078431
v -17.29215667 4.94877508 62.50974799 0.43529412 0.89019608 0.96078431
v -17.28836408 3.29628668 60.78335763 0.43529412 0.89019608 0.96078431
v -17.11770527 2.19705411 60.22482136 0.43529412 0.89019608 0.96078431
v -16.90532801 1.06870319 59.57742371 0.43529412 0.89019608 0.96078431
v -17.29215667 6.65950098 64.19805346 0.43529412 0.89019608 0.96078431
v -16.63985832 -0.01597019 59.03792483 0.43529412 0.89019608 0.96078431
v -15.77518271 -1.82133154 59.08870132 0.43529412 0.89019608 0.96078431
v -15.53246728 -1.28263535 60.38349661 0.43529412 0.89019608 0.96078431
v -15.18735580 -2.41826570 59.65993424 0.43529412 0.89019608 0.96078431
v -14.93705520 -1.82133154 60.87855975 0.43529412 0.89019608 0.96078431
v -14.03066366 -3.13895492 60.77066099 0.43529412 0.89019608 0.96078431
v -14.56918947 -3.57573592 59.22833412 0.43529412 0.89019608 0.96078431
v -13.95481572 -4.72592576 58.79039326 0.43529412 0.89019608 0.96078431
v -13.84104192 -6.27649913 56.89263101 0.43529412 0.89019608 0.96078431
v -13.49593044 -5.85427762 58.02240020 0.43529412 0.89019608 0.96078431
v -12.87017894 -6.94622950 57.50829461 0.43529412 0.89019608 0.96078431
v -12.24442743 -8.03818263 56.98783818 0.43529412 0.89019608 0.96078431
v -11.22426335 -8.68607501 57.57176269 0.43529412 0.89019608 0.96078431
v -10.58713408 -9.75618891 57.02591802 0.43529412 0.89019608 0.96078431
v -10.04860891 -10.88453951 56.23254177 0.43529412 0.89019608 0.96078431
v -10.23443807 -12.77725718 53.14154224 0.43529412 0.89019608 0.96078431
v -9.57076196 -13.80369260 52.57666017 0.43529412 0.89019608 0.96078431
v -9.02465161 -16.65732923 48.92077352 0.43529412 0.89019608 0.96078431
v -8.69850244 -16.30790392 49.98707463 0.43529412 0.89019608 0.96078431
v -8.44440925 -17.80751907 47.97506781 0.43529412 0.89019608 0.96078431
v -7.81107320 -17.49449249 48.96520420 0.43529412 0.89019608 0.96078431
v -7.31805654 -18.07686716 48.42570532 0.43529412 0.89019608 0.96078431
v -7.41286741 -14.74277358 53.55409991 0.43529412 0.89019608 0.96078431
v -9.95379804 -12.48606985 54.00473742 0.43529412 0.89019608 0.96078431
v -6.95777535 -16.21326974 51.52940149 0.43529412 0.89019608 0.96078431
v -6.00966725 -14.93932421 53.84606217 0.43529412 0.89019608 0.96078431
v -6.00966725 -14.37150903 54.69021490 0.43529412 0.89019608 0.96078431
v -6.00966725 -12.36231542 57.61619338 0.43529412 0.89019608 0.96078431
v -4.31824158 -9.46500031 61.71002089 0.43529412 0.89019608 0.96078431
v -2.62302379 -7.99450415 63.67759702 0.43529412 0.89019608 0.96078431
v -4.31824158 -11.56882937 58.87924958 0.43529412 0.89019608 0.96078431
v -4.31824158 -10.94277748 59.72975316 0.43529412 0.89019608 0.96078431
v -0.92780608 -7.32477379 64.52810060 0.43529412 0.89019608 0.96078431
v 2.45504472 -6.26921939 65.32147685 0.43529412 0.89019608 0.96078431
v 0.36541377 -9.48683955 61.73540913 0.43529412 0.89019608 0.96078431
v 0.75982686 -7.26653582 64.43923923 0.43529412 0.89019608 0.96078431
v 2.45504472 -7.79795352 63.43006545 0.43529412 0.89019608 0.96078431
v 2.45504472 -7.11366240 64.28056398 0.43529412 0.89019608 0.96078431
v 2.45504472 -5.55581054 66.16562959 0.43529412 0.89019608 0.96078431
v 4.15026236 -4.50025614 66.91458020 0.43529412 0.89019608 0.96078431
v 3.69517029 -6.12362572 65.14375916 0.43529412 0.89019608 0.96078431
v 4.21473380 -5.45389409 65.76576856 0.43529412 0.89019608 0.96078431
v 4.82152332 -5.96347256 64.94700407 0.43529412 0.89019608 0.96078431
v 5.84168803 -5.81059915 64.76928638 0.43529412 0.89019608 0.96078431
v 7.53690535 -6.24010040 63.59508650 0.43529412 0.89019608 0.96078431
v 8.26505290 -7.66691935 61.57673388 0.43529412 0.89019608 0.96078431
v 9.15248214 -6.54584723 62.52878538 0.43529412 0.89019608 0.96078431
v 9.23212329 -7.47764720 61.32285146 0.43529412 0.89019608 0.96078431
v 10.39260802 -7.87802947 60.14230578 0.43529412 0.89019608 0.96078431
v 10.60119144 -6.31289786 62.00198315 0.43529412 0.89019608 0.96078431
v 11.52275332 -7.54316366 59.72340232 0.43529412 0.89019608 0.96078431
v 12.01956194 -7.97994466 58.59363312 0.43529412 0.89019608 0.96078431
v 12.45569170 -6.93167000 59.12678620 0.43529412 0.89019608 0.96078431
v 12.70219972 -5.20638524 60.82778832 0.43529412 0.89019608 0.96078431
v 15.35311156 -1.66845875 58.93637186 0.43529412 0.89019608 0.96078431
v 15.83854242 -1.77765369 57.38769920 0.43529412 0.89019608 0.96078431
v 16.46050134 -1.64661951 55.56610672 0.43529412 0.89019608 0.96078431
v 13.52136555 -4.44201817 60.07249191 0.43529412 0.89019608 0.96078431
v 13.29002662 -5.66500548 59.08235552 0.43529412 0.89019608 0.96078431
v 14.92077312 -3.85236376 57.38769920 0.43529412 0.89019608 0.96078431
v 15.11418745 -4.22362830 56.42930190 0.43529412 0.89019608 0.96078431
v 15.33414863 -4.66040930 55.30587851 0.43529412 0.89019608 0.96078431
v 15.63375159 -3.58301566 55.79459585 0.43529412 0.89019608 0.96078431
v 18.97488513 -8.55504084 30.28592003 0.43529412 0.89019608 0.96078431
v 19.06969600 -8.55504084 28.59761204 0.43529412 0.89019608 0.96078431
v 19.14175261 -10.24392687 25.20830446 0.43529412 0.89019608 0.96078431
v 19.19863889 -10.24392687 23.51364814 0.43529412 0.89019608 0.96078431
v 19.15312911 -11.94009391 22.92337530 0.43529412 0.89019608 0.96078431
v 16.71838712 -2.19987520 54.00473742 0.43529412 0.89019608 0.96078431
v 16.83595224 -2.56385999 53.08441996 0.43529412 0.89019608 0.96078431
v 17.10900836 -3.52477832 50.64716387 0.43529412 0.89019608 0.96078431
v 16.93455570 -4.55849285 50.10766499 0.43529412 0.89019608 0.96078431
v 17.37447805 -5.16270676 47.22612225 0.43529412 0.89019608 0.96078431
v 17.71579694 -5.16270676 45.53146593 0.43529412 0.89019608 0.96078431
v 17.79164614 -3.47382010 47.22612225 0.43529412 0.89019608 0.96078431
v 18.06090841 -3.47382010 45.53146593 0.43529412 0.89019608 0.96078431
v 18.55392445 -7.75427504 36.28385559 0.43529412 0.89019608 0.96078431
v 18.59564163 -9.70523068 33.20555019 0.43529412 0.89019608 0.96078431
v 18.95971478 -10.24392687 28.59761204 0.43529412 0.89019608 0.96078431
v -18.67639516 12.17022251 54.00473742 0.43529412 0.89019608 0.96078431
v -19.37420328 -5.75964092 22.92337530 0.43529412 0.89019608 0.96078431
v -18.74845177 11.31849911 54.00473742 0.43529412 0.89019608 0.96078431
v -18.84705397 10.07367320 54.00473742 0.43529412 0.89019608 0.96078431
v -18.76362086 11.56600860 55.69304793 0.43529412 0.89019608 0.96078431
v -18.85084656 10.07367320 55.69304793 0.43529412 0.89019608 0.96078431
v -18.79775287 10.07367320 57.38769920 0.43529412 0.89019608 0.96078431
v -18.88877116 8.37750679 55.69304793 0.43529412 0.89019608 0.96078431
v -18.77879120 8.44302388 57.45751813 0.43529412 0.89019608 0.96078431
v -18.69914941 7.92616629 58.06683089 0.43529412 0.89019608 0.96078431
v -18.35783052 8.37750679 60.77066099 0.43529412 0.89019608 0.96078431
v -18.40713162 6.69589940 59.08235552 0.43529412 0.89019608 0.96078431
v -18.09235957 6.69589940 60.77066099 0.43529412 0.89019608 0.96078431
v -18.11511509 4.99973283 59.08235552 0.43529412 0.89019608 0.96078431
v -17.73207902 6.69589940 62.46531730 0.43529412 0.89019608 0.96078431
v -17.74345678 4.99973283 60.77066099 0.43529412 0.89019608 0.96078431
v -17.72828643 3.30356642 59.08235552 0.43529412 0.89019608 0.96078431
v -17.25802465 1.62195919 59.03792483 0.43529412 0.89019608 0.96078431
v -17.09115716 0.58824371 58.44765452 0.43529412 0.89019608 0.96078431
v -16.85981949 -0.54010752 57.72409215 0.43529412 0.89019608 0.96078431
v -16.53366969 -1.63206002 57.24806640 0.43529412 0.89019608 0.96078431
v -15.63486332 -3.43014225 57.26075799 0.43529412 0.89019608 0.96078431
v -15.46420325 -2.84048784 58.53016504 0.43529412 0.89019608 0.96078431
v -15.08495976 -3.96883844 57.74948039 0.43529412 0.89019608 0.96078431
v -14.07617344 -6.84431431 55.59149497 0.43529412 0.89019608 0.96078431
v -13.69313736 -7.78339403 54.96313976 0.43529412 0.89019608 0.96078431
v -13.37457273 -7.40484974 56.08656316 0.43529412 0.89019608 0.96078431
v -15.36180846 -4.36922197 56.61971119 0.43529412 0.89019608 0.96078431
v -12.08135253 -9.55235727 55.07738433 0.43529412 0.89019608 0.96078431
v -11.71727938 -9.16653323 56.20080772 0.43529412 0.89019608 0.96078431
v -10.41268205 -11.27036229 55.10911837 0.43529412 0.89019608 0.96078431
v -10.57196437 -13.13396223 52.01177304 0.43529412 0.89019608 0.96078431
v -10.03343919 -14.26231284 51.11049803 0.43529412 0.89019608 0.96078431
v -11.89552337 -11.04469267 53.07807416 0.43529412 0.89019608 0.96078431
v -9.49870597 -17.12323047 47.38479245 0.43529412 0.89019608 0.96078431
v -8.83502987 -18.13510513 46.84529862 0.43529412 0.89019608 0.96078431
v -8.59610639 -19.59832155 44.75712708 0.43529412 0.89019608 0.96078431
v -7.70488457 -19.83127091 45.13795071 0.43529412 0.89019608 0.96078431
v -6.00966725 -17.71288489 49.51739468 0.43529412 0.89019608 0.96078431
v -6.66575819 -19.54008358 46.35023043 0.43529412 0.89019608 0.96078431
v -4.31824158 -15.83472545 52.61474000 0.43529412 0.89019608 0.96078431
v -4.31824158 -14.99028243 53.92857269 0.43529412 0.89019608 0.96078431
v -4.31824158 -14.42974701 54.77907627 0.43529412 0.89019608 0.96078431
v -4.31824158 -12.41327365 57.69235811 0.43529412 0.89019608 0.96078431
v -2.62302379 -9.49411930 61.74810578 0.43529412 0.89019608 0.96078431
v -2.62302379 -8.84622817 62.59860431 0.43529412 0.89019608 0.96078431
v -0.92780608 -8.84622817 62.62399255 0.43529412 0.89019608 0.96078431
v -0.92780608 -8.00178390 63.68394282 0.43529412 0.89019608 0.96078431
v -2.62302379 -11.56882937 58.89829203 0.43529412 0.89019608 0.96078431
v -2.62302379 -10.96461546 59.74244476 0.43529412 0.89019608 0.96078431
v -0.92780608 -9.51595854 61.77349402 0.43529412 0.89019608 0.96078431
v 3.33868169 -7.71787631 63.32851248 0.43529412 0.89019608 0.96078431
v -0.92780608 -13.01020781 56.85455117 0.43529412 0.89019608 0.96078431
v 0.75982686 -10.91365850 59.66628003 0.43529412 0.89019608 0.96078431
v 2.45504472 -10.78262432 59.50125899 0.43529412 0.89019608 0.96078431
v 5.84168803 -6.50944849 63.92513364 0.43529412 0.89019608 0.96078431
v 7.13490760 -7.84163074 61.79253142 0.43529412 0.89019608 0.96078431
v 7.63550881 -8.36576869 60.91664464 0.43529412 0.89019608 0.96078431
v 7.53690535 -9.27572943 59.76148720 0.43529412 0.89019608 0.96078431
v 9.23212329 -8.98454209 59.37431778 0.43529412 0.89019608 0.96078431
v 9.23212329 -8.14009782 60.47869873 0.43529412 0.89019608 0.96078431
v 10.14610000 -9.43588259 58.28262842 0.43529412 0.89019608 0.96078431
v 11.71237506 -11.05197242 54.79811367 0.43529412 0.89019608 0.96078431
v 12.07644821 -11.43779519 53.66834447 0.43529412 0.89019608 0.96078431
v 12.69082322 -10.26576611 54.03647146 0.43529412 0.89019608 0.96078431
v 13.24451811 -10.68798762 52.31008110 0.43529412 0.89019608 0.96078431
v 13.30519697 -9.07917754 54.40459844 0.43529412 0.89019608 0.96078431
v 13.21797127 -6.92439152 57.54002865 0.43529412 0.89019608 0.96078431
v 16.26708701 -3.47382010 54.00473742 0.43529412 0.89019608 0.96078431
v 14.96628290 -7.34661303 52.64647404 0.43529412 0.89019608 0.96078431
v 15.26209327 -6.21826116 53.42715870 0.43529412 0.89019608 0.96078431
v 15.53894072 -5.19910549 53.99204582 0.43529412 0.89019608 0.96078431
v 19.06969600 -10.24392687 26.90295825 0.43529412 0.89019608 0.96078431
v 19.13037486 -11.94009391 23.51364814 0.43529412 0.89019608 0.96078431
v 18.98247030 -13.63625969 22.92337530 0.43529412 0.89019608 0.96078431
v 16.68425510 -3.52477832 52.43702231 0.43529412 0.89019608 0.96078431
v 16.79802764 -4.12899160 51.23743924 0.43529412 0.89019608 0.96078431
v 17.04074433 -5.14086752 48.81922055 0.43529412 0.89019608 0.96078431
v 16.82836833 -7.63780036 46.28041150 0.43529412 0.89019608 0.96078431
v 17.17727113 -6.98262823 45.64571050 0.43529412 0.89019608 0.96078431
v 17.59443922 -6.85887380 43.84315794 0.43529412 0.89019608 0.96078431
v 17.88645701 -6.85887380 42.14850415 0.43529412 0.89019608 0.96078431
v 18.00022956 -5.16270676 43.84315794 0.43529412 0.89019608 0.96078431
v 18.34913362 -8.40944717 36.93125324 0.43529412 0.89019608 0.96078431
v 18.50462335 -10.83358129 32.43755966 0.43529412 0.89019608 0.96078431
v 18.64494273 -10.25848636 31.91710574 0.43529412 0.89019608 0.96078431
v 18.88765943 -11.94009391 26.90295825 0.43529412 0.89019608 0.96078431
v 19.02418622 -11.94009391 25.20830446 0.43529412 0.89019608 0.96078431
v -19.29076890 -1.77765369 31.98057635 0.43529412 0.89019608 0.96078431
v -19.46522156 -6.85887380 22.92337530 0.43529412 0.89019608 0.96078431
v -19.32490092 -1.77765369 33.67523014 0.43529412 0.89019608 0.96078431
v -19.26801465 -0.08148728 38.75919404 0.43529412 0.89019608 0.96078431
v -18.91531800 8.37750679 54.00473742 0.43529412 0.89019608 0.96078431
v -18.90773283 6.69589940 54.00473742 0.43529412 0.89019608 0.96078431
v -18.80913063 6.60854323 55.77555846 0.43529412 0.89019608 0.96078431
v -18.75982827 7.11084132 56.93706169 0.43529412 0.89019608 0.96078431
v -19.25663689 -0.08148728 40.45384783 0.43529412 0.89019608 0.96078431
v -19.30214666 -1.77765369 38.75919404 0.43529412 0.89019608 0.96078431
v -19.21492096 -0.08148728 42.14850415 0.43529412 0.89019608 0.96078431
v -19.23767522 -1.77765369 40.45384783 0.43529412 0.89019608 0.96078431
v -18.64226314 6.60854323 57.45751813 0.43529412 0.89019608 0.96078431
v -18.64605573 4.88325784 55.77555846 0.43529412 0.89019608 0.96078431
v -18.41471679 4.99973283 57.38769920 0.43529412 0.89019608 0.96078431
v -18.38816995 3.30356642 55.69304793 0.43529412 0.89019608 0.96078431
v -18.07719049 3.30356642 57.38769920 0.43529412 0.89019608 0.96078431
v -18.02788939 1.61467944 55.69304793 0.43529412 0.89019608 0.96078431
v -17.66760757 1.61467944 57.38769920 0.43529412 0.89019608 0.96078431
v -17.20493097 -0.01597019 57.24806640 0.43529412 0.89019608 0.96078431
v -17.03806348 -0.96960877 56.59432295 0.43529412 0.89019608 0.96078431
v -16.81430972 -2.13435811 55.69304793 0.43529412 0.89019608 0.96078431
v -16.17718172 -3.47382010 55.69304793 0.43529412 0.89019608 0.96078431
v -15.53625986 -4.66768905 55.69304793 0.43529412 0.89019608 0.96078431
v -14.98635756 -5.51213207 55.69304793 0.43529412 0.89019608 0.96078431
v -13.91689112 -8.08186111 54.00473742 0.43529412 0.89019608 0.96078431
v -13.83345674 -14.75005332 43.41790615 0.43529412 0.89019608 0.96078431
v -13.56419447 -14.39334827 44.54767534 0.43529412 0.89019608 0.96078431
v -13.51868596 -9.26116994 52.92574471 0.43529412 0.89019608 0.96078431
v -13.23046076 -8.92630412 54.00473742 0.43529412 0.89019608 0.96078431
v -15.23286558 -5.86155737 54.60135858 0.43529412 0.89019608 0.96078431
v -12.02825884 -12.88645338 49.92360150 0.43529412 0.89019608 0.96078431
v -10.37096550 -14.61173814 49.98072883 0.43529412 0.89019608 0.96078431
v -10.49611580 -16.43893936 46.80086793 0.43529412 0.89019608 0.96078431
v -9.96138258 -17.56728996 45.87420468 0.43529412 0.89019608 0.96078431
v -9.27874480 -18.58644689 45.31566840 0.43529412 0.89019608 0.96078431
v -10.27994721 -17.90215577 44.75078128 0.43529412 0.89019608 0.96078431
v -10.53404040 -18.16422412 43.84315794 0.43529412 0.89019608 0.96078431
v -10.03723115 -19.35809244 42.62452990 0.43529412 0.89019608 0.96078431
v -10.35200320 -19.67111901 41.49476070 0.43529412 0.89019608 0.96078431
v -8.65299329 -21.33816581 41.46302414 0.43529412 0.89019608 0.96078431
v -8.07275093 -21.02513923 42.58644754 0.43529412 0.89019608 0.96078431
v -7.58731944 -20.65387721 43.71621673 0.43529412 0.89019608 0.96078431
v -6.94260563 -21.29448985 43.06247329 0.43529412 0.89019608 0.96078431
v -6.00966725 -18.22974184 48.66689615 0.43529412 0.89019608 0.96078431
v -4.31824158 -18.26614057 48.72401843 0.43529412 0.89019608 0.96078431
v -4.31824158 -17.74200135 49.56817116 0.43529412 0.89019608 0.96078431
v -4.31824158 -16.36614189 51.77058727 0.43529412 0.89019608 0.96078431
v -6.00966725 -20.92322531 44.03991555 0.43529412 0.89019608 0.96078431
v -6.06655352 -19.99870508 45.68379538 0.43529412 0.89019608 0.96078431
v -6.06655352 -19.16154181 47.09918104 0.43529412 0.89019608 0.96078431
v -2.62302379 -15.82744570 52.60204841 0.43529412 0.89019608 0.96078431
v -2.62302379 -14.97572294 53.92857269 0.43529412 0.89019608 0.96078431
v -2.62302379 -14.42974701 54.77272543 0.43529412 0.89019608 0.96078431
v 4.46882699 -7.55772315 63.12540655 0.43529412 0.89019608 0.96078431
v 4.15026236 -10.59335218 59.25372236 0.43529412 0.89019608 0.96078431
v 4.15026236 -9.74890916 60.37714576 0.43529412 0.89019608 0.96078431
v 5.07561619 -11.11748887 58.26993682 0.43529412 0.89019608 0.96078431
v 5.54587829 -9.57419651 60.14865663 0.43529412 0.89019608 0.96078431
v 5.84168803 -8.03818263 62.03372224 0.43529412 0.89019608 0.96078431
v -0.92780608 -13.78913310 55.69304793 0.43529412 0.89019608 0.96078431
v 0.75982686 -13.66537868 55.69304793 0.43529412 0.89019608 0.96078431
v 0.75982686 -12.94469009 56.76568980 0.43529412 0.89019608 0.96078431
v 2.45504472 -11.37955848 58.65075540 0.43529412 0.89019608 0.96078431
v 4.15026236 -11.21940532 58.40956963 0.43529412 0.89019608 0.96078431
v 5.84168803 -7.35389277 62.88422077 0.43529412 0.89019608 0.96078431
v 9.23212329 -9.60331549 58.53016504 0.43529412 0.89019608 0.96078431
v 8.62533409 -11.17572685 56.65144523 0.43529412 0.89019608 0.96078431
v 9.75547939 -10.97917495 56.37217457 0.43529412 0.89019608 0.96078431
v 10.58222977 -11.37227874 55.25510202 0.43529412 0.89019608 0.96078431
v 11.37864135 -12.56614706 52.84323418 0.43529412 0.89019608 0.96078431
v 11.73892191 -14.45886347 49.73953801 0.43529412 0.89019608 0.96078431
v 11.93612882 -12.95196983 51.71346499 0.43529412 0.89019608 0.96078431
v 12.37225859 -11.97649264 52.29104371 0.43529412 0.89019608 0.96078431
v 13.13074557 -11.96921290 50.72967440 0.43529412 0.89019608 0.96078431
v 12.22435403 -13.32323438 50.61542983 0.43529412 0.89019608 0.96078431
v 13.43413985 -11.03013318 51.37072624 0.43529412 0.89019608 0.96078431
v 16.10022078 -5.16270676 52.31008110 0.43529412 0.89019608 0.96078431
v 16.58565164 -5.14086752 50.64716387 0.43529412 0.89019608 0.96078431
v 15.17865890 -7.73971555 51.51670485 0.43529412 0.89019608 0.96078431
v 15.08384803 -9.26116994 49.57451696 0.43529412 0.89019608 0.96078431
v 15.40620525 -6.81519532 52.17679409 0.43529412 0.89019608 0.96078431
v 18.94454570 -13.63625969 23.51364814 0.43529412 0.89019608 0.96078431
v 18.70941418 -15.20867230 22.92337530 0.43529412 0.89019608 0.96078431
v 16.17227614 -8.55504084 47.22612225 0.43529412 0.89019608 0.96078431
v 16.61599107 -8.55504084 45.64571050 0.43529412 0.89019608 0.96078431
v 16.81699057 -10.98645470 41.15836776 0.43529412 0.89019608 0.96078431
v 16.96110255 -11.35771924 40.02859857 0.43529412 0.89019608 0.96078431
v 17.07487635 -8.55504084 43.76699321 0.43529412 0.89019608 0.96078431
v 17.41619524 -8.55504084 42.14850415 0.43529412 0.89019608 0.96078431
v 17.59443922 -10.24392687 38.75919404 0.43529412 0.89019608 0.96078431
v 17.91300386 -10.24392687 37.06454025 0.43529412 0.89019608 0.96078431
v 18.03436157 -8.55504084 38.75919404 0.43529412 0.89019608 0.96078431
v 18.01919123 -11.94009391 33.67523014 0.43529412 0.89019608 0.96078431
v 18.33017195 -11.81633948 31.91710574 0.43529412 0.89019608 0.96078431
v 18.54254795 -14.45886347 26.01437483 0.43529412 0.89019608 0.96078431
v 18.65632049 -13.33779387 26.90295825 0.43529412 0.89019608 0.96078431
v 18.56530221 -11.17572685 31.30779046 0.43529412 0.89019608 0.96078431
v 18.70562285 -12.00561037 28.61030616 0.43529412 0.89019608 0.96078431
v 18.73975361 -13.78913310 25.35428558 0.43529412 0.89019608 0.96078431
v -19.49176841 -7.44852821 22.92337530 0.43529412 0.89019608 0.96078431
v -19.38937236 -3.47382010 31.98057635 0.43529412 0.89019608 0.96078431
v -19.39316495 -3.47382010 33.67523014 0.43529412 0.89019608 0.96078431
v -18.81292195 4.88325784 54.11263618 0.43529412 0.89019608 0.96078431
v -18.75982827 5.37099675 55.27414447 0.43529412 0.89019608 0.96078431
v -18.70673458 4.24264567 54.75368803 0.43529412 0.89019608 0.96078431
v -19.36282552 -3.47382010 35.36988393 0.43529412 0.89019608 0.96078431
v -19.38178719 -5.16270676 33.67523014 0.43529412 0.89019608 0.96078431
v -19.30973183 -3.47382010 37.06454025 0.43529412 0.89019608 0.96078431
v -19.31352316 -5.16270676 35.36988393 0.43529412 0.89019608 0.96078431
v -19.23767522 -3.47382010 38.75919404 0.43529412 0.89019608 0.96078431
v -18.31611334 1.61467944 54.00473742 0.43529412 0.89019608 0.96078431
v -18.20992597 -0.08148728 52.31008110 0.43529412 0.89019608 0.96078431
v -17.91411559 -0.08148728 54.00473742 0.43529412 0.89019608 0.96078431
v -17.56521153 -0.08148728 55.69304793 0.43529412 0.89019608 0.96078431
v -17.15562861 -1.28991509 55.69304793 0.43529412 0.89019608 0.96078431
v -16.97359204 -2.49834228 54.66482666 0.43529412 0.89019608 0.96078431
v -15.79414564 -5.24278397 54.02377986 0.43529412 0.89019608 0.96078431
v -16.71191494 -3.44470174 54.06185970 0.43529412 0.89019608 0.96078431
v -16.82948007 -10.68070787 42.14850415 0.43529412 0.89019608 0.96078431
v -15.63486332 -11.91825467 43.69717681 0.43529412 0.89019608 0.96078431
v -14.81949007 -6.80063583 54.02377986 0.43529412 0.89019608 0.96078431
v -15.11909177 -12.46423061 44.16050844 0.43529412 0.89019608 0.96078431
v -14.95980946 -13.92744829 42.14850415 0.43529412 0.89019608 0.96078431
v -15.20252615 -14.29143182 40.99334671 0.43529412 0.89019608 0.96078431
v -14.76260380 -15.25235078 40.43480539 0.43529412 0.89019608 0.96078431
v -14.03445625 -15.31786850 42.01521714 0.43529412 0.89019608 0.96078431
v -13.86758876 -16.47533809 40.45384783 0.43529412 0.89019608 0.96078431
v -13.66279793 -16.20598999 41.36147370 0.43529412 0.89019608 0.96078431
v -13.38595049 -15.87840393 42.49124289 0.43529412 0.89019608 0.96078431
v -13.31010128 -14.08760018 45.53146593 0.43529412 0.89019608 0.96078431
v -15.42627991 -14.63357738 39.86357499 0.43529412 0.89019608 0.96078431
v -12.14582397 -14.70637485 46.75009145 0.43529412 0.89019608 0.96078431
v -11.94861831 -16.18415075 44.70000480 0.43529412 0.89019608 0.96078431
v -11.62246851 -15.84200520 45.82977399 0.43529412 0.89019608 0.96078431
v -11.38354567 -17.28338237 43.84315794 0.43529412 0.89019608 0.96078431
v -11.72486455 -17.64736717 42.61183578 0.43529412 0.89019608 0.96078431
v -12.03963660 -17.97495324 41.48206406 0.43529412 0.89019608 0.96078431
v -11.48214912 -19.10330384 40.45384783 0.43529412 0.89019608 0.96078431
v -12.09652287 -19.72207724 38.20065524 0.43529412 0.89019608 0.96078431
v -11.84242968 -21.16345442 36.02997317 0.43529412 0.89019608 0.96078431
v -10.09411805 -22.81594172 35.94111685 0.43529412 0.89019608 0.96078431
v -8.64540812 -23.03433411 38.07371403 0.43529412 0.89019608 0.96078431
v -8.15239209 -22.73586703 39.20348323 0.43529412 0.89019608 0.96078431
v -7.02224679 -23.01977462 39.74932790 0.43529412 0.89019608 0.96078431
v -7.58731944 -21.53471896 42.07233942 0.43529412 0.89019608 0.96078431
v -6.00966725 -22.68490880 40.77119833 0.43529412 0.89019608 0.96078431
v -5.53561289 -19.59832155 46.44543760 0.43529412 0.89019608 0.96078431
v -4.31824158 -19.11786333 47.32132437 0.43529412 0.89019608 0.96078431
v -2.62302379 -18.25158108 48.69863019 0.43529412 0.89019608 0.96078431
v -0.92780608 -17.03587352 50.61542983 0.43529412 0.89019608 0.96078431
v -2.62302379 -16.35886215 51.75789062 0.43529412 0.89019608 0.96078431
v -4.31824158 -22.72130754 40.85370886 0.43529412 0.89019608 0.96078431
v -4.31824158 -22.02245692 42.14850415 0.43529412 0.89019608 0.96078431
v -4.31824158 -21.41096327 43.27827334 0.43529412 0.89019608 0.96078431
v -4.31824158 -20.95234429 44.12242608 0.43529412 0.89019608 0.96078431
v -0.92780608 -15.81288621 52.57666017 0.43529412 0.89019608 0.96078431
v -0.92780608 -14.96116345 53.90318445 0.43529412 0.89019608 0.96078431
v -0.92780608 -14.41518751 54.74733718 0.43529412 0.89019608 0.96078431
v 7.53690535 -11.34315975 56.88628521 0.43529412 0.89019608 0.96078431
v 4.15026236 -13.22131793 55.47724535 0.43529412 0.89019608 0.96078431
v 5.84168803 -13.00292806 55.16624065 0.43529412 0.89019608 0.96078431
v 1.97340566 -12.85005465 56.63240279 0.43529412 0.89019608 0.96078431
v 0.75982686 -14.34966979 54.65848086 0.43529412 0.89019608 0.96078431
v 2.45504472 -14.78644953 53.62391884 0.43529412 0.89019608 0.96078431
v 2.45504472 -14.22591537 54.46807157 0.43529412 0.89019608 0.96078431
v 2.50434614 -12.31863694 57.27345464 0.43529412 0.89019608 0.96078431
v 3.10355080 -12.75541794 56.48642418 0.43529412 0.89019608 0.96078431
v 9.20557645 -10.51327497 57.28614623 0.43529412 0.89019608 0.96078431
v 9.20557645 -11.58338886 55.76286181 0.43529412 0.89019608 0.96078431
v 7.47622649 -12.24584074 55.57879832 0.43529412 0.89019608 0.96078431
v 7.47622649 -13.25771666 54.08090214 0.43529412 0.89019608 0.96078431
v 7.53690535 -14.17495714 52.68455893 0.43529412 0.89019608 0.96078431
v 9.23212329 -13.06116477 53.55409991 0.43529412 0.89019608 0.96078431
v 10.24849542 -12.87189389 53.28118009 0.43529412 0.89019608 0.96078431
v 10.60877661 -14.72093434 50.14574988 0.43529412 0.89019608 0.96078431
v 10.14230742 -16.20598999 48.12739727 0.43529412 0.89019608 0.96078431
v 10.93871900 -17.38529882 45.50607769 0.43529412 0.89019608 0.96078431
v 11.51137556 -17.72744438 44.44612490 0.43529412 0.89019608 0.96078431
v 11.87165738 -16.26422544 46.52794812 0.43529412 0.89019608 0.96078431
v 12.08024080 -14.79372928 48.60976881 0.43529412 0.89019608 0.96078431
v 13.33932898 -12.55158757 49.39679927 0.43529412 0.89019608 0.96078431
v 12.70978489 -13.68721792 49.00328404 0.43529412 0.89019608 0.96078431
v 15.88784478 -6.85887380 50.61542983 0.43529412 0.89019608 0.96078431
v 15.28864012 -9.64699271 48.44474777 0.43529412 0.89019608 0.96078431
v 15.33414863 -8.05274212 50.61542983 0.43529412 0.89019608 0.96078431
v 18.68665992 -15.05579763 23.51364814 0.43529412 0.89019608 0.96078431
v 18.59184905 -15.71824951 22.92337530 0.43529412 0.89019608 0.96078431
v 15.59203440 -8.63511679 48.97155000 0.43529412 0.89019608 0.96078431
v 15.91059904 -10.24392687 45.53146593 0.43529412 0.89019608 0.96078431
v 16.46050134 -10.13473194 43.76699321 0.43529412 0.89019608 0.96078431
v 16.68046251 -10.66614838 42.14850415 0.43529412 0.89019608 0.96078431
v 16.58565164 -11.92553442 40.53635836 0.43529412 0.89019608 0.96078431
v 16.87766943 -12.85005465 38.01024595 0.43529412 0.89019608 0.96078431
v 17.06729118 -11.92553442 38.65129275 0.43529412 0.89019608 0.96078431
v 17.40481748 -11.94009391 37.06454025 0.43529412 0.89019608 0.96078431
v 17.72338211 -11.94009391 35.36988393 0.43529412 0.89019608 0.96078431
v 17.87887184 -15.32514825 28.59761204 0.43529412 0.89019608 0.96078431
v 18.15951187 -15.32514825 26.90295825 0.43529412 0.89019608 0.96078431
v 18.47807651 -14.18223689 26.90295825 0.43529412 0.89019608 0.96078431
v 18.39843472 -15.31058875 25.35428558 0.43529412 0.89019608 0.96078431
v 18.48186909 -15.90752291 23.51364814 0.43529412 0.89019608 0.96078431
v -19.53348433 -8.55504084 22.92337530 0.43529412 0.89019608 0.96078431
v -19.52590042 -8.55504084 23.51364814 0.43529412 0.89019608 0.96078431
v -19.10873233 -3.47382010 40.45384783 0.43529412 0.89019608 0.96078431
v -19.06701514 -5.16270676 38.75919404 0.43529412 0.89019608 0.96078431
v -18.76741344 -1.23167712 46.81991038 0.43529412 0.89019608 0.96078431
v -18.69914941 -0.81673536 47.94967957 0.43529412 0.89019608 0.96078431
v -18.60433854 -1.79221318 47.32132437 0.43529412 0.89019608 0.96078431
v -19.52969301 -9.14469525 22.92337530 0.43529412 0.89019608 0.96078431
v -19.51073008 -10.24392687 22.92337530 0.43529412 0.89019608 0.96078431
v -19.49176841 -10.24392687 23.51364814 0.43529412 0.89019608 0.96078431
v -19.26801465 -6.85887380 33.67523014 0.43529412 0.89019608 0.96078431
v -19.21492096 -5.16270676 37.06454025 0.43529412 0.89019608 0.96078431
v -19.41591920 -10.24392687 25.20830446 0.43529412 0.89019608 0.96078431
v -18.37679219 -1.77765369 48.92077352 0.43529412 0.89019608 0.96078431
v -18.08477566 -1.77765369 50.61542983 0.43529412 0.89019608 0.96078431
v -17.92928593 -3.47382010 48.92077352 0.43529412 0.89019608 0.96078431
v -17.75483327 -1.77765369 52.31008110 0.43529412 0.89019608 0.96078431
v -17.34145777 -1.87228976 54.06185970 0.43529412 0.89019608 0.96078431
v -17.11770527 -2.86232708 53.54140326 0.43529412 0.89019608 0.96078431
v -17.03806348 -4.34738273 51.51670485 0.43529412 0.89019608 0.96078431
v -16.87878116 -3.99067768 52.64647404 0.43529412 0.89019608 0.96078431
v -16.16201137 -11.94009391 42.14850415 0.43529412 0.89019608 0.96078431
v -17.07978067 -9.52323828 43.16402625 0.43529412 0.89019608 0.96078431
v -16.97738462 -10.98645470 41.13297952 0.43529412 0.89019608 0.96078431
v -16.69674459 -11.91097493 40.52366676 0.43529412 0.89019608 0.96078431
v -15.76759880 -13.68721792 40.43480539 0.43529412 0.89019608 0.96078431
v -15.06599809 -15.79104697 38.75919404 0.43529412 0.89019608 0.96078431
v -14.88016893 -16.99947478 37.13435665 0.43529412 0.89019608 0.96078431
v -14.16339914 -17.07227225 38.72111168 0.43529412 0.89019608 0.96078431
v -13.96998481 -18.29525956 37.06454025 0.43529412 0.89019608 0.96078431
v -13.73485455 -17.99679248 38.13718716 0.43529412 0.89019608 0.96078431
v -13.46179843 -17.67648616 39.26695635 0.43529412 0.89019608 0.96078431
v -12.18374857 -16.43893936 43.84315794 0.43529412 0.89019608 0.96078431
v -12.36578514 -15.29602926 45.37279068 0.43529412 0.89019608 0.96078431
v -15.67658051 -16.77380517 35.36988393 0.43529412 0.89019608 0.96078431
v -15.47178842 -16.41710012 36.61390022 0.43529412 0.89019608 0.96078431
v -15.32388386 -17.86575704 34.51303708 0.43529412 0.89019608 0.96078431
v -15.16080896 -17.61824818 35.36988393 0.43529412 0.89019608 0.96078431
v -13.24562984 -19.13970257 37.06454025 0.43529412 0.89019608 0.96078431
v -12.39991716 -20.02782407 37.06454025 0.43529412 0.89019608 0.96078431
v -12.82846301 -20.45004431 35.43970286 0.43529412 0.89019608 0.96078431
v -12.13444747 -21.44008226 34.90020398 0.43529412 0.89019608 0.96078431
v -11.12186730 -22.13165312 35.42066042 0.43529412 0.89019608 0.96078431
v -13.52247728 -19.43816965 35.98554501 0.43529412 0.89019608 0.96078431
v -10.40130493 -23.09257208 34.81134766 0.43529412 0.89019608 0.96078431
v -9.35838596 -23.76230118 35.29371921 0.43529412 0.89019608 0.96078431
v -8.93363332 -23.27456322 37.06454025 0.43529412 0.89019608 0.96078431
v -8.62644582 -24.70138090 34.65267241 0.43529412 0.89019608 0.96078431
v -8.14101433 -24.43203281 35.78244160 0.43529412 0.89019608 0.96078431
v -7.63282858 -23.25272398 38.68302931 0.43529412 0.89019608 0.96078431
v -7.01086966 -24.70866065 36.34732620 0.43529412 0.89019608 0.96078431
v -6.00966725 -23.68950624 38.75919404 0.43529412 0.89019608 0.96078431
v -4.31824158 -23.77686067 38.75919404 0.43529412 0.89019608 0.96078431
v -4.31824158 -23.15080753 40.00321032 0.43529412 0.89019608 0.96078431
v -4.31824158 -19.61288104 46.47082584 0.43529412 0.89019608 0.96078431
v -4.31824158 -20.15885698 45.53146593 0.43529412 0.89019608 0.96078431
v -2.62302379 -19.60560130 46.45178339 0.43529412 0.89019608 0.96078431
v -2.62302379 -19.10330384 47.29593613 0.43529412 0.89019608 0.96078431
v -0.92780608 -17.71288489 49.51739468 0.43529412 0.89019608 0.96078431
v 0.75982686 -16.29334443 51.64364606 0.43529412 0.89019608 0.96078431
v -0.92780608 -16.34430265 51.73250238 0.43529412 0.89019608 0.96078431
v -0.92780608 -22.65578982 40.73946429 0.43529412 0.89019608 0.96078431
v -0.92780608 -21.91326073 42.14850415 0.43529412 0.89019608 0.96078431
v -0.92780608 -21.36000505 43.18306617 0.43529412 0.89019608 0.96078431
v -2.62302379 -21.38912403 43.23384266 0.43529412 0.89019608 0.96078431
v -2.62302379 -20.93050505 44.08434371 0.43529412 0.89019608 0.96078431
v -2.62302379 -23.12896829 39.94608804 0.43529412 0.89019608 0.96078431
v -2.62302379 -20.12245825 45.53146593 0.43529412 0.89019608 0.96078431
v 0.75982686 -15.75464824 52.48779879 0.43529412 0.89019608 0.96078431
v 0.75982686 -14.90292548 53.80798233 0.43529412 0.89019608 0.96078431
v 4.15026236 -14.06576221 54.20149755 0.43529412 0.89019608 0.96078431
v 5.72032969 -13.90560905 53.85240796 0.43529412 0.89019608 0.96078431
v 6.20196922 -14.35694954 52.97017539 0.43529412 0.89019608 0.96078431
v 2.50434614 -13.30139514 55.83268074 0.43529412 0.89019608 0.96078431
v 1.92789636 -16.23510898 51.54843889 0.43529412 0.89019608 0.96078431
v 2.47779930 -15.71824951 52.19583654 0.43529412 0.89019608 0.96078431
v 3.05804166 -16.13319253 51.39611449 0.43529412 0.89019608 0.96078431
v 7.53690535 -14.72093434 51.84040620 0.43529412 0.89019608 0.96078431
v 8.61774892 -14.56805966 51.58652378 0.43529412 0.89019608 0.96078431
v 9.20178387 -13.94928626 52.21487898 0.43529412 0.89019608 0.96078431
v 9.74789421 -14.36422929 51.27551908 0.43529412 0.89019608 0.96078431
v 9.23212329 -16.35886215 48.37492884 0.43529412 0.89019608 0.96078431
v 9.06146385 -17.22514440 47.06109615 0.43529412 0.89019608 0.96078431
v 9.51276333 -17.67648616 46.05192237 0.43529412 0.89019608 0.96078431
v 10.38123089 -18.00407222 44.92215317 0.43529412 0.89019608 0.96078431
v 11.64790362 -19.49640762 41.17106188 0.43529412 0.89019608 0.96078431
v 11.96267567 -18.04774818 43.31635318 0.43529412 0.89019608 0.96078431
v 12.13712707 -16.56269252 45.53146593 0.43529412 0.89019608 0.96078431
v 13.24451811 -14.08760018 47.22612225 0.43529412 0.89019608 0.96078431
v 12.33054140 -15.34698749 47.14995752 0.43529412 0.89019608 0.96078431
v 13.05868895 -15.31786850 45.63301890 0.43529412 0.89019608 0.96078431
v 15.18624407 -11.13932811 46.46447499 0.43529412 0.89019608 0.96078431
v 14.98145198 -10.77534458 47.59424923 0.43529412 0.89019608 0.96078431
v 13.42655468 -14.40790777 46.26137410 0.43529412 0.89019608 0.96078431
v 15.07626285 -12.63894326 44.43343078 0.43529412 0.89019608 0.96078431
v 15.43275209 -10.22208763 47.10552684 0.43529412 0.89019608 0.96078431
v 15.34173380 -11.43779519 45.53146593 0.43529412 0.89019608 0.96078431
v 18.51600111 -16.03855583 22.92337530 0.43529412 0.89019608 0.96078431
v 15.56928015 -12.02016986 43.85585206 0.43529412 0.89019608 0.96078431
v 16.11918245 -11.94009391 42.14850415 0.43529412 0.89019608 0.96078431
v 16.40361507 -13.49794577 38.65129275 0.43529412 0.89019608 0.96078431
v 16.72597229 -12.48606985 39.14001515 0.43529412 0.89019608 0.96078431
v 16.61978366 -13.95656601 37.06454025 0.43529412 0.89019608 0.96078431
v 16.91180145 -14.61901789 34.75422285 0.43529412 0.89019608 0.96078431
v 16.98764939 -13.11212299 37.06454025 0.43529412 0.89019608 0.96078431
v 17.13555521 -13.68721792 35.33814989 0.43529412 0.89019608 0.96078431
v 17.48825059 -13.63625969 33.67523014 0.43529412 0.89019608 0.96078431
v 17.56030721 -15.32514825 30.28592003 0.43529412 0.89019608 0.96078431
v 17.59443922 -17.02131402 26.90295825 0.43529412 0.89019608 0.96078431
v 17.89024960 -17.02131402 25.20830446 0.43529412 0.89019608 0.96078431
v 18.15192670 -17.02131402 23.51364814 0.43529412 0.89019608 0.96078431
v 18.23536108 -16.99947478 22.92337530 0.43529412 0.89019608 0.96078431
v 18.39085081 -16.46805834 22.92337530 0.43529412 0.89019608 0.96078431
v -19.15803343 -6.85887380 35.36988393 0.43529412 0.89019608 0.96078431
v -18.99875237 -6.85887380 37.06454025 0.43529412 0.89019608 0.96078431
v -18.86601690 -5.23550422 40.49193019 0.43529412 0.89019608 0.96078431
v -18.68777165 -5.84699788 41.08854883 0.43529412 0.89019608 0.96078431
v -19.47280548 -10.84086103 22.92337530 0.43529412 0.89019608 0.96078431
v -19.34007126 -11.94009391 23.51364814 0.43529412 0.89019608 0.96078431
v -19.37420328 -11.94009391 22.92337530 0.43529412 0.89019608 0.96078431
v -18.22509505 -6.85887380 42.14850415 0.43529412 0.89019608 0.96078431
v -17.56900411 -3.47382010 50.61542983 0.43529412 0.89019608 0.96078431
v -18.02788939 -8.55504084 40.45384783 0.43529412 0.89019608 0.96078431
v -17.67898533 -8.55504084 42.14850415 0.43529412 0.89019608 0.96078431
v -17.20113838 -9.83626486 42.14850415 0.43529412 0.89019608 0.96078431
v -17.12528918 -11.32132051 40.00321032 0.43529412 0.89019608 0.96078431
v -16.90532801 -14.21863562 35.75705336 0.43529412 0.89019608 0.96078431
v -16.55263262 -15.19411281 35.26833096 0.43529412 0.89019608 0.96078431
v -16.32887886 -13.63625969 38.75919404 0.43529412 0.89019608 0.96078431
v -14.26579518 -18.81211651 35.40161797 0.43529412 0.89019608 0.96078431
v -13.78036306 -19.73663673 34.85577582 0.43529412 0.89019608 0.96078431
v -15.89654168 -17.18874567 33.84025119 0.43529412 0.89019608 0.96078431
v -15.48695877 -18.12782539 33.38326788 0.43529412 0.89019608 0.96078431
v -15.13426212 -19.27073548 31.98057635 0.43529412 0.89019608 0.96078431
v -14.94843296 -18.70292031 33.84025119 0.43529412 0.89019608 0.96078431
v -13.26838536 -20.86498734 33.67523014 0.43529412 0.89019608 0.96078431
v -12.42267268 -21.72398984 33.67523014 0.43529412 0.89019608 0.96078431
v -11.80829767 -22.83050121 32.55180674 0.43529412 0.89019608 0.96078431
v -11.53524281 -22.57571261 33.67523014 0.43529412 0.89019608 0.96078431
v -10.68953013 -23.34736068 33.67523014 0.43529412 0.89019608 0.96078431
v -9.72625169 -24.19908344 33.67523014 0.43529412 0.89019608 0.96078431
v -8.87674642 -24.91249102 33.67523014 0.43529412 0.89019608 0.96078431
v -8.48233385 -26.29563275 31.03486812 0.43529412 0.89019608 0.96078431
v -8.11446749 -26.10635935 31.98057635 0.43529412 0.89019608 0.96078431
v -6.90847362 -26.36115047 32.87550557 0.43529412 0.89019608 0.96078431
v -7.62903600 -24.91977077 35.27467929 0.43529412 0.89019608 0.96078431
v -7.62903600 -24.09716699 36.97567888 0.43529412 0.89019608 0.96078431
v -6.00966725 -25.33471379 35.36988393 0.43529412 0.89019608 0.96078431
v -6.00966725 -24.78873786 36.51869557 0.43529412 0.89019608 0.96078431
v -4.31824158 -24.83969608 36.61390022 0.43529412 0.89019608 0.96078431
v -0.92780608 -23.66038726 38.75919404 0.43529412 0.89019608 0.96078431
v -1.22361590 -19.58376206 46.42004935 0.43529412 0.89019608 0.96078431
v -0.92780608 -18.22246209 48.67324194 0.43529412 0.89019608 0.96078431
v -0.09726311 -19.56192282 46.38196447 0.43529412 0.89019608 0.96078431
v 0.75982686 -17.66192666 49.42218751 0.43529412 0.89019608 0.96078431
v -0.92780608 -23.09257208 39.88896323 0.43529412 0.89019608 0.96078431
v 0.75982686 -23.04889360 39.80010439 0.43529412 0.89019608 0.96078431
v 0.75982686 -22.61211134 40.64425712 0.43529412 0.89019608 0.96078431
v 0.75982686 -21.81862655 42.14850415 0.43529412 0.89019608 0.96078431
v 0.75982686 -21.30904935 43.08786153 0.43529412 0.89019608 0.96078431
v -0.76852384 -19.96958609 45.70283278 0.43529412 0.89019608 0.96078431
v 5.07182392 -14.50254195 53.18597292 0.43529412 0.89019608 0.96078431
v 4.15026236 -16.00943684 51.19935435 0.43529412 0.89019608 0.96078431
v 5.72032969 -14.86652674 52.36720843 0.43529412 0.89019608 0.96078431
v 5.84168803 -16.33702291 50.02515447 0.43529412 0.89019608 0.96078431
v 2.45504472 -19.43088991 46.15982114 0.43529412 0.89019608 0.96078431
v 2.45504472 -18.78299752 47.22612225 0.43529412 0.89019608 0.96078431
v 4.15026236 -16.54085581 50.35520161 0.43529412 0.89019608 0.96078431
v 3.69517029 -17.96039374 48.22259939 0.43529412 0.89019608 0.96078431
v 6.80117325 -16.20598999 49.82205358 0.43529412 0.89019608 0.96078431
v 7.43450993 -16.56269252 48.95885840 0.43529412 0.89019608 0.96078431
v 7.53690535 -17.47993300 47.44191978 0.43529412 0.89019608 0.96078431
v 8.38641061 -17.86575704 46.38196447 0.43529412 0.89019608 0.96078431
v 9.06146385 -18.14238488 45.50607769 0.43529412 0.89019608 0.96078431
v 9.74030967 -19.44544940 42.78955095 0.43529412 0.89019608 0.96078431
v 10.51775832 -19.75847597 41.65978175 0.43529412 0.89019608 0.96078431
v 12.00060027 -19.77303546 40.04129016 0.43529412 0.89019608 0.96078431
v 11.66307270 -21.20713289 37.80714001 0.43529412 0.89019608 0.96078431
v 12.24331570 -18.37533424 42.14850415 0.43529412 0.89019608 0.96078431
v 13.29002662 -15.87840393 44.14146852 0.43529412 0.89019608 0.96078431
v 15.14452688 -14.45158624 41.25992073 0.43529412 0.89019608 0.96078431
v 15.44792243 -13.32323438 42.14850415 0.43529412 0.89019608 0.96078431
v 15.69443045 -13.78913310 40.59348316 0.43529412 0.89019608 0.96078431
v 15.94473105 -15.32514825 37.06454025 0.43529412 0.89019608 0.96078431
v 16.46808651 -15.23779129 35.33814989 0.43529412 0.89019608 0.96078431
v 16.66908602 -15.76192798 33.67523014 0.43529412 0.89019608 0.96078431
v 17.02557399 -14.91748497 33.67523014 0.43529412 0.89019608 0.96078431
v 16.80561282 -16.05311532 32.62162315 0.43529412 0.89019608 0.96078431
v 16.93455570 -16.36614189 31.49185395 0.43529412 0.89019608 0.96078431
v 17.17347855 -15.42706217 32.02500451 0.43529412 0.89019608 0.96078431
v 17.06349859 -16.67188872 30.28592003 0.43529412 0.89019608 0.96078431
v 17.21140315 -17.13778997 28.66108264 0.43529412 0.89019608 0.96078431
v 17.06729118 -18.34621526 26.90295825 0.43529412 0.89019608 0.96078431
v 17.54134554 -18.71747980 23.51364814 0.43529412 0.89019608 0.96078431
v 17.63236383 -18.71747980 22.92337530 0.43529412 0.89019608 0.96078431
v -19.21871355 -11.94009391 25.20830446 0.43529412 0.89019608 0.96078431
v -19.03288313 -8.55504084 33.67523014 0.43529412 0.89019608 0.96078431
v -18.82050713 -6.81519532 38.62590451 0.43529412 0.89019608 0.96078431
v -18.76362086 -6.21826116 39.95877964 0.43529412 0.89019608 0.96078431
v -18.86222431 -8.59871806 35.30641585 0.43529412 0.89019608 0.96078431
v -18.78637511 -8.00906364 37.06454025 0.43529412 0.89019608 0.96078431
v -18.72569625 -7.73971555 37.96581527 0.43529412 0.89019608 0.96078431
v -18.53228192 -6.81519532 40.49193019 0.43529412 0.89019608 0.96078431
v -19.28697632 -12.52974833 22.92337530 0.43529412 0.89019608 0.96078431
v -18.42230197 -8.40216743 38.62590451 0.43529412 0.89019608 0.96078431
v -18.15303969 -10.24392687 37.06454025 0.43529412 0.89019608 0.96078431
v -17.81551213 -10.24392687 38.75919404 0.43529412 0.89019608 0.96078431
v -17.37938237 -10.35312307 40.52366676 0.43529412 0.89019608 0.96078431
v -17.27319500 -11.66346607 38.75919404 0.43529412 0.89019608 0.96078431
v -17.26940241 -13.64353944 35.26833096 0.43529412 0.89019608 0.96078431
v -17.04564865 -14.53894068 34.62728417 0.43529412 0.89019608 0.96078431
v -16.76500862 -15.63089507 33.67523014 0.43529412 0.89019608 0.96078431
v -14.01170199 -20.02054432 33.67523014 0.43529412 0.89019608 0.96078431
v -13.51489337 -21.12705568 32.54546095 0.43529412 0.89019608 0.96078431
v -16.56400912 -16.87571909 31.85998094 0.43529412 0.89019608 0.96078431
v -15.67658051 -18.42629247 31.98057635 0.43529412 0.89019608 0.96078431
v -15.27837409 -19.48912788 30.94601180 0.43529412 0.89019608 0.96078431
v -14.85362209 -20.33357089 30.34304484 0.43529412 0.89019608 0.96078431
v -13.92826762 -21.60751643 30.28592003 0.43529412 0.89019608 0.96078431
v -14.22028541 -20.50100254 31.98057635 0.43529412 0.89019608 0.96078431
v -12.79433100 -22.10253414 31.98692215 0.43529412 0.89019608 0.96078431
v -12.07376862 -23.07801259 31.42203755 0.43529412 0.89019608 0.96078431
v -10.32166377 -24.70866065 31.29509634 0.43529412 0.89019608 0.96078431
v -10.04481632 -24.46843154 32.42486553 0.43529412 0.89019608 0.96078431
v -9.44561166 -25.17456190 31.90441162 0.43529412 0.89019608 0.96078431
v -8.77435101 -26.52130237 29.90509893 0.43529412 0.89019608 0.96078431
v -8.26237268 -27.86076562 27.21396295 0.43529412 0.89019608 0.96078431
v -7.70109261 -27.65693272 28.64204272 0.43529412 0.89019608 0.96078431
v -7.13222738 -28.16651245 28.10889217 0.43529412 0.89019608 0.96078431
v -7.83382746 -26.88528717 30.40016712 0.43529412 0.89019608 0.96078431
v -6.00966725 -26.04084415 33.82755707 0.43529412 0.89019608 0.96078431
v -6.00966725 -27.95539980 29.24500968 0.43529412 0.89019608 0.96078431
v -6.00966725 -27.53317955 30.28592003 0.43529412 0.89019608 0.96078431
v -6.00966725 -26.82704920 31.98057635 0.43529412 0.89019608 0.96078431
v -6.00966725 -26.40482643 32.98340433 0.43529412 0.89019608 0.96078431
v -4.31824158 -25.42207075 35.36988393 0.43529412 0.89019608 0.96078431
v -2.62302379 -25.36383278 35.36988393 0.43529412 0.89019608 0.96078431
v -2.62302379 -24.81057710 36.55042961 0.43529412 0.89019608 0.96078431
v 0.75982686 -23.58031004 38.75919404 0.43529412 0.89019608 0.96078431
v 0.75982686 -19.99870508 45.48068945 0.43529412 0.89019608 0.96078431
v 0.75982686 -19.53280383 46.32484218 0.43529412 0.89019608 0.96078431
v 1.88997207 -22.99065563 39.68585982 0.43529412 0.89019608 0.96078431
v 1.67380333 -21.26537087 43.01169933 0.43529412 0.89019608 0.96078431
v 5.84168803 -17.02859377 48.92077352 0.43529412 0.89019608 0.96078431
v 2.45504472 -19.91134812 45.30931755 0.43529412 0.89019608 0.96078431
v 4.15026236 -19.75847597 45.03639774 0.43529412 0.89019608 0.96078431
v 4.15026236 -19.27801523 45.88055047 0.43529412 0.89019608 0.96078431
v 4.21473380 -18.37533424 47.35940926 0.43529412 0.89019608 0.96078431
v 5.84168803 -17.71288489 47.81639256 0.43529412 0.89019608 0.96078431
v 5.84168803 -18.22974184 46.97223983 0.43529412 0.89019608 0.96078431
v 7.53690535 -17.98951273 46.59776200 0.43529412 0.89019608 0.96078431
v 7.53690535 -19.79487470 43.39251791 0.43529412 0.89019608 0.96078431
v 8.61016437 -19.63472028 43.12594389 0.43529412 0.89019608 0.96078431
v 9.19799128 -19.08874435 43.74795329 0.43529412 0.89019608 0.96078431
v 9.19799128 -19.94046711 42.19293231 0.43529412 0.89019608 0.96078431
v 8.67842777 -21.36728479 39.80010439 0.43529412 0.89019608 0.96078431
v 9.23591588 -21.67303162 38.80996800 0.43529412 0.89019608 0.96078431
v 9.79719594 -22.85962019 36.02362738 0.43529412 0.89019608 0.96078431
v 10.53292867 -21.44736200 38.27681997 0.43529412 0.89019608 0.96078431
v 12.28124030 -20.10790128 38.75919404 0.43529412 0.89019608 0.96078431
v 12.01576935 -21.46920124 36.67737082 0.43529412 0.89019608 0.96078431
v 10.99939786 -22.64123032 35.42066042 0.43529412 0.89019608 0.96078431
v 11.61756419 -22.87417969 34.37340175 0.43529412 0.89019608 0.96078431
v 11.99301510 -23.13624804 33.24997835 0.43529412 0.89019608 0.96078431
v 10.48741889 -23.11440880 34.89385818 0.43529412 0.89019608 0.96078431
v 13.12695298 -19.05234561 38.75919404 0.43529412 0.89019608 0.96078431
v 13.33553639 -17.64736717 40.87909710 0.43529412 0.89019608 0.96078431
v 13.08902838 -17.28338237 42.14850415 0.43529412 0.89019608 0.96078431
v 15.33035604 -14.76461029 40.13015153 0.43529412 0.89019608 0.96078431
v 15.18624407 -16.21326974 37.98485771 0.43529412 0.89019608 0.96078431
v 15.47826186 -15.32514825 38.63225283 0.43529412 0.89019608 0.96078431
v 15.33035604 -16.45349885 37.06454025 0.43529412 0.89019608 0.96078431
v 16.02816417 -17.02131402 33.67523014 0.43529412 0.89019608 0.96078431
v 16.52118020 -16.97035580 32.02500451 0.43529412 0.89019608 0.96078431
v 16.69563286 -17.52361148 30.28592003 0.43529412 0.89019608 0.96078431
v 16.81319799 -17.77840008 29.27039793 0.43529412 0.89019608 0.96078431
v 16.94214088 -18.06230767 28.14062621 0.43529412 0.89019608 0.96078431
v 17.18864889 -18.81211651 25.21465025 0.43529412 0.89019608 0.96078431
v 16.91559403 -19.68567851 24.65611398 0.43529412 0.89019608 0.96078431
v 17.02178140 -19.91862787 23.51364814 0.43529412 0.89019608 0.96078431
v 17.05212083 -20.08606204 22.92337530 0.43529412 0.89019608 0.96078431
v -19.10114716 -13.63625969 22.92337530 0.43529412 0.89019608 0.96078431
v -19.05563865 -13.63625969 23.51364814 0.43529412 0.89019608 0.96078431
v -18.88497857 -13.69449766 25.17022209 0.43529412 0.89019608 0.96078431
v -18.79775287 -9.72706992 33.67523014 0.43529412 0.89019608 0.96078431
v -18.66880998 -9.20293196 35.82686976 0.43529412 0.89019608 0.96078431
v -18.57020652 -8.85350792 37.06454025 0.43529412 0.89019608 0.96078431
v -18.17958654 -11.94009391 33.67523014 0.43529412 0.89019608 0.96078431
v -17.88756875 -11.94009391 35.36988393 0.43529412 0.89019608 0.96078431
v -17.60313613 -13.63625969 33.67523014 0.43529412 0.89019608 0.96078431
v -17.15942119 -14.78644953 33.67523014 0.43529412 0.89019608 0.96078431
v -16.92429094 -15.95847861 32.34870333 0.43529412 0.89019608 0.96078431
v -13.73864587 -21.38184429 31.41568923 0.43529412 0.89019608 0.96078431
v -17.11770527 -18.06230767 26.47770898 0.43529412 0.89019608 0.96078431
v -16.82189489 -19.17610130 25.20830446 0.43529412 0.89019608 0.96078431
v -16.12408677 -20.40636836 25.20830446 0.43529412 0.89019608 0.96078431
v -15.35801588 -21.30176960 26.16670428 0.43529412 0.89019608 0.96078431
v -15.02048958 -20.79946962 28.59761204 0.43529412 0.89019608 0.96078431
v -14.88775410 -22.33548350 25.20830446 0.43529412 0.89019608 0.96078431
v -13.64762759 -22.96153664 27.77884755 0.43529412 0.89019608 0.96078431
v -13.15461155 -22.45195944 30.28592003 0.43529412 0.89019608 0.96078431
v -12.30889887 -23.30368220 30.28592003 0.43529412 0.89019608 0.96078431
v -11.75520398 -24.47571129 28.59761204 0.43529412 0.89019608 0.96078431
v -11.39112958 -24.14812522 30.28592003 0.43529412 0.89019608 0.96078431
v -10.54541753 -24.90521128 30.28592003 0.43529412 0.89019608 0.96078431
v -9.36597050 -25.84429100 30.40016712 0.43529412 0.89019608 0.96078431
v -9.07016075 -26.76881122 28.59761204 0.43529412 0.89019608 0.96078431
v -8.56197501 -28.04275676 26.08419375 0.43529412 0.89019608 0.96078431
v -7.94380804 -29.44773520 22.92337530 0.43529412 0.89019608 0.96078431
v -7.11705766 -29.86267822 23.08839887 0.43529412 0.89019608 0.96078431
v -7.70109261 -28.31938460 26.75062880 0.43529412 0.89019608 0.96078431
v -6.52923013 -29.68068456 24.21816807 0.43529412 0.89019608 0.96078431
v -6.00966725 -28.84352129 26.90295825 0.43529412 0.89019608 0.96078431
v -6.00966725 -28.28298586 28.40085443 0.43529412 0.89019608 0.96078431
v -4.31824158 -26.44122516 33.06591486 0.43529412 0.89019608 0.96078431
v -4.31824158 -26.06996314 33.91007012 0.43529412 0.89019608 0.96078431
v -4.31824158 -27.99179853 29.33386853 0.43529412 0.89019608 0.96078431
v -4.31824158 -27.60597449 30.28592003 0.43529412 0.89019608 0.96078431
v -4.31824158 -28.32666434 28.48336747 0.43529412 0.89019608 0.96078431
v -4.31824158 -26.90712641 31.98057635 0.43529412 0.89019608 0.96078431
v -2.62302379 -26.04084415 33.84659951 0.43529412 0.89019608 0.96078431
v -0.92780608 -25.26919608 35.36988393 0.43529412 0.89019608 0.96078431
v 0.75982686 -24.33011636 37.21051885 0.43529412 0.89019608 0.96078431
v 2.39436571 -24.28644040 36.92490492 0.43529412 0.89019608 0.96078431
v 3.02011737 -22.91057842 39.52083625 0.43529412 0.89019608 0.96078431
v 2.45504472 -22.57571261 40.33325494 0.43529412 0.89019608 0.96078431
v 2.32610184 -21.59295693 42.24370627 0.43529412 0.89019608 0.96078431
v 2.45504472 -23.31824170 38.87344113 0.43529412 0.89019608 0.96078431
v 2.80394847 -21.19257340 42.87206147 0.43529412 0.89019608 0.96078431
v 2.32610184 -20.82130886 43.67813437 0.43529412 0.89019608 0.96078431
v 5.23489819 -19.63472028 44.81425441 0.43529412 0.89019608 0.96078431
v 4.15026236 -20.41364810 43.84315794 0.43529412 0.89019608 0.96078431
v 5.81514056 -19.11786333 45.44260456 0.43529412 0.89019608 0.96078431
v 5.81514056 -19.96958609 43.91297434 0.43529412 0.89019608 0.96078431
v 5.91753660 -20.91594556 42.10407346 0.43529412 0.89019608 0.96078431
v 5.91753660 -21.73126959 40.57444324 0.43529412 0.89019608 0.96078431
v 7.53690535 -21.53471896 40.11110909 0.43529412 0.89019608 0.96078431
v 7.53690535 -22.24084679 38.75919404 0.43529412 0.89019608 0.96078431
v 7.53690535 -22.80866197 37.61038240 0.43529412 0.89019608 0.96078431
v 9.23212329 -22.56843286 37.00741544 0.43529412 0.89019608 0.96078431
v 8.66705065 -23.04161386 36.40444848 0.43529412 0.89019608 0.96078431
v 8.53810776 -24.69410115 32.93262785 0.43529412 0.89019608 0.96078431
v 9.66825306 -24.51211002 32.53276682 0.43529412 0.89019608 0.96078431
v 13.14970724 -20.78491012 35.36988393 0.43529412 0.89019608 0.96078431
v 12.30020197 -21.78222782 35.36988393 0.43529412 0.89019608 0.96078431
v 10.99939786 -23.42015562 33.75774066 0.43529412 0.89019608 0.96078431
v 10.35468342 -24.75961887 31.40299511 0.43529412 0.89019608 0.96078431
v 11.48482872 -24.49755052 30.85080463 0.43529412 0.89019608 0.96078431
v 11.92854365 -24.76689862 29.72103544 0.43529412 0.89019608 0.96078431
v 12.17884425 -24.99256823 28.59761204 0.43529412 0.89019608 0.96078431
v 13.02834952 -24.06804801 28.59761204 0.43529412 0.89019608 0.96078431
v 13.10040614 -22.43739995 31.98057635 0.43529412 0.89019608 0.96078431
v 13.35070674 -19.37265193 37.53422020 0.43529412 0.89019608 0.96078431
v 15.20520574 -17.93855450 34.65267241 0.43529412 0.89019608 0.96078431
v 15.36448806 -18.19334311 33.67523014 0.43529412 0.89019608 0.96078431
v 15.56928015 -18.76843803 31.92345154 0.43529412 0.89019608 0.96078431
v 16.06988135 -18.71747980 30.28592003 0.43529412 0.89019608 0.96078431
v 16.52118020 -18.66652158 28.66108264 0.43529412 0.89019608 0.96078431
v 16.66908602 -19.19066080 26.90295825 0.43529412 0.89019608 0.96078431
v 16.79423632 -19.43816965 25.78588317 0.43529412 0.89019608 0.96078431
v 16.59323681 -20.76307089 23.51364814 0.43529412 0.89019608 0.96078431
v 16.65770826 -20.88682658 22.92337530 0.43529412 0.89019608 0.96078431
v 16.90421627 -20.39908861 22.92337530 0.43529412 0.89019608 0.96078431
v -18.99116720 -14.13855841 22.92337530 0.43529412 0.89019608 0.96078431
v -18.79775287 -14.76461029 23.51364814 0.43529412 0.89019608 0.96078431
v -18.74465919 -14.56805966 24.58629505 0.43529412 0.89019608 0.96078431
v -18.67260257 -14.30599132 25.70971845 0.43529412 0.89019608 0.96078431
v -18.74086660 -11.19028634 31.32048458 0.43529412 0.89019608 0.96078431
v -18.47918824 -11.82361923 31.92345154 0.43529412 0.89019608 0.96078431
v -18.17579395 -13.63625969 30.28592003 0.43529412 0.89019608 0.96078431
v -17.91411559 -13.63625969 31.98057635 0.43529412 0.89019608 0.96078431
v -17.27698759 -15.36882420 31.85998094 0.43529412 0.89019608 0.96078431
v -17.03806348 -16.20598999 31.21893161 0.43529412 0.89019608 0.96078431
v -17.23906298 -18.32437854 25.20830446 0.43529412 0.89019608 0.96078431
v -16.95083778 -19.41633041 23.95793985 0.43529412 0.89019608 0.96078431
v -17.41730697 -17.15234694 26.98546877 0.43529412 0.89019608 0.96078431
v -15.66520275 -21.78950756 23.51364814 0.43529412 0.89019608 0.96078431
v -15.47937359 -21.48376074 25.20830446 0.43529412 0.89019608 0.96078431
v -16.57159429 -20.27533292 23.44383174 0.43529412 0.89019608 0.96078431
v -15.10771528 -22.63395058 23.51364814 0.43529412 0.89019608 0.96078431
v -14.16339914 -23.87877712 23.43748594 0.43529412 0.89019608 0.96078431
v -14.03824884 -23.42743537 25.20830446 0.43529412 0.89019608 0.96078431
v -13.78415565 -23.12168854 26.90295825 0.43529412 0.89019608 0.96078431
v -13.49593044 -24.50483027 23.95159405 0.43529412 0.89019608 0.96078431
v -13.26838536 -24.27916066 25.20830446 0.43529412 0.89019608 0.96078431
v -12.74882122 -24.10444674 27.06163350 0.43529412 0.89019608 0.96078431
v -12.83225433 -23.50023283 28.44528511 0.43529412 0.89019608 0.96078431
v -11.93344797 -24.63586318 27.73441686 0.43529412 0.89019608 0.96078431
v -10.90949130 -25.21823785 28.59761204 0.43529412 0.89019608 0.96078431
v -9.91587343 -26.06268339 28.59761204 0.43529412 0.89019608 0.96078431
v -10.38613521 -26.45578465 26.38250181 0.43529412 0.89019608 0.96078431
v -9.35459337 -27.16191501 26.80140528 0.43529412 0.89019608 0.96078431
v -8.74780417 -28.18834916 25.20830446 0.43529412 0.89019608 0.96078431
v -9.17634875 -28.58873269 22.92337530 0.43529412 0.89019608 0.96078431
v -7.18532106 -29.87723772 22.92337530 0.43529412 0.89019608 0.96078431
v -5.99449754 -30.19026429 22.92337530 0.43529412 0.89019608 0.96078431
v -5.98311978 -29.97187190 23.59616119 0.43529412 0.89019608 0.96078431
v -4.31824158 -28.93087825 26.90295825 0.43529412 0.89019608 0.96078431
v -5.39908546 -29.76076177 24.45300804 0.43529412 0.89019608 0.96078431
v -2.62302379 -26.84888843 31.98057635 0.43529412 0.89019608 0.96078431
v -2.62302379 -26.41210617 32.99609845 0.43529412 0.89019608 0.96078431
v -2.62302379 -27.95539980 29.23231556 0.43529412 0.89019608 0.96078431
v -2.62302379 -27.54045930 30.28592003 0.43529412 0.89019608 0.96078431
v -2.62302379 -28.28298586 28.38816030 0.43529412 0.89019608 0.96078431
v -0.81024055 -26.06996314 33.54828893 0.43529412 0.89019608 0.96078431
v 0.75982686 -25.16728215 35.36988393 0.43529412 0.89019608 0.96078431
v 1.79136877 -24.66498217 36.26481315 0.43529412 0.89019608 0.96078431
v 2.39436571 -24.96344925 35.48413102 0.43529412 0.89019608 0.96078431
v 2.92151391 -24.59946445 36.12518034 0.43529412 0.89019608 0.96078431
v 4.15026236 -22.80866197 39.31138452 0.43529412 0.89019608 0.96078431
v 4.15026236 -22.21900755 40.45384783 0.43529412 0.89019608 0.96078431
v 4.15026236 -21.52015947 41.78672296 0.43529412 0.89019608 0.96078431
v 5.40176568 -21.36728479 41.50745230 0.43529412 0.89019608 0.96078431
v 5.98200805 -22.67034931 38.74015412 0.43529412 0.89019608 0.96078431
v 6.64189157 -22.93969741 37.88965054 0.43529412 0.89019608 0.96078431
v 7.53690535 -23.21632525 36.76622714 0.43529412 0.89019608 0.96078431
v 7.53690535 -23.87149738 35.36988393 0.43529412 0.89019608 0.96078431
v 7.53690535 -24.45387205 34.10682773 0.43529412 0.89019608 0.96078431
v 6.52811840 -24.60674420 34.43052403 0.43529412 0.89019608 0.96078431
v 8.29918491 -26.31747199 29.39099081 0.43529412 0.89019608 0.96078431
v 9.15248214 -24.91977077 31.97422803 0.43529412 0.89019608 0.96078431
v 9.23212329 -26.17187706 29.02920963 0.43529412 0.89019608 0.96078431
v 13.36587582 -21.09065695 34.15760421 0.43529412 0.89019608 0.96078431
v 10.91975607 -24.99984798 30.28592003 0.43529412 0.89019608 0.96078431
v 10.14230742 -26.36843022 27.81692991 0.43529412 0.89019608 0.96078431
v 11.78822300 -26.35387072 26.08419375 0.43529412 0.89019608 0.96078431
v 11.99680768 -26.51402262 25.20830446 0.43529412 0.89019608 0.96078431
v 13.16108499 -25.95348719 23.51364814 0.43529412 0.89019608 0.96078431
v 13.31278214 -24.41747331 26.90295825 0.43529412 0.89019608 0.96078431
v 13.49861130 -23.00521512 29.56870598 0.43529412 0.89019608 0.96078431
v 13.32036731 -22.75042652 30.69212938 0.43529412 0.89019608 0.96078431
v 15.03075434 -19.36537219 32.45025378 0.43529412 0.89019608 0.96078431
v 15.22037609 -19.64927978 31.32048458 0.43529412 0.89019608 0.96078431
v 15.37965840 -19.88222914 30.28592003 0.43529412 0.89019608 0.96078431
v 15.96748531 -20.40636836 26.90295825 0.43529412 0.89019608 0.96078431
v 16.44533226 -20.31173165 25.21465025 0.43529412 0.89019608 0.96078431
v 15.69822304 -22.23356705 23.58346707 0.43529412 0.89019608 0.96078431
v 15.91439162 -22.13165312 22.92337530 0.43529412 0.89019608 0.96078431
v -18.82050713 -14.87380649 22.92337530 0.43529412 0.89019608 0.96078431
v -18.57779170 -15.71824951 22.92337530 0.43529412 0.89019608 0.96078431
v -18.54365968 -15.61633558 23.51364814 0.43529412 0.89019608 0.96078431
v -18.45643398 -15.20867230 25.17022209 0.43529412 0.89019608 0.96078431
v -18.16062361 -15.32514825 26.90295825 0.43529412 0.89019608 0.96078431
v -17.79275787 -17.02131402 25.20830446 0.43529412 0.89019608 0.96078431
v -17.32249610 -18.79755701 23.44383174 0.43529412 0.89019608 0.96078431
v -17.09115716 -19.49640762 22.92337530 0.43529412 0.89019608 0.96078431
v -17.04185607 -19.59832155 22.92337530 0.43529412 0.89019608 0.96078431
v -16.98117721 -19.71479749 22.92337530 0.43529412 0.89019608 0.96078431
v -15.69174959 -21.92782022 22.92337530 0.43529412 0.89019608 0.96078431
v -15.17597931 -22.72858728 22.92337530 0.43529412 0.89019608 0.96078431
v -16.60193372 -20.37724937 22.92337530 0.43529412 0.89019608 0.96078431
v -14.98635756 -22.97609614 22.92337530 0.43529412 0.89019608 0.96078431
v -14.05341792 -24.19180370 22.92337530 0.43529412 0.89019608 0.96078431
v -13.75760880 -24.56306824 22.92337530 0.43529412 0.89019608 0.96078431
v -13.66279793 -24.67954166 22.92337530 0.43529412 0.89019608 0.96078431
v -12.56678465 -25.72781758 22.92337530 0.43529412 0.89019608 0.96078431
v -12.19891892 -26.07724288 22.92337530 0.43529412 0.89019608 0.96078431
v -11.92965538 -26.33203149 22.92337530 0.43529412 0.89019608 0.96078431
v -12.42267268 -25.08720494 25.20830446 0.43529412 0.89019608 0.96078431
v -12.15720173 -24.84697583 26.60464767 0.43529412 0.89019608 0.96078431
v -11.15979191 -25.55310366 27.05528770 0.43529412 0.89019608 0.96078431
v -10.62885127 -26.65961755 25.20830446 0.43529412 0.89019608 0.96078431
v -11.47456395 -25.93892770 25.20830446 0.43529412 0.89019608 0.96078431
v -9.59351685 -27.50406057 25.20830446 0.43529412 0.89019608 0.96078431
v -9.09291564 -28.46497953 23.51364814 0.43529412 0.89019608 0.96078431
v -9.93862832 -27.78796815 23.51364814 0.43529412 0.89019608 0.96078431
v -9.74900658 -28.13011371 22.92337530 0.43529412 0.89019608 0.96078431
v -4.90986138 -30.27761872 22.92337530 0.43529412 0.89019608 0.96078431
v -2.62302379 -28.85080104 26.90295825 0.43529412 0.89019608 0.96078431
v -4.31824158 -29.48413393 25.35428558 0.43529412 0.89019608 0.96078431
v -2.96813542 -29.76076177 24.46570216 0.43529412 0.89019608 0.96078431
v -4.31824158 -30.31401746 22.92337530 0.43529412 0.89019608 0.96078431
v -4.31824158 -30.12474657 23.51364814 0.43529412 0.89019608 0.96078431
v -0.92780608 -27.43854285 30.28592003 0.43529412 0.89019608 0.96078431
v 0.75982686 -27.32934665 30.28592003 0.43529412 0.89019608 0.96078431
v 0.75982686 -26.65961755 31.90441162 0.43529412 0.89019608 0.96078431
v 0.75982686 -25.91708846 33.67523014 0.43529412 0.89019608 0.96078431
v 0.75982686 -27.85348587 28.97843314 0.43529412 0.89019608 0.96078431
v 2.45504472 -25.77149606 33.67523014 0.43529412 0.89019608 0.96078431
v 4.15026236 -24.89065431 35.03983931 0.43529412 0.89019608 0.96078431
v 4.15026236 -24.49027078 35.88399457 0.43529412 0.89019608 0.96078431
v 5.51174627 -23.07801259 38.16892120 0.43529412 0.89019608 0.96078431
v 5.98200805 -23.42015562 37.21686718 0.43529412 0.89019608 0.96078431
v 5.91374402 -24.33739610 35.33180157 0.43529412 0.89019608 0.96078431
v 5.39797310 -24.74505938 34.73518293 0.43529412 0.89019608 0.96078431
v 5.10595562 -26.36843022 31.19989169 0.43529412 0.89019608 0.96078431
v 7.65447111 -26.74697198 28.73090157 0.43529412 0.89019608 0.96078431
v 7.37383108 -27.61325424 26.73793467 0.43529412 0.89019608 0.96078431
v 7.82892314 -27.89716183 25.67163608 0.43529412 0.89019608 0.96078431
v 9.23212329 -27.01632008 26.90295825 0.43529412 0.89019608 0.96078431
v 9.23212329 -26.51402262 28.18505689 0.43529412 0.89019608 0.96078431
v 10.79460577 -25.81517201 28.46432503 0.43529412 0.89019608 0.96078431
v 9.20178387 -27.70061120 25.14483385 0.43529412 0.89019608 0.96078431
v 9.74410163 -27.93356056 24.05949282 0.43529412 0.89019608 0.96078431
v 10.92354865 -27.04543906 25.20830446 0.43529412 0.89019608 0.96078431
v 10.88562405 -27.66421246 23.50095402 0.43529412 0.89019608 0.96078431
v 11.12454816 -27.75884917 22.92337530 0.43529412 0.89019608 0.96078431
v 11.90958198 -27.28566817 22.92337530 0.43529412 0.89019608 0.96078431
v 12.31537231 -26.80520996 23.51364814 0.43529412 0.89019608 0.96078431
v 13.24451811 -26.06268339 22.92337530 0.43529412 0.89019608 0.96078431
v 13.57445924 -25.61134163 22.92337530 0.43529412 0.89019608 0.96078431
v 13.77545874 -25.10904418 23.51364814 0.43529412 0.89019608 0.96078431
v 13.59342217 -24.84697583 24.82748335 0.43529412 0.89019608 0.96078431
v 15.22416867 -23.24544423 22.92337530 0.43529412 0.89019608 0.96078431
v 15.27346977 -23.11440880 23.06301063 0.43529412 0.89019608 0.96078431
v 15.54273331 -21.81134680 25.20830446 0.43529412 0.89019608 0.96078431
v 15.30001661 -21.45464175 26.90295825 0.43529412 0.89019608 0.96078431
v 15.53135555 -20.44276457 28.43893679 0.43529412 0.89019608 0.96078431
v 15.38345099 -22.99793538 22.92337530 0.43529412 0.89019608 0.96078431
v -18.44505622 -16.10407354 22.92337530 0.43529412 0.89019608 0.96078431
v -18.12649159 -17.02131402 22.92337530 0.43529412 0.89019608 0.96078431
v -18.05064365 -17.02131402 23.51364814 0.43529412 0.89019608 0.96078431
v -17.89136133 -17.61824818 22.92337530 0.43529412 0.89019608 0.96078431
v -17.40972180 -18.76843803 22.92337530 0.43529412 0.89019608 0.96078431
v -11.73244973 -26.49946313 22.92337530 0.43529412 0.89019608 0.96078431
v -11.10290563 -27.02359983 22.92337530 0.43529412 0.89019608 0.96078431
v -10.05619345 -27.88260233 22.92337530 0.43529412 0.89019608 0.96078431
v 2.45504472 -29.13470863 25.20830446 0.43529412 0.89019608 0.96078431
v 0.75982686 -28.62513142 26.90295825 0.43529412 0.89019608 0.96078431
v 0.75982686 -28.17378967 28.12793209 0.43529412 0.89019608 0.96078431
v -2.49028863 -29.49869343 25.10040316 0.43529412 0.89019608 0.96078431
v 0.75982686 -29.64428835 24.11661510 0.43529412 0.89019608 0.96078431
v -2.49028863 -30.00099088 23.67232339 0.43529412 0.89019608 0.96078431
v 0.75982686 -29.93547569 23.26611404 0.43529412 0.89019608 0.96078431
v -3.23360574 -30.27033898 22.92337530 0.43529412 0.89019608 0.96078431
v 2.45504472 -27.19831374 30.28592003 0.43529412 0.89019608 0.96078431
v 2.45504472 -26.59409983 31.73938805 0.43529412 0.89019608 0.96078431
v 2.45504472 -26.23739478 32.58988911 0.43529412 0.89019608 0.96078431
v 2.45504472 -28.11555422 27.96291104 0.43529412 0.89019608 0.96078431
v 2.45504472 -27.78796815 28.80706377 0.43529412 0.89019608 0.96078431
v 4.15026236 -25.49486569 33.67523014 0.43529412 0.89019608 0.96078431
v 4.15026236 -26.47034414 31.44107747 0.43529412 0.89019608 0.96078431
v 4.15026236 -26.93624539 30.28592003 0.43529412 0.89019608 0.96078431
v 5.84168803 -27.80980739 27.16953226 0.43529412 0.89019608 0.96078431
v 5.84168803 -27.24199222 28.59761204 0.43529412 0.89019608 0.96078431
v 5.84168803 -28.14467321 26.31903121 0.43529412 0.89019608 0.96078431
v 6.69877784 -28.03547701 26.05880551 0.43529412 0.89019608 0.96078431
v 5.84168803 -28.55961371 25.20830446 0.43529412 0.89019608 0.96078431
v 7.37383108 -28.20290865 25.14483385 0.43529412 0.89019608 0.96078431
v 7.53690535 -28.74888711 23.51364814 0.43529412 0.89019608 0.96078431
v 8.61395696 -28.10099473 24.54186689 0.43529412 0.89019608 0.96078431
v 9.20178387 -28.28298586 23.50095402 0.43529412 0.89019608 0.96078431
v 9.20936904 -28.47225675 22.92337530 0.43529412 0.89019608 0.96078431
v 10.30917428 -28.11555422 22.92337530 0.43529412 0.89019608 0.96078431
v 12.39880543 -26.90712641 22.92337530 0.43529412 0.89019608 0.96078431
v 12.79321800 -26.51402262 22.92337530 0.43529412 0.89019608 0.96078431
v 13.82475984 -25.26191633 22.92337530 0.43529412 0.89019608 0.96078431
v 14.15470223 -24.78873786 22.92337530 0.43529412 0.89019608 0.96078431
v 4.15026236 -28.90903901 25.20830446 0.43529412 0.89019608 0.96078431
v 3.41453026 -28.05731625 27.80423579 0.43529412 0.89019608 0.96078431
v 2.45504472 -28.50865548 26.90295825 0.43529412 0.89019608 0.96078431
v 2.45504472 -29.58605038 23.93255161 0.43529412 0.89019608 0.96078431
v -2.54338279 -30.24122252 22.92337530 0.43529412 0.89019608 0.96078431
v 0.75982686 -30.04466936 22.92337530 0.43529412 0.89019608 0.96078431
v 2.45504472 -29.86267822 23.08205055 0.43529412 0.89019608 0.96078431
v 4.04786663 -28.27570612 26.94104061 0.43529412 0.89019608 0.96078431
v 4.54467556 -27.94084031 27.53131345 0.43529412 0.89019608 0.96078431
v 5.84168803 -29.14926812 23.51364814 0.43529412 0.89019608 0.96078431
v 5.84168803 -29.33854153 22.92337530 0.43529412 0.89019608 0.96078431
v 7.49139620 -28.94543774 22.92337530 0.43529412 0.89019608 0.96078431
v 3.69896288 -29.75348203 22.92337530 0.43529412 0.89019608 0.96078431
v 4.18060178 -29.49141368 23.45652586 0.43529412 0.89019608 0.96078431
v 4.52192099 -29.60788962 22.92337530 0.43529412 0.89019608 0.96078431
v 2.23508355 -29.92819594 22.92337530 0.43529412 0.89019608 0.96078431
v 2.45504472 -29.90635670 22.92337530 0.43529412 0.89019608 0.96078431
v 3.28558769 -29.80444025 22.92337530 0.43529412 0.89019608 0.96078431
v 5.18559710 -29.47685419 22.92337530 0.43529412 0.89019608 0.96078431
f 1956 1957 1958
f 1956 1958 1959
f 1956 1959 1960
f 1956 1960 1961
f 1956 1961 1962
f 1956 1962 1963
f 1956 1963 1964
f 1956 1964 1965
f 1956 1965 1957
f 1957 1966 1967
f 1957 1967 1958
f 1957 1965 1966
f 1958 1967 1968
f 1958 1968 1969
f 1958 1969 1970
f 1958 1970 1971
f 1958 1971 1959
f 1959 1972 1960
f 1959 1971 1973
f 1959 1973 1974
f 1959 1974 1975
f 1959 1975 1976
f 1959 1976 1972
f 1960 1977 1961
f 1960 1972 1978
f 1960 1978 1977
f 1961 1977 1979
f 1961 1979 1962
f 1962 1980 1981
f 1962 1981 1982
f 1962 1982 1983
f 1962 1983 1963
f 1962 1979 1984
f 1962 1984 1985
f 1962 1985 1980
f 1963 1983 1986
f 1963 1986 1964
f 1964 1986 1965
f 1965 1986 1987
f 1965 1987 1988
f 1965 1988 1989
f 1965 1989 1990
f 1965 1990 1966
f 1966 1991 1992
f 1966 1992 1967
f 1966 1990 1991
f 1967 1992 1968
f 1968 1992 1993
f 1968 1993 1994
f 1968 1994 1995
f 1968 1995 1996
f 1968 1996 1969
f 1969 1996 1997
f 1969 1997 1998
f 1969 1998 1999
f 1969 1999 2000
f 1969 2000 2001
f 1969 2001 1970
f 1970 2001 2002
f 1970 2002 1973
f 1970 1973 1971
f 1972 1976 2003
f 1972 2003 2004
f 1972 2004 2005
f 1972 2005 1978
f 1973 2002 1974
f 1974 2002 2006
f 1974 2006 2007
f 1974 2007 1975
f 1975 2008 2003
f 1975 2003 1976
f 1975 2007 2008
f 1977 2009 1979
f 1977 1978 2010
f 1977 2010 2011
f 1977 2011 2009
f 1978 2005 2012
f 1978 2012 2010
f 1979 2009 1984
f 1980 1985 2013
f 1980 2013 1981
f 1981 2014 2015
f 1981 2015 1982
f 1981 2013 2016
f 1981 2016 2017
f 1981 2017 2014
f 1982 2015 2018
f 1982 2018 1983
f 1983 2018 2015
f 1983 2015 2019
f 1983 2019 2020
f 1983 2020 2021
f 1983 2021 2022
f 1983 2022 1986
f 1984 2023 1985
f 1984 2009 2024
f 1984 2024 2023
f 1985 2023 2013
f 1986 2022 1987
f 1987 2022 1988
f 1988 2025 2026
f 1988 2026 1990
f 1988 1990 1989
f 1988 2022 2027
f 1988 2027 2025
f 1990 2026 2028
f 1990 2028 2029
f 1990 2029 1991
f 1991 2029 1993
f 1991 1993 1992
f 1993 2029 2030
f 1993 2030 2031
f 1993 2031 2032
f 1993 2032 2033
f 1993 2033 1994
f 1994 2033 2034
f 1994 2034 1995
f 1995 2034 2035
f 1995 2035 1998
f 1995 1998 1997
f 1995 1997 1996
f 1998 2035 2036
f 1998 2036 2037
f 1998 2037 2038
f 1998 2038 1999
f 1999 2038 2039
f 1999 2039 2000
f 2000 2002 2001
f 2000 2039 2002
f 2002 2039 2040
f 2002 2040 2006
f 2003 2008 2004
f 2004 2008 2041
f 2004 2041 2042
f 2004 2042 2005
f 2005 2042 2012
f 2006 2040 2043
f 2006 2043 2044
f 2006 2044 2007
f 2007 2041 2008
f 2007 2044 2041
f 2009 2011 2045
f 2009 2045 2024
f 2010 2012 2042
f 2010 2042 2046
f 2010 2046 2047
f 2010 2047 2048
f 2010 2048 2011
f 2011 2048 2049
f 2011 2049 2024
f 2011 2024 2045
f 2013 2023 2050
f 2013 2050 2016
f 2014 2051 2052
f 2014 2052 2053
f 2014 2053 2015
f 2014 2017 2054
f 2014 2054 2055
f 2014 2055 2056
f 2014 2056 2057
f 2014 2057 2051
f 2015 2053 2058
f 2015 2058 2059
f 2015 2059 2019
f 2016 2050 2060
f 2016 2060 2061
f 2016 2061 2017
f 2017 2061 2062
f 2017 2062 2055
f 2017 2055 2054
f 2019 2063 2064
f 2019 2064 2020
f 2019 2059 2063
f 2020 2064 2065
f 2020 2065 2021
f 2021 2065 2066
f 2021 2066 2022
f 2022 2066 2027
f 2023 2067 2050
f 2023 2024 2068
f 2023 2068 2067
f 2024 2049 2069
f 2024 2069 2070
f 2024 2070 2068
f 2025 2028 2026
f 2025 2027 2071
f 2025 2071 2028
f 2027 2066 2071
f 2028 2072 2029
f 2028 2071 2073
f 2028 2073 2072
f 2029 2074 2030
f 2029 2072 2074
f 2030 2074 2075
f 2030 2075 2076
f 2030 2076 2077
f 2030 2077 2031
f 2031 2077 2078
f 2031 2078 2032
f 2032 2078 2079
f 2032 2079 2080
f 2032 2080 2033
f 2033 2080 2081
f 2033 2081 2034
f 2034 2081 2035
f 2035 2081 2082
f 2035 2082 2036
f 2036 2082 2083
f 2036 2083 2037
f 2037 2083 2084
f 2037 2084 2038
f 2038 2084 2085
f 2038 2085 2086
f 2038 2086 2039
f 2039 2086 2087
f 2039 2087 2040
f 2040 2087 2088
f 2040 2088 2089
f 2040 2089 2043
f 2041 2090 2042
f 2041 2044 2091
f 2041 2091 2090
f 2042 2090 2092
f 2042 2092 2046
f 2043 2089 2093
f 2043 2093 2044
f 2044 2093 2094
f 2044 2094 2095
f 2044 2095 2091
f 2046 2092 2096
f 2046 2096 2047
f 2047 2096 2048
f 2048 2096 2097
f 2048 2097 2098
f 2048 2098 2099
f 2048 2099 2049
f 2049 2099 2069
f 2050 2067 2100
f 2050 2100 2101
f 2050 2101 2102
f 2050 2102 2060
f 2051 2057 2103
f 2051 2103 2052
f 2052 2104 2105
f 2052 2105 2053
f 2052 2103 2106
f 2052 2106 2104
f 2053 2107 2058
f 2053 2105 2108
f 2053 2108 2109
f 2053 2109 2107
f 2055 2062 2110
f 2055 2110 2056
f 2056 2110 2111
f 2056 2111 2057
f 2057 2111 2112
f 2057 2112 2103
f 2058 2107 2113
f 2058 2113 2059
f 2059 2113 2063
f 2060 2102 2061
f 2061 2102 2114
f 2061 2114 2062
f 2062 2114 2115
f 2062 2115 2110
f 2063 2116 2117
f 2063 2117 2064
f 2063 2113 2116
f 2064 2118 2065
f 2064 2117 2119
f 2064 2119 2120
f 2064 2120 2118
f 2065 2118 2121
f 2065 2121 2066
f 2066 2121 2122
f 2066 2122 2123
f 2066 2123 2071
f 2067 2068 2070
f 2067 2070 2124
f 2067 2124 2125
f 2067 2125 2126
f 2067 2126 2100
f 2069 2099 2127
f 2069 2127 2128
f 2069 2128 2129
f 2069 2129 2070
f 2070 2129 2130
f 2070 2130 2131
f 2070 2131 2125
f 2070 2125 2132
f 2070 2132 2124
f 2071 2123 2133
f 2071 2133 2134
f 2071 2134 2135
f 2071 2135 2073
f 2072 2073 2135
f 2072 2135 2074
f 2074 2136 2075
f 2074 2135 2136
f 2075 2136 2137
f 2075 2137 2138
f 2075 2138 2139
f 2075 2139 2076
f 2076 2139 2078
f 2076 2078 2077
f 2078 2139 2140
f 2078 2140 2079
f 2079 2140 2141
f 2079 2141 2142
f 2079 2142 2143
f 2079 2143 2080
f 2080 2143 2144
f 2080 2144 2145
f 2080 2145 2081
f 2081 2145 2144
f 2081 2144 2082
f 2082 2146 2083
f 2082 2144 2147
f 2082 2147 2148
f 2082 2148 2149
f 2082 2149 2150
f 2082 2150 2146
f 2083 2146 2150
f 2083 2150 2151
f 2083 2151 2084
f 2084 2151 2152
f 2084 2152 2085
f 2085 2152 2087
f 2085 2087 2086
f 2087 2152 2153
f 2087 2153 2154
f 2087 2154 2155
f 2087 2155 2088
f 2088 2155 2156
f 2088 2156 2157
f 2088 2157 2089
f 2089 2157 2093
f 2090 2091 2158
f 2090 2158 2092
f 2091 2095 2159
f 2091 2159 2158
f 2092 2160 2096
f 2092 2158 2161
f 2092 2161 2162
f 2092 2162 2163
f 2092 2163 2160
f 2093 2157 2164
f 2093 2164 2094
f 2094 2164 2165
f 2094 2165 2095
f 2095 2165 2166
f 2095 2166 2159
f 2096 2160 2097
f 2097 2160 2163
f 2097 2163 2167
f 2097 2167 2168
f 2097 2168 2098
f 2098 2168 2099
f 2099 2168 2127
f 2100 2125 2169
f 2100 2169 2102
f 2100 2102 2101
f 2100 2126 2125
f 2102 2169 2170
f 2102 2170 2171
f 2102 2171 2114
f 2103 2112 2172
f 2103 2172 2106
f 2104 2173 2108
f 2104 2108 2105
f 2104 2106 2174
f 2104 2174 2173
f 2106 2172 2175
f 2106 2175 2174
f 2107 2109 2176
f 2107 2176 2177
f 2107 2177 2178
f 2107 2178 2179
f 2107 2179 2180
f 2107 2180 2113
f 2108 2173 2181
f 2108 2181 2109
f 2109 2181 2176
f 2110 2115 2182
f 2110 2182 2183
f 2110 2183 2111
f 2111 2183 2184
f 2111 2184 2112
f 2112 2184 2185
f 2112 2185 2186
f 2112 2186 2172
f 2113 2187 2116
f 2113 2180 2188
f 2113 2188 2189
f 2113 2189 2187
f 2114 2190 2191
f 2114 2191 2192
f 2114 2192 2182
f 2114 2182 2115
f 2114 2171 2190
f 2116 2119 2117
f 2116 2187 2119
f 2118 2120 2193
f 2118 2193 2121
f 2119 2194 2195
f 2119 2195 2196
f 2119 2196 2197
f 2119 2197 2198
f 2119 2198 2199
f 2119 2199 2200
f 2119 2200 2120
f 2119 2187 2201
f 2119 2201 2202
f 2119 2202 2203
f 2119 2203 2204
f 2119 2204 2194
f 2120 2200 2205
f 2120 2205 2193
f 2121 2193 2206
f 2121 2206 2122
f 2122 2206 2207
f 2122 2207 2208
f 2122 2208 2123
f 2123 2208 2209
f 2123 2209 2210
f 2123 2210 2211
f 2123 2211 2133
f 2124 2132 2125
f 2125 2131 2212
f 2125 2212 2169
f 2127 2213 2128
f 2127 2168 2214
f 2127 2214 2215
f 2127 2215 2213
f 2128 2213 2216
f 2128 2216 2129
f 2129 2216 2217
f 2129 2217 2130
f 2130 2217 2131
f 2131 2217 2212
f 2133 2211 2218
f 2133 2218 2219
f 2133 2219 2134
f 2134 2219 2135
f 2135 2219 2220
f 2135 2220 2221
f 2135 2221 2222
f 2135 2222 2223
f 2135 2223 2224
f 2135 2224 2136
f 2136 2224 2225
f 2136 2225 2137
f 2137 2225 2226
f 2137 2226 2227
f 2137 2227 2228
f 2137 2228 2229
f 2137 2229 2230
f 2137 2230 2138
f 2138 2230 2231
f 2138 2231 2139
f 2139 2231 2140
f 2140 2231 2232
f 2140 2232 2141
f 2141 2232 2233
f 2141 2233 2142
f 2142 2233 2234
f 2142 2234 2235
f 2142 2235 2143
f 2143 2235 2236
f 2143 2236 2144
f 2144 2236 2237
f 2144 2237 2238
f 2144 2238 2239
f 2144 2239 2147
f 2147 2149 2148
f 2147 2239 2240
f 2147 2240 2149
f 2149 2240 2241
f 2149 2241 2242
f 2149 2242 2243
f 2149 2243 2244
f 2149 2244 2150
f 2150 2244 2245
f 2150 2245 2151
f 2151 2245 2152
f 2152 2245 2153
f 2153 2245 2246
f 2153 2246 2154
f 2154 2247 2155
f 2154 2246 2248
f 2154 2248 2249
f 2154 2249 2250
f 2154 2250 2251
f 2154 2251 2247
f 2155 2247 2252
f 2155 2252 2253
f 2155 2253 2156
f 2156 2254 2157
f 2156 2253 2254
f 2157 2254 2164
f 2158 2159 2161
f 2159 2166 2255
f 2159 2255 2161
f 2161 2255 2162
f 2162 2256 2163
f 2162 2255 2256
f 2163 2256 2257
f 2163 2257 2258
f 2163 2258 2259
f 2163 2259 2260
f 2163 2260 2261
f 2163 2261 2167
f 2164 2254 2262
f 2164 2262 2165
f 2165 2262 2263
f 2165 2263 2166
f 2166 2263 2255
f 2167 2261 2264
f 2167 2264 2168
f 2168 2264 2265
f 2168 2265 2214
f 2169 2212 2266
f 2169 2266 2170
f 2170 2266 2267
f 2170 2267 2171
f 2171 2267 2190
f 2172 2186 2268
f 2172 2268 2175
f 2173 2269 2270
f 2173 2270 2181
f 2173 2174 2271
f 2173 2271 2269
f 2174 2175 2272
f 2174 2272 2271
f 2175 2268 2273
f 2175 2273 2272
f 2176 2181 2270
f 2176 2270 2177
f 2177 2270 2274
f 2177 2274 2178
f 2178 2274 2275
f 2178 2275 2179
f 2179 2275 2276
f 2179 2276 2180
f 2180 2276 2188
f 2182 2277 2183
f 2182 2192 2278
f 2182 2278 2277
f 2183 2277 2184
f 2184 2277 2279
f 2184 2279 2185
f 2185 2279 2280
f 2185 2280 2186
f 2186 2280 2281
f 2186 2281 2268
f 2187 2189 2201
f 2188 2276 2282
f 2188 2282 2283
f 2188 2283 2284
f 2188 2284 2285
f 2188 2285 2189
f 2189 2285 2286
f 2189 2286 2202
f 2189 2202 2201
f 2190 2267 2287
f 2190 2287 2288
f 2190 2288 2191
f 2191 2288 2289
f 2191 2289 2192
f 2192 2289 2290
f 2192 2290 2278
f 2193 2205 2291
f 2193 2291 2292
f 2193 2292 2206
f 2194 2204 2293
f 2194 2293 2195
f 2195 2294 2196
f 2195 2293 2295
f 2195 2295 2294
f 2196 2296 2197
f 2196 2294 2296
f 2197 2297 2298
f 2197 2298 2198
f 2197 2296 2295
f 2197 2295 2299
f 2197 2299 2300
f 2197 2300 2301
f 2197 2301 2297
f 2198 2298 2302
f 2198 2302 2303
f 2198 2303 2199
f 2199 2205 2200
f 2199 2303 2304
f 2199 2304 2305
f 2199 2305 2205
f 2202 2286 2203
f 2203 2286 2306
f 2203 2306 2204
f 2204 2306 2307
f 2204 2307 2308
f 2204 2308 2293
f 2205 2309 2310
f 2205 2310 2292
f 2205 2292 2291
f 2205 2305 2309
f 2206 2292 2311
f 2206 2311 2207
f 2207 2311 2312
f 2207 2312 2313
f 2207 2313 2208
f 2208 2313 2209
f 2209 2314 2315
f 2209 2315 2210
f 2209 2313 2314
f 2210 2315 2218
f 2210 2218 2211
f 2212 2217 2316
f 2212 2316 2266
f 2213 2317 2216
f 2213 2215 2318
f 2213 2318 2319
f 2213 2319 2317
f 2214 2265 2320
f 2214 2320 2321
f 2214 2321 2322
f 2214 2322 2215
f 2215 2322 2318
f 2216 2317 2217
f 2217 2317 2323
f 2217 2323 2316
f 2218 2315 2324
f 2218 2324 2219
f 2219 2324 2220
f 2220 2324 2325
f 2220 2325 2326
f 2220 2326 2327
f 2220 2327 2328
f 2220 2328 2221
f 2221 2328 2329
f 2221 2329 2222
f 2222 2329 2330
f 2222 2330 2331
f 2222 2331 2223
f 2223 2331 2332
f 2223 2332 2224
f 2224 2332 2226
f 2224 2226 2225
f 2226 2332 2333
f 2226 2333 2227
f 2227 2333 2334
f 2227 2334 2228
f 2228 2334 2229
f 2229 2232 2230
f 2229 2334 2335
f 2229 2335 2336
f 2229 2336 2232
f 2230 2232 2231
f 2232 2336 2233
f 2233 2336 2234
f 2234 2336 2337
f 2234 2337 2236
f 2234 2236 2235
f 2236 2337 2338
f 2236 2338 2339
f 2236 2339 2340
f 2236 2340 2341
f 2236 2341 2342
f 2236 2342 2237
f 2237 2342 2238
f 2238 2343 2239
f 2238 2342 2343
f 2239 2344 2345
f 2239 2345 2346
f 2239 2346 2347
f 2239 2347 2240
f 2239 2343 2348
f 2239 2348 2344
f 2240 2347 2241
f 2241 2347 2242
f 2242 2349 2243
f 2242 2347 2350
f 2242 2350 2351
f 2242 2351 2352
f 2242 2352 2353
f 2242 2353 2354
f 2242 2354 2349
f 2243 2349 2248
f 2243 2248 2244
f 2244 2248 2245
f 2245 2248 2246
f 2247 2251 2252
f 2248 2349 2355
f 2248 2355 2249
f 2249 2355 2250
f 2250 2355 2356
f 2250 2356 2357
f 2250 2357 2251
f 2251 2358 2359
f 2251 2359 2252
f 2251 2357 2358
f 2252 2359 2253
f 2253 2360 2361
f 2253 2361 2254
f 2253 2359 2358
f 2253 2358 2362
f 2253 2362 2363
f 2253 2363 2360
f 2254 2361 2364
f 2254 2364 2262
f 2255 2263 2365
f 2255 2365 2256
f 2256 2365 2366
f 2256 2366 2258
f 2256 2258 2257
f 2258 2367 2259
f 2258 2366 2367
f 2259 2367 2368
f 2259 2368 2369
f 2259 2369 2261
f 2259 2261 2260
f 2261 2369 2370
f 2261 2370 2371
f 2261 2371 2372
f 2261 2372 2264
f 2262 2364 2263
f 2263 2364 2373
f 2263 2373 2374
f 2263 2374 2365
f 2264 2372 2375
f 2264 2375 2320
f 2264 2320 2265
f 2266 2316 2376
f 2266 2376 2267
f 2267 2376 2377
f 2267 2377 2287
f 2268 2281 2378
f 2268 2378 2273
f 2269 2379 2270
f 2269 2271 2380
f 2269 2380 2379
f 2270 2381 2274
f 2270 2379 2381
f 2271 2272 2382
f 2271 2382 2380
f 2272 2273 2383
f 2272 2383 2382
f 2273 2378 2384
f 2273 2384 2383
f 2274 2385 2276
f 2274 2276 2275
f 2274 2381 2379
f 2274 2379 2386
f 2274 2386 2385
f 2276 2385 2387
f 2276 2387 2388
f 2276 2388 2282
f 2277 2278 2389
f 2277 2389 2279
f 2278 2290 2390
f 2278 2390 2389
f 2279 2389 2391
f 2279 2391 2280
f 2280 2391 2392
f 2280 2392 2281
f 2281 2392 2393
f 2281 2393 2394
f 2281 2394 2378
f 2282 2388 2283
f 2283 2388 2395
f 2283 2395 2396
f 2283 2396 2397
f 2283 2397 2398
f 2283 2398 2399
f 2283 2399 2284
f 2284 2399 2285
f 2285 2399 2398
f 2285 2398 2400
f 2285 2400 2286
f 2286 2400 2401
f 2286 2401 2306
f 2287 2377 2402
f 2287 2402 2403
f 2287 2403 2288
f 2288 2403 2404
f 2288 2404 2289
f 2289 2404 2405
f 2289 2405 2290
f 2290 2405 2406
f 2290 2406 2407
f 2290 2407 2390
f 2292 2310 2311
f 2293 2308 2408
f 2293 2408 2295
f 2294 2295 2296
f 2295 2408 2308
f 2295 2308 2307
f 2295 2307 2306
f 2295 2306 2401
f 2295 2401 2531
f 2295 2531 2530
f 2295 2530 2529
f 2295 2529 2528
f 2295 2528 2527
f 2295 2527 2526
f 2295 2526 2525
f 2295 2525 2524
f 2295 2524 2666
f 2295 2666 2665
f 2295 2665 2801
f 2295 2801 2800
f 2295 2800 2798
f 2295 2798 2797
f 2295 2797 2796
f 2295 2796 2794
f 2295 2794 2793
f 2295 2793 2792
f 2295 2792 2920
f 2295 2920 2919
f 2295 2919 3019
f 2295 3019 3114
f 2295 3114 3212
f 2295 3212 3315
f 2295 3315 3401
f 2295 3401 3498
f 2295 3498 3602
f 2295 3602 3714
f 2295 3714 3729
f 2295 3729 3728
f 2295 3728 3811
f 2295 3811 3897
f 2295 3897 3979
f 2295 3979 3978
f 2295 3978 4054
f 2295 4054 4125
f 2295 4125 4120
f 2295 4120 4164
f 2295 4164 4163
f 2295 4163 4117
f 2295 4117 4116
f 2295 4116 4162
f 2295 4162 4161
f 2295 4161 4114
f 2295 4114 4113
f 2295 4113 4160
f 2295 4160 4159
f 2295 4159 4176
f 2295 4176 4175
f 2295 4175 4183
f 2295 4183 4179
f 2295 4179 4177
f 2295 4177 4182
f 2295 4182 4181
f 2295 4181 4180
f 2295 4180 4170
f 2295 4170 4169
f 2295 4169 4141
f 2295 4141 4088
f 2295 4088 4084
f 2295 4084 4012
f 2295 4012 4011
f 2295 4011 3925
f 2295 3925 4010
f 2295 4010 4083
f 2295 4083 4133
f 2295 4133 4132
f 2295 4132 4131
f 2295 4131 4074
f 2295 4074 4073
f 2295 4073 4072
f 2295 4072 4071
f 2295 4071 4070
f 2295 4070 4069
f 2295 4069 4068
f 2295 4068 4066
f 2295 4066 4065
f 2295 4065 4067
f 2295 4067 4064
f 2295 4064 4063
f 2295 4063 4062
f 2295 4062 4130
f 2295 4130 4129
f 2295 4129 4127
f 2295 4127 4126
f 2295 4126 4056
f 2295 4056 4055
f 2295 4055 3980
f 2295 3980 3898
f 2295 3898 3820
f 2295 3820 3736
f 2295 3736 3734
f 2295 3734 3625
f 2295 3625 3624
f 2295 3624 3617
f 2295 3617 3515
f 2295 3515 3416
f 2295 3416 3328
f 2295 3328 3228
f 2295 3228 3227
f 2295 3227 3226
f 2295 3226 3130
f 2295 3130 3129
f 2295 3129 3128
f 2295 3128 3127
f 2295 3127 3037
f 2295 3037 2936
f 2295 2936 2821
f 2295 2821 2820
f 2295 2820 2819
f 2295 2819 2818
f 2295 2818 2932
f 2295 2932 2830
f 2295 2830 2939
f 2295 2939 2827
f 2295 2827 2826
f 2295 2826 2693
f 2295 2693 2825
f 2295 2825 2938
f 2295 2938 2937
f 2295 2937 2824
f 2295 2824 2686
f 2295 2686 2685
f 2295 2685 2676
f 2295 2676 2549
f 2295 2549 2548
f 2295 2548 2547
f 2295 2547 2546
f 2295 2546 2545
f 2295 2545 2539
f 2295 2539 2412
f 2295 2412 2410
f 2295 2410 2409
f 2295 2409 2301
f 2295 2301 2300
f 2295 2300 2299
f 2297 2301 2409
f 2297 2409 2410
f 2297 2410 2298
f 2298 2410 2302
f 2302 2411 2303
f 2302 2410 2412
f 2302 2412 2411
f 2303 2411 2413
f 2303 2413 2414
f 2303 2414 2415
f 2303 2415 2304
f 2304 2415 2305
f 2305 2415 2416
f 2305 2416 2417
f 2305 2417 2418
f 2305 2418 2309
f 2309 2419 2312
f 2309 2312 2310
f 2309 2418 2417
f 2309 2417 2419
f 2310 2420 2311
f 2310 2312 2420
f 2311 2420 2312
f 2312 2421 2422
f 2312 2422 2313
f 2312 2419 2417
f 2312 2417 2423
f 2312 2423 2424
f 2312 2424 2425
f 2312 2425 2426
f 2312 2426 2427
f 2312 2427 2428
f 2312 2428 2429
f 2312 2429 2421
f 2313 2422 2314
f 2314 2430 2315
f 2314 2422 2552
f 2314 2552 2431
f 2314 2431 2325
f 2314 2325 2430
f 2315 2430 2324
f 2316 2323 2376
f 2317 2319 2432
f 2317 2432 2433
f 2317 2433 2323
f 2318 2434 2432
f 2318 2432 2319
f 2318 2322 2434
f 2320 2375 2435
f 2320 2435 2321
f 2321 2436 2437
f 2321 2437 2322
f 2321 2435 2438
f 2321 2438 2439
f 2321 2439 2440
f 2321 2440 2436
f 2322 2437 2434
f 2323 2433 2376
f 2324 2430 2325
f 2325 2431 2441
f 2325 2441 2442
f 2325 2442 2443
f 2325 2443 2326
f 2326 2443 2327
f 2327 2443 2444
f 2327 2444 2445
f 2327 2445 2328
f 2328 2445 2446
f 2328 2446 2447
f 2328 2447 2329
f 2329 2447 2330
f 2330 2447 2448
f 2330 2448 2449
f 2330 2449 2331
f 2331 2449 2450
f 2331 2450 2332
f 2332 2450 2333
f 2333 2450 2451
f 2333 2451 2334
f 2334 2451 2452
f 2334 2452 2453
f 2334 2453 2335
f 2335 2453 2336
f 2336 2453 2337
f 2337 2453 2338
f 2338 2453 2454
f 2338 2454 2455
f 2338 2455 2339
f 2339 2455 2456
f 2339 2456 2457
f 2339 2457 2340
f 2340 2457 2341
f 2341 2457 2348
f 2341 2348 2343
f 2341 2343 2342
f 2344 2348 2458
f 2344 2458 2459
f 2344 2459 2460
f 2344 2460 2461
f 2344 2461 2345
f 2345 2461 2346
f 2346 2461 2460
f 2346 2460 2462
f 2346 2462 2463
f 2346 2463 2464
f 2346 2464 2465
f 2346 2465 2351
f 2346 2351 2350
f 2346 2350 2347
f 2348 2457 2466
f 2348 2466 2467
f 2348 2467 2458
f 2349 2354 2355
f 2351 2465 2352
f 2352 2465 2468
f 2352 2468 2469
f 2352 2469 2470
f 2352 2470 2471
f 2352 2471 2472
f 2352 2472 2353
f 2353 2472 2471
f 2353 2471 2473
f 2353 2473 2474
f 2353 2474 2354
f 2354 2474 2355
f 2355 2474 2356
f 2356 2474 2475
f 2356 2475 2357
f 2357 2476 2358
f 2357 2475 2477
f 2357 2477 2476
f 2358 2476 2362
f 2360 2478 2364
f 2360 2364 2361
f 2360 2363 2362
f 2360 2362 2479
f 2360 2479 2478
f 2362 2476 2480
f 2362 2480 2481
f 2362 2481 2479
f 2364 2478 2482
f 2364 2482 2373
f 2365 2374 2366
f 2366 2374 2483
f 2366 2483 2367
f 2367 2483 2484
f 2367 2484 2485
f 2367 2485 2486
f 2367 2486 2368
f 2368 2486 2369
f 2369 2486 2487
f 2369 2487 2488
f 2369 2488 2370
f 2370 2488 2371
f 2371 2488 2489
f 2371 2489 2490
f 2371 2490 2491
f 2371 2491 2492
f 2371 2492 2372
f 2372 2492 2493
f 2372 2493 2375
f 2373 2482 2374
f 2374 2482 2484
f 2374 2484 2483
f 2375 2493 2494
f 2375 2494 2495
f 2375 2495 2496
f 2375 2496 2439
f 2375 2439 2435
f 2376 2433 2497
f 2376 2497 2377
f 2377 2497 2498
f 2377 2498 2402
f 2378 2394 2499
f 2378 2499 2384
f 2379 2380 2500
f 2379 2500 2501
f 2379 2501 2502
f 2379 2502 2386
f 2380 2382 2503
f 2380 2503 2504
f 2380 2504 2500
f 2382 2383 2505
f 2382 2505 2506
f 2382 2506 2503
f 2383 2384 2507
f 2383 2507 2505
f 2384 2499 2508
f 2384 2508 2507
f 2385 2386 2387
f 2386 2502 2509
f 2386 2509 2510
f 2386 2510 2387
f 2387 2510 2388
f 2388 2510 2395
f 2389 2390 2511
f 2389 2511 2391
f 2390 2407 2512
f 2390 2512 2511
f 2391 2511 2513
f 2391 2513 2392
f 2392 2513 2514
f 2392 2514 2393
f 2393 2514 2515
f 2393 2515 2394
f 2394 2515 2516
f 2394 2516 2517
f 2394 2517 2518
f 2394 2518 2499
f 2395 2510 2519
f 2395 2519 2520
f 2395 2520 2521
f 2395 2521 2396
f 2396 2521 2397
f 2397 2521 2522
f 2397 2522 2523
f 2397 2523 2398
f 2398 2523 2524
f 2398 2524 2525
f 2398 2525 2526
f 2398 2526 2527
f 2398 2527 2528
f 2398 2528 2529
f 2398 2529 2530
f 2398 2530 2400
f 2400 2530 2531
f 2400 2531 2401
f 2402 2498 2532
f 2402 2532 2533
f 2402 2533 2403
f 2403 2533 2534
f 2403 2534 2535
f 2403 2535 2404
f 2404 2535 2405
f 2405 2535 2406
f 2406 2535 2536
f 2406 2536 2537
f 2406 2537 2538
f 2406 2538 2407
f 2407 2538 2512
f 2411 2412 2413
f 2412 2539 2413
f 2413 2540 2414
f 2413 2539 2540
f 2414 2540 2416
f 2414 2416 2415
f 2416 2541 2542
f 2416 2542 2543
f 2416 2543 2417
f 2416 2540 2544
f 2416 2544 2539
f 2416 2539 2545
f 2416 2545 2546
f 2416 2546 2547
f 2416 2547 2548
f 2416 2548 2549
f 2416 2549 2541
f 2417 2543 2423
f 2421 2429 2550
f 2421 2550 2551
f 2421 2551 2422
f 2422 2551 2552
f 2423 2543 2424
f 2424 2543 2542
f 2424 2542 2553
f 2424 2553 2554
f 2424 2554 2555
f 2424 2555 2556
f 2424 2556 2425
f 2425 2556 2426
f 2426 2556 2555
f 2426 2555 2427
f 2427 2555 2557
f 2427 2557 2428
f 2428 2557 2429
f 2429 2558 2559
f 2429 2559 2560
f 2429 2560 2561
f 2429 2561 2562
f 2429 2562 2563
f 2429 2563 2564
f 2429 2564 2565
f 2429 2565 2550
f 2429 2557 2558
f 2431 2552 2566
f 2431 2566 2441
f 2432 2434 2497
f 2432 2497 2433
f 2434 2567 2497
f 2434 2437 2436
f 2434 2436 2567
f 2435 2439 2438
f 2436 2440 2568
f 2436 2568 2567
f 2439 2569 2440
f 2439 2496 2569
f 2440 2569 2568
f 2441 2566 2570
f 2441 2570 2571
f 2441 2571 2572
f 2441 2572 2442
f 2442 2572 2573
f 2442 2573 2574
f 2442 2574 2575
f 2442 2575 2576
f 2442 2576 2577
f 2442 2577 2578
f 2442 2578 2443
f 2443 2578 2444
f 2444 2577 2576
f 2444 2576 2445
f 2444 2578 2577
f 2445 2576 2446
f 2446 2579 2580
f 2446 2580 2581
f 2446 2581 2447
f 2446 2576 2579
f 2447 2581 2448
f 2448 2581 2582
f 2448 2582 2583
f 2448 2583 2449
f 2449 2583 2584
f 2449 2584 2450
f 2450 2584 2585
f 2450 2585 2451
f 2451 2585 2586
f 2451 2586 2587
f 2451 2587 2452
f 2452 2587 2453
f 2453 2587 2454
f 2454 2587 2588
f 2454 2588 2589
f 2454 2589 2455
f 2455 2589 2590
f 2455 2590 2591
f 2455 2591 2592
f 2455 2592 2456
f 2456 2592 2466
f 2456 2466 2457
f 2458 2467 2459
f 2459 2593 2460
f 2459 2467 2594
f 2459 2594 2593
f 2460 2593 2595
f 2460 2595 2596
f 2460 2596 2597
f 2460 2597 2598
f 2460 2598 2599
f 2460 2599 2600
f 2460 2600 2462
f 2462 2600 2463
f 2463 2600 2599
f 2463 2599 2601
f 2463 2601 2602
f 2463 2602 2603
f 2463 2603 2468
f 2463 2468 2464
f 2464 2468 2465
f 2466 2592 2604
f 2466 2604 2594
f 2466 2594 2467
f 2468 2605 2469
f 2468 2603 2606
f 2468 2606 2607
f 2468 2607 2605
f 2469 2605 2608
f 2469 2608 2609
f 2469 2609 2610
f 2469 2610 2470
f 2470 2610 2471
f 2471 2610 2611
f 2471 2611 2612
f 2471 2612 2473
f 2473 2612 2475
f 2473 2475 2474
f 2475 2612 2613
f 2475 2613 2477
f 2476 2477 2614
f 2476 2614 2480
f 2477 2613 2615
f 2477 2615 2614
f 2478 2479 2482
f 2479 2481 2616
f 2479 2616 2617
f 2479 2617 2482
f 2480 2618 2481
f 2480 2614 2739
f 2480 2739 2619
f 2480 2619 2620
f 2480 2620 2618
f 2481 2618 2616
f 2482 2617 2484
f 2484 2617 2621
f 2484 2621 2485
f 2485 2621 2622
f 2485 2622 2486
f 2486 2622 2623
f 2486 2623 2487
f 2487 2623 2624
f 2487 2624 2488
f 2488 2624 2489
f 2489 2624 2625
f 2489 2625 2490
f 2490 2625 2626
f 2490 2626 2627
f 2490 2627 2628
f 2490 2628 2629
f 2490 2629 2491
f 2491 2629 2492
f 2492 2629 2630
f 2492 2630 2631
f 2492 2631 2632
f 2492 2632 2633
f 2492 2633 2634
f 2492 2634 2493
f 2493 2634 2494
f 2494 2634 2495
f 2495 2635 2496
f 2495 2634 2636
f 2495 2636 2635
f 2496 2635 2569
f 2497 2567 2498
f 2498 2567 2568
f 2498 2568 2532
f 2499 2518 2637
f 2499 2637 2508
f 2500 2504 2501
f 2501 2638 2502
f 2501 2504 2638
f 2502 2638 2509
f 2503 2506 2504
f 2504 2506 2639
f 2504 2639 2638
f 2505 2507 2640
f 2505 2640 2506
f 2506 2640 2641
f 2506 2641 2642
f 2506 2642 2643
f 2506 2643 2639
f 2507 2508 2641
f 2507 2641 2640
f 2508 2637 2641
f 2509 2638 2510
f 2510 2638 2519
f 2511 2512 2644
f 2511 2644 2513
f 2512 2538 2645
f 2512 2645 2644
f 2513 2644 2646
f 2513 2646 2514
f 2514 2646 2647
f 2514 2647 2515
f 2515 2647 2648
f 2515 2648 2649
f 2515 2649 2650
f 2515 2650 2516
f 2516 2650 2517
f 2517 2651 2652
f 2517 2652 2518
f 2517 2650 2649
f 2517 2649 2653
f 2517 2653 2654
f 2517 2654 2655
f 2517 2655 2651
f 2518 2652 2656
f 2518 2656 2637
f 2519 2638 2520
f 2520 2657 2521
f 2520 2638 2658
f 2520 2658 2659
f 2520 2659 2660
f 2520 2660 2661
f 2520 2661 2657
f 2521 2657 2662
f 2521 2662 2522
f 2522 2662 2663
f 2522 2663 2664
f 2522 2664 2665
f 2522 2665 2523
f 2523 2665 2666
f 2523 2666 2524
f 2532 2568 2569
f 2532 2569 2667
f 2532 2667 2533
f 2533 2667 2668
f 2533 2668 2669
f 2533 2669 2534
f 2534 2669 2670
f 2534 2670 2535
f 2535 2670 2536
f 2536 2670 2671
f 2536 2671 2672
f 2536 2672 2537
f 2537 2672 2673
f 2537 2673 2674
f 2537 2674 2675
f 2537 2675 2538
f 2538 2675 2645
f 2539 2544 2540
f 2541 2553 2542
f 2541 2549 2676
f 2541 2676 2553
f 2550 2565 2551
f 2551 2565 2564
f 2551 2564 2677
f 2551 2677 2678
f 2551 2678 2679
f 2551 2679 2680
f 2551 2680 2681
f 2551 2681 2682
f 2551 2682 2683
f 2551 2683 2566
f 2551 2566 2552
f 2553 2684 2554
f 2553 2676 2685
f 2553 2685 2686
f 2553 2686 2684
f 2554 2684 2555
f 2555 2684 2687
f 2555 2687 2559
f 2555 2559 2558
f 2555 2558 2557
f 2559 2687 2688
f 2559 2688 2561
f 2559 2561 2560
f 2561 2689 2690
f 2561 2690 2691
f 2561 2691 2692
f 2561 2692 2563
f 2561 2563 2562
f 2561 2688 2693
f 2561 2693 2694
f 2561 2694 2689
f 2563 2695 2677
f 2563 2677 2564
f 2563 2692 2678
f 2563 2678 2695
f 2566 2683 2570
f 2569 2635 2668
f 2569 2668 2667
f 2570 2683 2696
f 2570 2696 2571
f 2571 2696 2697
f 2571 2697 2698
f 2571 2698 2699
f 2571 2699 2573
f 2571 2573 2572
f 2573 2699 2574
f 2574 2576 2575
f 2574 2699 2700
f 2574 2700 2701
f 2574 2701 2579
f 2574 2579 2576
f 2579 2701 2580
f 2580 2701 2702
f 2580 2702 2703
f 2580 2703 2704
f 2580 2704 2705
f 2580 2705 2706
f 2580 2706 2581
f 2581 2706 2582
f 2582 2706 2707
f 2582 2707 2708
f 2582 2708 2583
f 2583 2708 2709
f 2583 2709 2584
f 2584 2709 2585
f 2585 2709 2710
f 2585 2710 2586
f 2586 2710 2588
f 2586 2588 2587
f 2588 2710 2711
f 2588 2711 2590
f 2588 2590 2589
f 2590 2711 2712
f 2590 2712 2591
f 2591 2712 2713
f 2591 2713 2714
f 2591 2714 2592
f 2592 2714 2604
f 2593 2594 2595
f 2594 2604 2715
f 2594 2715 2716
f 2594 2716 2595
f 2595 2717 2597
f 2595 2597 2596
f 2595 2716 2717
f 2597 2599 2598
f 2597 2717 2718
f 2597 2718 2719
f 2597 2719 2720
f 2597 2720 2721
f 2597 2721 2599
f 2599 2721 2722
f 2599 2722 2723
f 2599 2723 2601
f 2601 2723 2602
f 2602 2723 2722
f 2602 2722 2724
f 2602 2724 2725
f 2602 2725 2726
f 2602 2726 2727
f 2602 2727 2606
f 2602 2606 2603
f 2604 2714 2715
f 2605 2607 2728
f 2605 2728 2729
f 2605 2729 2608
f 2606 2727 2607
f 2607 2727 2730
f 2607 2730 2731
f 2607 2731 2732
f 2607 2732 2728
f 2608 2729 2733
f 2608 2733 2609
f 2609 2733 2734
f 2609 2734 2735
f 2609 2735 2610
f 2610 2736 2611
f 2610 2735 2736
f 2611 2736 2737
f 2611 2737 2612
f 2612 2737 2613
f 2613 2737 2738
f 2613 2738 2615
f 2614 2615 2739
f 2615 2738 2739
f 2616 2621 2617
f 2616 2618 2740
f 2616 2740 2621
f 2618 2620 2741
f 2618 2741 2742
f 2618 2742 2740
f 2619 2739 2743
f 2619 2743 2620
f 2620 2744 2741
f 2620 2743 2745
f 2620 2745 2746
f 2620 2746 2747
f 2620 2747 2748
f 2620 2748 2744
f 2621 2740 2742
f 2621 2742 2749
f 2621 2749 2622
f 2622 2749 2623
f 2623 2749 2750
f 2623 2750 2624
f 2624 2750 2751
f 2624 2751 2752
f 2624 2752 2626
f 2624 2626 2625
f 2626 2752 2753
f 2626 2753 2754
f 2626 2754 2755
f 2626 2755 2627
f 2627 2755 2754
f 2627 2754 2756
f 2627 2756 2757
f 2627 2757 2758
f 2627 2758 2759
f 2627 2759 2628
f 2628 2759 2760
f 2628 2760 2761
f 2628 2761 2630
f 2628 2630 2629
f 2630 2761 2762
f 2630 2762 2631
f 2631 2762 2763
f 2631 2763 2764
f 2631 2764 2632
f 2632 2764 2765
f 2632 2765 2633
f 2633 2766 2634
f 2633 2765 2767
f 2633 2767 2766
f 2634 2766 2768
f 2634 2768 2636
f 2635 2636 2769
f 2635 2769 2770
f 2635 2770 2771
f 2635 2771 2668
f 2636 2768 2772
f 2636 2772 2769
f 2637 2773 2641
f 2637 2656 2773
f 2638 2639 2774
f 2638 2774 2658
f 2639 2643 2775
f 2639 2775 2658
f 2639 2658 2774
f 2641 2776 2777
f 2641 2777 2642
f 2641 2773 2776
f 2642 2777 2643
f 2643 2777 2659
f 2643 2659 2775
f 2644 2645 2778
f 2644 2778 2779
f 2644 2779 2646
f 2645 2675 2780
f 2645 2780 2778
f 2646 2779 2647
f 2647 2653 2648
f 2647 2779 2781
f 2647 2781 2782
f 2647 2782 2783
f 2647 2783 2784
f 2647 2784 2785
f 2647 2785 2786
f 2647 2786 2653
f 2648 2653 2649
f 2651 2656 2652
f 2651 2655 2654
f 2651 2654 2656
f 2653 2786 2654
f 2654 2786 2787
f 2654 2787 2656
f 2656 2788 2773
f 2656 2787 2789
f 2656 2789 2790
f 2656 2790 2791
f 2656 2791 2792
f 2656 2792 2793
f 2656 2793 2794
f 2656 2794 2788
f 2657 2661 2663
f 2657 2663 2662
f 2658 2775 2659
f 2659 2795 2661
f 2659 2661 2660
f 2659 2777 2776
f 2659 2776 2796
f 2659 2796 2797
f 2659 2797 2798
f 2659 2798 2795
f 2661 2795 2663
f 2663 2795 2799
f 2663 2799 2800
f 2663 2800 2801
f 2663 2801 2664
f 2664 2801 2665
f 2668 2670 2669
f 2668 2771 2770
f 2668 2770 2802
f 2668 2802 2671
f 2668 2671 2670
f 2671 2802 2803
f 2671 2803 2804
f 2671 2804 2672
f 2672 2804 2805
f 2672 2805 2673
f 2673 2806 2674
f 2673 2805 2806
f 2674 2806 2807
f 2674 2807 2808
f 2674 2808 2675
f 2675 2809 2780
f 2675 2808 2810
f 2675 2810 2811
f 2675 2811 2809
f 2677 2695 2678
f 2678 2692 2812
f 2678 2812 2813
f 2678 2813 2814
f 2678 2814 2679
f 2679 2814 2680
f 2680 2814 2681
f 2681 2815 2816
f 2681 2816 2683
f 2681 2683 2682
f 2681 2814 2817
f 2681 2817 2818
f 2681 2818 2819
f 2681 2819 2820
f 2681 2820 2821
f 2681 2821 2815
f 2683 2816 2822
f 2683 2822 2696
f 2684 2823 2688
f 2684 2688 2687
f 2684 2686 2824
f 2684 2824 2823
f 2688 2823 2825
f 2688 2825 2693
f 2689 2691 2690
f 2689 2694 2826
f 2689 2826 2827
f 2689 2827 2691
f 2691 2827 2828
f 2691 2828 2692
f 2692 2829 2812
f 2692 2828 2830
f 2692 2830 2829
f 2693 2826 2694
f 2696 2698 2697
f 2696 2822 2831
f 2696 2831 2832
f 2696 2832 2833
f 2696 2833 2698
f 2698 2833 2834
f 2698 2834 2835
f 2698 2835 2836
f 2698 2836 2837
f 2698 2837 2699
f 2699 2837 2700
f 2700 2837 2838
f 2700 2838 2701
f 2701 2838 2702
f 2702 2835 2703
f 2702 2838 2835
f 2703 2835 2834
f 2703 2834 2839
f 2703 2839 2840
f 2703 2840 2841
f 2703 2841 2704
f 2704 2841 2842
f 2704 2842 2705
f 2705 2842 2843
f 2705 2843 2707
f 2705 2707 2706
f 2707 2843 2844
f 2707 2844 2845
f 2707 2845 2708
f 2708 2845 2846
f 2708 2846 2709
f 2709 2846 2710
f 2710 2846 2847
f 2710 2847 2711
f 2711 2847 2848
f 2711 2848 2712
f 2712 2848 2713
f 2713 2849 2715
f 2713 2715 2714
f 2713 2848 2849
f 2715 2849 2850
f 2715 2850 2851
f 2715 2851 2852
f 2715 2852 2716
f 2716 2852 2717
f 2717 2852 2851
f 2717 2851 2718
f 2718 2851 2719
f 2719 2853 2854
f 2719 2854 2720
f 2719 2851 2853
f 2720 2854 2855
f 2720 2855 2856
f 2720 2856 2721
f 2721 2856 2857
f 2721 2857 2858
f 2721 2858 2722
f 2722 2858 2724
f 2724 2858 2857
f 2724 2857 2859
f 2724 2859 2860
f 2724 2860 2861
f 2724 2861 2862
f 2724 2862 2725
f 2725 2862 2861
f 2725 2861 2863
f 2725 2863 2864
f 2725 2864 2865
f 2725 2865 2866
f 2725 2866 2726
f 2726 2866 2727
f 2727 2866 2867
f 2727 2867 2868
f 2727 2868 2869
f 2727 2869 2730
f 2728 2732 2870
f 2728 2870 2729
f 2729 2870 2871
f 2729 2871 2733
f 2730 2869 2731
f 2731 2872 2873
f 2731 2873 2874
f 2731 2874 2870
f 2731 2870 2732
f 2731 2869 2875
f 2731 2875 2872
f 2733 2871 2876
f 2733 2876 2877
f 2733 2877 2878
f 2733 2878 2734
f 2734 2878 2735
f 2735 2878 2879
f 2735 2879 2880
f 2735 2880 2881
f 2735 2881 2736
f 2736 2881 2737
f 2737 2881 2738
f 2738 2881 2882
f 2738 2882 2883
f 2738 2883 2739
f 2739 2883 2743
f 2741 2744 2742
f 2742 2744 2884
f 2742 2884 2749
f 2743 2883 2745
f 2744 2748 2747
f 2744 2747 2885
f 2744 2885 2884
f 2745 2883 2882
f 2745 2882 2746
f 2746 2882 2985
f 2746 2985 2886
f 2746 2886 2747
f 2747 2886 2887
f 2747 2887 2885
f 2749 2884 2750
f 2750 2884 2751
f 2751 2884 2888
f 2751 2888 2752
f 2752 2888 2753
f 2753 2888 2889
f 2753 2889 2890
f 2753 2890 2754
f 2754 2890 2891
f 2754 2891 2756
f 2756 2891 2892
f 2756 2892 2757
f 2757 2892 2893
f 2757 2893 2758
f 2758 2893 2894
f 2758 2894 2895
f 2758 2895 2760
f 2758 2760 2759
f 2760 2895 2896
f 2760 2896 2762
f 2760 2762 2761
f 2762 2896 2897
f 2762 2897 2763
f 2763 2897 2898
f 2763 2898 2899
f 2763 2899 2764
f 2764 2899 2765
f 2765 2899 2900
f 2765 2900 2767
f 2766 2767 2768
f 2767 2900 2901
f 2767 2901 2902
f 2767 2902 2903
f 2767 2903 2768
f 2768 2903 2904
f 2768 2904 2772
f 2769 2772 2770
f 2770 2772 2803
f 2770 2803 2802
f 2772 2904 2903
f 2772 2903 2905
f 2772 2905 2906
f 2772 2906 2803
f 2773 2907 2776
f 2773 2788 2794
f 2773 2794 2908
f 2773 2908 2796
f 2773 2796 2907
f 2776 2907 2796
f 2778 2780 2781
f 2778 2781 2779
f 2780 2809 2781
f 2781 2809 2783
f 2781 2783 2782
f 2783 2811 2909
f 2783 2909 2784
f 2783 2809 2811
f 2784 2909 2910
f 2784 2910 2911
f 2784 2911 2912
f 2784 2912 2785
f 2785 2912 2913
f 2785 2913 2786
f 2786 2913 2914
f 2786 2914 2787
f 2787 2914 2915
f 2787 2915 2916
f 2787 2916 2789
f 2789 2916 2917
f 2789 2917 2918
f 2789 2918 2790
f 2790 2918 2791
f 2791 2918 2919
f 2791 2919 2920
f 2791 2920 2792
f 2794 2796 2908
f 2795 2798 2800
f 2795 2800 2799
f 2803 2906 2804
f 2804 2906 2921
f 2804 2921 2805
f 2805 2922 2806
f 2805 2921 2923
f 2805 2923 2922
f 2806 2922 2924
f 2806 2924 2807
f 2807 2925 2926
f 2807 2926 2927
f 2807 2927 2808
f 2807 2924 2925
f 2808 2927 2928
f 2808 2928 2810
f 2810 2928 2929
f 2810 2929 2930
f 2810 2930 2910
f 2810 2910 2811
f 2811 2910 2909
f 2812 2829 2813
f 2813 2829 2931
f 2813 2931 2932
f 2813 2932 2818
f 2813 2818 2814
f 2814 2818 2817
f 2815 2933 2934
f 2815 2934 2816
f 2815 2821 2933
f 2816 2934 2935
f 2816 2935 2822
f 2821 2936 2933
f 2822 2935 2831
f 2823 2824 2937
f 2823 2937 2938
f 2823 2938 2825
f 2827 2939 2828
f 2828 2939 2830
f 2829 2830 2932
f 2829 2932 2931
f 2831 2935 2940
f 2831 2940 2941
f 2831 2941 2942
f 2831 2942 2943
f 2831 2943 2832
f 2832 2943 2834
f 2832 2834 2833
f 2834 2943 2839
f 2835 2838 2836
f 2836 2838 2837
f 2839 2943 2942
f 2839 2942 2944
f 2839 2944 2840
f 2840 2944 2945
f 2840 2945 2946
f 2840 2946 2841
f 2841 2946 2947
f 2841 2947 2842
f 2842 2947 2948
f 2842 2948 2843
f 2843 2948 2844
f 2844 2948 2949
f 2844 2949 2950
f 2844 2950 2845
f 2845 2950 2951
f 2845 2951 2846
f 2846 2951 2847
f 2847 2951 2952
f 2847 2952 2848
f 2848 2952 2953
f 2848 2953 2849
f 2849 2953 2954
f 2849 2954 2850
f 2850 2954 2851
f 2851 2954 2955
f 2851 2955 2853
f 2853 2955 2956
f 2853 2956 2957
f 2853 2957 2958
f 2853 2958 2854
f 2854 2958 2959
f 2854 2959 2960
f 2854 2960 2856
f 2854 2856 2855
f 2856 2960 2961
f 2856 2961 2962
f 2856 2962 2857
f 2857 2962 2963
f 2857 2963 2859
f 2859 2963 2860
f 2860 2964 2861
f 2860 2963 2964
f 2861 2965 2966
f 2861 2966 2967
f 2861 2967 2968
f 2861 2968 2864
f 2861 2864 2863
f 2861 2964 2965
f 2864 2968 2967
f 2864 2967 2969
f 2864 2969 2865
f 2865 2969 2867
f 2865 2867 2866
f 2867 2969 2868
f 2868 2969 2970
f 2868 2970 2971
f 2868 2971 2972
f 2868 2972 2973
f 2868 2973 2869
f 2869 2974 2975
f 2869 2975 2875
f 2869 2973 2974
f 2870 2876 2871
f 2870 2874 2976
f 2870 2976 2876
f 2872 2977 2976
f 2872 2976 2873
f 2872 2875 2975
f 2872 2975 2974
f 2872 2974 2978
f 2872 2978 2979
f 2872 2979 2977
f 2873 2976 2874
f 2876 2980 2877
f 2876 2976 2981
f 2876 2981 2980
f 2877 2980 2878
f 2878 2982 2879
f 2878 2980 2983
f 2878 2983 2982
f 2879 2984 2880
f 2879 2982 2984
f 2880 2985 2881
f 2880 2984 2985
f 2881 2985 2882
f 2884 2885 2986
f 2884 2986 2888
f 2885 2887 2987
f 2885 2987 2888
f 2885 2888 2986
f 2886 2985 2984
f 2886 2984 2988
f 2886 2988 2989
f 2886 2989 2887
f 2887 2989 2990
f 2887 2990 2987
f 2888 2987 2990
f 2888 2990 2890
f 2888 2890 2889
f 2890 2990 2991
f 2890 2991 2891
f 2891 2991 2892
f 2892 2991 2893
f 2893 2991 2992
f 2893 2992 2993
f 2893 2993 2894
f 2894 2993 2895
f 2895 2897 2896
f 2895 2993 2994
f 2895 2994 2995
f 2895 2995 2996
f 2895 2996 2997
f 2895 2997 2998
f 2895 2998 2897
f 2897 2998 2999
f 2897 2999 2898
f 2898 2999 3000
f 2898 3000 2899
f 2899 3001 2900
f 2899 3000 3001
f 2900 3002 3003
f 2900 3003 3004
f 2900 3004 3005
f 2900 3005 2901
f 2900 3001 3006
f 2900 3006 3002
f 2901 3005 2902
f 2902 3005 2903
f 2903 3005 3004
f 2903 3004 3007
f 2903 3007 2906
f 2903 2906 2905
f 2906 3007 3008
f 2906 3008 2921
f 2910 2930 2911
f 2911 2930 2929
f 2911 2929 3009
f 2911 3009 2912
f 2912 3010 2913
f 2912 3009 3011
f 2912 3011 3012
f 2912 3012 3010
f 2913 3010 3013
f 2913 3013 3014
f 2913 3014 2914
f 2914 3014 2915
f 2915 3014 3015
f 2915 3015 3016
f 2915 3016 2916
f 2916 3016 3017
f 2916 3017 3018
f 2916 3018 2917
f 2917 3018 3019
f 2917 3019 2918
f 2918 3019 2919
f 2921 3008 3020
f 2921 3020 2923
f 2922 2923 3021
f 2922 3021 2925
f 2922 2925 2924
f 2923 3020 3022
f 2923 3022 3023
f 2923 3023 3024
f 2923 3024 3025
f 2923 3025 3026
f 2923 3026 3027
f 2923 3027 2925
f 2923 2925 3021
f 2925 3027 2926
f 2926 3027 3028
f 2926 3028 3029
f 2926 3029 2927
f 2927 3029 3030
f 2927 3030 2928
f 2928 3030 2929
f 2929 3030 3031
f 2929 3031 3032
f 2929 3032 3033
f 2929 3033 3034
f 2929 3034 3009
f 2933 3035 3036
f 2933 3036 2934
f 2933 2936 3037
f 2933 3037 3035
f 2934 2940 2935
f 2934 3036 3038
f 2934 3038 2940
f 2940 3038 3039
f 2940 3039 3040
f 2940 3040 3041
f 2940 3041 2941
f 2941 3041 2942
f 2942 3041 3040
f 2942 3040 2944
f 2944 3040 3042
f 2944 3042 2945
f 2945 3042 3043
f 2945 3043 3044
f 2945 3044 2946
f 2946 3044 3045
f 2946 3045 2947
f 2947 3045 3046
f 2947 3046 2948
f 2948 3046 2949
f 2949 3046 3047
f 2949 3047 3048
f 2949 3048 2950
f 2950 3048 3049
f 2950 3049 2951
f 2951 3049 2952
f 2952 3050 2953
f 2952 3049 3050
f 2953 3050 3051
f 2953 3051 3052
f 2953 3052 2954
f 2954 3052 2956
f 2954 2956 2955
f 2956 3053 2957
f 2956 3052 3054
f 2956 3054 3055
f 2956 3055 3056
f 2956 3056 3053
f 2957 3053 3057
f 2957 3057 3058
f 2957 3058 2958
f 2958 3058 2959
f 2959 3059 3060
f 2959 3060 3061
f 2959 3061 2960
f 2959 3058 3059
f 2960 3061 2961
f 2961 3061 2962
f 2962 3062 3063
f 2962 3063 2963
f 2962 3061 3062
f 2963 3063 3064
f 2963 3064 2964
f 2964 3064 2965
f 2965 3064 3065
f 2965 3065 2966
f 2966 3065 3066
f 2966 3066 2970
f 2966 2970 2967
f 2967 2970 2969
f 2970 3067 3068
f 2970 3068 3069
f 2970 3069 2971
f 2970 3066 3067
f 2971 3069 3070
f 2971 3070 2972
f 2972 3070 3069
f 2972 3069 2973
f 2973 3071 3072
f 2973 3072 2974
f 2973 3069 3073
f 2973 3073 3074
f 2973 3074 3071
f 2974 3072 3075
f 2974 3075 3076
f 2974 3076 2978
f 2976 2977 3077
f 2976 3077 3078
f 2976 3078 2980
f 2976 2980 2981
f 2977 2979 3079
f 2977 3079 3077
f 2978 3076 2979
f 2979 3076 3075
f 2979 3075 3080
f 2979 3080 3081
f 2979 3081 3082
f 2979 3082 3079
f 2980 3078 2983
f 2982 3083 2988
f 2982 2988 2984
f 2982 2983 3084
f 2982 3084 3085
f 2982 3085 3083
f 2983 3085 3084
f 2983 3078 3086
f 2983 3086 3085
f 2988 3083 2989
f 2989 3083 3087
f 2989 3087 2990
f 2990 3087 3088
f 2990 3088 2991
f 2991 3088 3089
f 2991 3089 2992
f 2992 3089 3090
f 2992 3090 3091
f 2992 3091 3092
f 2992 3092 2993
f 2993 3092 3093
f 2993 3093 2994
f 2994 3093 3094
f 2994 3094 3095
f 2994 3095 3096
f 2994 3096 2995
f 2995 3096 3097
f 2995 3097 3098
f 2995 3098 2996
f 2996 2999 2997
f 2996 3098 3099
f 2996 3099 2999
f 2997 2999 2998
f 2999 3099 3100
f 2999 3100 3000
f 3000 3100 3101
f 3000 3101 3001
f 3001 3101 3006
f 3002 3004 3003
f 3002 3006 3102
f 3002 3102 3004
f 3004 3102 3103
f 3004 3103 3008
f 3004 3008 3007
f 3006 3101 3104
f 3006 3104 3105
f 3006 3105 3102
f 3008 3103 3106
f 3008 3106 3020
f 3009 3034 3011
f 3010 3012 3107
f 3010 3107 3015
f 3010 3015 3013
f 3011 3034 3108
f 3011 3108 3109
f 3011 3109 3012
f 3012 3109 3110
f 3012 3110 3111
f 3012 3111 3016
f 3012 3016 3107
f 3013 3015 3014
f 3015 3107 3016
f 3016 3111 3112
f 3016 3112 3017
f 3017 3112 3113
f 3017 3113 3114
f 3017 3114 3018
f 3018 3114 3019
f 3020 3106 3115
f 3020 3115 3116
f 3020 3116 3022
f 3022 3116 3117
f 3022 3117 3023
f 3023 3117 3024
f 3024 3026 3025
f 3024 3117 3118
f 3024 3118 3026
f 3026 3028 3027
f 3026 3118 3119
f 3026 3119 3028
f 3028 3119 3120
f 3028 3120 3029
f 3029 3120 3220
f 3029 3220 3121
f 3029 3121 3030
f 3030 3121 3031
f 3031 3121 3122
f 3031 3122 3032
f 3032 3122 3123
f 3032 3123 3124
f 3032 3124 3033
f 3033 3124 3125
f 3033 3125 3108
f 3033 3108 3034
f 3035 3126 3036
f 3035 3037 3127
f 3035 3127 3128
f 3035 3128 3129
f 3035 3129 3130
f 3035 3130 3126
f 3036 3126 3131
f 3036 3131 3132
f 3036 3132 3038
f 3038 3132 3039
f 3039 3132 3133
f 3039 3133 3040
f 3040 3133 3042
f 3042 3133 3134
f 3042 3134 3043
f 3043 3134 3135
f 3043 3135 3136
f 3043 3136 3044
f 3044 3136 3137
f 3044 3137 3045
f 3045 3137 3138
f 3045 3138 3046
f 3046 3138 3047
f 3047 3138 3139
f 3047 3139 3140
f 3047 3140 3048
f 3048 3050 3049
f 3048 3140 3141
f 3048 3141 3050
f 3050 3141 3051
f 3051 3141 3142
f 3051 3142 3052
f 3052 3142 3054
f 3053 3056 3143
f 3053 3143 3057
f 3054 3144 3145
f 3054 3145 3055
f 3054 3142 3144
f 3055 3145 3056
f 3056 3145 3143
f 3057 3059 3058
f 3057 3143 3146
f 3057 3146 3147
f 3057 3147 3148
f 3057 3148 3059
f 3059 3148 3149
f 3059 3149 3060
f 3060 3149 3150
f 3060 3150 3061
f 3061 3150 3151
f 3061 3151 3062
f 3062 3151 3150
f 3062 3150 3063
f 3063 3150 3152
f 3063 3152 3153
f 3063 3153 3064
f 3064 3153 3154
f 3064 3154 3155
f 3064 3155 3065
f 3065 3155 3156
f 3065 3156 3157
f 3065 3157 3158
f 3065 3158 3159
f 3065 3159 3066
f 3066 3159 3160
f 3066 3160 3067
f 3067 3160 3161
f 3067 3161 3162
f 3067 3162 3068
f 3068 3073 3163
f 3068 3163 3069
f 3068 3162 3164
f 3068 3164 3165
f 3068 3165 3166
f 3068 3166 3073
f 3069 3163 3073
f 3071 3167 3075
f 3071 3075 3072
f 3071 3074 3168
f 3071 3168 3167
f 3073 3169 3170
f 3073 3170 3074
f 3073 3166 3169
f 3074 3170 3171
f 3074 3171 3168
f 3075 3167 3172
f 3075 3172 3080
f 3077 3079 3173
f 3077 3173 3078
f 3078 3173 3174
f 3078 3174 3175
f 3078 3175 3085
f 3078 3085 3086
f 3079 3082 3173
f 3080 3172 3081
f 3081 3172 3176
f 3081 3176 3177
f 3081 3177 3178
f 3081 3178 3179
f 3081 3179 3082
f 3082 3179 3173
f 3083 3085 3180
f 3083 3180 3181
f 3083 3181 3087
f 3085 3182 3180
f 3085 3175 3183
f 3085 3183 3182
f 3087 3181 3088
f 3088 3181 3184
f 3088 3184 3089
f 3089 3184 3090
f 3090 3185 3186
f 3090 3186 3091
f 3090 3184 3185
f 3091 3186 3187
f 3091 3187 3188
f 3091 3188 3189
f 3091 3189 3092
f 3092 3189 3093
f 3093 3189 3094
f 3094 3189 3190
f 3094 3190 3095
f 3095 3097 3096
f 3095 3190 3191
f 3095 3191 3192
f 3095 3192 3193
f 3095 3193 3097
f 3097 3194 3098
f 3097 3193 3194
f 3098 3194 3099
f 3099 3194 3195
f 3099 3195 3196
f 3099 3196 3197
f 3099 3197 3198
f 3099 3198 3100
f 3100 3199 3101
f 3100 3198 3199
f 3101 3199 3104
f 3102 3105 3200
f 3102 3200 3201
f 3102 3201 3202
f 3102 3202 3106
f 3102 3106 3103
f 3104 3203 3204
f 3104 3204 3200
f 3104 3200 3105
f 3104 3199 3205
f 3104 3205 3203
f 3106 3202 3206
f 3106 3206 3115
f 3108 3125 3109
f 3109 3125 3110
f 3110 3125 3207
f 3110 3207 3208
f 3110 3208 3209
f 3110 3209 3111
f 3111 3209 3210
f 3111 3210 3211
f 3111 3211 3113
f 3111 3113 3112
f 3113 3211 3212
f 3113 3212 3114
f 3115 3206 3116
f 3116 3206 3117
f 3117 3206 3213
f 3117 3213 3214
f 3117 3214 3215
f 3117 3215 3118
f 3118 3215 3214
f 3118 3214 3216
f 3118 3216 3217
f 3118 3217 3218
f 3118 3218 3219
f 3118 3219 3119
f 3119 3219 3120
f 3120 3219 3220
f 3121 3220 3122
f 3122 3220 3221
f 3122 3221 3123
f 3123 3221 3222
f 3123 3222 3223
f 3123 3223 3224
f 3123 3224 3208
f 3123 3208 3124
f 3124 3208 3125
f 3125 3208 3207
f 3126 3225 3132
f 3126 3132 3131
f 3126 3130 3226
f 3126 3226 3227
f 3126 3227 3228
f 3126 3228 3225
f 3132 3225 3229
f 3132 3229 3230
f 3132 3230 3231
f 3132 3231 3133
f 3133 3231 3134
f 3134 3231 3232
f 3134 3232 3233
f 3134 3233 3135
f 3135 3233 3234
f 3135 3234 3235
f 3135 3235 3236
f 3135 3236 3136
f 3136 3236 3237
f 3136 3237 3137
f 3137 3237 3238
f 3137 3238 3138
f 3138 3238 3139
f 3139 3238 3337
f 3139 3337 3239
f 3139 3239 3240
f 3139 3240 3140
f 3140 3240 3241
f 3140 3241 3142
f 3140 3142 3141
f 3142 3241 3144
f 3143 3145 3242
f 3143 3242 3243
f 3143 3243 3244
f 3143 3244 3245
f 3143 3245 3246
f 3143 3246 3147
f 3143 3147 3146
f 3144 3241 3240
f 3144 3240 3247
f 3144 3247 3242
f 3144 3242 3145
f 3147 3246 3248
f 3147 3248 3148
f 3148 3248 3249
f 3148 3249 3250
f 3148 3250 3149
f 3149 3250 3150
f 3150 3250 3251
f 3150 3251 3252
f 3150 3252 3152
f 3152 3252 3153
f 3153 3252 3251
f 3153 3251 3253
f 3153 3253 3154
f 3154 3156 3155
f 3154 3253 3254
f 3154 3254 3255
f 3154 3255 3256
f 3154 3256 3257
f 3154 3257 3258
f 3154 3258 3259
f 3154 3259 3157
f 3154 3157 3156
f 3157 3259 3260
f 3157 3260 3161
f 3157 3161 3159
f 3157 3159 3158
f 3159 3161 3160
f 3161 3261 3162
f 3161 3260 3261
f 3162 3262 3164
f 3162 3261 3262
f 3164 3262 3165
f 3165 3263 3264
f 3165 3264 3265
f 3165 3265 3266
f 3165 3266 3267
f 3165 3267 3268
f 3165 3268 3269
f 3165 3269 3270
f 3165 3270 3166
f 3165 3262 3271
f 3165 3271 3263
f 3166 3270 3272
f 3166 3272 3273
f 3166 3273 3274
f 3166 3274 3275
f 3166 3275 3169
f 3167 3168 3276
f 3167 3276 3277
f 3167 3277 3172
f 3168 3171 3170
f 3168 3170 3169
f 3168 3169 3276
f 3169 3275 3278
f 3169 3278 3279
f 3169 3279 3276
f 3172 3277 3280
f 3172 3280 3176
f 3173 3179 3187
f 3173 3187 3186
f 3173 3186 3174
f 3174 3186 3175
f 3175 3186 3183
f 3176 3280 3177
f 3177 3281 3286
f 3177 3286 3178
f 3177 3280 3282
f 3177 3282 3283
f 3177 3283 3284
f 3177 3284 3285
f 3177 3285 3281
f 3178 3286 3187
f 3178 3187 3179
f 3180 3182 3181
f 3181 3182 3184
f 3182 3183 3186
f 3182 3186 3185
f 3182 3185 3184
f 3187 3287 3188
f 3187 3286 3288
f 3187 3288 3287
f 3188 3287 3189
f 3189 3287 3289
f 3189 3289 3290
f 3189 3290 3291
f 3189 3291 3191
f 3189 3191 3190
f 3191 3291 3292
f 3191 3292 3192
f 3192 3292 3293
f 3192 3293 3193
f 3193 3293 3294
f 3193 3294 3295
f 3193 3295 3296
f 3193 3296 3297
f 3193 3297 3194
f 3194 3297 3195
f 3195 3297 3196
f 3196 3297 3296
f 3196 3296 3298
f 3196 3298 3299
f 3196 3299 3197
f 3197 3300 3301
f 3197 3301 3198
f 3197 3299 3300
f 3198 3301 3199
f 3199 3301 3205
f 3200 3202 3201
f 3200 3204 3203
f 3200 3203 3302
f 3200 3302 3202
f 3202 3302 3303
f 3202 3303 3304
f 3202 3304 3206
f 3203 3303 3302
f 3203 3205 3305
f 3203 3305 3306
f 3203 3306 3307
f 3203 3307 3308
f 3203 3308 3309
f 3203 3309 3310
f 3203 3310 3303
f 3205 3301 3306
f 3205 3306 3305
f 3206 3304 3213
f 3208 3224 3311
f 3208 3311 3312
f 3208 3312 3209
f 3209 3312 3210
f 3210 3312 3313
f 3210 3313 3314
f 3210 3314 3212
f 3210 3212 3211
f 3212 3314 3315
f 3213 3304 3214
f 3214 3304 3316
f 3214 3316 3317
f 3214 3317 3216
f 3216 3317 3318
f 3216 3318 3217
f 3217 3318 3319
f 3217 3319 3320
f 3217 3320 3321
f 3217 3321 3322
f 3217 3322 3218
f 3218 3322 3219
f 3219 3322 3323
f 3219 3323 3220
f 3220 3323 3221
f 3221 3323 3222
f 3222 3323 3324
f 3222 3324 3223
f 3223 3325 3326
f 3223 3326 3311
f 3223 3311 3224
f 3223 3324 3325
f 3225 3327 3229
f 3225 3228 3327
f 3228 3328 3327
f 3229 3327 3230
f 3230 3232 3231
f 3230 3327 3329
f 3230 3329 3330
f 3230 3330 3331
f 3230 3331 3232
f 3232 3331 3332
f 3232 3332 3233
f 3233 3332 3234
f 3234 3332 3333
f 3234 3333 3235
f 3235 3333 3334
f 3235 3334 3236
f 3236 3334 3335
f 3236 3335 3336
f 3236 3336 3237
f 3237 3336 3238
f 3238 3336 3337
f 3239 3337 3338
f 3239 3338 3339
f 3239 3339 3240
f 3240 3339 3340
f 3240 3340 3341
f 3240 3341 3247
f 3242 3247 3243
f 3243 3342 3343
f 3243 3343 3244
f 3243 3247 3342
f 3244 3343 3245
f 3245 3343 3344
f 3245 3344 3345
f 3245 3345 3246
f 3246 3345 3248
f 3247 3341 3342
f 3248 3345 3346
f 3248 3346 3347
f 3248 3347 3249
f 3249 3347 3348
f 3249 3348 3349
f 3249 3349 3250
f 3250 3349 3251
f 3251 3349 3350
f 3251 3350 3254
f 3251 3254 3253
f 3254 3350 3256
f 3254 3256 3255
f 3256 3351 3352
f 3256 3352 3353
f 3256 3353 3257
f 3256 3350 3354
f 3256 3354 3351
f 3257 3353 3258
f 3258 3353 3259
f 3259 3355 3356
f 3259 3356 3261
f 3259 3261 3260
f 3259 3353 3355
f 3261 3356 3262
f 3262 3356 3355
f 3262 3355 3357
f 3262 3357 3271
f 3263 3358 3359
f 3263 3359 3264
f 3263 3271 3357
f 3263 3357 3355
f 3263 3355 3360
f 3263 3360 3358
f 3264 3359 3265
f 3265 3359 3361
f 3265 3361 3362
f 3265 3362 3266
f 3266 3362 3267
f 3267 3362 3363
f 3267 3363 3364
f 3267 3364 3269
f 3267 3269 3268
f 3269 3365 3272
f 3269 3272 3270
f 3269 3364 3366
f 3269 3366 3365
f 3272 3365 3273
f 3273 3367 3368
f 3273 3368 3369
f 3273 3369 3274
f 3273 3365 3367
f 3274 3369 3275
f 3275 3370 3278
f 3275 3369 3370
f 3276 3279 3371
f 3276 3371 3372
f 3276 3372 3277
f 3277 3372 3373
f 3277 3373 3374
f 3277 3374 3280
f 3278 3375 3376
f 3278 3376 3377
f 3278 3377 3279
f 3278 3370 3375
f 3279 3377 3371
f 3280 3374 3282
f 3281 3288 3286
f 3281 3285 3378
f 3281 3378 3288
f 3282 3374 3373
f 3282 3373 3377
f 3282 3377 3379
f 3282 3379 3380
f 3282 3380 3381
f 3282 3381 3378
f 3282 3378 3284
f 3282 3284 3283
f 3284 3378 3285
f 3287 3288 3289
f 3288 3290 3289
f 3288 3378 3290
f 3290 3378 3382
f 3290 3382 3291
f 3291 3382 3292
f 3292 3382 3293
f 3293 3295 3294
f 3293 3382 3383
f 3293 3383 3384
f 3293 3384 3385
f 3293 3385 3386
f 3293 3386 3387
f 3293 3387 3295
f 3295 3387 3296
f 3296 3387 3388
f 3296 3388 3298
f 3298 3388 3389
f 3298 3389 3299
f 3299 3389 3390
f 3299 3390 3391
f 3299 3391 3392
f 3299 3392 3393
f 3299 3393 3300
f 3300 3394 3306
f 3300 3306 3301
f 3300 3393 3394
f 3303 3310 3395
f 3303 3395 3304
f 3304 3395 3316
f 3306 3394 3393
f 3306 3393 3396
f 3306 3396 3397
f 3306 3397 3309
f 3306 3309 3308
f 3306 3308 3307
f 3309 3398 3310
f 3309 3397 3398
f 3310 3398 3395
f 3311 3326 3399
f 3311 3399 3312
f 3312 3399 3313
f 3313 3399 3400
f 3313 3400 3315
f 3313 3315 3314
f 3315 3400 3401
f 3316 3395 3402
f 3316 3402 3403
f 3316 3403 3317
f 3317 3403 3319
f 3317 3319 3318
f 3319 3404 3320
f 3319 3403 3405
f 3319 3405 3406
f 3319 3406 3404
f 3320 3404 3406
f 3320 3406 3407
f 3320 3407 3321
f 3321 3407 3408
f 3321 3408 3409
f 3321 3409 3322
f 3322 3409 3323
f 3323 3409 3324
f 3324 3409 3410
f 3324 3410 3411
f 3324 3411 3325
f 3325 3411 3412
f 3325 3412 3326
f 3326 3412 3413
f 3326 3413 3414
f 3326 3414 3399
f 3327 3328 3415
f 3327 3415 3329
f 3328 3416 3415
f 3329 3415 3330
f 3330 3332 3331
f 3330 3415 3417
f 3330 3417 3418
f 3330 3418 3332
f 3332 3418 3419
f 3332 3419 3334
f 3332 3334 3333
f 3334 3420 3421
f 3334 3421 3422
f 3334 3422 3335
f 3334 3419 3423
f 3334 3423 3424
f 3334 3424 3425
f 3334 3425 3426
f 3334 3426 3420
f 3335 3422 3336
f 3336 3422 3427
f 3336 3427 3337
f 3337 3427 3338
f 3338 3427 3428
f 3338 3428 3429
f 3338 3429 3340
f 3338 3340 3339
f 3340 3342 3341
f 3340 3429 3430
f 3340 3430 3431
f 3340 3431 3343
f 3340 3343 3342
f 3343 3431 3432
f 3343 3432 3433
f 3343 3433 3344
f 3344 3433 3345
f 3345 3434 3435
f 3345 3435 3346
f 3345 3433 3434
f 3346 3435 3347
f 3347 3436 3437
f 3347 3437 3348
f 3347 3435 3436
f 3348 3437 3438
f 3348 3438 3354
f 3348 3354 3349
f 3349 3354 3350
f 3351 3354 3439
f 3351 3439 3352
f 3352 3439 3440
f 3352 3440 3441
f 3352 3441 3442
f 3352 3442 3443
f 3352 3443 3444
f 3352 3444 3355
f 3352 3355 3353
f 3354 3438 3445
f 3354 3445 3439
f 3355 3444 3360
f 3358 3360 3446
f 3358 3446 3447
f 3358 3447 3359
f 3359 3447 3361
f 3360 3444 3446
f 3361 3447 3448
f 3361 3448 3449
f 3361 3449 3362
f 3362 3450 3363
f 3362 3449 3450
f 3363 3450 3451
f 3363 3451 3452
f 3363 3452 3453
f 3363 3453 3454
f 3363 3454 3455
f 3363 3455 3456
f 3363 3456 3364
f 3364 3456 3457
f 3364 3457 3458
f 3364 3458 3366
f 3365 3366 3459
f 3365 3459 3460
f 3365 3460 3461
f 3365 3461 3462
f 3365 3462 3367
f 3366 3458 3463
f 3366 3463 3464
f 3366 3464 3465
f 3366 3465 3459
f 3367 3462 3566
f 3367 3566 3466
f 3367 3466 3467
f 3367 3467 3368
f 3368 3467 3468
f 3368 3468 3369
f 3369 3468 3379
f 3369 3379 3370
f 3370 3379 3375
f 3371 3377 3372
f 3372 3377 3373
f 3375 3377 3376
f 3375 3379 3377
f 3378 3469 3382
f 3378 3381 3470
f 3378 3470 3471
f 3378 3471 3472
f 3378 3472 3473
f 3378 3473 3474
f 3378 3474 3469
f 3379 3468 3475
f 3379 3475 3476
f 3379 3476 3477
f 3379 3477 3380
f 3380 3478 3381
f 3380 3477 3478
f 3381 3478 3479
f 3381 3479 3470
f 3382 3469 3480
f 3382 3480 3383
f 3383 3480 3474
f 3383 3474 3473
f 3383 3473 3384
f 3384 3473 3385
f 3385 3481 3386
f 3385 3473 3472
f 3385 3472 3482
f 3385 3482 3481
f 3386 3481 3388
f 3386 3388 3387
f 3388 3481 3483
f 3388 3483 3484
f 3388 3484 3389
f 3389 3484 3485
f 3389 3485 3486
f 3389 3486 3487
f 3389 3487 3390
f 3390 3488 3489
f 3390 3489 3392
f 3390 3392 3391
f 3390 3487 3490
f 3390 3490 3488
f 3392 3489 3491
f 3392 3491 3393
f 3393 3491 3396
f 3395 3398 3492
f 3395 3492 3493
f 3395 3493 3403
f 3395 3403 3402
f 3396 3494 3397
f 3396 3491 3495
f 3396 3495 3494
f 3397 3494 3496
f 3397 3496 3398
f 3398 3496 3492
f 3399 3414 3400
f 3400 3414 3401
f 3401 3414 3497
f 3401 3497 3498
f 3403 3493 3405
f 3405 3493 3492
f 3405 3492 3499
f 3405 3499 3500
f 3405 3500 3501
f 3405 3501 3502
f 3405 3502 3503
f 3405 3503 3406
f 3406 3503 3504
f 3406 3504 3407
f 3407 3504 3505
f 3407 3505 3506
f 3407 3506 3408
f 3408 3506 3507
f 3408 3507 3410
f 3408 3410 3409
f 3410 3507 3411
f 3411 3507 3506
f 3411 3506 3508
f 3411 3508 3509
f 3411 3509 3510
f 3411 3510 3511
f 3411 3511 3512
f 3411 3512 3412
f 3412 3512 3413
f 3413 3512 3513
f 3413 3513 3514
f 3413 3514 3497
f 3413 3497 3414
f 3415 3416 3417
f 3416 3515 3516
f 3416 3516 3417
f 3417 3516 3517
f 3417 3517 3418
f 3418 3517 3423
f 3418 3423 3419
f 3420 3426 3421
f 3421 3518 3422
f 3421 3426 3518
f 3422 3518 3519
f 3422 3519 3520
f 3422 3520 3427
f 3423 3517 3424
f 3424 3426 3425
f 3424 3517 3521
f 3424 3521 3522
f 3424 3522 3523
f 3424 3523 3426
f 3426 3523 3524
f 3426 3524 3525
f 3426 3525 3518
f 3427 3520 3428
f 3428 3520 3429
f 3429 3520 3430
f 3430 3520 3526
f 3430 3526 3432
f 3430 3432 3431
f 3432 3526 3527
f 3432 3527 3528
f 3432 3528 3529
f 3432 3529 3433
f 3433 3529 3434
f 3434 3529 3530
f 3434 3530 3435
f 3435 3530 3531
f 3435 3531 3436
f 3436 3531 3437
f 3437 3532 3438
f 3437 3531 3533
f 3437 3533 3534
f 3437 3534 3532
f 3438 3532 3535
f 3438 3535 3445
f 3439 3445 3440
f 3440 3445 3536
f 3440 3536 3441
f 3441 3537 3538
f 3441 3538 3539
f 3441 3539 3540
f 3441 3540 3541
f 3441 3541 3542
f 3441 3542 3543
f 3441 3543 3544
f 3441 3544 3442
f 3441 3536 3445
f 3441 3445 3537
f 3442 3544 3545
f 3442 3545 3443
f 3443 3545 3446
f 3443 3446 3444
f 3445 3535 3546
f 3445 3546 3539
f 3445 3539 3537
f 3446 3545 3544
f 3446 3544 3547
f 3446 3547 3548
f 3446 3548 3549
f 3446 3549 3447
f 3447 3549 3448
f 3448 3549 3449
f 3449 3549 3548
f 3449 3548 3451
f 3449 3451 3450
f 3451 3548 3550
f 3451 3550 3551
f 3451 3551 3452
f 3452 3551 3552
f 3452 3552 3453
f 3453 3552 3454
f 3454 3552 3553
f 3454 3553 3554
f 3454 3554 3555
f 3454 3555 3455
f 3455 3555 3556
f 3455 3556 3557
f 3455 3557 3558
f 3455 3558 3559
f 3455 3559 3560
f 3455 3560 3456
f 3456 3560 3457
f 3457 3560 3458
f 3458 3560 3559
f 3458 3559 3561
f 3458 3561 3463
f 3459 3465 3562
f 3459 3562 3563
f 3459 3563 3460
f 3460 3564 3565
f 3460 3565 3566
f 3460 3566 3461
f 3460 3563 3674
f 3460 3674 3564
f 3461 3566 3462
f 3463 3561 3567
f 3463 3567 3568
f 3463 3568 3569
f 3463 3569 3570
f 3463 3570 3562
f 3463 3562 3464
f 3464 3562 3465
f 3466 3566 3677
f 3466 3677 3571
f 3466 3571 3572
f 3466 3572 3467
f 3467 3572 3573
f 3467 3573 3468
f 3468 3573 3475
f 3469 3474 3480
f 3470 3479 3472
f 3470 3472 3471
f 3472 3574 3482
f 3472 3479 3575
f 3472 3575 3576
f 3472 3576 3574
f 3475 3573 3476
f 3476 3577 3477
f 3476 3573 3578
f 3476 3578 3579
f 3476 3579 3580
f 3476 3580 3577
f 3477 3577 3478
f 3478 3581 3582
f 3478 3582 3479
f 3478 3577 3581
f 3479 3582 3575
f 3481 3482 3583
f 3481 3583 3483
f 3482 3584 3483
f 3482 3483 3583
f 3482 3574 3585
f 3482 3585 3586
f 3482 3586 3587
f 3482 3587 3588
f 3482 3588 3584
f 3483 3584 3588
f 3483 3588 3589
f 3483 3589 3484
f 3484 3589 3486
f 3484 3486 3485
f 3486 3589 3590
f 3486 3590 3591
f 3486 3591 3592
f 3486 3592 3593
f 3486 3593 3594
f 3486 3594 3595
f 3486 3595 3487
f 3487 3595 3490
f 3488 3490 3489
f 3489 3490 3596
f 3489 3596 3491
f 3490 3595 3597
f 3490 3597 3596
f 3491 3596 3495
f 3492 3496 3598
f 3492 3598 3499
f 3494 3495 3599
f 3494 3599 3600
f 3494 3600 3496
f 3495 3596 3599
f 3496 3600 3598
f 3497 3514 3601
f 3497 3601 3498
f 3498 3601 3602
f 3499 3603 3599
f 3499 3599 3604
f 3499 3604 3605
f 3499 3605 3500
f 3499 3598 3603
f 3500 3605 3606
f 3500 3606 3501
f 3501 3606 3607
f 3501 3607 3718
f 3501 3718 3608
f 3501 3608 3502
f 3502 3608 3609
f 3502 3609 3610
f 3502 3610 3503
f 3503 3610 3505
f 3503 3505 3504
f 3505 3610 3611
f 3505 3611 3506
f 3506 3611 3508
f 3508 3611 3612
f 3508 3612 3613
f 3508 3613 3614
f 3508 3614 3509
f 3509 3614 3510
f 3510 3614 3613
f 3510 3613 3615
f 3510 3615 3616
f 3510 3616 3601
f 3510 3601 3514
f 3510 3514 3511
f 3511 3514 3513
f 3511 3513 3512
f 3515 3617 3516
f 3516 3617 3517
f 3517 3522 3521
f 3517 3617 3618
f 3517 3618 3522
f 3518 3520 3519
f 3518 3525 3619
f 3518 3619 3520
f 3520 3619 3620
f 3520 3620 3621
f 3520 3621 3622
f 3520 3622 3623
f 3520 3623 3526
f 3522 3524 3523
f 3522 3618 3624
f 3522 3624 3625
f 3522 3625 3626
f 3522 3626 3524
f 3524 3627 3628
f 3524 3628 3525
f 3524 3626 3629
f 3524 3629 3627
f 3525 3628 3619
f 3526 3623 3630
f 3526 3630 3527
f 3527 3630 3631
f 3527 3631 3528
f 3528 3631 3632
f 3528 3632 3633
f 3528 3633 3529
f 3529 3633 3634
f 3529 3634 3530
f 3530 3634 3635
f 3530 3635 3531
f 3531 3635 3636
f 3531 3636 3637
f 3531 3637 3533
f 3532 3534 3638
f 3532 3638 3535
f 3533 3637 3534
f 3534 3639 3640
f 3534 3640 3641
f 3534 3641 3638
f 3534 3637 3639
f 3535 3638 3642
f 3535 3642 3546
f 3537 3539 3538
f 3539 3546 3540
f 3540 3643 3644
f 3540 3644 3645
f 3540 3645 3542
f 3540 3542 3541
f 3540 3546 3643
f 3542 3645 3646
f 3542 3646 3647
f 3542 3647 3543
f 3543 3647 3648
f 3543 3648 3544
f 3544 3648 3649
f 3544 3649 3650
f 3544 3650 3547
f 3546 3642 3651
f 3546 3651 3652
f 3546 3652 3653
f 3546 3653 3654
f 3546 3654 3644
f 3546 3644 3643
f 3547 3650 3649
f 3547 3649 3548
f 3548 3649 3551
f 3548 3551 3550
f 3551 3649 3552
f 3552 3655 3554
f 3552 3554 3553
f 3552 3649 3648
f 3552 3648 3655
f 3554 3655 3656
f 3554 3656 3555
f 3555 3657 3658
f 3555 3658 3659
f 3555 3659 3556
f 3555 3656 3660
f 3555 3660 3657
f 3556 3659 3661
f 3556 3661 3662
f 3556 3662 3663
f 3556 3663 3557
f 3557 3663 3664
f 3557 3664 3665
f 3557 3665 3558
f 3558 3665 3666
f 3558 3666 3559
f 3559 3666 3667
f 3559 3667 3668
f 3559 3668 3561
f 3561 3668 3669
f 3561 3669 3670
f 3561 3670 3567
f 3562 3671 3563
f 3562 3570 3672
f 3562 3672 3671
f 3563 3671 3673
f 3563 3673 3674
f 3564 3675 3565
f 3564 3674 3675
f 3565 3676 3677
f 3565 3677 3566
f 3565 3675 3676
f 3567 3678 3679
f 3567 3679 3680
f 3567 3680 3681
f 3567 3681 3682
f 3567 3682 3568
f 3567 3670 3683
f 3567 3683 3678
f 3568 3682 3569
f 3569 3682 3570
f 3570 3682 3684
f 3570 3684 3673
f 3570 3673 3672
f 3571 3677 3676
f 3571 3676 3685
f 3571 3685 3572
f 3572 3686 3573
f 3572 3685 3686
f 3573 3686 3578
f 3574 3576 3585
f 3575 3582 3580
f 3575 3580 3579
f 3575 3579 3687
f 3575 3687 3688
f 3575 3688 3576
f 3576 3688 3689
f 3576 3689 3587
f 3576 3587 3586
f 3576 3586 3585
f 3577 3580 3690
f 3577 3690 3582
f 3577 3582 3581
f 3578 3686 3691
f 3578 3691 3579
f 3579 3691 3692
f 3579 3692 3693
f 3579 3693 3687
f 3580 3582 3690
f 3587 3689 3694
f 3587 3694 3695
f 3587 3695 3588
f 3588 3695 3696
f 3588 3696 3589
f 3589 3696 3697
f 3589 3697 3590
f 3590 3697 3591
f 3591 3698 3699
f 3591 3699 3700
f 3591 3700 3701
f 3591 3701 3592
f 3591 3697 3695
f 3591 3695 3698
f 3592 3701 3593
f 3593 3701 3702
f 3593 3702 3703
f 3593 3703 3594
f 3594 3704 3595
f 3594 3703 3704
f 3595 3705 3597
f 3595 3704 3706
f 3595 3706 3707
f 3595 3707 3705
f 3596 3708 3709
f 3596 3709 3599
f 3596 3597 3705
f 3596 3705 3710
f 3596 3710 3711
f 3596 3711 3708
f 3598 3600 3603
f 3599 3712 3604
f 3599 3603 3600
f 3599 3709 3708
f 3599 3708 3713
f 3599 3713 3712
f 3601 3616 3714
f 3601 3714 3602
f 3604 3712 3713
f 3604 3713 3715
f 3604 3715 3716
f 3604 3716 3607
f 3604 3607 3605
f 3605 3607 3606
f 3607 3716 3717
f 3607 3717 3718
f 3608 3717 3719
f 3608 3719 3720
f 3608 3720 3721
f 3608 3721 3610
f 3608 3610 3609
f 3608 3718 3717
f 3610 3721 3722
f 3610 3722 3723
f 3610 3723 3611
f 3611 3723 3612
f 3612 3723 3724
f 3612 3724 3725
f 3612 3725 3726
f 3612 3726 3613
f 3613 3726 3727
f 3613 3727 3615
f 3615 3727 3616
f 3616 3727 3728
f 3616 3728 3729
f 3616 3729 3714
f 3617 3624 3618
f 3619 3628 3620
f 3620 3628 3730
f 3620 3730 3731
f 3620 3731 3732
f 3620 3732 3621
f 3621 3732 3622
f 3622 3732 3733
f 3622 3733 3623
f 3623 3733 3630
f 3625 3734 3626
f 3626 3734 3629
f 3627 3730 3628
f 3627 3629 3735
f 3627 3735 3730
f 3629 3734 3736
f 3629 3736 3735
f 3630 3733 3631
f 3631 3733 3737
f 3631 3737 3632
f 3632 3738 3633
f 3632 3737 3739
f 3632 3739 3740
f 3632 3740 3738
f 3633 3738 3634
f 3634 3738 3635
f 3635 3738 3740
f 3635 3740 3639
f 3635 3639 3636
f 3636 3639 3637
f 3638 3641 3642
f 3639 3740 3741
f 3639 3741 3742
f 3639 3742 3640
f 3640 3742 3743
f 3640 3743 3641
f 3641 3743 3744
f 3641 3744 3745
f 3641 3745 3642
f 3642 3745 3651
f 3644 3654 3646
f 3644 3646 3645
f 3646 3746 3747
f 3646 3747 3660
f 3646 3660 3647
f 3646 3654 3746
f 3647 3660 3648
f 3648 3660 3655
f 3651 3745 3744
f 3651 3744 3748
f 3651 3748 3653
f 3651 3653 3652
f 3653 3749 3750
f 3653 3750 3751
f 3653 3751 3747
f 3653 3747 3746
f 3653 3746 3654
f 3653 3748 3749
f 3655 3660 3656
f 3657 3752 3658
f 3657 3660 3747
f 3657 3747 3752
f 3658 3752 3753
f 3658 3753 3754
f 3658 3754 3755
f 3658 3755 3661
f 3658 3661 3659
f 3661 3755 3756
f 3661 3756 3757
f 3661 3757 3664
f 3661 3664 3662
f 3662 3664 3663
f 3664 3757 3758
f 3664 3758 3759
f 3664 3759 3760
f 3664 3760 3761
f 3664 3761 3762
f 3664 3762 3665
f 3665 3762 3667
f 3665 3667 3763
f 3665 3763 3666
f 3666 3763 3667
f 3667 3762 3761
f 3667 3761 3764
f 3667 3764 3765
f 3667 3765 3668
f 3668 3765 3766
f 3668 3766 3669
f 3669 3767 3683
f 3669 3683 3670
f 3669 3766 3767
f 3671 3672 3673
f 3673 3684 3768
f 3673 3768 3674
f 3674 3769 3675
f 3674 3768 3769
f 3675 3769 3770
f 3675 3770 3771
f 3675 3771 3676
f 3676 3691 3685
f 3676 3771 3691
f 3678 3683 3772
f 3678 3772 3773
f 3678 3773 3774
f 3678 3774 3679
f 3679 3774 3775
f 3679 3775 3680
f 3680 3682 3681
f 3680 3775 3776
f 3680 3776 3770
f 3680 3770 3777
f 3680 3777 3682
f 3682 3777 3768
f 3682 3768 3684
f 3683 3767 3772
f 3685 3691 3686
f 3687 3778 3688
f 3687 3693 3779
f 3687 3779 3778
f 3688 3778 3689
f 3689 3778 3780
f 3689 3780 3781
f 3689 3781 3694
f 3691 3693 3692
f 3691 3771 3782
f 3691 3782 3783
f 3691 3783 3693
f 3693 3784 3779
f 3693 3783 3785
f 3693 3785 3784
f 3694 3781 3786
f 3694 3786 3695
f 3695 3697 3696
f 3695 3786 3787
f 3695 3787 3788
f 3695 3788 3789
f 3695 3789 3698
f 3698 3789 3699
f 3699 3789 3700
f 3700 3789 3790
f 3700 3790 3791
f 3700 3791 3701
f 3701 3791 3792
f 3701 3792 3702
f 3702 3793 3703
f 3702 3792 3794
f 3702 3794 3793
f 3703 3793 3795
f 3703 3795 3704
f 3704 3707 3706
f 3704 3795 3707
f 3705 3707 3710
f 3707 3795 3796
f 3707 3796 3710
f 3708 3711 3713
f 3710 3796 3797
f 3710 3797 3711
f 3711 3797 3798
f 3711 3798 3713
f 3713 3798 3715
f 3715 3798 3799
f 3715 3799 3716
f 3716 3799 3717
f 3717 3799 3800
f 3717 3800 3719
f 3719 3800 3801
f 3719 3801 3802
f 3719 3802 3720
f 3720 3803 3722
f 3720 3722 3721
f 3720 3802 3804
f 3720 3804 3805
f 3720 3805 3803
f 3722 3803 3724
f 3722 3724 3723
f 3724 3806 3805
f 3724 3805 3807
f 3724 3807 3808
f 3724 3808 3725
f 3724 3803 3806
f 3725 3808 3809
f 3725 3809 3810
f 3725 3810 3726
f 3726 3810 3727
f 3727 3810 3811
f 3727 3811 3728
f 3730 3735 3812
f 3730 3812 3813
f 3730 3813 3731
f 3731 3814 3815
f 3731 3815 3732
f 3731 3813 3816
f 3731 3816 3817
f 3731 3817 3814
f 3732 3815 3733
f 3733 3815 3818
f 3733 3818 3819
f 3733 3819 3737
f 3735 3736 3820
f 3735 3820 3812
f 3737 3819 3818
f 3737 3818 3821
f 3737 3821 3739
f 3739 3821 3822
f 3739 3822 3823
f 3739 3823 3740
f 3740 3823 3824
f 3740 3824 3741
f 3741 3824 3742
f 3742 3824 3825
f 3742 3825 3826
f 3742 3826 3827
f 3742 3827 3743
f 3743 3827 3828
f 3743 3828 3744
f 3744 3828 3748
f 3747 3751 3829
f 3747 3829 3830
f 3747 3830 3752
f 3748 3828 3831
f 3748 3831 3832
f 3748 3832 3749
f 3749 3832 3833
f 3749 3833 3750
f 3750 3833 3834
f 3750 3834 3835
f 3750 3835 3836
f 3750 3836 3751
f 3751 3836 3829
f 3752 3830 3753
f 3753 3837 3838
f 3753 3838 3754
f 3753 3830 3837
f 3754 3838 3839
f 3754 3839 3840
f 3754 3840 3756
f 3754 3756 3755
f 3756 3840 3757
f 3757 3840 3758
f 3758 3839 3841
f 3758 3841 3842
f 3758 3842 3759
f 3758 3840 3839
f 3759 3842 3843
f 3759 3843 3844
f 3759 3844 3845
f 3759 3845 3846
f 3759 3846 3760
f 3760 3846 3845
f 3760 3845 3761
f 3761 3847 3764
f 3761 3845 3848
f 3761 3848 3849
f 3761 3849 3850
f 3761 3850 3851
f 3761 3851 3847
f 3764 3852 3766
f 3764 3766 3765
f 3764 3847 3852
f 3766 3852 3853
f 3766 3853 3854
f 3766 3854 3767
f 3767 3855 3772
f 3767 3854 3855
f 3768 3777 3770
f 3768 3770 3769
f 3770 3776 3856
f 3770 3856 3857
f 3770 3857 3771
f 3771 3857 3782
f 3772 3855 3773
f 3773 3858 3774
f 3773 3855 3858
f 3774 3858 3859
f 3774 3859 3775
f 3775 3859 3776
f 3776 3859 3856
f 3778 3779 3780
f 3779 3784 3781
f 3779 3781 3780
f 3781 3784 3860
f 3781 3860 3786
f 3782 3857 3861
f 3782 3861 3862
f 3782 3862 3863
f 3782 3863 3785
f 3782 3785 3783
f 3784 3785 3864
f 3784 3864 3865
f 3784 3865 3860
f 3785 3863 3864
f 3786 3860 3788
f 3786 3788 3787
f 3788 3860 3865
f 3788 3865 3866
f 3788 3866 3867
f 3788 3867 3789
f 3789 3867 3868
f 3789 3868 3869
f 3789 3869 3790
f 3790 3869 3870
f 3790 3870 3791
f 3791 3869 3871
f 3791 3871 3872
f 3791 3872 3792
f 3791 3870 3869
f 3792 3872 3873
f 3792 3873 3874
f 3792 3874 3875
f 3792 3875 3794
f 3793 3876 3795
f 3793 3794 3877
f 3793 3877 3876
f 3794 3878 3879
f 3794 3879 3880
f 3794 3880 3877
f 3794 3875 3874
f 3794 3874 3881
f 3794 3881 3878
f 3795 3876 3882
f 3795 3882 3883
f 3795 3883 3884
f 3795 3884 3796
f 3796 3884 3883
f 3796 3883 3797
f 3797 3885 3799
f 3797 3799 3798
f 3797 3883 3886
f 3797 3886 3885
f 3799 3885 3800
f 3800 3802 3801
f 3800 3885 3887
f 3800 3887 3888
f 3800 3888 3889
f 3800 3889 3890
f 3800 3890 3802
f 3802 3890 3804
f 3803 3805 3806
f 3804 3890 3891
f 3804 3891 3805
f 3805 3891 3892
f 3805 3892 3893
f 3805 3893 3807
f 3807 3893 3808
f 3808 3893 3809
f 3809 3894 3810
f 3809 3893 3895
f 3809 3895 3894
f 3810 3894 3895
f 3810 3895 3896
f 3810 3896 3897
f 3810 3897 3811
f 3812 3820 3898
f 3812 3898 3899
f 3812 3899 3900
f 3812 3900 3813
f 3813 3900 3816
f 3814 3817 3818
f 3814 3818 3815
f 3816 3901 3902
f 3816 3902 3817
f 3816 3900 3901
f 3817 3902 3818
f 3818 3902 3903
f 3818 3903 3821
f 3821 3903 3822
f 3822 3903 3902
f 3822 3902 3904
f 3822 3904 3987
f 3822 3987 3905
f 3822 3905 3823
f 3823 3825 3824
f 3823 3905 3826
f 3823 3826 3825
f 3826 3906 3907
f 3826 3907 3827
f 3826 3905 3906
f 3827 3907 3828
f 3828 3908 3831
f 3828 3907 3908
f 3829 3836 3909
f 3829 3909 3830
f 3830 3909 3837
f 3831 3908 3910
f 3831 3910 3911
f 3831 3911 3832
f 3832 3911 3912
f 3832 3912 3913
f 3832 3913 3833
f 3833 3913 3834
f 3834 3913 3914
f 3834 3914 3915
f 3834 3915 3835
f 3835 3915 3916
f 3835 3916 3909
f 3835 3909 3836
f 3837 3909 3838
f 3838 3909 3917
f 3838 3917 3918
f 3838 3918 3919
f 3838 3919 3920
f 3838 3920 3839
f 3839 3920 3921
f 3839 3921 3922
f 3839 3922 3841
f 3841 3922 3842
f 3842 3923 3924
f 3842 3924 3843
f 3842 3922 3923
f 3843 3924 3925
f 3843 3925 3926
f 3843 3926 3927
f 3843 3927 3845
f 3843 3845 3844
f 3845 3927 3926
f 3845 3926 3928
f 3845 3928 3929
f 3845 3929 3930
f 3845 3930 3848
f 3847 3851 3931
f 3847 3931 3932
f 3847 3932 3852
f 3848 3933 3934
f 3848 3934 3849
f 3848 3930 3935
f 3848 3935 3933
f 3849 3934 3936
f 3849 3936 3850
f 3850 3936 3851
f 3851 3936 3931
f 3852 3932 3937
f 3852 3937 3853
f 3853 3937 3938
f 3853 3938 3939
f 3853 3939 3854
f 3854 3939 3855
f 3855 3939 3940
f 3855 3940 3858
f 3856 3859 3857
f 3857 3859 3861
f 3858 3941 3942
f 3858 3942 3943
f 3858 3943 3859
f 3858 3940 3944
f 3858 3944 3941
f 3859 3943 3945
f 3859 3945 3946
f 3859 3946 3861
f 3861 3946 3945
f 3861 3945 3862
f 3862 3947 3863
f 3862 3945 3948
f 3862 3948 3947
f 3863 3947 3866
f 3863 3866 3864
f 3864 3866 3865
f 3866 3947 3949
f 3866 3949 3867
f 3867 3949 3947
f 3867 3947 3868
f 3868 3947 3950
f 3868 3950 3951
f 3868 3951 3952
f 3868 3952 3953
f 3868 3953 3869
f 3869 3953 3872
f 3869 3872 3871
f 3872 3953 3954
f 3872 3954 3955
f 3872 3955 3956
f 3872 3956 3873
f 3873 3956 3874
f 3874 3956 3957
f 3874 3957 3958
f 3874 3958 3959
f 3874 3959 3881
f 3876 3877 3960
f 3876 3960 3882
f 3877 3961 3960
f 3877 3880 3961
f 3878 3881 3879
f 3879 3881 3962
f 3879 3962 3963
f 3879 3963 3964
f 3879 3964 3965
f 3879 3965 3880
f 3880 3965 3966
f 3880 3966 3967
f 3880 3967 3968
f 3880 3968 3961
f 3881 3959 3963
f 3881 3963 3962
f 3882 3960 3969
f 3882 3969 3883
f 3883 3969 3970
f 3883 3970 3886
f 3885 3886 3887
f 3886 3888 3887
f 3886 3970 3971
f 3886 3971 3888
f 3888 3971 3972
f 3888 3972 3889
f 3889 3972 3973
f 3889 3973 3890
f 3890 3973 3891
f 3891 3973 3974
f 3891 3974 3892
f 3892 3974 3893
f 3893 3974 3975
f 3893 3975 3976
f 3893 3976 3895
f 3895 3976 3977
f 3895 3977 3978
f 3895 3978 3979
f 3895 3979 3896
f 3896 3979 3897
f 3898 3980 3899
f 3899 3980 3981
f 3899 3981 3982
f 3899 3982 3900
f 3900 3982 3983
f 3900 3983 3984
f 3900 3984 3901
f 3901 3984 3902
f 3902 3985 3904
f 3902 3984 3983
f 3902 3983 3985
f 3904 3985 3983
f 3904 3983 3986
f 3904 3986 3987
f 3905 3987 3906
f 3906 3987 3988
f 3906 3988 3907
f 3907 3988 3908
f 3908 3988 3989
f 3908 3989 3910
f 3909 3916 3917
f 3910 3990 3991
f 3910 3991 3911
f 3910 3989 3992
f 3910 3992 3990
f 3911 3991 3912
f 3912 3993 3994
f 3912 3994 3913
f 3912 3991 3995
f 3912 3995 3993
f 3913 3994 3915
f 3913 3915 3914
f 3915 3994 3996
f 3915 3996 3997
f 3915 3997 3998
f 3915 3998 3999
f 3915 3999 3916
f 3916 3999 4000
f 3916 4000 4001
f 3916 4001 4002
f 3916 4002 4003
f 3916 4003 3918
f 3916 3918 3917
f 3918 4003 4004
f 3918 4004 3919
f 3919 4004 4005
f 3919 4005 3921
f 3919 3921 3920
f 3921 4005 4006
f 3921 4006 3923
f 3921 3923 3922
f 3923 4006 4007
f 3923 4007 4008
f 3923 4008 3924
f 3924 4008 4009
f 3924 4009 3925
f 3925 4009 4010
f 3925 4011 3926
f 3926 4011 4012
f 3926 4012 3928
f 3928 4012 4013
f 3928 4013 3929
f 3929 4014 3930
f 3929 4013 4015
f 3929 4015 4014
f 3930 4014 3935
f 3931 3936 4016
f 3931 4016 4017
f 3931 4017 3937
f 3931 3937 3932
f 3933 4018 4019
f 3933 4019 3934
f 3933 3935 4018
f 3934 4019 4016
f 3934 4016 3936
f 3935 4020 4018
f 3935 4014 4085
f 3935 4085 4020
f 3937 4021 3938
f 3937 4017 4021
f 3938 4021 4022
f 3938 4022 3939
f 3939 4023 3940
f 3939 4022 4023
f 3940 4023 4024
f 3940 4024 4025
f 3940 4025 3944
f 3941 4026 4027
f 3941 4027 3945
f 3941 3945 3942
f 3941 3944 4025
f 3941 4025 4026
f 3942 3945 3943
f 3945 4027 4028
f 3945 4028 3948
f 3947 3948 4028
f 3947 4028 4029
f 3947 4029 3951
f 3947 3951 3950
f 3951 4029 3952
f 3952 4029 4027
f 3952 4027 4030
f 3952 4030 4031
f 3952 4031 3953
f 3953 4031 3954
f 3954 4031 3955
f 3955 4031 4032
f 3955 4032 3957
f 3955 3957 3956
f 3957 4032 4033
f 3957 4033 3958
f 3958 4033 4034
f 3958 4034 4035
f 3958 4035 4036
f 3958 4036 4037
f 3958 4037 3959
f 3959 4037 4036
f 3959 4036 4038
f 3959 4038 3963
f 3960 3961 3968
f 3960 3968 4039
f 3960 4039 3969
f 3963 4040 3964
f 3963 4038 4041
f 3963 4041 4040
f 3964 4040 3965
f 3965 4040 4042
f 3965 4042 3966
f 3966 4042 4043
f 3966 4043 4044
f 3966 4044 3967
f 3967 4044 4045
f 3967 4045 4046
f 3967 4046 4047
f 3967 4047 3968
f 3968 4047 4039
f 3969 4039 4048
f 3969 4048 3970
f 3970 4048 3971
f 3971 4048 4049
f 3971 4049 3972
f 3972 4049 4050
f 3972 4050 3973
f 3973 4050 4051
f 3973 4051 3974
f 3974 4051 3975
f 3975 4051 4052
f 3975 4052 3976
f 3976 4052 3977
f 3977 4052 4053
f 3977 4053 4054
f 3977 4054 3978
f 3980 4055 3981
f 3981 4055 4056
f 3981 4056 3982
f 3982 4056 4057
f 3982 4057 4058
f 3982 4058 3983
f 3983 4058 4059
f 3983 4059 3987
f 3983 3987 3986
f 3987 4059 3988
f 3988 4059 4060
f 3988 4060 3992
f 3988 3992 3989
f 3990 4061 4062
f 3990 4062 3991
f 3990 3992 4060
f 3990 4060 4061
f 3991 4062 4063
f 3991 4063 4064
f 3991 4064 3995
f 3993 4065 4066
f 3993 4066 3996
f 3993 3996 3994
f 3993 3995 4065
f 3995 4064 4067
f 3995 4067 4065
f 3996 4066 4068
f 3996 4068 4069
f 3996 4069 3997
f 3997 4069 4070
f 3997 4070 3998
f 3998 4070 4071
f 3998 4071 3999
f 3999 4071 4000
f 4000 4071 4072
f 4000 4072 4073
f 4000 4073 4074
f 4000 4074 4075
f 4000 4075 4001
f 4001 4075 4076
f 4001 4076 4002
f 4002 4076 4004
f 4002 4004 4003
f 4004 4076 4005
f 4005 4076 4077
f 4005 4077 4007
f 4005 4007 4006
f 4007 4078 4008
f 4007 4077 4079
f 4007 4079 4078
f 4008 4078 4080
f 4008 4080 4009
f 4009 4081 4010
f 4009 4080 4082
f 4009 4082 4081
f 4010 4081 4082
f 4010 4082 4083
f 4012 4084 4015
f 4012 4015 4013
f 4014 4015 4086
f 4014 4086 4087
f 4014 4087 4085
f 4015 4084 4088
f 4015 4088 4089
f 4015 4089 4086
f 4016 4019 4090
f 4016 4090 4091
f 4016 4091 4092
f 4016 4092 4093
f 4016 4093 4021
f 4016 4021 4017
f 4018 4094 4019
f 4018 4020 4094
f 4019 4094 4090
f 4020 4085 4094
f 4021 4093 4022
f 4022 4093 4095
f 4022 4095 4024
f 4022 4024 4023
f 4024 4095 4025
f 4025 4095 4096
f 4025 4096 4097
f 4025 4097 4026
f 4026 4097 4098
f 4026 4098 4027
f 4027 4098 4030
f 4027 4029 4028
f 4030 4098 4031
f 4031 4098 4099
f 4031 4099 4100
f 4031 4100 4035
f 4031 4035 4032
f 4032 4035 4033
f 4033 4035 4034
f 4035 4100 4101
f 4035 4101 4102
f 4035 4102 4036
f 4036 4102 4103
f 4036 4103 4104
f 4036 4104 4105
f 4036 4105 4106
f 4036 4106 4107
f 4036 4107 4038
f 4038 4107 4041
f 4039 4047 4046
f 4039 4046 4049
f 4039 4049 4048
f 4040 4041 4108
f 4040 4108 4042
f 4041 4107 4106
f 4041 4106 4109
f 4041 4109 4110
f 4041 4110 4111
f 4041 4111 4042
f 4041 4042 4108
f 4042 4111 4112
f 4042 4112 4113
f 4042 4113 4043
f 4043 4113 4114
f 4043 4114 4115
f 4043 4115 4044
f 4044 4116 4117
f 4044 4117 4118
f 4044 4118 4119
f 4044 4119 4045
f 4044 4115 4116
f 4045 4119 4120
f 4045 4120 4121
f 4045 4121 4122
f 4045 4122 4123
f 4045 4123 4046
f 4046 4123 4050
f 4046 4050 4049
f 4050 4123 4122
f 4050 4122 4124
f 4050 4124 4051
f 4051 4124 4122
f 4051 4122 4053
f 4051 4053 4052
f 4053 4122 4121
f 4053 4121 4125
f 4053 4125 4054
f 4056 4126 4057
f 4057 4126 4127
f 4057 4127 4128
f 4057 4128 4058
f 4058 4128 4059
f 4059 4128 4060
f 4060 4128 4061
f 4061 4128 4129
f 4061 4129 4130
f 4061 4130 4062
f 4074 4079 4076
f 4074 4076 4075
f 4074 4131 4078
f 4074 4078 4079
f 4076 4079 4077
f 4078 4132 4082
f 4078 4082 4080
f 4078 4131 4132
f 4082 4132 4133
f 4082 4133 4083
f 4085 4134 4135
f 4085 4135 4136
f 4085 4136 4094
f 4085 4087 4137
f 4085 4137 4138
f 4085 4138 4134
f 4086 4089 4087
f 4087 4138 4137
f 4087 4089 4139
f 4087 4139 4140
f 4087 4140 4138
f 4088 4141 4139
f 4088 4139 4089
f 4090 4094 4091
f 4091 4094 4142
f 4091 4142 4092
f 4092 4142 4143
f 4092 4143 4093
f 4093 4144 4095
f 4093 4143 4144
f 4094 4136 4145
f 4094 4145 4146
f 4094 4146 4142
f 4095 4147 4096
f 4095 4144 4148
f 4095 4148 4147
f 4096 4147 4101
f 4096 4101 4097
f 4097 4101 4098
f 4098 4101 4100
f 4098 4100 4099
f 4101 4147 4102
f 4102 4148 4149
f 4102 4149 4150
f 4102 4150 4151
f 4102 4151 4103
f 4102 4147 4148
f 4103 4151 4104
f 4104 4151 4150
f 4104 4150 4152
f 4104 4152 4153
f 4104 4153 4105
f 4105 4153 4154
f 4105 4154 4155
f 4105 4155 4156
f 4105 4156 4157
f 4105 4157 4109
f 4105 4109 4106
f 4109 4157 4110
f 4110 4157 4158
f 4110 4158 4159
f 4110 4159 4160
f 4110 4160 4111
f 4111 4160 4112
f 4112 4160 4113
f 4114 4161 4115
f 4115 4161 4162
f 4115 4162 4116
f 4117 4163 4118
f 4118 4163 4164
f 4118 4164 4120
f 4118 4120 4119
f 4120 4125 4121
f 4127 4129 4128
f 4134 4165 4166
f 4134 4166 4167
f 4134 4167 4136
f 4134 4136 4135
f 4134 4138 4168
f 4134 4168 4165
f 4136 4167 4145
f 4138 4140 4168
f 4139 4141 4169
f 4139 4169 4170
f 4139 4170 4140
f 4140 4171 4168
f 4140 4170 4171
f 4142 4148 4143
f 4142 4146 4166
f 4142 4166 4148
f 4143 4148 4144
f 4145 4166 4146
f 4145 4167 4166
f 4148 4166 4149
f 4149 4166 4172
f 4149 4172 4173
f 4149 4173 4150
f 4150 4173 4152
f 4152 4172 4165
f 4152 4165 4154
f 4152 4154 4153
f 4152 4173 4172
f 4154 4165 4174
f 4154 4174 4156
f 4154 4156 4155
f 4156 4174 4175
f 4156 4175 4176
f 4156 4176 4159
f 4156 4159 4158
f 4156 4158 4157
f 4165 4168 4177
f 4165 4177 4178
f 4165 4178 4179
f 4165 4179 4174
f 4165 4172 4166
f 4168 4171 4177
f 4170 4180 4171
f 4171 4180 4181
f 4171 4181 4182
f 4171 4182 4177
f 4174 4179 4183
f 4174 4183 4175
f 4177 4179 4178

o geometry_3
v 9.00402857 29.76722432 -74.75864541 0.38039216 0.78823529 0.52549020
v 8.97189949 29.76722432 -75.74067412 0.38039216 0.78823529 0.52549020
v 7.64542885 40.56856074 -74.73720499 0.38039216 0.78823529 0.52549020
v 8.98107932 29.76722432 -74.07465215 0.38039216 0.78823529 0.52549020
v 8.92906094 29.76722432 -76.40322192 0.38039216 0.78823529 0.52549020
v 6.96459902 42.24755702 -76.54473777 0.38039216 0.78823529 0.52549020
v 7.30271913 42.26231087 -74.73720499 0.38039216 0.78823529 0.52549020
v 7.00437763 42.40247124 -72.92323555 0.38039216 0.78823529 0.52549020
v 7.39298648 40.56856074 -73.04330593 0.38039216 0.78823529 0.52549020
v 8.34155839 29.76722432 -64.93834317 0.38039216 0.78823529 0.52549020
v 8.48690406 29.76722432 -66.26987039 0.38039216 0.78823529 0.52549020
v 8.62766012 29.76722432 -77.36810132 0.38039216 0.78823529 0.52549020
v 6.63106850 42.80230197 -77.18369959 0.38039216 0.78823529 0.52549020
v 6.81466312 43.24492015 -76.05372341 0.38039216 0.78823529 0.52549020
v 6.84679220 43.27737863 -74.73720499 0.38039216 0.78823529 0.52549020
v 6.77488451 43.19770781 -73.40781828 0.38039216 0.78823529 0.52549020
v 6.66319757 43.06197234 -72.27783706 0.38039216 0.78823529 0.52549020
v 7.89940151 29.76722432 -62.87565074 0.38039216 0.78823529 0.52549020
v 8.20386226 29.76722432 -64.10640244 0.38039216 0.78823529 0.52549020
v 8.55269186 29.76722432 -77.55249801 0.38039216 0.78823529 0.52549020
v 6.71368630 41.67362827 -77.30592057 0.38039216 0.78823529 0.52549020
v 5.97777751 42.24755702 -77.71116821 0.38039216 0.78823529 0.52549020
v 4.10205297 42.29476936 -78.66532488 0.38039216 0.78823529 0.52549020
v 5.50196190 43.32901838 -77.55249801 0.38039216 0.78823529 0.52549020
v 5.97777751 43.54147389 -76.54473777 0.38039216 0.78823529 0.52549020
v 5.84314196 43.81294483 -74.73720499 0.38039216 0.78823529 0.52549020
v 5.99613717 43.51934185 -72.92323555 0.38039216 0.78823529 0.52549020
v 4.14948175 43.84687996 -69.65551791 0.38039216 0.78823529 0.52549020
v 5.21280023 43.30393557 -69.65551791 0.38039216 0.78823529 0.52549020
v 5.05980502 43.17557829 -68.70993841 0.38039216 0.78823529 0.52549020
v 7.27211972 29.76722432 -61.18818835 0.38039216 0.78823529 0.52549020
v 7.61941966 29.76722432 -62.03942395 0.38039216 0.78823529 0.52549020
v 7.67143804 29.76722432 -78.35442114 0.38039216 0.78823529 0.52549020
v 6.69073705 29.76722432 -78.97622861 0.38039216 0.78823529 0.52549020
v 4.44323302 40.56856074 -78.75752322 0.38039216 0.78823529 0.52549020
v 3.50537059 41.75330161 -79.04913209 0.38039216 0.78823529 0.52549020
v 3.07545316 42.88197531 -78.89474796 0.38039216 0.78823529 0.52549020
v 1.94634657 43.20360935 -79.06199533 0.38039216 0.78823529 0.52549020
v 4.14948175 43.53409823 -77.85053850 0.38039216 0.78823529 0.52549020
v 4.14948175 44.16999064 -76.43109901 0.38039216 0.78823529 0.52549020
v 4.14948175 44.37802126 -74.73720499 0.38039216 0.78823529 0.52549020
v 4.14948175 44.27179098 -73.04330593 0.38039216 0.78823529 0.52549020
v 4.14948175 44.08589241 -71.34941192 0.38039216 0.78823529 0.52549020
v 2.45582154 44.41047974 -69.65551791 0.38039216 0.78823529 0.52549020
v 2.45582154 44.01064901 -67.96376945 0.38039216 0.78823529 0.52549020
v 4.05768444 43.39688612 -68.07312215 0.38039216 0.78823529 0.52549020
v 3.43193293 43.20213270 -67.00746722 0.38039216 0.78823529 0.52549020
v 4.64212704 42.26231087 -67.49634107 0.38039216 0.78823529 0.52549020
v 6.90493047 29.76722432 -60.47417749 0.38039216 0.78823529 0.52549020
v 7.14972330 29.76722432 -60.94375143 0.38039216 0.78823529 0.52549020
v 6.24093000 29.76722432 -79.12203052 0.38039216 0.78823529 0.52549020
v 5.77123364 29.76722432 -79.25926031 0.38039216 0.78823529 0.52549020
v 4.78747303 29.76722432 -79.50369218 0.38039216 0.78823529 0.52549020
v 2.45582154 40.56856074 -79.38147625 0.38039216 0.78823529 0.52549020
v 2.48948059 42.29476936 -79.19922007 0.38039216 0.78823529 0.52549020
v 0.76369130 42.26231087 -79.42436213 0.38039216 0.78823529 0.52549020
v 0.76369130 43.25082169 -79.10273566 0.38039216 0.78823529 0.52549020
v 0.76369130 43.85868304 -78.12499302 0.38039216 0.78823529 0.52549020
v 2.48948059 43.62557213 -78.24935451 0.38039216 0.78823529 0.52549020
v 2.45582154 44.44588900 -76.43109901 0.38039216 0.78823529 0.52549020
v 2.29823611 44.69375376 -74.59354359 0.38039216 0.78823529 0.52549020
v 2.48336070 44.67162424 -73.04330593 0.38039216 0.78823529 0.52549020
v 2.29670614 44.63031092 -71.47377341 0.38039216 0.78823529 0.52549020
v 0.64894474 44.69227964 -69.80561093 0.38039216 0.78823529 0.52549020
v 0.76369130 44.35441510 -67.96376945 0.38039216 0.78823529 0.52549020
v 1.13700036 44.78080277 -70.99348179 0.38039216 0.78823529 0.52549020
v 0.72697247 43.55032621 -66.14765445 0.38039216 0.78823529 0.52549020
v 2.45582154 43.41901564 -66.67083196 0.38039216 0.78823529 0.52549020
v 1.26551658 42.93066177 -65.50226101 0.38039216 0.78823529 0.52549020
v 6.34496676 29.76722432 -60.05177551 0.38039216 0.78823529 0.52549020
v 3.09381282 29.76722432 -79.83604138 0.38039216 0.78823529 0.52549020
v 2.45582154 29.76722432 -79.93681690 0.38039216 0.78823529 0.52549020
v 1.40015261 29.76722432 -80.08690993 0.38039216 0.78823529 0.52549020
v 0.71014295 29.76722432 -80.17910827 0.38039216 0.78823529 0.52549020
v 0.76369130 40.56856074 -79.60446770 0.38039216 0.78823529 0.52549020
v -0.47863204 42.26231087 -79.20136563 0.38039216 0.78823529 0.52549020
v -0.23536918 43.20360935 -79.05556371 0.38039216 0.78823529 0.52549020
v -0.85194118 43.45885231 -78.04780347 0.38039216 0.78823529 0.52549020
v -0.92996875 44.10359703 -76.43109901 0.38039216 0.78823529 0.52549020
v 0.76369130 44.49605210 -76.43109901 0.38039216 0.78823529 0.52549020
v 0.76369130 44.73654120 -74.82725778 0.38039216 0.78823529 0.52549020
v 1.62811592 44.80588306 -73.93314135 0.38039216 0.78823529 0.52549020
v 1.63576561 44.80735971 -73.04330593 0.38039216 0.78823529 0.52549020
v 1.62658594 44.80588306 -72.12131241 0.38039216 0.78823529 0.52549020
v 0.00789360 44.80735971 -70.47030429 0.38039216 0.78823529 0.52549020
v -0.21394990 44.80735971 -70.47030429 0.38039216 0.78823529 0.52549020
v -0.92996875 44.28064582 -67.96376945 0.38039216 0.78823529 0.52549020
v -0.83970141 44.67604914 -69.80561093 0.38039216 0.78823529 0.52549020
v 0.64894474 44.82801510 -71.47377341 0.38039216 0.78823529 0.52549020
v -0.82593183 43.51196618 -66.22913511 0.38039216 0.78823529 0.52549020
v -0.19253047 43.14901883 -65.38861720 0.38039216 0.78823529 0.52549020
v 0.13793980 43.14901883 -65.38861720 0.38039216 0.78823529 0.52549020
v 0.76369130 29.76722432 -58.27640588 0.38039216 0.78823529 0.52549020
v 3.01425496 29.76722432 -58.90035891 0.38039216 0.78823529 0.52549020
v 3.62776701 29.76722432 -59.07832397 0.38039216 0.78823529 0.52549020
v 4.14948175 29.76722432 -59.24557135 0.38039216 0.78823529 0.52549020
v 5.84314196 29.76722432 -59.80091201 0.38039216 0.78823529 0.52549020
v -0.87489043 29.76722432 -80.02043807 0.38039216 0.78823529 0.52549020
v -0.69435574 40.56856074 -79.30428670 0.38039216 0.78823529 0.52549020
v -1.54042070 40.56856074 -78.75752322 0.38039216 0.78823529 0.52549020
v -1.32622713 42.26231087 -78.52166347 0.38039216 0.78823529 0.52549020
v -1.86477140 43.20803425 -77.43028207 0.38039216 0.78823529 0.52549020
v -2.10956423 43.43081872 -76.43109901 0.38039216 0.78823529 0.52549020
v -2.62515877 44.21130144 -73.04330593 0.38039216 0.78823529 0.52549020
v -0.79533272 44.57572292 -74.61498401 0.38039216 0.78823529 0.52549020
v -0.14204205 44.81178460 -73.96744501 0.38039216 0.78823529 0.52549020
v 0.76369130 44.81178460 -73.98031330 0.38039216 0.78823529 0.52549020
v 0.76369130 44.83981819 -73.04330593 0.38039216 0.78823529 0.52549020
v -0.51535103 44.83096588 -71.34941192 0.38039216 0.78823529 0.52549020
v -1.36141615 44.78522766 -71.34941192 0.38039216 0.78823529 0.52549020
v -2.62515877 44.18179373 -69.65551791 0.38039216 0.78823529 0.52549020
v -2.06672536 43.36737841 -66.76732141 0.38039216 0.78823529 0.52549020
v -2.62515877 44.51670750 -71.34941192 0.38039216 0.78823529 0.52549020
v -1.77756400 29.76722432 -58.66021310 0.38039216 0.78823529 0.52549020
v -0.92996875 29.76722432 -58.29784630 0.38039216 0.78823529 0.52549020
v 0.65812441 29.76722432 -58.27426033 0.38039216 0.78823529 0.52549020
v -1.40119492 42.26231087 -65.60089097 0.38039216 0.78823529 0.52549020
v -1.62915807 29.76722432 -79.63663085 0.38039216 0.78823529 0.52549020
v -1.78980345 36.46402312 -78.98480579 0.38039216 0.78823529 0.52549020
v -1.63527796 38.87481313 -78.86258985 0.38039216 0.78823529 0.52549020
v -2.15393276 29.76722432 -79.35574471 0.38039216 0.78823529 0.52549020
v -2.22278082 40.56856074 -77.91057369 0.38039216 0.78823529 0.52549020
v -2.03306631 42.26231087 -77.67471899 0.38039216 0.78823529 0.52549020
v -2.69553681 42.26231087 -76.43109901 0.38039216 0.78823529 0.52549020
v -3.52630222 43.18147983 -74.01890807 0.38039216 0.78823529 0.52549020
v -3.74661583 43.43672026 -73.04330593 0.38039216 0.78823529 0.52549020
v -3.94551016 43.68753832 -71.34941192 0.38039216 0.78823529 0.52549020
v -1.30786764 44.73211378 -73.04330593 0.38039216 0.78823529 0.52549020
v -0.46027271 44.83539077 -73.04330593 0.38039216 0.78823529 0.52549020
v -3.73131644 43.44262180 -69.65551791 0.38039216 0.78823529 0.52549020
v -2.62821871 43.54590131 -68.09884863 0.38039216 0.78823529 0.52549020
v -3.18665244 42.26231087 -67.64214298 0.38039216 0.78823529 0.52549020
v -2.34058733 42.26231087 -66.44784050 0.38039216 0.78823529 0.52549020
v -2.62056918 29.76722432 -59.56290671 0.38039216 0.78823529 0.52549020
v -2.20289120 29.76722432 -59.08475559 0.38039216 0.78823529 0.52549020
v -3.49876305 43.14607058 -68.75282430 0.38039216 0.78823529 0.52549020
v -2.31457813 38.87481313 -78.01564032 0.38039216 0.78823529 0.52549020
v -2.63892851 29.76722432 -78.64173890 0.38039216 0.78823529 0.52549020
v -3.16064325 38.87481313 -76.60048689 0.38039216 0.78823529 0.52549020
v -3.12698421 40.58184047 -76.32174631 0.38039216 0.78823529 0.52549020
v -3.43297525 41.15576670 -75.49409669 0.38039216 0.78823529 0.52549020
v -3.28609930 42.26231087 -75.18962458 0.38039216 0.78823529 0.52549020
v -3.66246837 42.26231087 -74.34267504 0.38039216 0.78823529 0.52549020
v -4.21937213 42.26231087 -73.04330593 0.38039216 0.78823529 0.52549020
v -4.60186046 42.26231087 -71.34941192 0.38039216 0.78823529 0.52549020
v -4.20713236 42.26231087 -69.65551791 0.38039216 0.78823529 0.52549020
v -6.14099549 29.76722432 -64.64673430 0.38039216 0.78823529 0.52549020
v -5.37295826 29.76722432 -63.39882825 0.38039216 0.78823529 0.52549020
v -5.01188890 29.76722432 -62.83276991 0.38039216 0.78823529 0.52549020
v -3.34270791 29.76722432 -60.45702819 0.38039216 0.78823529 0.52549020
v -2.99387799 29.76722432 -78.11641584 0.38039216 0.78823529 0.52549020
v -3.31516843 29.76722432 -77.51175768 0.38039216 0.78823529 0.52549020
v -3.51406276 40.02561887 -75.68278449 0.38039216 0.78823529 0.52549020
v -3.76803511 40.58184047 -74.85298931 0.38039216 0.78823529 0.52549020
v -4.48405427 40.56856074 -73.04330593 0.38039216 0.78823529 0.52549020
v -4.86960254 40.56856074 -71.34941192 0.38039216 0.78823529 0.52549020
v -6.62599093 29.76722432 -66.26987039 0.38039216 0.78823529 0.52549020
v -3.44521470 29.76722432 -77.21157668 0.38039216 0.78823529 0.52549020
v -3.77721493 29.76722432 -76.39035868 0.38039216 0.78823529 0.52549020
v -4.56514179 38.87481313 -73.04330593 0.38039216 0.78823529 0.52549020
v -6.14558509 29.76722432 -69.64265467 0.38039216 0.78823529 0.52549020
v -6.53419393 29.76722432 -67.96376945 0.38039216 0.78823529 0.52549020
v -5.54584278 29.76722432 -71.36871183 0.38039216 0.78823529 0.52549020
f 4184 4185 4186
f 4184 4186 4187
f 4184 4187 4194
f 4184 4194 4193
f 4184 4193 4202
f 4184 4202 4201
f 4184 4201 4215
f 4184 4215 4214
f 4184 4214 4233
f 4184 4233 4232
f 4184 4232 4253
f 4184 4253 4280
f 4184 4280 4279
f 4184 4279 4278
f 4184 4278 4277
f 4184 4277 4276
f 4184 4276 4299
f 4184 4299 4298
f 4184 4298 4297
f 4184 4297 4318
f 4184 4318 4317
f 4184 4317 4333
f 4184 4333 4332
f 4184 4332 4331
f 4184 4331 4330
f 4184 4330 4340
f 4184 4340 4345
f 4184 4345 4344
f 4184 4344 4346
f 4184 4346 4342
f 4184 4342 4341
f 4184 4341 4335
f 4184 4335 4334
f 4184 4334 4321
f 4184 4321 4304
f 4184 4304 4301
f 4184 4301 4281
f 4184 4281 4257
f 4184 4257 4256
f 4184 4256 4255
f 4184 4255 4254
f 4184 4254 4236
f 4184 4236 4235
f 4184 4235 4234
f 4184 4234 4217
f 4184 4217 4216
f 4184 4216 4203
f 4184 4203 4195
f 4184 4195 4188
f 4184 4188 4185
f 4185 4188 4186
f 4186 4188 4189
f 4186 4189 4190
f 4186 4190 4191
f 4186 4191 4192
f 4186 4192 4193
f 4186 4193 4194
f 4186 4194 4187
f 4188 4195 4189
f 4189 4195 4196
f 4189 4196 4197
f 4189 4197 4190
f 4190 4197 4198
f 4190 4198 4199
f 4190 4199 4191
f 4191 4199 4200
f 4191 4200 4201
f 4191 4201 4202
f 4191 4202 4193
f 4191 4193 4192
f 4195 4203 4196
f 4196 4203 4204
f 4196 4204 4205
f 4196 4205 4206
f 4196 4206 4207
f 4196 4207 4208
f 4196 4208 4197
f 4197 4209 4198
f 4197 4208 4209
f 4198 4209 4199
f 4199 4209 4210
f 4199 4210 4200
f 4200 4210 4211
f 4200 4211 4212
f 4200 4212 4213
f 4200 4213 4214
f 4200 4214 4215
f 4200 4215 4201
f 4203 4216 4204
f 4204 4216 4205
f 4205 4216 4217
f 4205 4217 4218
f 4205 4218 4206
f 4206 4218 4219
f 4206 4219 4220
f 4206 4220 4207
f 4207 4220 4221
f 4207 4221 4222
f 4207 4222 4223
f 4207 4223 4208
f 4208 4223 4209
f 4209 4223 4224
f 4209 4224 4225
f 4209 4225 4226
f 4209 4226 4210
f 4210 4226 4211
f 4211 4227 4228
f 4211 4228 4229
f 4211 4229 4213
f 4211 4213 4212
f 4211 4226 4227
f 4213 4229 4230
f 4213 4230 4231
f 4213 4231 4232
f 4213 4232 4233
f 4213 4233 4214
f 4217 4234 4219
f 4217 4219 4218
f 4219 4234 4235
f 4219 4235 4236
f 4219 4236 4237
f 4219 4237 4238
f 4219 4238 4220
f 4220 4238 4221
f 4221 4238 4239
f 4221 4239 4240
f 4221 4240 4241
f 4221 4241 4242
f 4221 4242 4222
f 4222 4242 4243
f 4222 4243 4223
f 4223 4243 4224
f 4224 4243 4244
f 4224 4244 4245
f 4224 4245 4246
f 4224 4246 4225
f 4225 4246 4227
f 4225 4227 4226
f 4227 4247 4248
f 4227 4248 4228
f 4227 4246 4249
f 4227 4249 4247
f 4228 4248 4250
f 4228 4250 4251
f 4228 4251 4230
f 4228 4230 4229
f 4230 4251 4252
f 4230 4252 4253
f 4230 4253 4232
f 4230 4232 4231
f 4236 4254 4237
f 4237 4254 4255
f 4237 4255 4256
f 4237 4256 4257
f 4237 4257 4258
f 4237 4258 4238
f 4238 4258 4239
f 4239 4258 4259
f 4239 4259 4260
f 4239 4260 4240
f 4240 4260 4241
f 4241 4261 4262
f 4241 4262 4263
f 4241 4263 4243
f 4241 4243 4242
f 4241 4260 4261
f 4243 4263 4264
f 4243 4264 4244
f 4244 4264 4265
f 4244 4265 4245
f 4245 4266 4267
f 4245 4267 4246
f 4245 4265 4266
f 4246 4267 4249
f 4247 4249 4268
f 4247 4268 4269
f 4247 4269 4248
f 4248 4270 4250
f 4248 4269 4271
f 4248 4271 4270
f 4249 4267 4272
f 4249 4272 4268
f 4250 4273 4274
f 4250 4274 4275
f 4250 4275 4252
f 4250 4252 4251
f 4250 4270 4273
f 4252 4275 4276
f 4252 4276 4277
f 4252 4277 4278
f 4252 4278 4279
f 4252 4279 4280
f 4252 4280 4253
f 4257 4281 4258
f 4258 4281 4282
f 4258 4282 4259
f 4259 4282 4283
f 4259 4283 4284
f 4259 4284 4260
f 4260 4284 4285
f 4260 4285 4261
f 4261 4285 4262
f 4262 4286 4287
f 4262 4287 4288
f 4262 4288 4263
f 4262 4285 4286
f 4263 4288 4289
f 4263 4289 4264
f 4264 4289 4290
f 4264 4290 4265
f 4265 4290 4291
f 4265 4291 4266
f 4266 4291 4267
f 4267 4291 4272
f 4268 4272 4292
f 4268 4292 4269
f 4269 4292 4293
f 4269 4293 4271
f 4270 4271 4294
f 4270 4294 4295
f 4270 4295 4273
f 4271 4293 4296
f 4271 4296 4294
f 4272 4291 4292
f 4273 4295 4274
f 4274 4297 4298
f 4274 4298 4299
f 4274 4299 4275
f 4274 4295 4300
f 4274 4300 4297
f 4275 4299 4276
f 4281 4301 4282
f 4282 4302 4303
f 4282 4303 4283
f 4282 4301 4304
f 4282 4304 4302
f 4283 4305 4306
f 4283 4306 4284
f 4283 4303 4305
f 4284 4306 4285
f 4285 4306 4307
f 4285 4307 4308
f 4285 4308 4309
f 4285 4309 4286
f 4286 4309 4287
f 4287 4309 4310
f 4287 4310 4296
f 4287 4296 4311
f 4287 4311 4288
f 4288 4311 4289
f 4289 4311 4312
f 4289 4312 4291
f 4289 4291 4290
f 4291 4312 4292
f 4292 4312 4293
f 4293 4312 4311
f 4293 4311 4296
f 4294 4313 4314
f 4294 4314 4295
f 4294 4296 4310
f 4294 4310 4313
f 4295 4315 4316
f 4295 4316 4317
f 4295 4317 4318
f 4295 4318 4297
f 4295 4297 4300
f 4295 4314 4313
f 4295 4313 4319
f 4295 4319 4315
f 4302 4304 4320
f 4302 4320 4305
f 4302 4305 4303
f 4304 4321 4320
f 4305 4320 4322
f 4305 4322 4323
f 4305 4323 4306
f 4306 4323 4307
f 4307 4323 4324
f 4307 4324 4325
f 4307 4325 4308
f 4308 4325 4326
f 4308 4326 4327
f 4308 4327 4309
f 4309 4327 4328
f 4309 4328 4310
f 4310 4328 4313
f 4313 4329 4319
f 4313 4328 4329
f 4315 4319 4330
f 4315 4330 4331
f 4315 4331 4332
f 4315 4332 4333
f 4315 4333 4316
f 4316 4333 4317
f 4319 4329 4330
f 4320 4321 4334
f 4320 4334 4322
f 4322 4334 4335
f 4322 4335 4336
f 4322 4336 4323
f 4323 4336 4324
f 4324 4336 4337
f 4324 4337 4338
f 4324 4338 4327
f 4324 4327 4326
f 4324 4326 4325
f 4327 4338 4339
f 4327 4339 4328
f 4328 4339 4340
f 4328 4340 4329
f 4329 4340 4330
f 4335 4341 4336
f 4336 4341 4342
f 4336 4342 4338
f 4336 4338 4337
f 4338 4342 4343
f 4338 4343 4344
f 4338 4344 4345
f 4338 4345 4339
f 4339 4345 4340
f 4342 4346 4343
f 4343 4346 4344

o geometry_4
v -2.36622972 13.24473416 -37.59459573 0.56470588 0.92549020 0.07058824
v -2.68330966 13.23864204 -37.59459573 0.56470588 0.92549020 0.07058824
v -0.92462261 13.23254866 -37.59459573 0.56470588 0.92549020 0.07058824
v -0.92830957 26.24583629 -53.47554941 0.56470588 0.92549020 0.07058824
v -4.31663935 12.83045373 -37.59459573 0.56470588 0.92549020 0.07058824
v -1.89061005 26.22756120 -53.49341053 0.56470588 0.92549020 0.07058824
v -0.67390827 13.18381046 -37.59459573 0.56470588 0.92549020 0.07058824
v 0.02661694 26.20928611 -53.52019717 0.56470588 0.92549020 0.07058824
v -0.92830957 26.97692073 -54.41314238 0.56470588 0.92549020 0.07058824
v -5.89835200 12.11155479 -37.59459573 0.56470588 0.92549020 0.07058824
v -0.92830957 27.75065378 -55.42662747 0.56470588 0.92549020 0.07058824
v -0.92830957 29.76722432 -58.29743234 0.56470588 0.92549020 0.07058824
v -1.77631374 29.76722432 -58.65907217 0.56470588 0.92549020 0.07058824
v -1.89061005 29.63319016 -58.53406448 0.56470588 0.92549020 0.07058824
v -2.52476961 26.53827310 -54.48903954 0.56470588 0.92549020 0.07058824
v -3.02251139 25.89857421 -53.97560034 0.56470588 0.92549020 0.07058824
v -5.99421294 12.05672321 -37.59459573 0.56470588 0.92549020 0.07058824
v 0.60915903 12.92793141 -37.59459573 0.56470588 0.92549020 0.07058824
v 5.84097621 28.39035267 -58.03848136 0.56470588 0.92549020 0.07058824
v 0.76032499 27.65317485 -55.51592300 0.56470588 0.92549020 0.07058824
v 0.76032499 29.76722432 -58.27957626 0.56470588 0.92549020 0.07058824
v 0.76032499 12.89746956 -37.59459573 0.56470588 0.92549020 0.07058824
v 0.65708965 29.76722432 -58.27510845 0.56470588 0.92549020 0.07058824
v -2.20031590 29.76722432 -59.08768870 0.56470588 0.92549020 0.07058824
v -3.60505328 26.27020981 -55.10070484 0.56470588 0.92549020 0.07058824
v -3.84470656 24.77148696 -53.19427454 0.56470588 0.92549020 0.07058824
v -8.17321534 10.66157141 -37.59459573 0.56470588 0.92549020 0.07058824
v -7.43582044 11.16723739 -37.59459573 0.56470588 0.92549020 0.07058824
v -7.31046316 11.25253083 -37.59459573 0.56470588 0.92549020 0.07058824
v -7.19985405 11.32563877 -37.59459573 0.56470588 0.92549020 0.07058824
v 7.03555635 28.15883956 -58.31975622 0.56470588 0.92549020 0.07058824
v 5.84097621 29.23719113 -59.08322089 0.56470588 0.92549020 0.07058824
v 1.59726818 12.65986686 -37.59459573 0.56470588 0.92549020 0.07058824
v 2.59275158 12.37352596 -37.59459573 0.56470588 0.92549020 0.07058824
v 4.14865477 11.86176786 -37.59459573 0.56470588 0.92549020 0.07058824
v 4.27769894 11.81912051 -37.59459573 0.56470588 0.92549020 0.07058824
v 5.73405430 11.31954665 -37.59459573 0.56470588 0.92549020 0.07058824
v 7.62547202 10.64329506 -37.59459573 0.56470588 0.92549020 0.07058824
v 4.14865477 29.43214395 -58.80194603 0.56470588 0.92549020 0.07058824
v 3.24534589 29.54180460 -58.66353997 0.56470588 0.92549020 0.07058824
v 3.01306670 29.76722432 -58.90016707 0.56470588 0.92549020 0.07058824
v -2.62063102 29.76722432 -59.56541070 0.56470588 0.92549020 0.07058824
v -4.73695447 25.83765051 -55.79273511 0.56470588 0.92549020 0.07058824
v -5.45222774 24.70446988 -54.91765102 0.56470588 0.92549020 0.07058824
v -4.29083052 25.30152268 -54.44439178 0.56470588 0.92549020 0.07058824
v -5.20151348 22.80974422 -51.83253789 0.56470588 0.92549020 0.07058824
v -9.34936011 9.81473294 -37.59459573 0.56470588 0.92549020 0.07058824
v 8.39604984 24.49123692 -55.24357365 0.56470588 0.92549020 0.07058824
v 8.27437976 26.05088347 -57.11874951 0.56470588 0.92549020 0.07058824
v 8.16377065 27.58615776 -59.10108202 0.56470588 0.92549020 0.07058824
v 6.82908568 29.66974539 -60.16814543 0.56470588 0.92549020 0.07058824
v 7.70289884 10.60673983 -37.59459573 0.56470588 0.92549020 0.07058824
v 9.26986300 9.79645659 -37.59459573 0.56470588 0.92549020 0.07058824
v 10.04781459 9.23595903 -37.59459573 0.56470588 0.92549020 0.07058824
v 6.34240472 29.76722432 -60.05206326 0.56470588 0.92549020 0.07058824
v 5.84097621 29.76722432 -59.80203780 0.56470588 0.92549020 0.07058824
v 5.46490499 29.76722432 -59.67702506 0.56470588 0.92549020 0.07058824
v 4.14865477 29.76722432 -59.24841358 0.56470588 0.92549020 0.07058824
v 3.62510431 29.76722432 -59.07875813 0.56470588 0.92549020 0.07058824
v -3.33959117 29.76722432 -60.45388810 0.56470588 0.92549020 0.07058824
v -5.19045251 26.18491259 -56.92230237 0.56470588 0.92549020 0.07058824
v -5.88360383 25.22232136 -56.27045711 0.56470588 0.92549020 0.07058824
v -4.97292086 24.32065004 -53.78808376 0.56470588 0.92549020 0.07058824
v -6.58044203 24.24145125 -55.61861185 0.56470588 0.92549020 0.07058824
v -10.96056816 8.55970617 -37.59459573 0.56470588 0.92549020 0.07058824
v -9.51896129 9.68679342 -37.59459573 0.56470588 0.92549020 0.07058824
v 10.57136442 8.60844501 -37.59459573 0.56470588 0.92549020 0.07058824
v 10.64141809 8.52315220 -37.59459573 0.56470588 0.92549020 0.07058824
v 11.54472634 7.34123337 -37.59459573 0.56470588 0.92549020 0.07058824
v 11.58528367 7.28640241 -37.59459573 0.56470588 0.92549020 0.07058824
v 12.20838225 6.42737908 -37.59459573 0.56470588 0.92549020 0.07058824
v 8.56933759 26.45906925 -58.24832181 0.56470588 0.92549020 0.07058824
v 8.42554556 27.92123813 -60.23064928 0.56470588 0.92549020 0.07058824
v 7.27152275 29.76722432 -61.18609833 0.56470588 0.92549020 0.07058824
v 7.14985266 29.76722432 -60.94054067 0.56470588 0.92549020 0.07058824
v 6.90282530 29.76722432 -60.47174418 0.56470588 0.92549020 0.07058824
v -5.00979067 29.76722432 -62.82910984 0.56470588 0.92549020 0.07058824
v -5.31580948 27.98216184 -60.13242823 0.56470588 0.92549020 0.07058824
v -4.89918156 27.65926823 -59.00285592 0.56470588 0.92549020 0.07058824
v -5.51490638 26.45298092 -57.80184921 0.56470588 0.92549020 0.07058824
v -6.36291039 25.76454004 -57.80184921 0.56470588 0.92549020 0.07058824
v -7.00075715 24.60699347 -56.74817911 0.56470588 0.92549020 0.07058824
v -12.54965427 7.17064712 -37.59459573 0.56470588 0.92549020 0.07058824
v -11.38088391 8.20025670 -37.59459573 0.56470588 0.92549020 0.07058824
v 12.99739419 5.31247607 -37.59459573 0.56470588 0.92549020 0.07058824
v 10.06624934 24.45468421 -58.67247054 0.56470588 0.92549020 0.07058824
v 9.75654396 25.35635426 -59.34217692 0.56470588 0.92549020 0.07058824
v 8.76843449 27.01956934 -59.59666514 0.56470588 0.92549020 0.07058824
v 13.07850758 5.19672141 -37.59459573 0.56470588 0.92549020 0.07058824
v 13.62049278 4.40471390 -37.59459573 0.56470588 0.92549020 0.07058824
v 8.58408577 28.15274618 -61.18609833 0.56470588 0.92549020 0.07058824
v 7.93149083 28.99958465 -61.18609833 0.56470588 0.92549020 0.07058824
v 10.28746819 24.81413305 -59.80203780 0.56470588 0.92549020 0.07058824
v 9.92983171 25.94121777 -60.78874129 0.56470588 0.92549020 0.07058824
v 9.47264647 26.87944180 -61.28431937 0.56470588 0.92549020 0.07058824
v 7.61809825 29.76722432 -62.03439072 0.56470588 0.92549020 0.07058824
v -5.37111435 29.76722432 -63.39612737 0.56470588 0.92549020 0.07058824
v -6.81640843 27.82375920 -62.10136237 0.56470588 0.92549020 0.07058824
v -6.51407682 27.58006438 -61.18609833 0.56470588 0.92549020 0.07058824
v -7.10767969 26.39205722 -59.95383717 0.56470588 0.92549020 0.07058824
v -6.02370866 27.02566272 -59.47611517 0.56470588 0.92549020 0.07058824
v -6.73529504 26.06306518 -58.82426991 0.56470588 0.92549020 0.07058824
v -7.33995888 24.91770284 -57.80184921 0.56470588 0.92549020 0.07058824
v -8.84424440 24.75320935 -59.87347220 0.56470588 0.92549020 0.07058824
v -8.48660792 24.41203560 -58.74836770 0.56470588 0.92549020 0.07058824
v -8.18796289 24.11960384 -57.80184921 0.56470588 0.92549020 0.07058824
v -9.07283702 23.27276537 -57.80184921 0.56470588 0.92549020 0.07058824
v -8.71520054 22.93768501 -56.70799915 0.56470588 0.92549020 0.07058824
v -12.92572613 6.81729040 -37.59459573 0.56470588 0.92549020 0.07058824
v 11.75119701 22.74272966 -60.40030977 0.56470588 0.92549020 0.07058824
v 14.26202675 3.41165860 -37.59459573 0.56470588 0.92549020 0.07058824
v 14.33576699 3.29590395 -37.59459573 0.56470588 0.92549020 0.07058824
v 14.98098753 2.27238680 -37.59459573 0.56470588 0.92549020 0.07058824
v 15.05103995 2.15663183 -37.59459573 0.56470588 0.92549020 0.07058824
v 8.82742593 28.50001331 -62.87822036 0.56470588 0.92549020 0.07058824
v 8.23013586 29.34685178 -62.87822036 0.56470588 0.92549020 0.07058824
v 10.11418044 26.22146782 -61.91830855 0.56470588 0.92549020 0.07058824
v 11.44886541 23.62612083 -61.05215503 0.56470588 0.92549020 0.07058824
v 10.46812971 25.35635426 -61.28431937 0.56470588 0.92549020 0.07058824
v 7.89830854 29.76722432 -62.86928980 0.56470588 0.92549020 0.07058824
v -6.13800497 29.76722432 -64.64178185 0.56470588 0.92549020 0.07058824
v -8.58615669 26.20319273 -61.97188688 0.56470588 0.92549020 0.07058824
v -7.68653438 26.64184036 -61.31557382 0.56470588 0.92549020 0.07058824
v -8.23589399 25.88638745 -60.84231457 0.56470588 0.92549020 0.07058824
v -7.79714349 25.41118458 -59.35110243 0.56470588 0.92549020 0.07058824
v -10.21211229 22.74272966 -58.71711830 0.56470588 0.92549020 0.07058824
v -9.91715446 22.45638876 -57.80184921 0.56470588 0.92549020 0.07058824
v -13.34972845 6.40300935 -37.59459573 0.56470588 0.92549020 0.07058824
v 11.93185917 23.06562327 -61.52541428 0.56470588 0.92549020 0.07058824
v 15.50822392 1.37071675 -37.59459573 0.56470588 0.92549020 0.07058824
v 16.41890784 -0.34123748 -37.59459573 0.56470588 0.92549020 0.07058824
v 16.79129186 -1.07232097 -37.59459573 0.56470588 0.92549020 0.07058824
v 9.67542994 27.25717078 -62.87822036 0.56470588 0.92549020 0.07058824
v 9.85977930 27.53742082 -64.57481020 0.56470588 0.92549020 0.07058824
v 8.35180595 29.51134275 -63.90510382 0.56470588 0.92549020 0.07058824
v 8.20064014 29.76722432 -64.10601372 0.56470588 0.92549020 0.07058824
v 10.23953709 26.41033231 -62.87822036 0.56470588 0.92549020 0.07058824
v 11.64427511 24.25363548 -62.87822036 0.56470588 0.92549020 0.07058824
v 11.76225799 24.46077507 -63.77562833 0.56470588 0.92549020 0.07058824
v -6.62468593 29.76722432 -66.26693224 0.56470588 0.92549020 0.07058824
v -6.56569386 29.27983470 -64.57481020 0.56470588 0.92549020 0.07058824
v -8.68939139 26.35550199 -62.87822036 0.56470588 0.92549020 0.07058824
v -9.96877213 24.10132623 -61.18609833 0.56470588 0.92549020 0.07058824
v -10.42595674 23.04125480 -59.84668556 0.56470588 0.92549020 0.07058824
v -12.00029467 19.47722194 -56.81961857 0.56470588 0.92549020 0.07058824
v -15.47342535 4.33160596 -37.88926644 0.56470588 0.92549020 0.07058824
v -15.01255354 4.70323966 -37.59459573 0.56470588 0.92549020 0.07058824
v -14.62542071 5.12361284 -37.59459573 0.56470588 0.92549020 0.07058824
v -14.18298428 5.58053998 -37.59459573 0.56470588 0.92549020 0.07058824
v 12.10883349 23.40679702 -62.87822036 0.56470588 0.92549020 0.07058824
v 12.27106027 22.07866230 -61.05215503 0.56470588 0.92549020 0.07058824
v 12.80935890 21.93244390 -62.87822036 0.56470588 0.92549020 0.07058824
v 17.08625032 -1.74857320 -37.59459573 0.56470588 0.92549020 0.07058824
v 10.00357070 27.75674211 -66.26693224 0.56470588 0.92549020 0.07058824
v 8.92328750 28.85336877 -64.51230131 0.56470588 0.92549020 0.07058824
v 10.42757302 26.69058235 -64.57481020 0.56470588 0.92549020 0.07058824
v 8.34074560 29.76722432 -64.93645004 0.56470588 0.92549020 0.07058824
v 12.23050420 23.78452347 -64.43193635 0.56470588 0.92549020 0.07058824
v 11.85811892 24.60699347 -64.90519559 0.56470588 0.92549020 0.07058824
v 11.36775202 25.23450559 -64.43193635 0.56470588 0.92549020 0.07058824
v -6.53251157 29.76722432 -67.95905428 0.56470588 0.92549020 0.07058824
v -6.81640843 29.49306766 -66.26693224 0.56470588 0.92549020 0.07058824
v -9.36410828 25.31979777 -62.87822036 0.56470588 0.92549020 0.07058824
v -10.51075733 23.25448776 -61.18609833 0.56470588 0.92549020 0.07058824
v -12.06297394 19.64171543 -57.80184921 0.56470588 0.92549020 0.07058824
v -13.11744799 16.85141310 -56.10972717 0.56470588 0.92549020 0.07058824
v -13.71842590 14.49366882 -52.72101530 0.56470588 0.92549020 0.07058824
v -13.64468565 14.32308194 -51.85039902 0.56470588 0.92549020 0.07058824
v -15.69464357 3.81375479 -37.59459573 0.56470588 0.92549020 0.07058824
v 13.31816117 20.69569474 -62.87822036 0.56470588 0.92549020 0.07058824
v 13.42508308 20.96375803 -63.97207547 0.56470588 0.92549020 0.07058824
v 13.16699537 21.84715173 -64.55248632 0.56470588 0.92549020 0.07058824
v 17.69828794 -3.35086521 -37.59459573 0.56470588 0.92549020 0.07058824
v 10.56767785 26.90990365 -66.26693224 0.56470588 0.92549020 0.07058824
v 10.64141809 27.00738258 -67.95905428 0.56470588 0.92549020 0.07058824
v 10.07362374 27.85422105 -67.95905428 0.56470588 0.92549020 0.07058824
v 9.28829775 28.70715289 -66.26693224 0.56470588 0.92549020 0.07058824
v 8.51771992 29.72457571 -66.26693224 0.56470588 0.92549020 0.07058824
v 8.48453763 29.76722432 -66.26693224 0.56470588 0.92549020 0.07058824
v 13.24073436 22.22487818 -66.26693224 0.56470588 0.92549020 0.07058824
v 12.57339187 23.62612083 -66.26693224 0.56470588 0.92549020 0.07058824
v 11.95029328 24.76539358 -66.26693224 0.56470588 0.92549020 0.07058824
v 11.41568248 25.61223079 -66.26693224 0.56470588 0.92549020 0.07058824
v -6.14537874 29.76722432 -69.64225080 0.56470588 0.92549020 0.07058824
v -10.18261657 22.61478887 -66.79823257 0.56470588 0.92549020 0.07058824
v -9.87291056 23.52255104 -66.24907111 0.56470588 0.92549020 0.07058824
v -10.29322568 22.88894554 -65.66866026 0.56470588 0.92549020 0.07058824
v -8.62671338 26.30675999 -65.78474243 0.56470588 0.92549020 0.07058824
v -9.30880341 25.31979777 -64.57481020 0.56470588 0.92549020 0.07058824
v -8.71888775 26.43470078 -64.57481020 0.56470588 0.92549020 0.07058824
v -10.07200746 24.12569470 -62.87822036 0.56470588 0.92549020 0.07058824
v -10.47757440 23.27885623 -62.87822036 0.56470588 0.92549020 0.07058824
v -11.13754249 21.93244390 -61.18609833 0.56470588 0.92549020 0.07058824
v -11.72008501 20.59212495 -59.49397629 0.56470588 0.92549020 0.07058824
v -12.08140806 19.74528649 -59.49397629 0.56470588 0.92549020 0.07058824
v -12.52015919 18.54509004 -57.80184921 0.56470588 0.92549020 0.07058824
v -13.54145031 15.73041797 -56.10972717 0.56470588 0.92549020 0.07058824
v -13.80691243 14.76173210 -54.41314238 0.56470588 0.92549020 0.07058824
v -14.13874038 13.46405924 -52.72101530 0.56470588 0.92549020 0.07058824
v -14.62542071 11.77038231 -51.02443050 0.56470588 0.92549020 0.07058824
v -15.27064125 9.07146490 -47.30086544 0.56470588 0.92549020 0.07058824
v -15.90480208 3.41775104 -37.59459573 0.56470588 0.92549020 0.07058824
v 13.51725744 21.21963708 -65.10164273 0.56470588 0.92549020 0.07058824
v 17.73884400 -3.47271261 -37.59459573 0.56470588 0.92549020 0.07058824
v 11.48942147 25.71580310 -67.95905428 0.56470588 0.92549020 0.07058824
v 9.00071368 29.76722432 -74.75880191 0.56470588 0.92549020 0.07058824
v 8.97859174 29.76722432 -74.07123440 0.56470588 0.92549020 0.07058824
v 13.57256231 21.37803972 -66.26693224 0.56470588 0.92549020 0.07058824
v 13.28866609 22.31017036 -67.95905428 0.56470588 0.92549020 0.07058824
v 12.67662721 23.62612083 -67.95905428 0.56470588 0.92549020 0.07058824
v 12.00559815 24.86896337 -67.95905428 0.56470588 0.92549020 0.07058824
v -5.54440210 29.76722432 -71.36562728 0.56470588 0.92549020 0.07058824
v -8.72257432 23.10217850 -70.90576135 0.56470588 0.92549020 0.07058824
v -9.78442340 21.79232140 -69.52616863 0.56470588 0.92549020 0.07058824
v -10.02776357 22.26752427 -67.95905428 0.56470588 0.92549020 0.07058824
v -10.26741716 21.13434490 -68.87878613 0.56470588 0.92549020 0.07058824
v -10.37065250 21.42068580 -67.95905428 0.56470588 0.92549020 0.07058824
v -10.51813110 21.99946099 -66.24907111 0.56470588 0.92549020 0.07058824
v -10.83152431 21.93244390 -64.57481020 0.56470588 0.92549020 0.07058824
v -10.38171347 23.07781003 -64.57481020 0.56470588 0.92549020 0.07058824
v -9.98720687 23.92464850 -64.57481020 0.56470588 0.92549020 0.07058824
v -11.02693401 21.93244390 -62.87822036 0.56470588 0.92549020 0.07058824
v -11.72008501 20.49464602 -61.18609833 0.56470588 0.92549020 0.07058824
v -12.03347759 19.64780881 -61.18609833 0.56470588 0.92549020 0.07058824
v -12.51647135 18.54509004 -59.49397629 0.56470588 0.92549020 0.07058824
v -13.15431875 16.85141310 -57.80184921 0.56470588 0.92549020 0.07058824
v -13.54145031 15.69995612 -57.80184921 0.56470588 0.92549020 0.07058824
v -13.82166123 14.88357951 -56.10972717 0.56470588 0.92549020 0.07058824
v -14.82820482 11.77038231 -54.41314238 0.56470588 0.92549020 0.07058824
v -14.26409767 13.46405924 -54.41314238 0.56470588 0.92549020 0.07058824
v -14.77658778 11.77038231 -52.72101530 0.56470588 0.92549020 0.07058824
v -15.15265837 10.37523051 -51.02443050 0.56470588 0.92549020 0.07058824
v -15.33332052 9.24205114 -48.43043270 0.56470588 0.92549020 0.07058824
v -16.26981169 3.29590395 -39.17063560 0.56470588 0.92549020 0.07058824
v -16.76755426 1.47428717 -37.59459573 0.56470588 0.92549020 0.07058824
v 13.71635498 20.33624590 -64.55248632 0.56470588 0.92549020 0.07058824
v 14.22884382 18.54509004 -64.57481020 0.56470588 0.92549020 0.07058824
v 13.90807684 20.23876697 -66.26693224 0.56470588 0.92549020 0.07058824
v 18.20340365 -5.04454214 -37.59459573 0.56470588 0.92549020 0.07058824
v 11.50048244 25.70361634 -69.65564412 0.56470588 0.92549020 0.07058824
v 8.97121796 29.76722432 -75.74103760 0.56470588 0.92549020 0.07058824
v 11.99085061 24.85677914 -69.65564412 0.56470588 0.92549020 0.07058824
v 13.59837209 21.46333189 -67.95905428 0.56470588 0.92549020 0.07058824
v 13.25179533 22.18832295 -69.65564412 0.56470588 0.92549020 0.07058824
v 12.62132360 23.62612083 -69.65564412 0.56470588 0.92549020 0.07058824
v -3.77465415 29.76722432 -76.38842010 0.56470588 0.92549020 0.07058824
v -9.01015838 22.00555184 -71.42366836 0.56470588 0.92549020 0.07058824
v -10.09781598 20.65913951 -70.00835338 0.56470588 0.92549020 0.07058824
v -10.41858296 20.15347479 -69.52616863 0.56470588 0.92549020 0.07058824
v -11.35507413 18.54509004 -67.95905428 0.56470588 0.92549020 0.07058824
v -10.79465482 20.23876697 -67.95905428 0.56470588 0.92549020 0.07058824
v -11.14491689 20.23876697 -66.26693224 0.56470588 0.92549020 0.07058824
v -11.44356192 20.23876697 -64.57481020 0.56470588 0.92549020 0.07058824
v -11.92655569 19.34319030 -63.58810671 0.56470588 0.92549020 0.07058824
v -11.69427649 20.13519718 -62.96751589 0.56470588 0.92549020 0.07058824
v -11.98186055 19.50768379 -62.45853945 0.56470588 0.92549020 0.07058824
v -12.40217504 18.54509004 -61.18609833 0.56470588 0.92549020 0.07058824
v -13.07689193 16.85141310 -59.49397629 0.56470588 0.92549020 0.07058824
v -13.48983328 15.52937051 -59.49397629 0.56470588 0.92549020 0.07058824
v -13.79953929 14.85311765 -57.80184921 0.56470588 0.92549020 0.07058824
v -14.80608287 11.77038231 -56.10972717 0.56470588 0.92549020 0.07058824
v -14.27515864 13.46405924 -56.10972717 0.56470588 0.92549020 0.07058824
v -15.22271079 10.54581612 -54.41314238 0.56470588 0.92549020 0.07058824
v -15.20427667 10.50926215 -52.72101530 0.56470588 0.92549020 0.07058824
v -15.41812048 9.52839204 -51.02443050 0.56470588 0.92549020 0.07058824
v -15.67620946 8.38302781 -49.33230342 0.56470588 0.92549020 0.07058824
v -15.52135582 8.45613575 -47.77412468 0.56470588 0.92549020 0.07058824
v -17.03670294 0.80412707 -38.15268270 0.56470588 0.92549020 0.07058824
v -17.19155532 0.07913569 -37.59459573 0.56470588 0.92549020 0.07058824
v 14.33207916 18.54509004 -66.26693224 0.56470588 0.92549020 0.07058824
v 18.23658531 -5.16638954 -37.59459573 0.56470588 0.92549020 0.07058824
v 17.86051471 -1.77903505 -44.25146951 0.56470588 0.92549020 0.07058824
v 13.93388662 20.23876697 -67.95905428 0.56470588 0.92549020 0.07058824
v 8.92697407 29.76722432 -76.40181342 0.56470588 0.92549020 0.07058824
v 11.91711036 24.74711597 -71.34776615 0.56470588 0.92549020 0.07058824
v 13.85645980 20.23876697 -69.65564412 0.56470588 0.92549020 0.07058824
v 13.55412820 21.34148448 -69.65564412 0.56470588 0.92549020 0.07058824
v 13.49513676 21.17699099 -70.72270753 0.56470588 0.92549020 0.07058824
v 13.18543075 21.81668988 -71.31204895 0.56470588 0.92549020 0.07058824
v 12.44803585 23.62612083 -71.34776615 0.56470588 0.92549020 0.07058824
v -3.44282651 29.76722432 -77.20992586 0.56470588 0.92549020 0.07058824
v -8.72626152 21.48770289 -72.59788339 0.56470588 0.92549020 0.07058824
v -9.81391912 20.15347479 -71.24954511 0.56470588 0.92549020 0.07058824
v -10.29322568 19.52596141 -70.62001868 0.56470588 0.92549020 0.07058824
v -10.89789015 18.54509004 -69.65564412 0.56470588 0.92549020 0.07058824
v -11.78645086 16.94279866 -68.04388705 0.56470588 0.92549020 0.07058824
v -11.90443374 17.57031205 -66.90985198 0.56470588 0.92549020 0.07058824
v -11.71639844 18.49025971 -66.31604276 0.56470588 0.92549020 0.07058824
v -11.84175573 19.07512575 -64.57481020 0.56470588 0.92549020 0.07058824
v -12.00029467 17.88711480 -65.78027968 0.56470588 0.92549020 0.07058824
v -12.09615687 18.22828728 -64.57481020 0.56470588 0.92549020 0.07058824
v -12.49803724 16.85141310 -64.57481020 0.56470588 0.92549020 0.07058824
v -12.74137740 16.85141310 -62.87822036 0.56470588 0.92549020 0.07058824
v -12.93678710 16.85141310 -61.18609833 0.56470588 0.92549020 0.07058824
v -13.74792099 14.68253204 -59.49397629 0.56470588 0.92549020 0.07058824
v -14.21616720 13.46405924 -57.80184921 0.56470588 0.92549020 0.07058824
v -15.20058884 10.45443183 -56.10972717 0.56470588 0.92549020 0.07058824
v -15.46236438 9.69897766 -54.41314238 0.56470588 0.92549020 0.07058824
v -15.45867781 9.66242369 -52.72101530 0.56470588 0.92549020 0.07058824
v -15.75732284 8.38302781 -51.02443050 0.56470588 0.92549020 0.07058824
v -16.16288979 6.68935025 -49.33230342 0.56470588 0.92549020 0.07058824
v -16.04859348 6.68935025 -47.64018139 0.56470588 0.92549020 0.07058824
v -17.07725901 0.94425146 -39.17063560 0.56470588 0.92549020 0.07058824
v -17.21367727 0.00602744 -37.59459573 0.56470588 0.92549020 0.07058824
v 15.01785702 15.01151903 -64.57927296 0.56470588 0.92549020 0.07058824
v 14.68602907 16.85141310 -66.26693224 0.56470588 0.92549020 0.07058824
v 14.32470602 18.54509004 -67.95905428 0.56470588 0.92549020 0.07058824
v 17.94162810 -1.77903505 -45.94359659 0.56470588 0.92549020 0.07058824
v 18.47992673 -6.26910706 -37.59459573 0.56470588 0.92549020 0.07058824
v 18.13703780 -3.47271261 -42.55488472 0.56470588 0.92549020 0.07058824
v 8.62464246 29.76722432 -77.36618799 0.56470588 0.92549020 0.07058824
v 11.83231040 24.59480671 -72.62467508 0.56470588 0.92549020 0.07058824
v 11.75119701 24.42422236 -73.75424234 0.56470588 0.92549020 0.07058824
v 10.29484196 26.66012050 -76.43306787 0.56470588 0.92549020 0.07058824
v 10.18423285 26.41642569 -77.54031125 0.56470588 0.92549020 0.07058824
v 13.65367570 20.29969067 -71.31204895 0.56470588 0.92549020 0.07058824
v 14.24359263 18.54509004 -69.65564412 0.56470588 0.92549020 0.07058824
v 14.06661705 18.54509004 -71.34776615 0.56470588 0.92549020 0.07058824
v 13.41770994 20.90283433 -71.85227984 0.56470588 0.92549020 0.07058824
v 12.86097593 21.93244390 -73.04435599 0.56470588 0.92549020 0.07058824
v 12.12358103 23.76624586 -73.13365152 0.56470588 0.92549020 0.07058824
v -3.31378234 29.76722432 -77.51352461 0.56470588 0.92549020 0.07058824
v -8.47923415 20.88455923 -73.72745570 0.56470588 0.92549020 0.07058824
v -8.96222791 20.28750644 -73.11579040 0.56470588 0.92549020 0.07058824
v -10.10150318 18.54509004 -71.84334928 0.56470588 0.92549020 0.07058824
v -10.44439148 18.54509004 -70.99505688 0.56470588 0.92549020 0.07058824
v -11.35138756 16.85141310 -69.65564412 0.56470588 0.92549020 0.07058824
v -11.90074717 15.80352717 -68.66447786 0.56470588 0.92549020 0.07058824
v -12.05559954 16.43713268 -67.53491060 0.56470588 0.92549020 0.07058824
v -12.64920304 15.15773617 -66.26693224 0.56470588 0.92549020 0.07058824
v -12.18095682 16.94279866 -66.31604276 0.56470588 0.92549020 0.07058824
v -12.96259562 15.15773617 -64.57481020 0.56470588 0.92549020 0.07058824
v -13.21699676 15.15773617 -62.87822036 0.56470588 0.92549020 0.07058824
v -13.68524297 14.48148332 -60.70837633 0.56470588 0.92549020 0.07058824
v -14.08343551 13.46405924 -59.49397629 0.56470588 0.92549020 0.07058824
v -14.70284753 11.77038231 -57.80184921 0.56470588 0.92549020 0.07058824
v -15.38493756 9.41872887 -57.37770554 0.56470588 0.92549020 0.07058824
v -15.42918146 9.60759210 -56.10972717 0.56470588 0.92549020 0.07058824
v -15.80156674 8.38302781 -54.41314238 0.56470588 0.92549020 0.07058824
v -15.80893988 8.38302781 -52.72101530 0.56470588 0.92549020 0.07058824
v -16.22188123 6.68935025 -51.02443050 0.56470588 0.92549020 0.07058824
v -16.57951770 4.99567331 -49.33230342 0.56470588 0.92549020 0.07058824
v -16.51315186 4.99567331 -47.64018139 0.56470588 0.92549020 0.07058824
v -17.13993828 1.16357654 -40.86275763 0.56470588 0.92549020 0.07058824
v -17.34640895 -0.09145055 -39.17063560 0.56470588 0.92549020 0.07058824
v -17.65980153 -1.77903505 -37.59459573 0.56470588 0.92549020 0.07058824
v 15.16902283 14.35354379 -65.15075830 0.56470588 0.92549020 0.07058824
v 14.66390712 16.85141310 -67.95905428 0.56470588 0.92549020 0.07058824
v 15.16902283 14.35354379 -65.65526694 0.56470588 0.92549020 0.07058824
v 18.19971581 -3.47271261 -44.25146951 0.56470588 0.92549020 0.07058824
v 17.95268908 -1.77903505 -47.64018139 0.56470588 0.92549020 0.07058824
v 18.49467428 -6.34830838 -37.59459573 0.56470588 0.92549020 0.07058824
v 8.55090285 29.76722432 -77.54924181 0.56470588 0.92549020 0.07058824
v 12.01297256 23.36415093 -74.73647803 0.56470588 0.92549020 0.07058824
v 11.66270922 24.21098940 -74.73647803 0.56470588 0.92549020 0.07058824
v 10.86632288 25.31979777 -76.43306787 0.56470588 0.92549020 0.07058824
v 11.88024087 23.04125480 -76.03124303 0.56470588 0.92549020 0.07058824
v 11.53366537 23.61393660 -76.53128891 0.56470588 0.92549020 0.07058824
v 11.74382261 22.68789681 -77.16081534 0.56470588 0.92549020 0.07058824
v 11.08754110 23.62612083 -78.12518990 0.56470588 0.92549020 0.07058824
v 10.40545107 25.30152268 -78.11179658 0.56470588 0.92549020 0.07058824
v 10.19160662 24.72274749 -79.10742560 0.56470588 0.92549020 0.07058824
v 9.89664879 25.84983222 -78.66988355 0.56470588 0.92549020 0.07058824
v 13.54675380 19.70263914 -73.04435599 0.56470588 0.92549020 0.07058824
v 14.57910716 16.85141310 -69.65564412 0.56470588 0.92549020 0.07058824
v 13.80852934 18.54509004 -73.04435599 0.56470588 0.92549020 0.07058824
v 13.47670138 19.42239035 -73.93282835 0.56470588 0.92549020 0.07058824
v 14.39844500 16.85141310 -71.34776615 0.56470588 0.92549020 0.07058824
v 14.14404387 16.85141310 -73.04435599 0.56470588 0.92549020 0.07058824
v 13.31078803 20.54947887 -73.04435599 0.56470588 0.92549020 0.07058824
v 12.54021021 21.93244390 -74.73647803 0.56470588 0.92549020 0.07058824
v -2.99301535 29.76722432 -78.11625934 0.56470588 0.92549020 0.07058824
v -8.18058912 20.28750644 -74.71415415 0.56470588 0.92549020 0.07058824
v -8.67464385 19.75137860 -74.13374329 0.56470588 0.92549020 0.07058824
v -9.55951798 18.54509004 -73.04435599 0.56470588 0.92549020 0.07058824
v -10.23423424 17.64341998 -72.16927191 0.56470588 0.92549020 0.07058824
v -10.65454873 16.98544475 -71.49956552 0.56470588 0.92549020 0.07058824
v -11.70533747 15.20647564 -69.61099635 0.56470588 0.92549020 0.07058824
v -12.01504348 14.67643992 -69.01272437 0.56470588 0.92549020 0.07058824
v -12.19939220 15.20647564 -68.04388705 0.56470588 0.92549020 0.07058824
v -13.00315295 13.46405924 -66.26693224 0.56470588 0.92549020 0.07058824
v -13.67418200 12.78171427 -63.90956658 0.56470588 0.92549020 0.07058824
v -13.76635636 13.09242490 -62.87822036 0.56470588 0.92549020 0.07058824
v -13.86221730 13.57981453 -61.23967666 0.56470588 0.92549020 0.07058824
v -14.53693418 11.77038231 -59.49397629 0.56470588 0.92549020 0.07058824
v -15.31119858 9.13848072 -58.50727280 0.56470588 0.92549020 0.07058824
v -15.52135582 8.49878247 -57.88668198 0.56470588 0.92549020 0.07058824
v -16.07808983 6.68935025 -56.10972717 0.56470588 0.92549020 0.07058824
v -15.71676552 8.38302781 -56.10972717 0.56470588 0.92549020 0.07058824
v -14.34152449 11.77038231 -61.18609833 0.56470588 0.92549020 0.07058824
v -14.96462308 10.07670411 -59.49397629 0.56470588 0.92549020 0.07058824
v -16.19607271 6.68935025 -54.41314238 0.56470588 0.92549020 0.07058824
v -16.24400318 6.68935025 -52.72101530 0.56470588 0.92549020 0.07058824
v -16.61270063 4.99567331 -51.02443050 0.56470588 0.92549020 0.07058824
v -16.90028469 3.47258231 -49.33230342 0.56470588 0.92549020 0.07058824
v -16.87816274 3.40556649 -47.64018139 0.56470588 0.92549020 0.07058824
v -17.43489675 -0.09145055 -40.86275763 0.56470588 0.92549020 0.07058824
v -17.72616738 -1.77903505 -39.17063560 0.56470588 0.92549020 0.07058824
v -18.00637704 -3.47271261 -37.59459573 0.56470588 0.92549020 0.07058824
v 14.95149118 15.15773617 -67.95905428 0.56470588 0.92549020 0.07058824
v 15.58565074 11.77038231 -64.57481020 0.56470588 0.92549020 0.07058824
v 15.14690088 14.22560427 -66.78483925 0.56470588 0.92549020 0.07058824
v 17.65404404 -0.09145055 -51.02443050 0.56470588 0.92549020 0.07058824
v 17.64298307 -0.09145055 -52.72101530 0.56470588 0.92549020 0.07058824
v 18.19971581 -3.47271261 -45.94359659 0.56470588 0.92549020 0.07058824
v 18.41724746 -5.30651394 -40.92526652 0.56470588 0.92549020 0.07058824
v 18.55366572 -5.97058192 -41.53246402 0.56470588 0.92549020 0.07058824
v 18.18496827 -3.47271261 -47.64018139 0.56470588 0.92549020 0.07058824
v 17.91950616 -1.77903505 -51.02443050 0.56470588 0.92549020 0.07058824
v 18.62371813 -7.19514685 -37.59459573 0.56470588 0.92549020 0.07058824
v 8.42185899 27.92123813 -79.00026894 0.56470588 0.92549020 0.07058824
v 7.66971592 29.76722432 -78.35288644 0.56470588 0.92549020 0.07058824
v 12.10146035 22.04820045 -76.53128891 0.56470588 0.92549020 0.07058824
v 11.91342379 21.56081083 -77.78140615 0.56470588 0.92549020 0.07058824
v 11.62583973 22.04820045 -78.25466539 0.56470588 0.92549020 0.07058824
v 11.75119701 21.01249750 -78.91097846 0.56470588 0.92549020 0.07058824
v 8.69838208 27.01347596 -79.20564664 0.56470588 0.92549020 0.07058824
v 10.44232119 23.62612083 -79.38423770 0.56470588 0.92549020 0.07058824
v 9.79341345 22.31626374 -80.51827277 0.56470588 0.92549020 0.07058824
v 14.85931682 15.15773617 -69.65564412 0.56470588 0.92549020 0.07058824
v 13.57256231 18.54509004 -74.33465319 0.56470588 0.92549020 0.07058824
v 13.36977947 18.54509004 -75.17848283 0.56470588 0.92549020 0.07058824
v 12.65081869 20.23876697 -76.43306787 0.56470588 0.92549020 0.07058824
v 13.13750028 20.08645771 -74.59360922 0.56470588 0.92549020 0.07058824
v 14.66759369 15.15773617 -71.34776615 0.56470588 0.92549020 0.07058824
v 13.74953790 17.00981448 -74.89720796 0.56470588 0.92549020 0.07058824
v 14.40581941 15.15773617 -73.04435599 0.56470588 0.92549020 0.07058824
v 14.07399145 15.15773617 -74.73647803 0.56470588 0.92549020 0.07058824
v -2.63906576 29.76722432 -78.63862911 0.56470588 0.92549020 0.07058824
v -6.91226999 19.54423776 -77.35279467 0.56470588 0.92549020 0.07058824
v -6.71317309 20.67741713 -77.04919592 0.56470588 0.92549020 0.07058824
v -7.24041075 20.15956565 -76.45985451 0.56470588 0.92549020 0.07058824
v -8.39443356 18.54509004 -75.29903280 0.56470588 0.92549020 0.07058824
v -8.85899257 18.54509004 -74.45073536 0.56470588 0.92549020 0.07058824
v -9.97983310 16.98544475 -73.01756935 0.56470588 0.92549020 0.07058824
v -10.35590432 16.51024062 -72.43715345 0.56470588 0.92549020 0.07058824
v -11.06380350 15.15773617 -71.34776615 0.56470588 0.92549020 0.07058824
v -12.11459098 13.46405924 -69.28060592 0.56470588 0.92549020 0.07058824
v -12.54596770 13.46405924 -67.95905428 0.56470588 0.92549020 0.07058824
v -13.65206005 11.02102151 -65.48560644 0.56470588 0.92549020 0.07058824
v -13.54882472 12.14810876 -65.03913889 0.56470588 0.92549020 0.07058824
v -13.76635636 11.66071914 -64.51230131 0.56470588 0.92549020 0.07058824
v -14.43001102 10.07670411 -62.87822036 0.56470588 0.92549020 0.07058824
v -14.09080992 11.77038231 -62.87822036 0.56470588 0.92549020 0.07058824
v -15.24852057 8.82167797 -59.49397629 0.56470588 0.92549020 0.07058824
v -15.89742767 6.68935025 -57.80184921 0.56470588 0.92549020 0.07058824
v -16.38410800 4.99567331 -56.10972717 0.56470588 0.92549020 0.07058824
v -16.51315186 4.99567331 -54.41314238 0.56470588 0.92549020 0.07058824
v -14.72496948 10.07670411 -61.18609833 0.56470588 0.92549020 0.07058824
v -16.59795308 4.99567331 -52.72101530 0.56470588 0.92549020 0.07058824
v -16.90765909 3.44212046 -51.02443050 0.56470588 0.92549020 0.07058824
v -17.05145049 2.62574384 -49.33230342 0.56470588 0.92549020 0.07058824
v -17.47545281 -0.09145055 -42.55488472 0.56470588 0.92549020 0.07058824
v -17.75197590 -1.77903505 -40.86275763 0.56470588 0.92549020 0.07058824
v -18.01375144 -3.47271261 -39.17063560 0.56470588 0.92549020 0.07058824
v -18.27552698 -5.16638954 -37.59459573 0.56470588 0.92549020 0.07058824
v 15.12477893 14.01846469 -67.95905428 0.56470588 0.92549020 0.07058824
v 15.82899091 10.07670411 -64.57481020 0.56470588 0.92549020 0.07058824
v 17.87894883 -1.77903505 -52.72101530 0.56470588 0.92549020 0.07058824
v 18.55366572 -5.97058192 -42.03697771 0.56470588 0.92549020 0.07058824
v 18.43568284 -5.16638954 -44.25146951 0.56470588 0.92549020 0.07058824
v 18.76382296 -8.44408150 -37.59459573 0.56470588 0.92549020 0.07058824
v 18.77488394 -8.55374467 -37.59459573 0.56470588 0.92549020 0.07058824
v 18.78963274 -8.55374467 -39.17063560 0.56470588 0.92549020 0.07058824
v 18.15915975 -3.47271261 -49.33230342 0.56470588 0.92549020 0.07058824
v 18.12229026 -3.47271261 -51.02443050 0.56470588 0.92549020 0.07058824
v 9.22930630 23.69313792 -80.28610843 0.56470588 0.92549020 0.07058824
v 8.15639688 24.29628157 -80.61203106 0.56470588 0.92549020 0.07058824
v 6.68898085 29.76722432 -78.97348230 0.56470588 0.92549020 0.07058824
v 12.10514692 20.36670776 -78.25466539 0.56470588 0.92549020 0.07058824
v 12.57707970 18.54509004 -78.12518990 0.56470588 0.92549020 0.07058824
v 11.89130184 19.88541151 -79.17886000 0.56470588 0.92549020 0.07058824
v 11.24239473 20.36670776 -79.77266417 0.56470588 0.92549020 0.07058824
v 10.64879123 21.82278326 -79.90213966 0.56470588 0.92549020 0.07058824
v 10.11786701 21.18308437 -80.69239602 0.56470588 0.92549020 0.07058824
v 8.66519916 23.16919558 -80.77722375 0.56470588 0.92549020 0.07058824
v 15.07684846 13.44578162 -69.69582408 0.56470588 0.92549020 0.07058824
v 13.46195384 17.67997522 -75.56691435 0.56470588 0.92549020 0.07058824
v 13.04532592 18.54509004 -76.43306787 0.56470588 0.92549020 0.07058824
v 14.87775219 13.46405924 -71.34776615 0.56470588 0.92549020 0.07058824
v 13.66473668 15.18210591 -76.50003447 0.56470588 0.92549020 0.07058824
v 13.56887574 16.54679459 -75.98213251 0.56470588 0.92549020 0.07058824
v 14.58279373 13.46405924 -73.04435599 0.56470588 0.92549020 0.07058824
v 14.21409628 13.46405924 -74.73647803 0.56470588 0.92549020 0.07058824
v 13.84171226 13.46405924 -76.43306787 0.56470588 0.92549020 0.07058824
v 13.52463185 14.63379258 -77.41976632 0.56470588 0.92549020 0.07058824
v -2.15238528 29.76722432 -79.35298326 0.56470588 0.92549020 0.07058824
v -6.42558903 18.54509004 -78.39307145 0.56470588 0.92549020 0.07058824
v -7.04131384 18.54509004 -77.54924181 0.56470588 0.92549020 0.07058824
v -7.73077828 18.54509004 -76.43306787 0.56470588 0.92549020 0.07058824
v -3.47232223 22.79146913 -80.67007214 0.56470588 0.92549020 0.07058824
v -8.51610364 17.53985019 -75.52226658 0.56470588 0.92549020 0.07058824
v -9.02490655 16.92452104 -74.87042132 0.56470588 0.92549020 0.07058824
v -10.07200746 15.15773617 -73.52654580 0.56470588 0.92549020 0.07058824
v -10.47757440 15.15773617 -72.68271111 0.56470588 0.92549020 0.07058824
v -11.28870955 13.46405924 -71.34776615 0.56470588 0.92549020 0.07058824
v -11.88231179 12.10546141 -70.36106770 0.56470588 0.92549020 0.07058824
v -11.79751183 13.46405924 -70.12443556 0.56470588 0.92549020 0.07058824
v -12.16252145 11.63025728 -69.74047184 0.56470588 0.92549020 0.07058824
v -12.98471757 10.07670411 -67.95905428 0.56470588 0.92549020 0.07058824
v -12.77824690 11.77038231 -67.95905428 0.56470588 0.92549020 0.07058824
v -13.46402476 10.07670411 -66.56160547 0.56470588 0.92549020 0.07058824
v -13.72948687 10.07670411 -65.71330803 0.56470588 0.92549020 0.07058824
v -14.03919288 10.07670411 -64.57481020 0.56470588 0.92549020 0.07058824
v -14.70653410 8.38302781 -62.87822036 0.56470588 0.92549020 0.07058824
v -15.35175590 7.64585188 -60.45388810 0.56470588 0.92549020 0.07058824
v -15.66514848 6.68935025 -59.49397629 0.56470588 0.92549020 0.07058824
v -16.18869831 4.99567331 -57.80184921 0.56470588 0.92549020 0.07058824
v -16.63850914 3.29590395 -56.10972717 0.56470588 0.92549020 0.07058824
v -16.77861523 3.29590395 -54.41314238 0.56470588 0.92549020 0.07058824
v -16.90028469 3.16187167 -52.64511814 0.56470588 0.92549020 0.07058824
v -17.02932854 2.50998887 -52.03345284 0.56470588 0.92549020 0.07058824
v -17.04776392 2.59528199 -51.02443050 0.56470588 0.92549020 0.07058824
v -17.75566247 -1.77903505 -42.55488472 0.56470588 0.92549020 0.07058824
v -17.73354052 -1.77903505 -44.25146951 0.56470588 0.92549020 0.07058824
v -18.47830982 -6.86006648 -37.59459573 0.56470588 0.92549020 0.07058824
v 15.72944340 10.07670411 -66.26693224 0.56470588 0.92549020 0.07058824
v 15.41236299 11.77038231 -67.95905428 0.56470588 0.92549020 0.07058824
v 16.23455911 6.68935025 -64.57481020 0.56470588 0.92549020 0.07058824
v 17.52131235 -0.09145055 -56.10972717 0.56470588 0.92549020 0.07058824
v 17.22635515 1.60222670 -57.80184921 0.56470588 0.92549020 0.07058824
v 18.05223658 -3.47271261 -52.72101530 0.56470588 0.92549020 0.07058824
v 17.79046230 -1.77903505 -54.41314238 0.56470588 0.92549020 0.07058824
v 18.78963274 -8.55374467 -40.86275763 0.56470588 0.92549020 0.07058824
v 18.62740470 -6.92708230 -44.25146951 0.56470588 0.92549020 0.07058824
v 18.53891817 -6.07415171 -44.25146951 0.56470588 0.92549020 0.07058824
v 18.87074613 -10.12557420 -37.59459573 0.56470588 0.92549020 0.07058824
v 18.87811927 -10.24742160 -37.59459573 0.56470588 0.92549020 0.07058824
v 18.88180710 -10.24742160 -39.17063560 0.56470588 0.92549020 0.07058824
v 18.35088162 -5.16638954 -49.33230342 0.56470588 0.92549020 0.07058824
v 7.57016778 23.69313792 -80.92009256 0.56470588 0.92549020 0.07058824
v 7.02818258 24.70446988 -80.74150655 0.56470588 0.92549020 0.07058824
v 4.78650153 29.76722432 -79.50478263 0.56470588 0.92549020 0.07058824
v 5.77092380 29.76722432 -79.25922497 0.56470588 0.92549020 0.07058824
v 6.23916938 29.76722432 -79.12081892 0.56470588 0.92549020 0.07058824
v 13.34028312 17.00981448 -76.50003447 0.56470588 0.92549020 0.07058824
v 13.42139651 15.76697194 -77.11169977 0.56470588 0.92549020 0.07058824
v 12.91628080 16.85141310 -78.12518990 0.56470588 0.92549020 0.07058824
v 12.05721645 18.54509004 -79.41102434 0.56470588 0.92549020 0.07058824
v 11.36037762 18.54509004 -80.25931674 0.56470588 0.92549020 0.07058824
v 10.28009442 20.23876697 -80.79508487 0.56470588 0.92549020 0.07058824
v 9.22930630 20.23876697 -81.24155243 0.56470588 0.92549020 0.07058824
v 9.22930630 21.82278326 -80.89330592 0.56470588 0.92549020 0.07058824
v 7.53698486 20.23876697 -81.75945944 0.56470588 0.92549020 0.07058824
v 7.53698486 21.93244390 -81.38888905 0.56470588 0.92549020 0.07058824
v 15.18745820 12.87309982 -69.16006099 0.56470588 0.92549020 0.07058824
v 15.60408612 10.07670411 -67.95905428 0.56470588 0.92549020 0.07058824
v 15.14321431 12.33697199 -70.28963330 0.56470588 0.92549020 0.07058824
v 15.03260457 11.77038231 -71.23615179 0.56470588 0.92549020 0.07058824
v 14.67496809 11.77038231 -73.04435599 0.56470588 0.92549020 0.07058824
v 14.50905474 8.38302781 -74.73647803 0.56470588 0.92549020 0.07058824
v 13.56887574 13.46405924 -77.51798736 0.56470588 0.92549020 0.07058824
v 13.18543075 15.18210591 -78.04036218 0.56470588 0.92549020 0.07058824
v 13.17436977 13.46405924 -78.36628481 0.56470588 0.92549020 0.07058824
v -1.62883482 29.76722432 -79.63425812 0.56470588 0.92549020 0.07058824
v -1.86111417 26.35550199 -80.72365047 0.56470588 0.92549020 0.07058824
v -5.57758502 18.54509004 -79.44674155 0.56470588 0.92549020 0.07058824
v -6.59150301 16.85141310 -78.63416635 0.56470588 0.92549020 0.07058824
v -7.22197600 16.85141310 -77.79033671 0.56470588 0.92549020 0.07058824
v -8.14740619 16.92452104 -76.34823510 0.56470588 0.92549020 0.07058824
v -8.64146093 16.41276295 -75.73210704 0.56470588 0.92549020 0.07058824
v -2.62431790 21.93244390 -81.50050341 0.56470588 0.92549020 0.07058824
v -2.55795238 20.31796829 -81.95590658 0.56470588 0.92549020 0.07058824
v -3.59030542 21.93244390 -80.79508487 0.56470588 0.92549020 0.07058824
v -2.08601959 25.31979777 -80.88437536 0.56470588 0.92549020 0.07058824
v -2.65012674 23.46162734 -81.04957310 0.56470588 0.92549020 0.07058824
v -9.41941252 15.15773617 -74.73647803 0.56470588 0.92549020 0.07058824
v -10.17155560 13.46405924 -73.73638626 0.56470588 0.92549020 0.07058824
v -10.58449631 13.46405924 -72.88808881 0.56470588 0.92549020 0.07058824
v -11.94499106 10.97228205 -70.51286708 0.56470588 0.92549020 0.07058824
v -12.34687017 10.07670411 -69.65564412 0.56470588 0.92549020 0.07058824
v -13.12850897 8.38302781 -67.95905428 0.56470588 0.92549020 0.07058824
v -13.54145031 8.38302781 -66.84734309 0.56470588 0.92549020 0.07058824
v -13.83272221 8.38302781 -65.99905070 0.56470588 0.92549020 0.07058824
v -14.26778424 8.38302781 -64.57481020 0.56470588 0.92549020 0.07058824
v -14.93144015 6.68935025 -62.87822036 0.56470588 0.92549020 0.07058824
v -15.24483273 6.68935025 -61.62364037 0.56470588 0.92549020 0.07058824
v -15.43655586 6.68935025 -60.77534293 0.56470588 0.92549020 0.07058824
v -15.91954962 4.99567331 -59.49397629 0.56470588 0.92549020 0.07058824
v -16.39885681 3.29590395 -57.80184921 0.56470588 0.92549020 0.07058824
v -16.80811032 1.60222670 -56.10972717 0.56470588 0.92549020 0.07058824
v -16.97033710 1.66315040 -54.50690067 0.56470588 0.92549020 0.07058824
v -16.99983345 2.26629437 -53.16302515 0.56470588 0.92549020 0.07058824
v -17.09569439 1.66315040 -52.64511814 0.56470588 0.92549020 0.07058824
v -17.16574680 1.60222670 -51.02443050 0.56470588 0.92549020 0.07058824
v -17.69298446 -1.77903505 -45.94359659 0.56470588 0.92549020 0.07058824
v -18.65897198 -8.64512896 -37.60798905 0.56470588 0.92549020 0.07058824
v -18.65897198 -8.64512896 -37.59459573 0.56470588 0.92549020 0.07058824
v 15.93222624 8.38302781 -66.26693224 0.56470588 0.92549020 0.07058824
v 17.13049296 1.60222670 -59.49397629 0.56470588 0.92549020 0.07058824
v 16.86134427 2.53435829 -62.10582513 0.56470588 0.92549020 0.07058824
v 17.42545142 -0.09145055 -57.80184921 0.56470588 0.92549020 0.07058824
v 17.69460010 -1.77903505 -56.10972717 0.56470588 0.92549020 0.07058824
v 17.92319273 -3.47271261 -54.41314238 0.56470588 0.92549020 0.07058824
v 18.27714263 -5.16638954 -51.02443050 0.56470588 0.92549020 0.07058824
v 18.76013639 -8.55374467 -42.55488472 0.56470588 0.92549020 0.07058824
v 18.87074613 -10.24742160 -40.86275763 0.56470588 0.92549020 0.07058824
v 18.60528402 -7.15249950 -45.94359659 0.56470588 0.92549020 0.07058824
v 18.89655465 -11.81925113 -37.59459573 0.56470588 0.92549020 0.07058824
v 5.84097621 21.93244390 -81.74160336 0.56470588 0.92549020 0.07058824
v 5.84097621 23.62612083 -81.28173744 0.56470588 0.92549020 0.07058824
v 5.84097621 25.01518177 -80.84865815 0.56470588 0.92549020 0.07058824
v 3.09418008 29.76722432 -79.83517306 0.56470588 0.92549020 0.07058824
v 12.22312980 16.85141310 -79.62532756 0.56470588 0.92549020 0.07058824
v 11.54841291 16.85141310 -80.47362500 0.56470588 0.92549020 0.07058824
v 10.51606081 18.54509004 -80.94688425 0.56470588 0.92549020 0.07058824
v 9.22930630 18.54509004 -81.52729510 0.56470588 0.92549020 0.07058824
v 7.37844465 18.39887416 -82.10323815 0.56470588 0.92549020 0.07058824
v 6.33871815 18.86798617 -82.28629197 0.56470588 0.92549020 0.07058824
v 5.21050385 19.59906935 -82.40237414 0.56470588 0.92549020 0.07058824
v 5.80041952 20.19612088 -82.15235372 0.56470588 0.92549020 0.07058824
v 16.10182742 6.68935025 -66.26693224 0.56470588 0.92549020 0.07058824
v 15.76262633 8.38302781 -67.95905428 0.56470588 0.92549020 0.07058824
v 15.17639723 11.20988474 -70.59769480 0.56470588 0.92549020 0.07058824
v 15.48610324 8.38302781 -69.65564412 0.56470588 0.92549020 0.07058824
v 15.53772028 6.68935025 -69.65564412 0.56470588 0.92549020 0.07058824
v 14.88512534 6.68935025 -73.04435599 0.56470588 0.92549020 0.07058824
v 14.54223767 6.68935025 -74.73647803 0.56470588 0.92549020 0.07058824
v 14.05186950 8.38302781 -76.43306787 0.56470588 0.92549020 0.07058824
v 13.58362329 11.77038231 -77.55817237 0.56470588 0.92549020 0.07058824
v 12.30055662 15.15773617 -79.69229921 0.56470588 0.92549020 0.07058824
v 13.18911732 11.77038231 -78.40646477 0.56470588 0.92549020 0.07058824
v -0.87300494 29.76722432 -80.01822184 0.56470588 0.92549020 0.07058824
v -0.92830957 23.62612083 -81.74160336 0.56470588 0.92549020 0.07058824
v -1.59565206 20.93329618 -82.32647697 0.56470588 0.92549020 0.07058824
v -4.84756389 18.54509004 -80.29503394 0.56470588 0.92549020 0.07058824
v -5.74718557 16.85141310 -79.62086480 0.56470588 0.92549020 0.07058824
v -3.81521084 20.23876697 -81.03171197 0.56470588 0.92549020 0.07058824
v -6.71317309 15.15773617 -78.79489629 0.56470588 0.92549020 0.07058824
v -7.35839363 15.15773617 -77.94660389 0.56470588 0.92549020 0.07058824
v -8.20271106 15.15773617 -76.74112937 0.56470588 0.92549020 0.07058824
v -8.74838347 15.15773617 -75.89729973 0.56470588 0.92549020 0.07058824
v -1.94960165 19.80621019 -82.44255914 0.56470588 0.92549020 0.07058824
v -2.97089372 18.54509004 -82.04520211 0.56470588 0.92549020 0.07058824
v -9.62219662 13.46405924 -74.73647803 0.56470588 0.92549020 0.07058824
v -10.22317327 12.30651014 -73.84353787 0.56470588 0.92549020 0.07058824
v -10.59187071 11.75210469 -73.18276205 0.56470588 0.92549020 0.07058824
v -11.98186055 10.07670411 -70.58430148 0.56470588 0.92549020 0.07058824
v -13.60044175 6.68935025 -67.02146635 0.56470588 0.92549020 0.07058824
v -13.89908679 6.68935025 -66.17317395 0.56470588 0.92549020 0.07058824
v -14.43738542 6.68935025 -64.57481020 0.56470588 0.92549020 0.07058824
v -15.11578888 4.99567331 -62.75767544 0.56470588 0.92549020 0.07058824
v -15.35175590 4.43517575 -62.11475569 0.56470588 0.92549020 0.07058824
v -15.30382417 5.56226300 -61.93616968 0.56470588 0.92549020 0.07058824
v -15.52135582 4.99567331 -61.29771774 0.56470588 0.92549020 0.07058824
v -16.08546297 3.29590395 -59.49397629 0.56470588 0.92549020 0.07058824
v -16.52052626 1.60222670 -57.80184921 0.56470588 0.92549020 0.07058824
v -16.86341519 -0.09145055 -56.10972717 0.56470588 0.92549020 0.07058824
v -17.00720659 -0.09145055 -55.11856092 0.56470588 0.92549020 0.07058824
v -17.10306879 -0.09145055 -54.27026852 0.56470588 0.92549020 0.07058824
v -17.06619803 1.13920681 -54.00684974 0.56470588 0.92549020 0.07058824
v -17.25423459 -0.09145055 -52.72101530 0.56470588 0.92549020 0.07058824
v -17.34640895 -0.09145055 -51.02443050 0.56470588 0.92549020 0.07058824
v -18.71427685 -9.47369108 -38.25983684 0.56470588 0.92549020 0.07058824
v -18.72164999 -9.35793579 -37.59459573 0.56470588 0.92549020 0.07058824
v 16.41890784 4.99567331 -64.57481020 0.56470588 0.92549020 0.07058824
v 17.28534659 -0.09145055 -59.49397629 0.56470588 0.92549020 0.07058824
v 17.09731130 -0.09145055 -61.18609833 0.56470588 0.92549020 0.07058824
v 16.88715279 1.60222670 -62.27102287 0.56470588 0.92549020 0.07058824
v 16.52582974 3.29590395 -64.57481020 0.56470588 0.92549020 0.07058824
v 17.77202692 -3.47271261 -56.10972717 0.56470588 0.92549020 0.07058824
v 17.53237333 -1.77903505 -57.80184921 0.56470588 0.92549020 0.07058824
v 18.14441094 -5.16638954 -52.72101530 0.56470588 0.92549020 0.07058824
v 18.43199500 -6.86006648 -49.33230342 0.56470588 0.92549020 0.07058824
v 18.30663898 -6.86006648 -51.02443050 0.56470588 0.92549020 0.07058824
v 18.71957907 -8.55374467 -44.25146951 0.56470588 0.92549020 0.07058824
v 18.89655465 -11.94109854 -37.59459573 0.56470588 0.92549020 0.07058824
v 18.88180710 -11.94109854 -39.17063560 0.56470588 0.92549020 0.07058824
v 18.82650223 -11.94109854 -40.86275763 0.56470588 0.92549020 0.07058824
v 18.80438029 -10.24742160 -42.55488472 0.56470588 0.92549020 0.07058824
v 18.65690105 -8.55374467 -45.94359659 0.56470588 0.92549020 0.07058824
v 18.56472669 -7.50585748 -47.07763166 0.56470588 0.92549020 0.07058824
v 4.14865477 20.80535791 -82.29969033 0.56470588 0.92549020 0.07058824
v 4.14865477 21.93244390 -82.02287823 0.56470588 0.92549020 0.07058824
v 4.14865477 23.62612083 -81.54515118 0.56470588 0.92549020 0.07058824
v 2.45633332 29.76722432 -79.93339411 0.56470588 0.92549020 0.07058824
v 10.70040953 16.85141310 -81.02724922 0.56470588 0.92549020 0.07058824
v 11.60740561 15.15773617 -80.54059665 0.56470588 0.92549020 0.07058824
v 9.22930630 16.85141310 -81.66570115 0.56470588 0.92549020 0.07058824
v 6.71110217 17.73480554 -82.36666198 0.56470588 0.92549020 0.07058824
v 5.80041952 18.39887416 -82.46042027 0.56470588 0.92549020 0.07058824
v 4.14865477 19.95851945 -82.48274415 0.56470588 0.92549020 0.07058824
v 4.14865477 18.54509004 -82.71937125 0.56470588 0.92549020 0.07058824
v 2.45633332 18.54509004 -82.96046111 0.56470588 0.92549020 0.07058824
v 16.20874933 4.99567331 -66.26693224 0.56470588 0.92549020 0.07058824
v 15.86217383 6.68935025 -67.95905428 0.56470588 0.92549020 0.07058824
v 16.26036763 3.29590395 -66.26693224 0.56470588 0.92549020 0.07058824
v 14.00762561 6.68935025 -76.43306787 0.56470588 0.92549020 0.07058824
v 14.87406436 4.99567331 -73.04435599 0.56470588 0.92549020 0.07058824
v 15.09897041 3.29590395 -71.83441872 0.56470588 0.92549020 0.07058824
v 14.79663881 3.29590395 -73.04435599 0.56470588 0.92549020 0.07058824
v 14.44637547 4.99567331 -74.73647803 0.56470588 0.92549020 0.07058824
v 13.60574524 8.38302781 -77.54477905 0.56470588 0.92549020 0.07058824
v 13.59468426 10.07670411 -77.57603350 0.56470588 0.92549020 0.07058824
v 12.32636514 13.46405924 -79.64765144 0.56470588 0.92549020 0.07058824
v 13.16699537 10.07670411 -78.41985809 0.56470588 0.92549020 0.07058824
v 0.70870732 29.76722432 -80.17895177 0.56470588 0.92549020 0.07058824
v -0.09874019 27.87250119 -80.67007214 0.56470588 0.92549020 0.07058824
v -0.46743768 21.32320939 -82.42469802 0.56470588 0.92549020 0.07058824
v -0.99098814 21.90198205 -82.18807092 0.56470588 0.92549020 0.07058824
v -0.99098814 20.31796829 -82.55417856 0.56470588 0.92549020 0.07058824
v -0.92830957 18.54509004 -82.86670282 0.56470588 0.92549020 0.07058824
v -4.00324645 18.54509004 -81.20137247 0.56470588 0.92549020 0.07058824
v -4.98766904 16.85141310 -80.46916225 0.56470588 0.92549020 0.07058824
v -5.86516908 15.15773617 -79.73694697 0.56470588 0.92549020 0.07058824
v -6.78322550 13.46405924 -78.88418677 0.56470588 0.92549020 0.07058824
v -7.45425519 13.46405924 -78.04036218 0.56470588 0.92549020 0.07058824
v -8.30225920 13.46405924 -76.90185931 0.56470588 0.92549020 0.07058824
v -8.85161880 13.46405924 -76.05356691 0.56470588 0.92549020 0.07058824
v -2.12657644 18.54509004 -82.53185468 0.56470588 0.92549020 0.07058824
v -3.08518972 16.85141310 -82.13002984 0.56470588 0.92549020 0.07058824
v -4.13966471 16.85141310 -81.28173744 0.56470588 0.92549020 0.07058824
v -9.84341484 11.75210469 -74.58914141 0.56470588 0.92549020 0.07058824
v -10.26741716 11.17942289 -73.92390283 0.56470588 0.92549020 0.07058824
v -11.56523264 10.07670411 -71.43259388 0.56470588 0.92549020 0.07058824
v -12.01873005 8.38302781 -70.66020369 0.56470588 0.92549020 0.07058824
v -12.45010551 8.38302781 -69.65564412 0.56470588 0.92549020 0.07058824
v -13.62625153 4.99567331 -67.09290075 0.56470588 0.92549020 0.07058824
v -13.93964411 4.99567331 -66.24460836 0.56470588 0.92549020 0.07058824
v -14.54062076 4.99567331 -64.57481020 0.56470588 0.92549020 0.07058824
v -15.37387659 3.29590395 -62.16386621 0.56470588 0.92549020 0.07058824
v -15.66883505 3.29590395 -61.18609833 0.56470588 0.92549020 0.07058824
v -16.17026419 1.60222670 -59.49397629 0.56470588 0.92549020 0.07058824
v -16.54264821 -0.09145055 -57.80184921 0.56470588 0.92549020 0.07058824
v -16.83760668 -1.77903505 -56.10972717 0.56470588 0.92549020 0.07058824
v -16.99983345 -3.47271261 -55.10963540 0.56470588 0.92549020 0.07058824
v -17.13625171 -5.16638954 -54.18990355 0.56470588 0.92549020 0.07058824
v -17.36115650 -5.16638954 -52.72101530 0.56470588 0.92549020 0.07058824
v -17.78515882 -6.86006648 -49.33230342 0.56470588 0.92549020 0.07058824
v -17.93263805 -6.86006648 -47.64018139 0.56470588 0.92549020 0.07058824
v -18.38982203 -8.55374467 -42.55488472 0.56470588 0.92549020 0.07058824
v -18.56679761 -10.24742160 -40.86275763 0.56470588 0.92549020 0.07058824
v -18.67740609 -10.11948082 -39.07241203 0.56470588 0.92549020 0.07058824
v -18.72533782 -10.60077706 -38.43842537 0.56470588 0.92549020 0.07058824
v -18.75114634 -10.11948082 -37.60798905 0.56470588 0.92549020 0.07058824
v -18.75114634 -10.10729658 -37.59459573 0.56470588 0.92549020 0.07058824
v 17.54712213 -3.47271261 -57.80184921 0.56470588 0.92549020 0.07058824
v 16.92033571 -0.09145055 -62.39156780 0.56470588 0.92549020 0.07058824
v 17.96006222 -5.16638954 -54.41314238 0.56470588 0.92549020 0.07058824
v 17.73884400 -5.16638954 -56.10972717 0.56470588 0.92549020 0.07058824
v 18.57578767 -8.55374467 -47.11781162 0.56470588 0.92549020 0.07058824
v 18.56472669 -9.59553848 -46.93922561 0.56470588 0.92549020 0.07058824
v 18.18128170 -8.55374467 -51.02443050 0.56470588 0.92549020 0.07058824
v 18.10754145 -6.86006648 -52.72101530 0.56470588 0.92549020 0.07058824
v 18.83018881 -13.51292806 -37.59459573 0.56470588 0.92549020 0.07058824
v 18.75644982 -13.63477547 -39.17063560 0.56470588 0.92549020 0.07058824
v 18.64584008 -13.64695971 -40.73774995 0.56470588 0.92549020 0.07058824
v 18.60159618 -13.09255426 -42.21110096 0.56470588 0.92549020 0.07058824
v 18.67533643 -12.07513018 -42.68882296 0.56470588 0.92549020 0.07058824
v 18.56104012 -11.19173648 -45.27835297 0.56470588 0.92549020 0.07058824
v 18.59790961 -10.19868214 -45.88108770 0.56470588 0.92549020 0.07058824
v 3.27115472 21.07342120 -82.35772637 0.56470588 0.92549020 0.07058824
v 2.60381255 21.87152020 -82.21485756 0.56470588 0.92549020 0.07058824
v 1.39817159 29.76722432 -80.08519348 0.56470588 0.92549020 0.07058824
v 10.75940097 15.15773617 -81.03171197 0.56470588 0.92549020 0.07058824
v 12.34111268 11.77038231 -79.58068484 0.56470588 0.92549020 0.07058824
v 12.31899073 10.07670411 -79.47799599 0.56470588 0.92549020 0.07058824
v 11.51891782 13.46405924 -80.49148613 0.56470588 0.92549020 0.07058824
v 7.63653299 16.85141310 -82.15235372 0.56470588 0.92549020 0.07058824
v 9.22930630 15.15773617 -81.67016896 0.56470588 0.92549020 0.07058824
v 7.71027261 15.15773617 -82.15682152 0.56470588 0.92549020 0.07058824
v 6.78852899 16.85141310 -82.38898586 0.56470588 0.92549020 0.07058824
v 5.84097621 16.85141310 -82.59435347 0.56470588 0.92549020 0.07058824
v 4.14865477 16.85141310 -82.89796231 0.56470588 0.92549020 0.07058824
v 2.60381255 20.39716961 -82.57203968 0.56470588 0.92549020 0.07058824
v 2.45633332 16.85141310 -83.12566390 0.56470588 0.92549020 0.07058824
v 0.76032499 18.54509004 -83.05421939 0.56470588 0.92549020 0.07058824
v 0.76032499 20.23876697 -82.71490849 0.56470588 0.92549020 0.07058824
v 16.55163826 1.60222670 -64.57481020 0.56470588 0.92549020 0.07058824
v 16.23455911 1.60222670 -66.26693224 0.56470588 0.92549020 0.07058824
v 13.56518917 6.68935025 -77.43762744 0.56470588 0.92549020 0.07058824
v 14.26940115 3.29590395 -74.73647803 0.56470588 0.92549020 0.07058824
v 13.77903299 5.05050490 -76.50896503 0.56470588 0.92549020 0.07058824
v 13.50619773 5.64755643 -77.33493354 0.56470588 0.92549020 0.07058824
v 16.49264682 -0.09145055 -64.57481020 0.56470588 0.92549020 0.07058824
v 16.10551400 -0.09145055 -66.26693224 0.56470588 0.92549020 0.07058824
v 15.03260457 1.51693358 -71.34330339 0.56470588 0.92549020 0.07058824
v 14.59016813 1.60222670 -73.04435599 0.56470588 0.92549020 0.07058824
v 13.02689054 8.38302781 -78.39307145 0.56470588 0.92549020 0.07058824
v 2.13925354 21.26837655 -82.40683689 0.56470588 0.92549020 0.07058824
v 0.76032499 21.39631733 -82.44702190 0.56470588 0.92549020 0.07058824
v 0.76032499 16.85141310 -83.20156106 0.56470588 0.92549020 0.07058824
v -0.92830957 16.85141310 -83.00064611 0.56470588 0.92549020 0.07058824
v -5.08721717 15.15773617 -80.58524442 0.56470588 0.92549020 0.07058824
v -5.93890870 13.46405924 -79.78159474 0.56470588 0.92549020 0.07058824
v -6.77216453 11.77038231 -78.88418677 0.56470588 0.92549020 0.07058824
v -7.49849909 11.77038231 -78.03589437 0.56470588 0.92549020 0.07058824
v -8.34281589 11.77038231 -76.98222428 0.56470588 0.92549020 0.07058824
v -8.91429744 11.77038231 -76.13393188 0.56470588 0.92549020 0.07058824
v -2.23718571 16.85141310 -82.58989071 0.56470588 0.92549020 0.07058824
v -3.07781594 15.15773617 -82.14342316 0.56470588 0.92549020 0.07058824
v -4.23921285 15.15773617 -81.29959352 0.56470588 0.92549020 0.07058824
v -9.79548437 10.07670411 -74.83469907 0.56470588 0.92549020 0.07058824
v -10.30428665 10.07670411 -73.98640668 0.56470588 0.92549020 0.07058824
v -10.77253287 10.07670411 -73.04435599 0.56470588 0.92549020 0.07058824
v -10.83152431 8.38302781 -73.04435599 0.56470588 0.92549020 0.07058824
v -11.61684968 6.68935025 -71.53975053 0.56470588 0.92549020 0.07058824
v -12.03347759 6.68935025 -70.69145309 0.56470588 0.92549020 0.07058824
v -12.49066283 6.68935025 -69.65564412 0.56470588 0.92549020 0.07058824
v -13.24649311 4.99567331 -67.95905428 0.56470588 0.92549020 0.07058824
v -13.61150273 3.29590395 -67.06165136 0.56470588 0.92549020 0.07058824
v -13.93595754 3.29590395 -66.21335391 0.56470588 0.92549020 0.07058824
v -14.53324635 3.29590395 -64.57481020 0.56470588 0.92549020 0.07058824
v -15.37019002 1.60222670 -62.14601014 0.56470588 0.92549020 0.07058824
v -15.70201797 1.60222670 -61.18609833 0.56470588 0.92549020 0.07058824
v -16.13708127 -0.09145055 -59.49397629 0.56470588 0.92549020 0.07058824
v -16.47628237 -1.77903505 -57.80184921 0.56470588 0.92549020 0.07058824
v -16.79336278 -3.47271261 -56.10972717 0.56470588 0.92549020 0.07058824
v -16.97033710 -5.16638954 -55.03373319 0.56470588 0.92549020 0.07058824
v -17.09200781 -6.86006648 -53.85951817 0.56470588 0.92549020 0.07058824
v -17.31322603 -6.86006648 -52.72101530 0.56470588 0.92549020 0.07058824
v -17.57868815 -6.86006648 -51.02443050 0.56470588 0.92549020 0.07058824
v -17.75566247 -8.55374467 -49.33230342 0.56470588 0.92549020 0.07058824
v -17.95107217 -8.55374467 -47.64018139 0.56470588 0.92549020 0.07058824
v -18.12067335 -8.55374467 -45.94359659 0.56470588 0.92549020 0.07058824
v -18.26077818 -8.55374467 -44.25146951 0.56470588 0.92549020 0.07058824
v -18.44144033 -10.24742160 -42.55488472 0.56470588 0.92549020 0.07058824
v -18.66634638 -11.94109854 -39.26439389 0.56470588 0.92549020 0.07058824
v -18.72164999 -11.94109854 -38.41610149 0.56470588 0.92549020 0.07058824
v -18.76220731 -12.06294594 -37.59459573 0.56470588 0.92549020 0.07058824
v -18.76220731 -11.94109854 -37.59459573 0.56470588 0.92549020 0.07058824
v 17.45125994 -5.16638954 -57.80184921 0.56470588 0.92549020 0.07058824
v 16.90190160 -1.38912373 -62.26655507 0.56470588 0.92549020 0.07058824
v 16.76179551 -0.09145055 -63.23986020 0.56470588 0.92549020 0.07058824
v 17.86788786 -6.86006648 -54.41314238 0.56470588 0.92549020 0.07058824
v 17.58767820 -6.86006648 -56.10972717 0.56470588 0.92549020 0.07058824
v 18.51310966 -10.72871785 -46.40792528 0.56470588 0.92549020 0.07058824
v 18.43199500 -10.19868214 -47.55981642 0.56470588 0.92549020 0.07058824
v 17.92319273 -8.55374467 -52.72101530 0.56470588 0.92549020 0.07058824
v 18.18865484 -10.24742160 -49.33230342 0.56470588 0.92549020 0.07058824
v 17.93425370 -10.24742160 -51.02443050 0.56470588 0.92549020 0.07058824
v 18.81912783 -13.63477547 -37.59459573 0.56470588 0.92549020 0.07058824
v 18.66058763 -15.01774177 -37.59459573 0.56470588 0.92549020 0.07058824
v 18.64952665 -15.09694309 -37.59459573 0.56470588 0.92549020 0.07058824
v 18.59790961 -14.74358510 -39.17063560 0.56470588 0.92549020 0.07058824
v 18.55366572 -14.52426002 -40.09036745 0.56470588 0.92549020 0.07058824
v 18.50204868 -14.21964151 -41.21993471 0.56470588 0.92549020 0.07058824
v 18.53891817 -12.73310542 -43.34066822 0.56470588 0.92549020 0.07058824
v 18.44305598 -13.64695971 -42.68882296 0.56470588 0.92549020 0.07058824
v 10.67091318 13.46405924 -80.96920813 0.56470588 0.92549020 0.07058824
v 9.22930630 13.46405924 -81.57640562 0.56470588 0.92549020 0.07058824
v 12.17888590 8.38302781 -79.29940493 0.56470588 0.92549020 0.07058824
v 11.36037762 11.77038231 -80.42897724 0.56470588 0.92549020 0.07058824
v 6.86226860 15.15773617 -82.41130975 0.56470588 0.92549020 0.07058824
v 6.81065093 13.81741596 -82.39791138 0.56470588 0.92549020 0.07058824
v 5.84097621 15.15773617 -82.65686236 0.56470588 0.92549020 0.07058824
v 4.14865477 15.15773617 -82.97832223 0.56470588 0.92549020 0.07058824
v 2.45633332 15.15773617 -83.17477442 0.56470588 0.92549020 0.07058824
v 13.72372812 3.29590395 -76.04910415 0.56470588 0.92549020 0.07058824
v 13.88964273 1.52302601 -74.84809744 0.56470588 0.92549020 0.07058824
v 13.60205866 2.03478442 -75.79014813 0.56470588 0.92549020 0.07058824
v 13.35503067 4.52046918 -77.12509309 0.56470588 0.92549020 0.07058824
v 12.72087110 5.05050490 -77.85284055 0.56470588 0.92549020 0.07058824
v 11.97241523 7.02443061 -79.11635111 0.56470588 0.92549020 0.07058824
v 16.72123944 -1.88260547 -62.85143372 0.56470588 0.92549020 0.07058824
v 16.32673348 -1.77903505 -64.57481020 0.56470588 0.92549020 0.07058824
v 16.82078821 -5.78171870 -60.21725596 0.56470588 0.92549020 0.07058824
v 16.71017847 -6.86006648 -59.83775500 0.56470588 0.92549020 0.07058824
v 14.23990480 -0.09145055 -73.04435599 0.56470588 0.92549020 0.07058824
v 0.76032499 15.15773617 -83.20602382 0.56470588 0.92549020 0.07058824
v -0.92830957 15.15773617 -82.98278499 0.56470588 0.92549020 0.07058824
v -2.22981162 15.15773617 -82.58096520 0.56470588 0.92549020 0.07058824
v -5.12408698 13.46405924 -80.62988713 0.56470588 0.92549020 0.07058824
v -5.92416052 11.77038231 -79.72802146 0.56470588 0.92549020 0.07058824
v -6.67630360 10.07670411 -78.79935904 0.56470588 0.92549020 0.07058824
v -7.48006371 10.07670411 -77.95552941 0.56470588 0.92549020 0.07058824
v -8.32438115 10.07670411 -76.98668703 0.56470588 0.92549020 0.07058824
v -8.94747974 10.07670411 -76.13839464 0.56470588 0.92549020 0.07058824
v -2.93771080 13.46405924 -82.09877539 0.56470588 0.92549020 0.07058824
v -4.27608266 13.46405924 -81.25494575 0.56470588 0.92549020 0.07058824
v -9.78442340 8.38302781 -74.87488408 0.56470588 0.92549020 0.07058824
v -10.33009580 8.38302781 -74.03105444 0.56470588 0.92549020 0.07058824
v -10.83152431 6.68935025 -73.04435599 0.56470588 0.92549020 0.07058824
v -11.58735459 4.99567331 -71.48617220 0.56470588 0.92549020 0.07058824
v -12.00766907 4.99567331 -70.63787981 0.56470588 0.92549020 0.07058824
v -12.47222746 4.99567331 -69.65564412 0.56470588 0.92549020 0.07058824
v -13.19856138 3.29590395 -67.95905428 0.56470588 0.92549020 0.07058824
v -13.55619912 1.60222670 -66.93217587 0.56470588 0.92549020 0.07058824
v -13.89908679 1.60222670 -66.08834623 0.56470588 0.92549020 0.07058824
v -14.48162931 1.60222670 -64.57481020 0.56470588 0.92549020 0.07058824
v -15.35175590 0.36547691 -62.09689962 0.56470588 0.92549020 0.07058824
v -15.58034726 -0.15237394 -61.33789770 0.56470588 0.92549020 0.07058824
v -16.02647153 -1.77903505 -59.49397629 0.56470588 0.92549020 0.07058824
v -16.69381401 -5.16638954 -56.10972717 0.56470588 0.92549020 0.07058824
v -16.87816274 -6.86006648 -54.70781056 0.56470588 0.92549020 0.07058824
v -17.04407735 -7.85921420 -53.64520990 0.56470588 0.92549020 0.07058824
v -17.48651378 -8.55374467 -51.02443050 0.56470588 0.92549020 0.07058824
v -17.61555764 -10.24742160 -49.33230342 0.56470588 0.92549020 0.07058824
v -17.87364661 -10.24742160 -47.64018139 0.56470588 0.92549020 0.07058824
v -18.08011728 -10.24742160 -45.94359659 0.56470588 0.92549020 0.07058824
v -18.26446601 -10.24742160 -44.25146951 0.56470588 0.92549020 0.07058824
v -18.36401351 -11.94109854 -42.55488472 0.56470588 0.92549020 0.07058824
v -18.52992812 -11.94109854 -40.86275763 0.56470588 0.92549020 0.07058824
v -18.71796342 -12.79402912 -38.32680848 0.56470588 0.92549020 0.07058824
v -18.73271096 -13.11692399 -37.59459573 0.56470588 0.92549020 0.07058824
v 16.84290890 -2.51621097 -61.97188688 0.56470588 0.92549020 0.07058824
v 17.23372829 -6.86006648 -57.80184921 0.56470588 0.92549020 0.07058824
v 17.04937957 -5.19685140 -59.58773458 0.56470588 0.92549020 0.07058824
v 17.62086112 -8.55374467 -54.41314238 0.56470588 0.92549020 0.07058824
v 17.27428562 -8.55374467 -56.10972717 0.56470588 0.92549020 0.07058824
v 18.39512551 -11.83143537 -45.88108770 0.56470588 0.92549020 0.07058824
v 18.14072437 -11.94109854 -47.64018139 0.56470588 0.92549020 0.07058824
v 17.87157569 -11.94109854 -49.33230342 0.56470588 0.92549020 0.07058824
v 17.56186968 -11.94109854 -51.02443050 0.56470588 0.92549020 0.07058824
v 17.61717455 -10.24742160 -52.72101530 0.56470588 0.92549020 0.07058824
v 18.50204868 -15.94378155 -37.59459573 0.56470588 0.92549020 0.07058824
v 18.43936941 -15.59042357 -39.17063560 0.56470588 0.92549020 0.07058824
v 18.35088162 -15.18223526 -40.73774995 0.56470588 0.92549020 0.07058824
v 18.07804636 -15.32845240 -42.55488472 0.56470588 0.92549020 0.07058824
v 18.23658531 -13.63477547 -44.25146951 0.56470588 0.92549020 0.07058824
v 10.51606081 11.77038231 -80.87991260 0.56470588 0.92549020 0.07058824
v 9.22930630 11.77038231 -81.39781961 0.56470588 0.92549020 0.07058824
v 7.53698486 11.77038231 -81.96929990 0.56470588 0.92549020 0.07058824
v 7.44112329 13.33611971 -82.16128428 0.56470588 0.92549020 0.07058824
v 11.09491550 10.07670411 -80.32182563 0.56470588 0.92549020 0.07058824
v 6.66685890 12.68423659 -82.35326361 0.56470588 0.92549020 0.07058824
v 5.99951642 13.33611971 -82.55864132 0.56470588 0.92549020 0.07058824
v 4.14865477 13.46405924 -82.92921171 0.56470588 0.92549020 0.07058824
v 2.45633332 13.46405924 -83.11672828 0.56470588 0.92549020 0.07058824
v 13.70898057 -0.09145055 -74.34358375 0.56470588 0.92549020 0.07058824
v 13.55781477 -1.17589140 -74.03105444 0.56470588 0.92549020 0.07058824
v 13.38821359 0.90769718 -75.48654938 0.56470588 0.92549020 0.07058824
v 13.07482101 3.29590395 -76.89292875 0.56470588 0.92549020 0.07058824
v 12.23050420 3.29590395 -77.61621346 0.56470588 0.92549020 0.07058824
v 11.73276164 5.89734337 -78.95562622 0.56470588 0.92549020 0.07058824
v 10.75940097 8.54142919 -80.15216513 0.56470588 0.92549020 0.07058824
v 16.90190160 -4.64853870 -60.53871583 0.56470588 0.92549020 0.07058824
v 16.78023088 -3.47271261 -61.71293085 0.56470588 0.92549020 0.07058824
v 16.94245766 -6.86006648 -58.99392536 0.56470588 0.92549020 0.07058824
v 16.30092369 -6.86006648 -61.18609833 0.56470588 0.92549020 0.07058824
v 14.51274132 -3.47271261 -69.65564412 0.56470588 0.92549020 0.07058824
v 14.38369746 -1.77903505 -71.34776615 0.56470588 0.92549020 0.07058824
v 16.85765770 -7.72518256 -58.66800273 0.56470588 0.92549020 0.07058824
v 13.91176467 -3.59456002 -71.49064001 0.56470588 0.92549020 0.07058824
v 13.80115493 -1.75466595 -73.07114263 0.56470588 0.92549020 0.07058824
v 0.76032499 13.46405924 -83.11226553 0.56470588 0.92549020 0.07058824
v -0.92830957 13.46405924 -82.84885179 0.56470588 0.92549020 0.07058824
v -2.08970663 13.46405924 -82.50506804 0.56470588 0.92549020 0.07058824
v -5.04666048 11.77038231 -80.57631385 0.56470588 0.92549020 0.07058824
v -5.83198616 10.07670411 -79.59407816 0.56470588 0.92549020 0.07058824
v -6.48826767 8.38302781 -78.64309691 0.56470588 0.92549020 0.07058824
v -7.38788935 8.38302781 -77.79479947 0.56470588 0.92549020 0.07058824
v -8.23589399 8.38302781 -76.92865100 0.56470588 0.92549020 0.07058824
v -8.94010596 8.38302781 -76.08481631 0.56470588 0.92549020 0.07058824
v -1.91641888 12.29432464 -82.42023526 0.56470588 0.92549020 0.07058824
v -2.53583059 11.74601257 -82.03627155 0.56470588 0.92549020 0.07058824
v -4.00693366 10.07670411 -80.99599477 0.56470588 0.92549020 0.07058824
v -4.20234336 11.77038231 -81.14333139 0.56470588 0.92549020 0.07058824
v -10.30797386 6.68935025 -73.99087448 0.56470588 0.92549020 0.07058824
v -10.65823656 5.03832003 -73.16936368 0.56470588 0.92549020 0.07058824
v -11.56891921 3.32636548 -71.20489734 0.56470588 0.92549020 0.07058824
v -11.91180814 2.77805278 -70.45036323 0.56470588 0.92549020 0.07058824
v -12.29893971 3.32636548 -69.79405017 0.56470588 0.92549020 0.07058824
v -13.06214439 1.60222670 -67.95905428 0.56470588 0.92549020 0.07058824
v -13.44927595 -0.09145055 -66.71786760 0.56470588 0.92549020 0.07058824
v -13.83640878 -0.09145055 -65.86957521 0.56470588 0.92549020 0.07058824
v -14.38945495 -0.09145055 -64.57481020 0.56470588 0.92549020 0.07058824
v -15.08629253 -0.15237394 -62.74874487 0.56470588 0.92549020 0.07058824
v -15.31857298 -0.76161034 -62.00314133 0.56470588 0.92549020 0.07058824
v -15.56191315 -1.77903505 -61.04322952 0.56470588 0.92549020 0.07058824
v -16.17395076 -5.16638954 -57.80184921 0.56470588 0.92549020 0.07058824
v -16.49471774 -6.86006648 -56.10972717 0.56470588 0.92549020 0.07058824
v -16.78598838 -8.47454335 -54.29259241 0.56470588 0.92549020 0.07058824
v -16.96665053 -8.99239483 -53.32821784 0.56470588 0.92549020 0.07058824
v -17.09938096 -9.85750965 -52.19864553 0.56470588 0.92549020 0.07058824
v -17.15837240 -8.47454335 -52.74780699 0.56470588 0.92549020 0.07058824
v -17.25054802 -10.35099140 -51.14944324 0.56470588 0.92549020 0.07058824
v -17.13993828 -11.61820241 -50.67171619 0.56470588 0.92549020 0.07058824
v -17.65611496 -11.94109854 -47.64018139 0.56470588 0.92549020 0.07058824
v -17.91788924 -11.94109854 -45.94359659 0.56470588 0.92549020 0.07058824
v -18.15385627 -11.94109854 -44.25146951 0.56470588 0.92549020 0.07058824
v -18.38982203 -13.63477547 -40.86275763 0.56470588 0.92549020 0.07058824
v -18.60366711 -13.47028198 -39.00097762 0.56470588 0.92549020 0.07058824
v -18.67371952 -13.97594796 -37.59459573 0.56470588 0.92549020 0.07058824
v -18.68478049 -13.84191505 -37.59459573 0.56470588 0.92549020 0.07058824
v 17.17105028 -10.38754537 -54.55154843 0.56470588 0.92549020 0.07058824
v 16.96089304 -9.79658595 -56.10972717 0.56470588 0.92549020 0.07058824
v 16.85765770 -9.41276737 -56.96695013 0.56470588 0.92549020 0.07058824
v 16.94983206 -8.39534203 -57.64112432 0.56470588 0.92549020 0.07058824
v 17.98955857 -13.63477547 -45.94359659 0.56470588 0.92549020 0.07058824
v 17.71303548 -13.63477547 -47.64018139 0.56470588 0.92549020 0.07058824
v 16.94983206 -13.06818579 -52.22543217 0.56470588 0.92549020 0.07058824
v 17.14892833 -12.00811436 -52.76120031 0.56470588 0.92549020 0.07058824
v 17.39964290 -13.63477547 -49.33230342 0.56470588 0.92549020 0.07058824
v 17.06044054 -13.63477547 -50.93067222 0.56470588 0.92549020 0.07058824
v 18.25502068 -16.91855954 -37.59459573 0.56470588 0.92549020 0.07058824
v 18.06698539 -17.02212934 -39.17063560 0.56470588 0.92549020 0.07058824
v 17.85314031 -17.02212934 -40.86275763 0.56470588 0.92549020 0.07058824
v 17.79783544 -15.32845240 -44.25146951 0.56470588 0.92549020 0.07058824
v 10.25059806 10.07670411 -80.74597435 0.56470588 0.92549020 0.07058824
v 10.08468472 9.21768141 -80.67007214 0.56470588 0.92549020 0.07058824
v 9.22930630 10.07670411 -81.12547026 0.56470588 0.92549020 0.07058824
v 6.39770959 11.77038231 -82.29522758 0.56470588 0.92549020 0.07058824
v 7.53698486 10.07670411 -81.66570115 0.56470588 0.92549020 0.07058824
v 5.54970558 11.77038231 -82.48274415 0.56470588 0.92549020 0.07058824
v 4.14865477 11.77038231 -82.72383401 0.56470588 0.92549020 0.07058824
v 2.45633332 11.77038231 -82.88010119 0.56470588 0.92549020 0.07058824
v 13.63524159 -3.11326251 -72.52644898 0.56470588 0.92549020 0.07058824
v 13.42877091 -4.24644251 -72.14694803 0.56470588 0.92549020 0.07058824
v 13.26654414 -2.30297864 -73.65602129 0.56470588 0.92549020 0.07058824
v 13.03057711 -0.09145055 -75.19187615 0.56470588 0.92549020 0.07058824
v 12.18626031 -0.09145055 -75.89729973 0.56470588 0.92549020 0.07058824
v 12.65819309 1.57785728 -76.44199843 0.56470588 0.92549020 0.07058824
v 11.92817133 2.24192495 -77.37958131 0.56470588 0.92549020 0.07058824
v 11.32719469 4.99567331 -78.79935904 0.56470588 0.92549020 0.07058824
v 10.48287789 4.99567331 -79.12974948 0.56470588 0.92549020 0.07058824
v 9.60537753 8.08450204 -80.50041164 0.56470588 0.92549020 0.07058824
v 14.11086094 -5.16638954 -69.65564412 0.56470588 0.92549020 0.07058824
v 16.69543092 -8.85836193 -58.09652244 0.56470588 0.92549020 0.07058824
v 16.46315047 -8.39534203 -59.33770911 0.56470588 0.92549020 0.07058824
v 13.67948548 -5.16638954 -70.93701580 0.56470588 0.92549020 0.07058824
v 0.76032499 11.77038231 -82.84437894 0.56470588 0.92549020 0.07058824
v -0.97624020 11.74601257 -82.55864132 0.56470588 0.92549020 0.07058824
v -4.85125078 10.07670411 -80.43790780 0.56470588 0.92549020 0.07058824
v -5.64026366 8.38302781 -79.39316322 0.56470588 0.92549020 0.07058824
v -7.18141867 6.68935025 -77.56710293 0.56470588 0.92549020 0.07058824
v -8.02942331 6.68935025 -76.78131438 0.56470588 0.92549020 0.07058824
v -8.85161880 6.68935025 -75.93302198 0.56470588 0.92549020 0.07058824
v -10.27479093 5.62927945 -73.92836559 0.56470588 0.92549020 0.07058824
v -1.57353011 11.16723739 -82.31308365 0.56470588 0.92549020 0.07058824
v -2.62431790 10.07670411 -81.69248779 0.56470588 0.92549020 0.07058824
v -3.71934960 8.38302781 -80.81740876 0.56470588 0.92549020 0.07058824
v -10.65086216 3.29590395 -72.81219165 0.56470588 0.92549020 0.07058824
v -11.85281670 1.60222670 -70.33428106 0.56470588 0.92549020 0.07058824
v -12.29156656 1.60222670 -69.49045142 0.56470588 0.92549020 0.07058824
v -12.18095682 -0.09145055 -69.28507372 0.56470588 0.92549020 0.07058824
v -12.84461274 -0.09145055 -67.95905428 0.56470588 0.92549020 0.07058824
v -13.32391867 -1.77903505 -66.46784214 0.56470588 0.92549020 0.07058824
v -13.72948687 -1.77903505 -65.61954974 0.56470588 0.92549020 0.07058824
v -14.20510623 -1.77903505 -64.57481020 0.56470588 0.92549020 0.07058824
v -14.90194380 -1.77903505 -62.87822036 0.56470588 0.92549020 0.07058824
v -15.27801565 -1.77903505 -61.89152191 0.56470588 0.92549020 0.07058824
v -15.45867781 -3.47271261 -60.72176965 0.56470588 0.92549020 0.07058824
v -15.96748009 -6.86006648 -57.80184921 0.56470588 0.92549020 0.07058824
v -16.25506415 -8.55374467 -56.10972717 0.56470588 0.92549020 0.07058824
v -16.43941287 -10.24742160 -54.41314238 0.56470588 0.92549020 0.07058824
v -16.87447617 -10.35099140 -52.74780699 0.56470588 0.92549020 0.07058824
v -17.00352002 -10.98459690 -51.80128850 0.56470588 0.92549020 0.07058824
v -16.91872006 -12.08731442 -51.14944324 0.56470588 0.92549020 0.07058824
v -17.01089443 -12.74528965 -50.13149034 0.56470588 0.92549020 0.07058824
v -17.28741751 -12.08731442 -49.47070947 0.56470588 0.92549020 0.07058824
v -17.63399302 -13.63477547 -45.94359659 0.56470588 0.92549020 0.07058824
v -17.91420267 -13.63477547 -44.25146951 0.56470588 0.92549020 0.07058824
v -18.16491724 -13.63477547 -42.55488472 0.56470588 0.92549020 0.07058824
v -18.11329894 -15.32845240 -40.86275763 0.56470588 0.92549020 0.07058824
v -18.33451842 -15.32845240 -39.17063560 0.56470588 0.92549020 0.07058824
v -18.49674520 -15.32845240 -37.59459573 0.56470588 0.92549020 0.07058824
v 16.83922232 -11.04552060 -55.21232425 0.56470588 0.92549020 0.07058824
v 16.71755287 -10.64342441 -56.10972717 0.56470588 0.92549020 0.07058824
v 16.44840293 -10.08292685 -57.64112432 0.56470588 0.92549020 0.07058824
v 17.48812943 -15.32845240 -45.94359659 0.56470588 0.92549020 0.07058824
v 17.14155393 -15.41983796 -47.67143583 0.56470588 0.92549020 0.07058824
v 16.27511518 -11.94109854 -56.10972717 0.56470588 0.92549020 0.07058824
v 16.68436995 -12.00811436 -54.55154843 0.56470588 0.92549020 0.07058824
v 16.74704796 -14.19527304 -51.43071810 0.56470588 0.92549020 0.07058824
v 16.58850776 -13.63477547 -52.76120031 0.56470588 0.92549020 0.07058824
v 16.12394937 -13.63477547 -54.41314238 0.56470588 0.92549020 0.07058824
v 16.99038813 -14.86543251 -49.33230342 0.56470588 0.92549020 0.07058824
v 16.87977965 -14.55472188 -50.30114579 0.56470588 0.92549020 0.07058824
v 18.22552559 -17.02212934 -37.59459573 0.56470588 0.92549020 0.07058824
v 17.76465378 -18.59395886 -37.59459573 0.56470588 0.92549020 0.07058824
v 17.56186968 -17.02212934 -42.55488472 0.56470588 0.92549020 0.07058824
v 17.72409646 -18.71580627 -37.59459573 0.56470588 0.92549020 0.07058824
v 17.50287824 -18.71580627 -39.17063560 0.56470588 0.92549020 0.07058824
v 17.18579783 -18.83765367 -40.92972928 0.56470588 0.92549020 0.07058824
v 8.47716323 7.44480379 -80.69685878 0.56470588 0.92549020 0.07058824
v 9.11869720 8.54142919 -80.79954763 0.56470588 0.92549020 0.07058824
v 5.79304574 10.12544358 -82.13002984 0.56470588 0.92549020 0.07058824
v 5.19206879 10.72858723 -82.40237414 0.56470588 0.92549020 0.07058824
v 7.53698486 8.38302781 -81.21922855 0.56470588 0.92549020 0.07058824
v 4.14865477 10.42396998 -82.47380854 0.56470588 0.92549020 0.07058824
v 2.45633332 10.17418305 -82.54078019 0.56470588 0.92549020 0.07058824
v 12.13832984 -3.01578484 -74.15160442 0.56470588 0.92549020 0.07058824
v 13.50619773 -6.09852145 -70.56644540 0.56470588 0.92549020 0.07058824
v 13.05638563 -5.16638954 -71.78530819 0.56470588 0.92549020 0.07058824
v 11.82493600 -6.06805960 -72.23624356 0.56470588 0.92549020 0.07058824
v 12.20838225 -5.16638954 -72.55770343 0.56470588 0.92549020 0.07058824
v 12.55127119 -1.65109552 -74.65611306 0.56470588 0.92549020 0.07058824
v 11.83599697 -0.99921272 -75.62495543 0.56470588 0.92549020 0.07058824
v 11.23870816 1.11483770 -77.09384369 0.56470588 0.92549020 0.07058824
v 10.77414852 1.65096554 -77.53138573 0.56470588 0.92549020 0.07058824
v 10.76308754 3.46039776 -78.41539533 0.56470588 0.92549020 0.07058824
v 10.08837129 4.13664998 -78.97794506 0.56470588 0.92549020 0.07058824
v 9.11869720 6.80510553 -80.24592342 0.56470588 0.92549020 0.07058824
v 15.83267874 -8.55374467 -61.18609833 0.56470588 0.92549020 0.07058824
v 13.70529400 -8.46844997 -67.89208263 0.56470588 0.92549020 0.07058824
v 13.66842451 -6.73821907 -69.55741802 0.56470588 0.92549020 0.07058824
v 15.82530434 -10.24742160 -59.49397629 0.56470588 0.92549020 0.07058824
v 13.53200625 -7.84702870 -68.93235940 0.56470588 0.92549020 0.07058824
v 0.76032499 10.25947522 -82.51399355 0.56470588 0.92549020 0.07058824
v -0.44531585 10.56409374 -82.43809639 0.56470588 0.92549020 0.07058824
v -4.56735392 8.38302781 -80.23699790 0.56470588 0.92549020 0.07058824
v -5.34899240 6.68935025 -79.12974948 0.56470588 0.92549020 0.07058824
v -6.19699641 6.68935025 -78.41539533 0.56470588 0.92549020 0.07058824
v -6.98600961 5.51961691 -77.38404912 0.56470588 0.92549020 0.07058824
v -8.55666034 4.13664998 -75.58923823 0.56470588 0.92549020 0.07058824
v -8.66727008 4.99567331 -75.70978316 0.56470588 0.92549020 0.07058824
v -10.06094649 3.29590395 -73.66048405 0.56470588 0.92549020 0.07058824
v -10.19367754 4.50219157 -73.81674618 0.56470588 0.92549020 0.07058824
v -0.97624020 10.02796591 -82.21039480 0.56470588 0.92549020 0.07058824
v -2.62431790 8.38302781 -81.30852408 0.56470588 0.92549020 0.07058824
v -3.52393990 7.43871104 -80.70132659 0.56470588 0.92549020 0.07058824
v -10.51444453 1.60222670 -72.56216618 0.56470588 0.92549020 0.07058824
v -11.27396074 1.60222670 -71.34776615 0.56470588 0.92549020 0.07058824
v -11.73483256 -0.09145055 -70.12890336 0.56470588 0.92549020 0.07058824
v -12.04822640 -1.77903505 -69.01272437 0.56470588 0.92549020 0.07058824
v -12.58652377 -1.77903505 -67.95905428 0.56470588 0.92549020 0.07058824
v -13.65574662 -2.73553605 -65.46328761 0.56470588 0.92549020 0.07058824
v -13.92120874 -3.36914219 -64.63731405 0.56470588 0.92549020 0.07058824
v -14.66597804 -3.47271261 -62.87822036 0.56470588 0.92549020 0.07058824
v -15.16740718 -3.47271261 -61.57006204 0.56470588 0.92549020 0.07058824
v -15.30382417 -5.79390293 -60.27083428 0.56470588 0.92549020 0.07058824
v -15.21902421 -6.86006648 -60.02527662 0.56470588 0.92549020 0.07058824
v -15.63933996 -8.60248288 -57.90900587 0.56470588 0.92549020 0.07058824
v -15.91217522 -10.24742160 -56.10972717 0.56470588 0.92549020 0.07058824
v -16.01909839 -11.94109854 -54.41314238 0.56470588 0.92549020 0.07058824
v -16.53896164 -11.94109854 -52.72101530 0.56470588 0.92549020 0.07058824
v -16.53896164 -13.63477547 -51.02443050 0.56470588 0.92549020 0.07058824
v -17.12887731 -13.23877140 -49.00191804 0.56470588 0.92549020 0.07058824
v -17.27266871 -13.73834526 -47.73840748 0.56470588 0.92549020 0.07058824
v -16.90028469 -13.73834526 -49.47070947 0.56470588 0.92549020 0.07058824
v -16.99614562 -14.37195077 -48.36792885 0.56470588 0.92549020 0.07058824
v -17.12150290 -14.80450881 -47.23836159 0.56470588 0.92549020 0.07058824
v -17.54919179 -15.32845240 -44.25146951 0.56470588 0.92549020 0.07058824
v -17.84415026 -15.32845240 -42.55488472 0.56470588 0.92549020 0.07058824
v -17.68929789 -17.02212934 -40.86275763 0.56470588 0.92549020 0.07058824
v -17.95476000 -17.02212934 -39.17063560 0.56470588 0.92549020 0.07058824
v -18.16123067 -17.02212934 -37.59459573 0.56470588 0.92549020 0.07058824
v 16.92033571 -16.35196986 -47.13120494 0.56470588 0.92549020 0.07058824
v 16.80603940 -16.04735134 -48.26077725 0.56470588 0.92549020 0.07058824
v 15.63726904 -12.09340653 -57.95365363 0.56470588 0.92549020 0.07058824
v 16.66593457 -15.71227098 -49.33230342 0.56470588 0.92549020 0.07058824
v 16.44840293 -15.20051288 -50.93067222 0.56470588 0.92549020 0.07058824
v 15.89167018 -15.32845240 -52.72101530 0.56470588 0.92549020 0.07058824
v 15.43079837 -15.30408267 -54.29259241 0.56470588 0.92549020 0.07058824
v 15.29438011 -14.72530875 -55.57396409 0.56470588 0.92549020 0.07058824
v 15.56352879 -13.67742156 -56.12758830 0.56470588 0.92549020 0.07058824
v 17.06044054 -18.36245081 -42.55488472 0.56470588 0.92549020 0.07058824
v 17.15998931 -20.23889885 -37.59459573 0.56470588 0.92549020 0.07058824
v 17.02725762 -19.96474219 -39.17063560 0.56470588 0.92549020 0.07058824
v 16.92402228 -19.71495399 -40.40735951 0.56470588 0.92549020 0.07058824
v 16.82078821 -19.48344594 -41.53693182 0.56470588 0.92549020 0.07058824
v 5.84097621 8.38302781 -81.62105339 0.56470588 0.92549020 0.07058824
v 7.53698486 6.31771654 -80.48255052 0.56470588 0.92549020 0.07058824
v 7.53698486 7.16455501 -80.81294095 0.56470588 0.92549020 0.07058824
v 4.14865477 9.57713151 -82.27736645 0.56470588 0.92549020 0.07058824
v 2.45633332 9.32734458 -82.33540754 0.56470588 0.92549020 0.07058824
v 0.76032499 9.41263675 -82.31754641 0.56470588 0.92549020 0.07058824
v 11.50785685 -4.14287209 -73.76763566 0.56470588 0.92549020 0.07058824
v 13.17068194 -8.97411722 -68.41445744 0.56470588 0.92549020 0.07058824
v 13.10431736 -7.22560870 -70.06193171 0.56470588 0.92549020 0.07058824
v 11.97610306 -7.90186155 -70.66466645 0.56470588 0.92549020 0.07058824
v 10.92531432 -8.24912616 -70.95933968 0.56470588 0.92549020 0.07058824
v 10.92531432 -7.20123896 -71.80316427 0.56470588 0.92549020 0.07058824
v 10.92531432 -6.35440050 -72.45054677 0.56470588 0.92549020 0.07058824
v 10.93637530 -5.11155796 -73.34349198 0.56470588 0.92549020 0.07058824
v 10.92531432 -2.16285425 -75.30349556 0.56470588 0.92549020 0.07058824
v 10.92531432 -1.32210790 -75.81247201 0.56470588 0.92549020 0.07058824
v 10.77414852 0.06695114 -76.66969497 0.56470588 0.92549020 0.07058824
v 10.11049324 0.73711125 -77.28582302 0.56470588 0.92549020 0.07058824
v 9.22930630 1.60222670 -77.99571441 0.56470588 0.92549020 0.07058824
v 9.22930630 3.05220913 -78.69667019 0.56470588 0.92549020 0.07058824
v 9.22930630 3.89904792 -79.08510171 0.56470588 0.92549020 0.07058824
v 13.70160743 -10.18040452 -66.18656727 0.56470588 0.92549020 0.07058824
v 13.54675380 -9.57116875 -67.28488513 0.56470588 0.92549020 0.07058824
v 15.34599715 -11.55727870 -59.49397629 0.56470588 0.92549020 0.07058824
v 13.53200625 -11.22829171 -65.57043922 0.56470588 0.92549020 0.07058824
v -0.92830957 8.38302781 -81.79071389 0.56470588 0.92549020 0.07058824
v -5.17570465 5.81814268 -78.98241286 0.56470588 0.92549020 0.07058824
v -6.75372978 4.39252903 -77.19652749 0.56470588 0.92549020 0.07058824
v -8.32438115 3.00956273 -75.39279109 0.56470588 0.92549020 0.07058824
v -8.96222791 1.60222670 -74.28554267 0.56470588 0.92549020 0.07058824
v -10.20842509 -0.81644161 -72.15141078 0.56470588 0.92549020 0.07058824
v -9.80654535 1.60222670 -73.41046363 0.56470588 0.92549020 0.07058824
v -10.36696530 0.31064532 -72.35232573 0.56470588 0.92549020 0.07058824
v -2.49158685 6.79901279 -80.84419540 0.56470588 0.92549020 0.07058824
v -2.96720652 6.31162379 -80.49594889 0.56470588 0.92549020 0.07058824
v -3.72303648 3.86249363 -79.12081892 0.56470588 0.92549020 0.07058824
v -4.30189149 5.14798257 -79.30387273 0.56470588 0.92549020 0.07058824
v -4.85493766 4.68496268 -78.76810460 0.56470588 0.92549020 0.07058824
v -10.83152431 -0.18892822 -71.49064001 0.56470588 0.92549020 0.07058824
v -11.54311069 -1.77903505 -69.86102182 0.56470588 0.92549020 0.07058824
v -11.95973861 -2.70507420 -68.84306892 0.56470588 0.92549020 0.07058824
v -13.21331019 -3.36914219 -66.12406343 0.56470588 0.92549020 0.07058824
v -13.55251129 -3.86262330 -65.24451659 0.56470588 0.92549020 0.07058824
v -13.82166123 -5.16638954 -64.11940704 0.56470588 0.92549020 0.07058824
v -14.36733300 -5.16638954 -62.87822036 0.56470588 0.92549020 0.07058824
v -14.75446583 -6.86006648 -61.18609833 0.56470588 0.92549020 0.07058824
v -15.06785841 -8.60248288 -59.45379128 0.56470588 0.92549020 0.07058824
v -15.28539006 -9.19953441 -58.54299000 0.56470588 0.92549020 0.07058824
v -15.39968637 -8.06635505 -58.86444987 0.56470588 0.92549020 0.07058824
v -15.47711192 -10.24742160 -57.34198833 0.56470588 0.92549020 0.07058824
v -15.34806807 -11.16127463 -57.01159790 0.56470588 0.92549020 0.07058824
v -15.50660828 -11.80706689 -56.01596889 0.56470588 0.92549020 0.07058824
v -15.37756442 -12.91587653 -55.39537303 0.56470588 0.92549020 0.07058824
v -15.54347777 -13.54338992 -54.32384685 0.56470588 0.92549020 0.07058824
v -16.05596788 -13.63477547 -52.72101530 0.56470588 0.92549020 0.07058824
v -16.43203847 -15.32845240 -49.33230342 0.56470588 0.92549020 0.07058824
v -16.83023227 -15.35282214 -47.73840748 0.56470588 0.92549020 0.07058824
v -16.94452858 -15.93159606 -46.44810524 0.56470588 0.92549020 0.07058824
v -17.06988587 -16.30323039 -45.31853798 0.56470588 0.92549020 0.07058824
v -17.22842607 -15.35282214 -45.90787434 0.56470588 0.92549020 0.07058824
v -17.18049434 -16.63831076 -44.25146951 0.56470588 0.92549020 0.07058824
v -17.32797358 -17.14397674 -42.64417520 0.56470588 0.92549020 0.07058824
v -17.23211264 -18.38072590 -40.86275763 0.56470588 0.92549020 0.07058824
v -17.35378210 -18.83765367 -39.24207253 0.56470588 0.92549020 0.07058824
v -17.67086251 -18.72189965 -37.59459573 0.56470588 0.92549020 0.07058824
v 16.70280407 -17.49733220 -45.94359659 0.56470588 0.92549020 0.07058824
v 16.55163826 -16.96120563 -47.67143583 0.56470588 0.92549020 0.07058824
v 16.09445302 -17.02212934 -49.33230342 0.56470588 0.92549020 0.07058824
v 13.48407578 -12.82449097 -63.77116053 0.56470588 0.92549020 0.07058824
v 15.55984222 -17.10133065 -51.05567990 0.56470588 0.92549020 0.07058824
v 15.33124960 -16.52255547 -52.72101530 0.56470588 0.92549020 0.07058824
v 13.53200625 -16.30323039 -58.85105655 0.56470588 0.92549020 0.07058824
v 13.41402337 -14.37804415 -61.89598467 0.56470588 0.92549020 0.07058824
v 17.09731130 -20.40338982 -37.59459573 0.56470588 0.92549020 0.07058824
v 16.79497843 -21.12229002 -37.59459573 0.56470588 0.92549020 0.07058824
v 16.77285648 -21.07355056 -37.84461868 0.56470588 0.92549020 0.07058824
v 16.63643822 -20.81158065 -39.17063560 0.56470588 0.92549020 0.07058824
v 15.95803603 -22.10316013 -39.17063560 0.56470588 0.92549020 0.07058824
v 16.50739437 -20.33028441 -40.92972928 0.56470588 0.92549020 0.07058824
v 15.40498859 -21.68888097 -42.55488472 0.56470588 0.92549020 0.07058824
v 16.08707988 -20.40948320 -42.55488472 0.56470588 0.92549020 0.07058824
v 15.43817151 -20.06830945 -45.94359659 0.56470588 0.92549020 0.07058824
v 16.13501035 -18.71580627 -45.94359659 0.56470588 0.92549020 0.07058824
v 5.79673295 6.61624231 -80.95581481 0.56470588 0.92549020 0.07058824
v 4.14865477 8.38302781 -81.89786549 0.56470588 0.92549020 0.07058824
v 7.53698486 4.99567331 -79.92893135 0.56470588 0.92549020 0.07058824
v 6.33134374 6.00091316 -80.59863774 0.56470588 0.92549020 0.07058824
v 2.45633332 8.38302781 -82.02734098 0.56470588 0.92549020 0.07058824
v 0.76032499 8.38302781 -82.00055435 0.56470588 0.92549020 0.07058824
v 10.37964255 -4.50841431 -74.02212388 0.56470588 0.92549020 0.07058824
v 10.93637530 -3.53363632 -74.41948091 0.56470588 0.92549020 0.07058824
v 13.18911732 -10.69825600 -66.70001152 0.56470588 0.92549020 0.07058824
v 12.61763577 -10.18040452 -67.90101319 0.56470588 0.92549020 0.07058824
v 12.04246764 -9.65646219 -69.04844158 0.56470588 0.92549020 0.07058824
v 10.92531432 -9.09596462 -70.23159221 0.56470588 0.92549020 0.07058824
v 9.76760430 -7.54850357 -72.07551362 0.56470588 0.92549020 0.07058824
v 10.00357070 -9.36402791 -70.46821931 0.56470588 0.92549020 0.07058824
v 9.85240489 -2.50402674 -75.51333602 0.56470588 0.92549020 0.07058824
v 9.22930630 -0.35342203 -76.95097488 0.56470588 0.92549020 0.07058824
v 9.22930630 0.49341643 -77.42422908 0.56470588 0.92549020 0.07058824
v 7.53698486 1.60222670 -78.36628481 0.56470588 0.92549020 0.07058824
v 7.53698486 0.13396696 -77.62067621 0.56470588 0.92549020 0.07058824
v 7.53698486 2.66839024 -78.87079345 0.56470588 0.92549020 0.07058824
v 7.53698486 3.51522903 -79.26368773 0.56470588 0.92549020 0.07058824
v 13.13750028 -12.35537896 -64.90073283 0.56470588 0.92549020 0.07058824
v -0.92830957 6.68935025 -81.18797915 0.56470588 0.92549020 0.07058824
v -1.83899238 5.79377294 -80.68346546 0.56470588 0.92549020 0.07058824
v -7.13717541 1.60222670 -75.79907869 0.56470588 0.92549020 0.07058824
v -7.98517942 1.60222670 -75.13383506 0.56470588 0.92549020 0.07058824
v -8.72626152 0.37766178 -74.04891052 0.56470588 0.92549020 0.07058824
v -10.00195505 -1.77903505 -71.94157032 0.56470588 0.92549020 0.07058824
v -10.24529521 -4.31345896 -70.49947376 0.56470588 0.92549020 0.07058824
v -10.46282686 -3.18637108 -70.76735530 0.56470588 0.92549020 0.07058824
v -10.69510605 -1.77903505 -71.09327793 0.56470588 0.92549020 0.07058824
v -2.49158685 5.13579770 -80.17002626 0.56470588 0.92549020 0.07058824
v -2.46946506 3.29590395 -79.26368773 0.56470588 0.92549020 0.07058824
v -2.93402391 2.72931395 -78.81722017 0.56470588 0.92549020 0.07058824
v -3.27322564 -9.27873573 -72.13355471 0.56470588 0.92549020 0.07058824
v -4.45674449 -8.65122108 -71.94157032 0.56470588 0.92549020 0.07058824
v -5.23469609 -4.38047478 -73.92390283 0.56470588 0.92549020 0.07058824
v -6.36291039 -3.81388510 -73.62922960 0.56470588 0.92549020 0.07058824
v -6.90858279 -2.68679722 -73.91944008 0.56470588 0.92549020 0.07058824
v -5.30474850 2.26020194 -77.37958131 0.56470588 0.92549020 0.07058824
v -6.89752181 0.70055665 -75.61156211 0.56470588 0.92549020 0.07058824
v -11.81225937 -3.83825420 -68.59304346 0.56470588 0.92549020 0.07058824
v -12.25838364 -3.35086521 -67.99923928 0.56470588 0.92549020 0.07058824
v -13.40503205 -5.16638954 -64.96770448 0.56470588 0.92549020 0.07058824
v -13.70367709 -6.27519981 -63.86045606 0.56470588 0.92549020 0.07058824
v -13.98388801 -6.84788098 -62.94965477 0.56470588 0.92549020 0.07058824
v -14.34889763 -8.55374467 -61.18609833 0.56470588 0.92549020 0.07058824
v -15.14528523 -10.24742160 -58.19028073 0.56470588 0.92549020 0.07058824
v -14.58855122 -10.24742160 -59.49397629 0.56470588 0.92549020 0.07058824
v -14.84664019 -11.80706689 -57.66791096 0.56470588 0.92549020 0.07058824
v -15.15634620 -12.28836314 -56.52494533 0.56470588 0.92549020 0.07058824
v -14.85770117 -13.54338992 -56.01596889 0.56470588 0.92549020 0.07058824
v -15.14897180 -14.04905590 -54.83282330 0.56470588 0.92549020 0.07058824
v -15.38125099 -14.60346134 -53.70325099 0.56470588 0.92549020 0.07058824
v -15.54716560 -14.99337203 -52.72101530 0.56470588 0.92549020 0.07058824
v -15.82368869 -15.49294590 -51.18962320 0.56470588 0.92549020 0.07058824
v -15.52135582 -16.55910944 -50.73422508 0.56470588 0.92549020 0.07058824
v -16.20713368 -17.02212934 -47.64018139 0.56470588 0.92549020 0.07058824
v -16.68644087 -16.93074378 -45.90787434 0.56470588 0.92549020 0.07058824
v -16.99614562 -17.79585986 -43.26923382 0.56470588 0.92549020 0.07058824
v -17.10306879 -19.75150922 -38.72863080 0.56470588 0.92549020 0.07058824
v -17.20630412 -19.99520404 -37.59459573 0.56470588 0.92549020 0.07058824
v 15.63358121 -18.83765367 -47.71161579 0.56470588 0.92549020 0.07058824
v 15.43817151 -18.37463252 -49.33230342 0.56470588 0.92549020 0.07058824
v 15.26488376 -18.05783229 -50.51098625 0.56470588 0.92549020 0.07058824
v 13.11906490 -14.00640981 -62.87822036 0.56470588 0.92549020 0.07058824
v 13.31447460 -15.91331970 -59.98062886 0.56470588 0.92549020 0.07058824
v 13.42877091 -17.78367563 -56.81961857 0.56470588 0.92549020 0.07058824
v 13.00845516 -15.34063664 -61.27092605 0.56470588 0.92549020 0.07058824
v 16.58850776 -21.51829410 -37.59459573 0.56470588 0.92549020 0.07058824
v 16.34516759 -21.96912849 -37.59459573 0.56470588 0.92549020 0.07058824
v 15.49347638 -23.52877378 -37.59459573 0.56470588 0.92549020 0.07058824
v 15.32756303 -23.23024864 -39.17063560 0.56470588 0.92549020 0.07058824
v 15.20958015 -23.02920244 -40.21537513 0.56470588 0.92549020 0.07058824
v 15.54140685 -22.18236145 -40.81364711 0.56470588 0.92549020 0.07058824
v 16.43734195 -21.79854162 -37.59459573 0.56470588 0.92549020 0.07058824
v 15.25382279 -21.42081769 -43.76928475 0.56470588 0.92549020 0.07058824
v 15.06947406 -22.79768934 -41.34494744 0.56470588 0.92549020 0.07058824
v 15.10634482 -21.16493611 -44.89885201 0.56470588 0.92549020 0.07058824
v 15.27594473 -19.76978432 -47.19371383 0.56470588 0.92549020 0.07058824
v 5.20312976 5.75721897 -80.70578934 0.56470588 0.92549020 0.07058824
v 4.14865477 6.68935025 -81.24601519 0.56470588 0.92549020 0.07058824
v 2.45633332 6.68935025 -81.39335180 0.56470588 0.92549020 0.07058824
v 0.76032499 6.68935025 -81.37103297 0.56470588 0.92549020 0.07058824
v 9.22930630 -5.67205552 -73.65155348 0.56470588 0.92549020 0.07058824
v 9.22930630 -4.82521706 -74.23196434 0.56470588 0.92549020 0.07058824
v 12.59920165 -11.86189722 -66.18210451 0.56470588 0.92549020 0.07058824
v 12.06090302 -11.36841674 -67.38757399 0.56470588 0.92549020 0.07058824
v 11.23133376 -10.78354817 -68.51714125 0.56470588 0.92549020 0.07058824
v 10.77046195 -10.22914399 -69.28060592 0.56470588 0.92549020 0.07058824
v 8.63570344 -7.83484447 -72.29428464 0.56470588 0.92549020 0.07058824
v 9.21455813 -6.93317568 -72.74075725 0.56470588 0.92549020 0.07058824
v 8.87535640 -9.64427669 -70.71377697 0.56470588 0.92549020 0.07058824
v 10.10311946 -11.10644431 -68.82074504 0.56470588 0.92549020 0.07058824
v 9.35466359 -10.22305061 -69.98156675 0.56470588 0.92549020 0.07058824
v 9.26617580 -1.87651335 -76.06249243 0.56470588 0.92549020 0.07058824
v 9.26617580 -3.40569616 -75.13830287 0.56470588 0.92549020 0.07058824
v 8.72419060 -2.80255251 -75.68745927 0.56470588 0.92549020 0.07058824
v 7.53698486 -0.71287150 -77.14741697 0.56470588 0.92549020 0.07058824
v 6.53412785 2.48561945 -78.95562622 0.56470588 0.92549020 0.07058824
v 6.32396997 -0.87127288 -77.24117526 0.56470588 0.92549020 0.07058824
v 12.00559815 -13.00116997 -65.66419750 0.56470588 0.92549020 0.07058824
v 11.92448476 -14.61564558 -63.88724270 0.56470588 0.92549020 0.07058824
v -0.92830957 5.65364855 -80.75489987 0.56470588 0.92549020 0.07058824
v -0.92830957 4.80681009 -80.35308008 0.56470588 0.92549020 0.07058824
v -1.80212257 2.44297305 -78.97794506 0.56470588 0.92549020 0.07058824
v -8.44236466 -0.74942579 -73.81228342 0.56470588 0.92549020 0.07058824
v -9.15395041 -1.77903505 -72.73628944 0.56470588 0.92549020 0.07058824
v -8.82580965 -3.08889341 -72.42822289 0.56470588 0.92549020 0.07058824
v -8.47554695 -4.21598066 -72.14248527 0.56470588 0.92549020 0.07058824
v -9.99089407 -5.16638954 -70.27177217 0.56470588 0.92549020 0.07058824
v -10.46282686 -6.41532420 -69.06630270 0.56470588 0.92549020 0.07058824
v -10.73934995 -5.16638954 -69.42347978 0.56470588 0.92549020 0.07058824
v -11.58366675 -5.16638954 -68.26712083 0.56470588 0.92549020 0.07058824
v -2.14501135 -9.56507663 -72.30321520 0.56470588 0.92549020 0.07058824
v -2.67593557 -10.18040452 -71.73172987 0.56470588 0.92549020 0.07058824
v -3.74515843 -11.28312204 -70.63341200 0.56470588 0.92549020 0.07058824
v -4.31295246 -10.29006769 -71.01737572 0.56470588 0.92549020 0.07058824
v -5.11302601 -7.66425886 -72.17373467 0.56470588 0.92549020 0.07058824
v -5.52965392 -9.75393860 -70.72717534 0.56470588 0.92549020 0.07058824
v -6.03845683 -5.18466653 -73.05774931 0.56470588 0.92549020 0.07058824
v -6.83853037 -5.99495103 -72.18713303 0.56470588 0.92549020 0.07058824
v -7.34733265 -4.86177103 -72.49966234 0.56470588 0.92549020 0.07058824
v -11.97817272 -6.11070568 -67.17326572 0.56470588 0.92549020 0.07058824
v -12.11090441 -5.16638954 -67.42329119 0.56470588 0.92549020 0.07058824
v -12.72662860 -5.16638954 -66.26693224 0.56470588 0.92549020 0.07058824
v -13.22068333 -6.84788098 -64.48551467 0.56470588 0.92549020 0.07058824
v -13.55251129 -7.40228769 -63.55685731 0.56470588 0.92549020 0.07058824
v -13.79953929 -8.55374467 -62.36924392 0.56470588 0.92549020 0.07058824
v -13.66312103 -9.47369108 -62.08796905 0.56470588 0.92549020 0.07058824
v -13.88065267 -10.11948082 -61.11912668 0.56470588 0.92549020 0.07058824
v -13.98757458 -11.89235907 -59.47611517 0.56470588 0.92549020 0.07058824
v -13.76635636 -13.04990817 -58.90016707 0.56470588 0.92549020 0.07058824
v -14.02813191 -13.62258997 -57.78845589 0.56470588 0.92549020 0.07058824
v -13.76635636 -14.71312325 -57.21251284 0.56470588 0.92549020 0.07058824
v -14.81345727 -15.23097473 -54.32384685 0.56470588 0.92549020 0.07058824
v -15.17109375 -15.84021050 -52.72101530 0.56470588 0.92549020 0.07058824
v -15.32594612 -16.16919875 -51.86379234 0.56470588 0.92549020 0.07058824
v -15.23008519 -17.69229007 -49.88146488 0.56470588 0.92549020 0.07058824
v -15.70201797 -17.08305304 -49.32337791 0.56470588 0.92549020 0.07058824
v -15.58034726 -18.32589558 -47.64018139 0.56470588 0.92549020 0.07058824
v -15.79419234 -18.82546944 -46.01056319 0.56470588 0.92549020 0.07058824
v -16.32511656 -18.71580627 -44.25146951 0.56470588 0.92549020 0.07058824
v -16.73068351 -18.66706932 -42.64417520 0.56470588 0.92549020 0.07058824
v -16.98877248 -19.48344594 -39.85820311 0.56470588 0.92549020 0.07058824
v -16.83391884 -20.83594912 -37.59459573 0.56470588 0.92549020 0.07058824
v -16.86710176 -20.76284118 -37.59459573 0.56470588 0.92549020 0.07058824
v 13.52094528 -21.35380060 -50.37258020 0.56470588 0.92549020 0.07058824
v 13.49513676 -19.61747506 -53.65860322 0.56470588 0.92549020 0.07058824
v 12.08302497 -16.48600150 -61.18609833 0.56470588 0.92549020 0.07058824
v 12.17151276 -15.23706685 -62.71302767 0.56470588 0.92549020 0.07058824
v 13.21123927 -17.47905711 -57.80184921 0.56470588 0.92549020 0.07058824
v 12.28580907 -18.68534442 -57.68130428 0.56470588 0.92549020 0.07058824
v 12.03140667 -18.10656923 -58.99839317 0.56470588 0.92549020 0.07058824
v 13.28866609 -19.22756437 -54.78817553 0.56470588 0.92549020 0.07058824
v 14.99573508 -24.37561225 -37.59459573 0.56470588 0.92549020 0.07058824
v 13.53569282 -26.46529325 -38.64826583 0.56470588 0.92549020 0.07058824
v 13.41402337 -26.24596691 -39.77783814 0.56470588 0.92549020 0.07058824
v 13.51357087 -23.02920244 -46.96601225 0.56470588 0.92549020 0.07058824
v 13.63892816 -23.25461712 -45.94359659 0.56470588 0.92549020 0.07058824
v 4.14865477 5.60490972 -80.77722375 0.56470588 0.92549020 0.07058824
v 2.45633332 5.44650834 -80.85758872 0.56470588 0.92549020 0.07058824
v 0.76032499 5.46478532 -80.84419540 0.56470588 0.92549020 0.07058824
v 8.18220540 -5.93402732 -73.83460730 0.56470588 0.92549020 0.07058824
v 11.23870816 -12.49550272 -66.79376981 0.56470588 0.92549020 0.07058824
v 10.67091318 -11.80097351 -67.82511603 0.56470588 0.92549020 0.07058824
v 7.53698486 -8.91928563 -71.81209483 0.56470588 0.92549020 0.07058824
v 7.53698486 -8.07244716 -72.47287065 0.56470588 0.92549020 0.07058824
v 7.53698486 -9.95498732 -70.96826519 0.56470588 0.92549020 0.07058824
v 7.53698486 -10.80182579 -70.24052277 0.56470588 0.92549020 0.07058824
v 10.11049324 -12.80621336 -67.13308576 0.56470588 0.92549020 0.07058824
v 9.22930630 -12.17260785 -68.19568642 0.56470588 0.92549020 0.07058824
v 9.22930630 -11.32576939 -69.02611769 0.56470588 0.92549020 0.07058824
v 7.53698486 -3.88699304 -75.32581944 0.56470588 0.92549020 0.07058824
v 7.53698486 -3.04015457 -75.82140257 0.56470588 0.92549020 0.07058824
v 7.53698486 -1.77903505 -76.54021948 0.56470588 0.92549020 0.07058824
v 7.58491533 -5.28823695 -74.41948091 0.56470588 0.92549020 0.07058824
v 5.84097621 -3.28384938 -75.95980862 0.56470588 0.92549020 0.07058824
v 5.40591355 2.36986448 -79.01813007 0.56470588 0.92549020 0.07058824
v 4.14865477 4.75807125 -80.36200559 0.56470588 0.92549020 0.07058824
v 5.19575567 -0.97484330 -77.29922139 0.56470588 0.92549020 0.07058824
v 5.79304574 -0.21939007 -77.63406953 0.56470588 0.92549020 0.07058824
v 5.79304574 -1.63281854 -76.87953543 0.56470588 0.92549020 0.07058824
v 10.92531432 -14.19527304 -65.09271721 0.56470588 0.92549020 0.07058824
v 11.77331896 -16.17529087 -62.03439072 0.56470588 0.92549020 0.07058824
v 10.92531432 -15.76710256 -63.19074967 0.56470588 0.92549020 0.07058824
v 10.92531432 -14.92026410 -64.24441977 0.56470588 0.92549020 0.07058824
v 0.76032499 4.61794686 -80.42451448 0.56470588 0.92549020 0.07058824
v -0.92830957 3.29590395 -79.54049983 0.56470588 0.92549020 0.07058824
v -0.92830957 -7.43274954 -73.74977958 0.56470588 0.92549020 0.07058824
v -7.82663984 -5.32479092 -71.92817700 0.56470588 0.92549020 0.07058824
v -7.73446548 -6.86615860 -71.07542185 0.56470588 0.92549020 0.07058824
v -8.31700737 -7.43274954 -70.33428106 0.56470588 0.92549020 0.07058824
v -8.78156639 -6.30566166 -70.68252757 0.56470588 0.92549020 0.07058824
v -9.14657664 -5.16638954 -71.02184352 0.56470588 0.92549020 0.07058824
v -9.45996922 -6.92708230 -69.70029188 0.56470588 0.92549020 0.07058824
v -10.13837268 -7.54241145 -68.70019506 0.56470588 0.92549020 0.07058824
v -10.56606220 -8.55374467 -67.50365616 0.56470588 0.92549020 0.07058824
v -11.48043142 -8.63903685 -66.27139500 0.56470588 0.92549020 0.07058824
v -11.74589353 -7.24388505 -66.83841253 0.56470588 0.92549020 0.07058824
v -0.92830957 -8.55374467 -73.11132764 0.56470588 0.92549020 0.07058824
v -0.92830957 -9.71129251 -72.40589901 0.56470588 0.92549020 0.07058824
v -0.92830957 -10.55813098 -71.81656264 0.56470588 0.92549020 0.07058824
v -0.92830957 -11.75223405 -70.97273300 0.56470588 0.92549020 0.07058824
v -2.62431790 -11.53900109 -70.81646582 0.56470588 0.92549020 0.07058824
v -4.87705961 -10.88102711 -70.35660494 0.56470588 0.92549020 0.07058824
v -2.62431790 -12.38584081 -70.21373109 0.56470588 0.92549020 0.07058824
v -4.31663935 -13.08646214 -69.04397882 0.56470588 0.92549020 0.07058824
v -4.31295246 -11.88626695 -69.92352566 0.56470588 0.92549020 0.07058824
v -6.06057878 -10.29006769 -70.02174670 0.56470588 0.92549020 0.07058824
v -6.65786822 -9.19344103 -70.36553046 0.56470588 0.92549020 0.07058824
v -7.18879308 -8.06635505 -70.72270753 0.56470588 0.92549020 0.07058824
v -12.12196538 -8.13337087 -65.70884527 0.56470588 0.92549020 0.07058824
v -12.27681776 -6.75040457 -66.27139500 0.56470588 0.92549020 0.07058824
v -13.36447599 -8.55374467 -63.21753631 0.56470588 0.92549020 0.07058824
v -12.50909821 -8.63903685 -64.68642457 0.56470588 0.92549020 0.07058824
v -11.87493739 -9.26045812 -65.32488156 0.56470588 0.92549020 0.07058824
v -12.22520072 -9.96108070 -64.19530925 0.56470588 0.92549020 0.07058824
v -13.42346743 -10.60077706 -61.64149645 0.56470588 0.92549020 0.07058824
v -13.72579904 -11.28921542 -60.51192919 0.56470588 0.92549020 0.07058824
v -13.12482240 -13.62258997 -59.47611517 0.56470588 0.92549020 0.07058824
v -13.46771133 -14.18308754 -58.34208010 0.56470588 0.92549020 0.07058824
v -13.45296378 -12.42239478 -60.02973938 0.56470588 0.92549020 0.07058824
v -14.00232213 -15.29799055 -56.05168609 0.56470588 0.92549020 0.07058824
v -13.43084184 -15.84021050 -56.57852366 0.56470588 0.92549020 0.07058824
v -13.72948687 -16.32760013 -55.44895135 0.56470588 0.92549020 0.07058824
v -13.91383560 -16.94292928 -54.26580577 0.56470588 0.92549020 0.07058824
v -14.52587321 -17.02212934 -52.72101530 0.56470588 0.92549020 0.07058824
v -15.07891939 -17.08305304 -51.18962320 0.56470588 0.92549020 0.07058824
v -13.83640878 -18.18577055 -52.72101530 0.56470588 0.92549020 0.07058824
v -14.13505381 -18.78282335 -51.03336107 0.56470588 0.92549020 0.07058824
v -14.84664019 -18.63660747 -49.32337791 0.56470588 0.92549020 0.07058824
v -15.27064125 -19.46516580 -46.61776573 0.56470588 0.92549020 0.07058824
v -15.41074734 -18.01518368 -48.75189257 0.56470588 0.92549020 0.07058824
v -15.45499124 -19.76978432 -45.48819343 0.56470588 0.92549020 0.07058824
v -15.62459116 -20.08049621 -44.25146951 0.56470588 0.92549020 0.07058824
v -16.29193364 -20.40948320 -40.86275763 0.56470588 0.92549020 0.07058824
v -16.70856156 -20.35465288 -39.24207253 0.56470588 0.92549020 0.07058824
v -16.15182881 -22.10925351 -37.59459573 0.56470588 0.92549020 0.07058824
v 13.34396969 -21.03699533 -51.50215251 0.56470588 0.92549020 0.07058824
v 13.34765753 -22.76113411 -48.09558455 0.56470588 0.92549020 0.07058824
v 13.08588198 -20.70800834 -52.72101530 0.56470588 0.92549020 0.07058824
v 13.03795152 -18.68534442 -56.19455995 0.56470588 0.92549020 0.07058824
v 12.10883349 -19.89772510 -56.10972717 0.56470588 0.92549020 0.07058824
v 11.83599697 -19.61747506 -57.03838454 0.56470588 0.92549020 0.07058824
v 11.50417028 -17.71665854 -60.12349767 0.56470588 0.92549020 0.07058824
v 12.61763577 -20.35465288 -54.31045353 0.56470588 0.92549020 0.07058824
v 13.64261473 -26.64806436 -37.59459573 0.56470588 0.92549020 0.07058824
v 13.10800393 -27.48880945 -37.59459573 0.56470588 0.92549020 0.07058824
v 13.27023071 -26.02055224 -40.86275763 0.56470588 0.92549020 0.07058824
v 13.34765753 -24.45481104 -44.25146951 0.56470588 0.92549020 0.07058824
v 13.07482101 -24.10145558 -45.94359659 0.56470588 0.92549020 0.07058824
v 2.45633332 4.59966987 -80.43343999 0.56470588 0.92549020 0.07058824
v 7.58491533 -6.77477304 -73.40153307 0.56470588 0.92549020 0.07058824
v 7.05399110 -6.15335240 -73.98640668 0.56470588 0.92549020 0.07058824
v 10.01094510 -14.45115208 -65.38292264 0.56470588 0.92549020 0.07058824
v 5.84097621 -9.22999626 -72.06212030 0.56470588 0.92549020 0.07058824
v 6.48619675 -11.02115087 -70.43696486 0.56470588 0.92549020 0.07058824
v 5.88890731 -10.36926901 -71.13792569 0.56470588 0.92549020 0.07058824
v 5.84097621 -8.38315780 -72.69610948 0.56470588 0.92549020 0.07058824
v 7.53698486 -11.71568134 -69.39222533 0.56470588 0.92549020 0.07058824
v 9.22930630 -13.01335420 -67.34738898 0.56470588 0.92549020 0.07058824
v 9.35835016 -13.96985458 -66.25800168 0.56470588 0.92549020 0.07058824
v 7.53698486 -12.56251854 -68.58411289 0.56470588 0.92549020 0.07058824
v 5.84097621 -4.13068785 -75.47315606 0.56470588 0.92549020 0.07058824
v 5.84097621 -6.34830838 -74.10695665 0.56470588 0.92549020 0.07058824
v 5.84097621 -5.16638954 -74.84362964 0.56470588 0.92549020 0.07058824
v 4.45836077 -4.25253526 -75.54459046 0.56470588 0.92549020 0.07058824
v 3.99380208 -3.60065214 -75.94194750 0.56470588 0.92549020 0.07058824
v 10.92531432 -16.40680018 -62.34245728 0.56470588 0.92549020 0.07058824
v 10.37595535 -18.02127706 -60.55657695 0.56470588 0.92549020 0.07058824
v 9.82290917 -16.05953558 -63.57471339 0.56470588 0.92549020 0.07058824
v 1.39079766 -4.35001293 -75.60263155 0.56470588 0.92549020 0.07058824
v 0.76032499 -6.72603483 -74.28554267 0.56470588 0.92549020 0.07058824
v 0.76032499 -7.57287330 -73.81228342 0.56470588 0.92549020 0.07058824
v -7.73446548 -8.59639076 -69.99496006 0.56470588 0.92549020 0.07058824
v -8.58246949 -9.43713585 -68.83413836 0.56470588 0.92549020 0.07058824
v -8.91798402 -8.55374467 -69.12434379 0.56470588 0.92549020 0.07058824
v -9.76598865 -8.55374467 -68.35194855 0.56470588 0.92549020 0.07058824
v -10.30059945 -9.47978320 -67.17773353 0.56470588 0.92549020 0.07058824
v 0.76032499 -8.55374467 -73.20508593 0.56470588 0.92549020 0.07058824
v 0.76032499 -9.74175436 -72.43269069 0.56470588 0.92549020 0.07058824
v 0.76032499 -10.58859283 -71.82548815 0.56470588 0.92549020 0.07058824
v -0.92830957 -12.59907378 -70.35660494 0.56470588 0.92549020 0.07058824
v -5.19045251 -12.80621336 -68.82520780 0.56470588 0.92549020 0.07058824
v -2.62431790 -13.46418860 -69.36990145 0.56470588 0.92549020 0.07058824
v -4.31663935 -13.93330061 -68.35641636 0.56470588 0.92549020 0.07058824
v -5.85779468 -11.80706689 -69.09308934 0.56470588 0.92549020 0.07058824
v -6.91595656 -11.15518377 -68.85199949 0.56470588 0.92549020 0.07058824
v -7.56855150 -10.10120446 -69.10648266 0.56470588 0.92549020 0.07058824
v -10.66560970 -10.12557420 -66.20442840 0.56470588 0.92549020 0.07058824
v -11.64634603 -10.41800722 -64.68642457 0.56470588 0.92549020 0.07058824
v -11.94130323 -11.09426007 -63.72651276 0.56470588 0.92549020 0.07058824
v -13.08795290 -11.89235907 -61.11912668 0.56470588 0.92549020 0.07058824
v -12.23626169 -11.94109854 -62.50318721 0.56470588 0.92549020 0.07058824
v -12.23626169 -13.50074257 -61.07001616 0.56470588 0.92549020 0.07058824
v -12.00398250 -14.56690737 -60.42709641 0.56470588 0.92549020 0.07058824
v -13.07689193 -15.29799055 -57.78845589 0.56470588 0.92549020 0.07058824
v -12.21782632 -16.56520156 -57.80184921 0.56470588 0.92549020 0.07058824
v -12.82617736 -17.07086880 -56.16330550 0.56470588 0.92549020 0.07058824
v -12.22151415 -15.21269711 -59.33324636 0.56470588 0.92549020 0.07058824
v -13.35341502 -17.46077949 -54.73459720 0.56470588 0.92549020 0.07058824
v -13.65206005 -17.89333627 -53.60502994 0.56470588 0.92549020 0.07058824
v -13.51564179 -19.39206038 -51.60484136 0.56470588 0.92549020 0.07058824
v -13.75160882 -19.72714075 -50.47526905 0.56470588 0.92549020 0.07058824
v -15.09735350 -19.17273404 -47.64018139 0.56470588 0.92549020 0.07058824
v -13.95439166 -20.03785013 -49.33230342 0.56470588 0.92549020 0.07058824
v -14.21248063 -20.51914637 -47.69822247 0.56470588 0.92549020 0.07058824
v -14.89825723 -20.36683711 -46.01056319 0.56470588 0.92549020 0.07058824
v -15.11210231 -20.92733468 -44.25146951 0.56470588 0.92549020 0.07058824
v -15.27801565 -21.17712287 -43.22458605 0.56470588 0.92549020 0.07058824
v -15.43286929 -21.43299940 -42.09501879 0.56470588 0.92549020 0.07058824
v -15.79050577 -20.53133061 -42.61738856 0.56470588 0.92549020 0.07058824
v -15.59509607 -21.68888097 -40.86275763 0.56470588 0.92549020 0.07058824
v -15.74994844 -22.17627060 -39.12599036 0.56470588 0.92549020 0.07058824
v -15.38862539 -23.04138415 -38.53218366 0.56470588 0.92549020 0.07058824
v -15.49923387 -23.22415526 -37.59459573 0.56470588 0.92549020 0.07058824
v 13.10800393 -22.45651812 -49.33230342 0.56470588 0.92549020 0.07058824
v 12.66187966 -22.10316013 -51.02889326 0.56470588 0.92549020 0.07058824
v 12.23787734 -21.72543368 -52.72101530 0.56470588 0.92549020 0.07058824
v 12.22681637 -25.10669669 -45.94359659 0.56470588 0.92549020 0.07058824
v 11.95029328 -21.40863093 -53.83719429 0.56470588 0.92549020 0.07058824
v 11.45992638 -21.08573732 -54.96676155 0.56470588 0.92549020 0.07058824
v 10.90688021 -20.72019510 -56.05615389 0.56470588 0.92549020 0.07058824
v 10.92531432 -19.86116987 -57.40449218 0.56470588 0.92549020 0.07058824
v 10.92531432 -19.29458145 -58.25278457 0.56470588 0.92549020 0.07058824
v 10.93268872 -18.42337451 -59.53415625 0.56470588 0.92549020 0.07058824
v 12.93471618 -27.09280538 -39.19295948 0.56470588 0.92549020 0.07058824
v 12.25631272 -28.48795717 -37.59459573 0.56470588 0.92549020 0.07058824
v 11.99453718 -28.22598727 -39.17063560 0.56470588 0.92549020 0.07058824
v 12.15307738 -26.70289468 -42.55488472 0.56470588 0.92549020 0.07058824
v 11.92079819 -26.47138663 -43.70231310 0.56470588 0.92549020 0.07058824
v 3.33014648 -4.31955108 -75.58477042 0.56470588 0.92549020 0.07058824
v 2.45633332 -4.34392081 -75.59816374 0.56470588 0.92549020 0.07058824
v 5.84097621 -7.19514685 -73.54440188 0.56470588 0.92549020 0.07058824
v 9.35466359 -15.38328399 -64.63731405 0.56470588 0.92549020 0.07058824
v 8.88273080 -14.70703113 -65.68652139 0.56470588 0.92549020 0.07058824
v 4.88973687 -9.37621214 -72.17820247 0.56470588 0.92549020 0.07058824
v 5.35798308 -11.21610748 -70.60662536 0.56470588 0.92549020 0.07058824
v 6.60049306 -12.75747515 -68.78056003 0.56470588 0.92549020 0.07058824
v 5.46859219 -12.94633838 -68.95915109 0.56470588 0.92549020 0.07058824
v 7.53698486 -13.38498854 -67.73582050 0.56470588 0.92549020 0.07058824
v 7.53698486 -14.23182701 -66.84734309 0.56470588 0.92549020 0.07058824
v 4.14865477 -6.53107823 -74.21410826 0.56470588 0.92549020 0.07058824
v 4.14865477 -7.37791669 -73.67834012 0.56470588 0.92549020 0.07058824
v 3.99380208 -4.99580330 -75.14276562 0.56470588 0.92549020 0.07058824
v 9.99988413 -19.53218288 -58.60549889 0.56470588 0.92549020 0.07058824
v 9.35466359 -19.20319589 -59.51183237 0.56470588 0.92549020 0.07058824
v 9.22930630 -18.28934034 -60.91374898 0.56470588 0.92549020 0.07058824
v 9.22930630 -17.66792160 -61.76204642 0.56470588 0.92549020 0.07058824
v 9.24774105 -16.77843452 -62.95858533 0.56470588 0.92549020 0.07058824
v 8.69469488 -16.31541463 -63.89171050 0.56470588 0.92549020 0.07058824
v 2.45633332 -5.19075928 -75.12044174 0.56470588 0.92549020 0.07058824
v 2.45633332 -6.64683478 -74.27214935 0.56470588 0.92549020 0.07058824
v 2.45633332 -7.49367324 -73.75871014 0.56470588 0.92549020 0.07058824
v -8.04417086 -10.56422436 -68.39659632 0.56470588 0.92549020 0.07058824
v -8.72626152 -11.28312204 -67.27149181 0.56470588 0.92549020 0.07058824
v -9.22031625 -10.02200315 -67.78939882 0.56470588 0.92549020 0.07058824
v -9.85447582 -10.61296256 -66.72233036 0.56470588 0.92549020 0.07058824
v -10.38908724 -11.28312204 -65.59276310 0.56470588 0.92549020 0.07058824
v 2.45633332 -8.55374467 -73.08007319 0.56470588 0.92549020 0.07058824
v 2.45633332 -9.63209245 -72.36125629 0.56470588 0.92549020 0.07058824
v 2.45633332 -10.47893092 -71.73172987 0.56470588 0.92549020 0.07058824
v 0.76032499 -11.72177220 -70.97719576 0.56470588 0.92549020 0.07058824
v 0.76032499 -12.56861192 -70.32088269 0.56470588 0.92549020 0.07058824
v -0.92830957 -13.59212812 -69.51277026 0.56470588 0.92549020 0.07058824
v -2.62431790 -14.31102706 -68.66001510 0.56470588 0.92549020 0.07058824
v -5.32318388 -14.61564558 -67.23577461 0.56470588 0.92549020 0.07058824
v -5.82092518 -13.45809648 -67.82511603 0.56470588 0.92549020 0.07058824
v -6.31866712 -12.28227102 -68.41445744 0.56470588 0.92549020 0.07058824
v -4.31663935 -14.90807860 -67.50811891 0.56470588 0.92549020 0.07058824
v -7.55011675 -11.78269590 -67.84297210 0.56470588 0.92549020 0.07058824
v -7.05974859 -12.98289235 -67.28488513 0.56470588 0.92549020 0.07058824
v -11.65003260 -11.94109854 -63.34701685 0.56470588 0.92549020 0.07058824
v -11.98186055 -12.84886071 -62.09243181 0.56470588 0.92549020 0.07058824
v -10.42595674 -14.69484690 -62.24869899 0.56470588 0.92549020 0.07058824
v -10.98269011 -15.19442076 -61.04322952 0.56470588 0.92549020 0.07058824
v -10.40752199 -16.34587648 -60.53425307 0.56470588 0.92549020 0.07058824
v -11.53573629 -15.70008674 -59.79311228 0.56470588 0.92549020 0.07058824
v -11.94867763 -16.18747510 -58.66353997 0.56470588 0.92549020 0.07058824
v -10.42595674 -13.00726208 -63.94082102 0.56470588 0.92549020 0.07058824
v -11.88968619 -17.80804410 -56.87765965 0.56470588 0.92549020 0.07058824
v -12.22520072 -18.21014155 -55.74808734 0.56470588 0.92549020 0.07058824
v -12.73031643 -18.61832733 -54.27919909 0.56470588 0.92549020 0.07058824
v -13.24280528 -19.03260902 -52.72101530 0.56470588 0.92549020 0.07058824
v -12.39480190 -20.07440283 -52.72101530 0.56470588 0.92549020 0.07058824
v -12.85198588 -20.46431352 -51.12711936 0.56470588 0.92549020 0.07058824
v -13.34604061 -20.88468859 -49.33230342 0.56470588 0.92549020 0.07058824
v -13.55988569 -21.15884273 -48.30095721 0.56470588 0.92549020 0.07058824
v -13.77741734 -21.45737039 -47.17585270 0.56470588 0.92549020 0.07058824
v -13.98757458 -21.76807977 -45.94359659 0.56470588 0.92549020 0.07058824
v -14.21616720 -22.22500754 -44.31397840 0.56470588 0.92549020 0.07058824
v -14.88719626 -22.03614305 -42.61738856 0.56470588 0.92549020 0.07058824
v -15.06417184 -22.53571944 -40.86275763 0.56470588 0.92549020 0.07058824
v -14.14242695 -23.88212924 -40.82257767 0.56470588 0.92549020 0.07058824
v -14.93881456 -24.06490035 -37.59459573 0.56470588 0.92549020 0.07058824
v -15.00149257 -23.97351480 -37.59459573 0.56470588 0.92549020 0.07058824
v 12.25999929 -23.43129485 -49.33230342 0.56470588 0.92549020 0.07058824
v 11.97978963 -23.13276971 -50.56009677 0.56470588 0.92549020 0.07058824
v 11.95766769 -24.81426493 -47.14013550 0.56470588 0.92549020 0.07058824
v 11.60740561 -22.85861304 -51.68520633 0.56470588 0.92549020 0.07058824
v 10.99536674 -22.58445638 -52.77013087 0.56470588 0.92549020 0.07058824
v 10.90688021 -21.70106521 -54.40421182 0.56470588 0.92549020 0.07058824
v 10.32802488 -21.38426245 -55.46234467 0.56470588 0.92549020 0.07058824
v 12.31161759 -27.23293292 -40.73328214 0.56470588 0.92549020 0.07058824
v 10.91056678 -29.36525749 -37.59459573 0.56470588 0.92549020 0.07058824
v 11.80281531 -28.06149125 -40.08143689 0.56470588 0.92549020 0.07058824
v 11.55578731 -26.21550506 -44.83188541 0.56470588 0.92549020 0.07058824
v 4.25557730 -8.70605267 -72.74968276 0.56470588 0.92549020 0.07058824
v 7.53698486 -15.84021050 -65.01681500 0.56470588 0.92549020 0.07058824
v 7.53698486 -14.99337203 -65.99905070 0.56470588 0.92549020 0.07058824
v 3.76152257 -9.50415293 -72.27196076 0.56470588 0.92549020 0.07058824
v 4.14865477 -11.38060097 -70.74056866 0.56470588 0.92549020 0.07058824
v 4.25557730 -10.13775843 -71.69601266 0.56470588 0.92549020 0.07058824
v 4.14865477 -13.14738584 -69.14666767 0.56470588 0.92549020 0.07058824
v 4.14865477 -12.22743944 -69.99496006 0.56470588 0.92549020 0.07058824
v 6.54150162 -14.42678235 -67.05718355 0.56470588 0.92549020 0.07058824
v 5.40960012 -14.62783108 -67.27149181 0.56470588 0.92549020 0.07058824
v 4.14865477 -14.82887854 -67.47686952 0.56470588 0.92549020 0.07058824
v 4.14865477 -13.99422431 -68.32069916 0.56470588 0.92549020 0.07058824
v 8.87166983 -19.75150922 -58.95374540 0.56470588 0.92549020 0.07058824
v 9.22930630 -21.07964394 -56.66335139 0.56470588 0.92549020 0.07058824
v 7.89093413 -19.39815124 -60.08331771 0.56470588 0.92549020 0.07058824
v 8.36286692 -17.86287442 -62.02099740 0.56470588 0.92549020 0.07058824
v 7.69183786 -17.47296373 -62.87375761 0.56470588 0.92549020 0.07058824
v 7.53698486 -16.53474097 -64.17298536 0.56470588 0.92549020 0.07058824
v -8.18796289 -12.41630267 -66.78483925 0.56470588 0.92549020 0.07058824
v -8.78894016 -13.03772393 -65.65526694 0.56470588 0.92549020 0.07058824
v -9.32355159 -11.84971298 -66.19103508 0.56470588 0.92549020 0.07058824
v -9.91715446 -12.41630267 -65.07039333 0.56470588 0.92549020 0.07058824
v -10.77990601 -11.88626695 -64.53462520 0.56470588 0.92549020 0.07058824
v 2.45633332 -11.56946294 -70.88790023 0.56470588 0.92549020 0.07058824
v 2.45633332 -12.41630267 -70.18247664 0.56470588 0.92549020 0.07058824
v 0.76032499 -13.53120442 -69.47259030 0.56470588 0.92549020 0.07058824
v -0.92830957 -14.43896659 -68.76716671 0.56470588 0.92549020 0.07058824
v -2.62431790 -15.21269711 -67.81618546 0.56470588 0.92549020 0.07058824
v -6.45508475 -14.11607172 -66.77590869 0.56470588 0.92549020 0.07058824
v -4.31663935 -15.75491833 -66.70893704 0.56470588 0.92549020 0.07058824
v -5.35636617 -16.33978436 -65.57936978 0.56470588 0.92549020 0.07058824
v -5.90572578 -15.23097473 -66.17763671 0.56470588 0.92549020 0.07058824
v -7.10030529 -14.71312325 -65.64633638 0.56470588 0.92549020 0.07058824
v -7.64229112 -13.57385177 -66.21335391 0.56470588 0.92549020 0.07058824
v -9.92821543 -14.13434933 -63.37826625 0.56470588 0.92549020 0.07058824
v -9.92084103 -15.82193415 -61.65935757 0.56470588 0.92549020 0.07058824
v -11.54679726 -17.41204003 -57.80184921 0.56470588 0.92549020 0.07058824
v -8.79262673 -16.40070807 -62.28441619 0.56470588 0.92549020 0.07058824
v -10.33378237 -17.95425998 -58.75283550 0.56470588 0.92549020 0.07058824
v -10.69879262 -18.33198896 -57.80184921 0.56470588 0.92549020 0.07058824
v -10.20842509 -19.53218288 -56.90444629 0.56470588 0.92549020 0.07058824
v -11.24077782 -18.86811553 -56.32849819 0.56470588 0.92549020 0.07058824
v -12.10353001 -19.73932246 -53.82380097 0.56470588 0.92549020 0.07058824
v -11.88231179 -21.20149134 -51.77896461 0.56470588 0.92549020 0.07058824
v -12.19201780 -21.52438495 -50.64939231 0.56470588 0.92549020 0.07058824
v -12.49803724 -21.87774294 -49.33230342 0.56470588 0.92549020 0.07058824
v -12.21782632 -23.24243540 -47.35444377 0.56470588 0.92549020 0.07058824
v -13.37185039 -22.61491823 -45.94359659 0.56470588 0.92549020 0.07058824
v -13.57094666 -22.86470642 -44.92117589 0.56470588 0.92549020 0.07058824
v -13.76266853 -23.12058800 -43.79160863 0.56470588 0.92549020 0.07058824
v -13.96545263 -23.39473961 -42.55488472 0.56470588 0.92549020 0.07058824
v -13.69999052 -24.72896771 -40.22877350 0.56470588 0.92549020 0.07058824
v -13.86221730 -24.93611234 -39.17063560 0.56470588 0.92549020 0.07058824
v -14.87244871 -24.15628591 -37.59459573 0.56470588 0.92549020 0.07058824
v 11.60371778 -24.54010827 -48.26970276 0.56470588 0.92549020 0.07058824
v 10.47550348 -24.86300187 -48.93494639 0.56470588 0.92549020 0.07058824
v 9.88190061 -24.58275183 -50.06451870 0.56470588 0.92549020 0.07058824
v 10.47550348 -23.14495647 -52.23883054 0.56470588 0.92549020 0.07058824
v 9.80816163 -22.84033795 -53.36839780 0.56470588 0.92549020 0.07058824
v 9.23668008 -22.49307082 -54.36402681 0.56470588 0.92549020 0.07058824
v 9.22930630 -21.61577051 -55.81505899 0.56470588 0.92549020 0.07058824
v 10.79258390 -29.42008781 -37.59459573 0.56470588 0.92549020 0.07058824
v 10.92531432 -28.83522430 -39.17063560 0.56470588 0.92549020 0.07058824
v 10.85157534 -28.27472421 -40.73328214 0.56470588 0.92549020 0.07058824
v 11.36775202 -27.82388982 -41.21100414 0.56470588 0.92549020 0.07058824
v 10.96587165 -26.76991177 -44.26040007 0.56470588 0.92549020 0.07058824
v 10.42757302 -26.50794186 -45.46586954 0.56470588 0.92549020 0.07058824
v 6.34609192 -16.05953558 -65.28469655 0.56470588 0.92549020 0.07058824
v 2.45633332 -13.36061881 -69.33418424 0.56470588 0.92549020 0.07058824
v 2.45633332 -14.20745727 -68.54393293 0.56470588 0.92549020 0.07058824
v 5.87784634 -15.34673002 -66.28032556 0.56470588 0.92549020 0.07058824
v 5.21787762 -16.24839881 -65.50793033 0.56470588 0.92549020 0.07058824
v 4.14865477 -15.67571701 -66.53928159 0.56470588 0.92549020 0.07058824
v 2.45633332 -15.05429574 -67.69564054 0.56470588 0.92549020 0.07058824
v 2.45633332 -15.90113420 -66.80716313 0.56470588 0.92549020 0.07058824
v 8.33337120 -21.23804658 -56.93123293 0.56470588 0.92549020 0.07058824
v 7.67708969 -20.92124130 -57.81077977 0.56470588 0.92549020 0.07058824
v 6.17649137 -21.09182817 -58.37779730 0.56470588 0.92549020 0.07058824
v 6.75903327 -19.58701321 -60.37798589 0.56470588 0.92549020 0.07058824
v 7.56279338 -18.73408388 -61.19502889 0.56470588 0.92549020 0.07058824
v 7.23096605 -18.07001653 -62.30227227 0.56470588 0.92549020 0.07058824
v 5.80779329 -16.73578843 -64.65963793 0.56470588 0.92549020 0.07058824
v 5.84097621 -17.66792160 -63.45863122 0.56470588 0.92549020 0.07058824
v -8.22851958 -14.16481118 -65.11057329 0.56470588 0.92549020 0.07058824
v -8.80000113 -14.73749299 -63.98100098 0.56470588 0.92549020 0.07058824
v -9.36042108 -13.58603600 -64.52569968 0.56470588 0.92549020 0.07058824
v 0.76032499 -14.37804415 -68.71359343 0.56470588 0.92549020 0.07058824
v -0.92830957 -15.29189843 -67.92333707 0.56470588 0.92549020 0.07058824
v -2.62431790 -16.05953558 -67.00361027 0.56470588 0.92549020 0.07058824
v -4.31663935 -16.61394103 -65.86064464 0.56470588 0.92549020 0.07058824
v -6.48458047 -15.84021050 -65.08378665 0.56470588 0.92549020 0.07058824
v -4.31663935 -17.46077949 -65.00788444 0.56470588 0.92549020 0.07058824
v -5.34530520 -18.01518368 -63.88724270 0.56470588 0.92549020 0.07058824
v -5.91678675 -16.93074378 -64.48551467 0.56470588 0.92549020 0.07058824
v -7.09661871 -16.39461595 -63.95421434 0.56470588 0.92549020 0.07058824
v -7.66072586 -15.29189843 -64.53016244 0.56470588 0.92549020 0.07058824
v -9.36042108 -15.27971294 -62.82910984 0.56470588 0.92549020 0.07058824
v -8.22483301 -15.86458023 -63.41398345 0.56470588 0.92549020 0.07058824
v -6.47720670 -17.52170320 -63.34254905 0.56470588 0.92549020 0.07058824
v -7.03394007 -18.02737044 -62.21298179 0.56470588 0.92549020 0.07058824
v -8.16584157 -17.52779405 -61.61470981 0.56470588 0.92549020 0.07058824
v -8.69307860 -17.99081521 -60.48960531 0.56470588 0.92549020 0.07058824
v -6.92701753 -19.62356844 -60.41370309 0.56470588 0.92549020 0.07058824
v -9.19450710 -18.53912854 -59.27520527 0.56470588 0.92549020 0.07058824
v -9.80285815 -19.17882742 -57.80184921 0.56470588 0.92549020 0.07058824
v -10.37802627 -21.37207569 -53.74789876 0.56470588 0.92549020 0.07058824
v -11.04905596 -20.37902135 -54.35063349 0.56470588 0.92549020 0.07058824
v -8.56772131 -19.57483149 -58.66353997 0.56470588 0.92549020 0.07058824
v -7.57592527 -19.88554087 -59.33770911 0.56470588 0.92549020 0.07058824
v -7.76396120 -20.78111880 -57.88668198 0.56470588 0.92549020 0.07058824
v -8.36493784 -21.11010579 -56.73032303 0.56470588 0.92549020 0.07058824
v -8.82212308 -21.47564801 -55.60075073 0.56470588 0.92549020 0.07058824
v -9.25718574 -21.98740611 -54.22562076 0.56470588 0.92549020 0.07058824
v -11.57260578 -20.92124130 -52.72101530 0.56470588 0.92549020 0.07058824
v -10.72460240 -21.68278759 -52.72101530 0.56470588 0.92549020 0.07058824
v -10.10518975 -22.84033795 -51.67627576 0.56470588 0.92549020 0.07058824
v -11.17809981 -22.18236145 -51.16283656 0.56470588 0.92549020 0.07058824
v -11.69058866 -22.72458393 -49.33230342 0.56470588 0.92549020 0.07058824
v -11.93761666 -22.94999860 -48.48401102 0.56470588 0.92549020 0.07058824
v -12.52384576 -23.57751072 -45.94359659 0.56470588 0.92549020 0.07058824
v -11.68690209 -24.42434919 -45.94359659 0.56470588 0.92549020 0.07058824
v -11.91918128 -24.62540044 -45.05511919 0.56470588 0.92549020 0.07058824
v -13.29073574 -24.24157808 -42.55488472 0.56470588 0.92549020 0.07058824
v -13.51195522 -24.50355303 -41.35834076 0.56470588 0.92549020 0.07058824
v -13.41240646 -26.08147594 -37.59459573 0.56470588 0.92549020 0.07058824
v -13.46402476 -26.02055224 -37.59459573 0.56470588 0.92549020 0.07058824
v -14.08712335 -25.23463747 -37.59459573 0.56470588 0.92549020 0.07058824
v 9.82659638 -26.25206029 -46.59544185 0.56470588 0.92549020 0.07058824
v 9.24774105 -25.97790363 -47.60446418 0.56470588 0.92549020 0.07058824
v 8.69469488 -26.44701816 -47.01512277 0.56470588 0.92549020 0.07058824
v 9.28092397 -25.08232822 -49.43052951 0.56470588 0.92549020 0.07058824
v 7.53698486 -25.67937849 -49.33230342 0.56470588 0.92549020 0.07058824
v 7.38950563 -24.90565049 -50.99317606 0.56470588 0.92549020 0.07058824
v 7.38950563 -24.10145558 -52.56475317 0.56470588 0.92549020 0.07058824
v 8.67994670 -23.06575263 -53.76575988 0.56470588 0.92549020 0.07058824
v 7.53698486 -22.76113411 -54.93551215 0.56470588 0.92549020 0.07058824
v 7.67708969 -21.88992717 -56.26152655 0.56470588 0.92549020 0.07058824
v 10.08099751 -29.74907985 -37.59459573 0.56470588 0.92549020 0.07058824
v 10.23585052 -28.10413986 -41.89410890 0.56470588 0.92549020 0.07058824
v 9.85240489 -29.66378263 -38.13482410 0.56470588 0.92549020 0.07058824
v 10.85157534 -27.56191991 -42.49684363 0.56470588 0.92549020 0.07058824
v 9.60169096 -27.89090690 -43.02367616 0.56470588 0.92549020 0.07058824
v 4.83443231 -17.82023086 -63.66400892 0.56470588 0.92549020 0.07058824
v 4.22239438 -17.34502294 -64.49444524 0.56470588 0.92549020 0.07058824
v 4.14865477 -16.40680018 -65.69545195 0.56470588 0.92549020 0.07058824
v 0.76032499 -15.22488261 -67.86529599 0.56470588 0.92549020 0.07058824
v 0.76032499 -16.07172108 -66.99914247 0.56470588 0.92549020 0.07058824
v 2.45633332 -16.62612526 -65.95886569 0.56470588 0.92549020 0.07058824
v 0.76032499 -16.80280426 -66.15085007 0.56470588 0.92549020 0.07058824
v 7.20515690 -21.43909278 -57.24823004 0.56470588 0.92549020 0.07058824
v 5.04458987 -21.27459928 -58.67247054 0.56470588 0.92549020 0.07058824
v 5.70455858 -20.61662278 -59.34217692 0.56470588 0.92549020 0.07058824
v 5.84097621 -19.73323161 -60.59229416 0.56470588 0.92549020 0.07058824
v 5.84097621 -19.15445643 -61.44058655 0.56470588 0.92549020 0.07058824
v 5.84097621 -18.30761796 -62.61480158 0.56470588 0.92549020 0.07058824
v -0.92830957 -16.13873690 -67.07950743 0.56470588 0.92549020 0.07058824
v -2.62431790 -16.86982008 -66.15531283 0.56470588 0.92549020 0.07058824
v -4.31663935 -18.25887849 -64.16405480 0.56470588 0.92549020 0.07058824
v -5.25313083 -19.62966182 -62.11475569 0.56470588 0.92549020 0.07058824
v -5.86516908 -18.58786548 -62.73088375 0.56470588 0.92549020 0.07058824
v -6.38134513 -19.15445643 -61.53880760 0.56470588 0.92549020 0.07058824
v -5.89466480 -19.93428033 -61.06108559 0.56470588 0.92549020 0.07058824
v -6.10113547 -20.85422674 -59.60559066 0.56470588 0.92549020 0.07058824
v -6.72792126 -21.15884273 -58.50727280 0.56470588 0.92549020 0.07058824
v -8.56403474 -22.95609198 -53.57823826 0.56470588 0.92549020 0.07058824
v -9.72543196 -22.52962606 -52.72101530 0.56470588 0.92549020 0.07058824
v -7.23672354 -21.54875595 -57.37770554 0.56470588 0.92549020 0.07058824
v -7.66809964 -22.07879166 -56.06507941 0.56470588 0.92549020 0.07058824
v -8.87742732 -23.19978679 -52.72101530 0.56470588 0.92549020 0.07058824
v -7.10767969 -24.83863340 -52.20310829 0.56470588 0.92549020 0.07058824
v -8.23958056 -24.40607410 -51.41732478 0.56470588 0.92549020 0.07058824
v -9.36779485 -23.77856197 -50.98424550 0.56470588 0.92549020 0.07058824
v -9.80654535 -24.31468854 -49.33230342 0.56470588 0.92549020 0.07058824
v -10.47757440 -23.14495647 -50.54670345 0.56470588 0.92549020 0.07058824
v -10.84258528 -23.46785008 -49.33230342 0.56470588 0.92549020 0.07058824
v -11.21865587 -23.90650276 -47.84555909 0.56470588 0.92549020 0.07058824
v -12.16620928 -24.86909525 -43.92554688 0.56470588 0.92549020 0.07058824
v -10.49600915 -24.85081511 -47.20710715 0.56470588 0.92549020 0.07058824
v -10.84258528 -25.14325192 -45.94359659 0.56470588 0.92549020 0.07058824
v -11.16703884 -25.55143770 -44.38541281 0.56470588 0.92549020 0.07058824
v -11.56154481 -26.01445886 -42.55488472 0.56470588 0.92549020 0.07058824
v -11.83069475 -26.23987353 -41.45656685 0.56470588 0.92549020 0.07058824
v -12.44273237 -25.16762039 -42.55488472 0.56470588 0.92549020 0.07058824
v -12.78930787 -25.48442062 -40.84490156 0.56470588 0.92549020 0.07058824
v -13.13219680 -25.78295080 -39.17063560 0.56470588 0.92549020 0.07058824
v -13.34972845 -26.14848798 -37.59459573 0.56470588 0.92549020 0.07058824
v 9.24774105 -26.72726316 -45.99716987 0.56470588 0.92549020 0.07058824
v 7.53698486 -26.21550506 -48.22506004 0.56470588 0.92549020 0.07058824
v 7.53698486 -27.28776325 -45.94359659 0.56470588 0.92549020 0.07058824
v 7.53698486 -26.61760251 -47.38123040 0.56470588 0.92549020 0.07058824
v 5.84097621 -25.36257321 -51.02443050 0.56470588 0.92549020 0.07058824
v 6.72585034 -24.65586229 -51.89504678 0.56470588 0.92549020 0.07058824
v 7.53698486 -23.24852374 -54.08721470 0.56470588 0.92549020 0.07058824
v 6.54150162 -22.91344337 -55.19446313 0.56470588 0.92549020 0.07058824
v 9.32885444 -29.98668128 -37.59459573 0.56470588 0.92549020 0.07058824
v 9.22930630 -28.84131768 -40.86275763 0.56470588 0.92549020 0.07058824
v 9.19243681 -30.02932485 -37.59459573 0.56470588 0.92549020 0.07058824
v 7.53329766 -30.48625262 -37.59459573 0.56470588 0.92549020 0.07058824
v 7.48536719 -29.96230776 -39.15724228 0.56470588 0.92549020 0.07058824
v 6.88439055 -29.77954170 -40.16180185 0.56470588 0.92549020 0.07058824
v 9.26248923 -29.46882981 -39.15724228 0.56470588 0.92549020 0.07058824
v 8.47347666 -28.06149125 -43.47461152 0.56470588 0.92549020 0.07058824
v 9.11500999 -27.59238176 -44.12199402 0.56470588 0.92549020 0.07058824
v 4.22239438 -18.49038907 -63.01216366 0.56470588 0.92549020 0.07058824
v 3.70621802 -17.98472183 -63.87831718 0.56470588 0.92549020 0.07058824
v 2.45633332 -17.47296373 -64.92305672 0.56470588 0.92549020 0.07058824
v -0.92830957 -17.75321378 -65.28023379 0.56470588 0.92549020 0.07058824
v -0.92830957 -16.90637405 -66.23121504 0.56470588 0.92549020 0.07058824
v 0.76032499 -17.64964146 -65.15075830 0.56470588 0.92549020 0.07058824
v 4.14865477 -21.39644669 -58.85998711 0.56470588 0.92549020 0.07058824
v 4.14865477 -20.84204250 -59.70381675 0.56470588 0.92549020 0.07058824
v 4.14865477 -19.99520404 -60.95839674 0.56470588 0.92549020 0.07058824
v 4.14865477 -22.74895240 -56.59637974 0.56470588 0.92549020 0.07058824
v 4.14865477 -22.03614305 -57.80184921 0.56470588 0.92549020 0.07058824
v 4.14865477 -19.40424210 -61.80669419 0.56470588 0.92549020 0.07058824
v -2.62431790 -17.71665854 -65.25790991 0.56470588 0.92549020 0.07058824
v -2.62431790 -18.46601807 -64.40961751 0.56470588 0.92549020 0.07058824
v -4.31663935 -19.10571696 -63.19074967 0.56470588 0.92549020 0.07058824
v -4.31663935 -19.81243293 -62.34692003 0.56470588 0.92549020 0.07058824
v -4.97292086 -21.18321373 -60.23957984 0.56470588 0.92549020 0.07058824
v -5.59970697 -21.57921780 -59.11000753 0.56470588 0.92549020 0.07058824
v -6.04214403 -22.12752860 -57.83310365 0.56470588 0.92549020 0.07058824
v -6.96757423 -23.03529077 -55.39537303 0.56470588 0.92549020 0.07058824
v -7.60173379 -23.26071050 -54.25241245 0.56470588 0.92549020 0.07058824
v -6.67261639 -24.50964641 -53.32821784 0.56470588 0.92549020 0.07058824
v -6.48826767 -22.67584193 -56.52494533 0.56470588 0.92549020 0.07058824
v -7.68653438 -25.08842160 -50.92174165 0.56470588 0.92549020 0.07058824
v -5.20520037 -26.36172094 -51.91737067 0.56470588 0.92549020 0.07058824
v -6.38503233 -26.00227210 -51.02443050 0.56470588 0.92549020 0.07058824
v -6.75372978 -26.26424705 -50.02880149 0.56470588 0.92549020 0.07058824
v -10.14943365 -24.57057012 -48.33667441 0.56470588 0.92549020 0.07058824
v -9.38991680 -25.49051400 -47.62678807 0.56470588 0.92549020 0.07058824
v -9.77704900 -25.99009039 -45.94359659 0.56470588 0.92549020 0.07058824
v -10.10518975 -26.23378520 -44.84974149 0.56470588 0.92549020 0.07058824
v -10.41858296 -26.47138663 -43.72017423 0.56470588 0.92549020 0.07058824
v -10.71354143 -26.70898806 -42.55488472 0.56470588 0.92549020 0.07058824
v -10.27847814 -28.05539787 -40.07696908 0.56470588 0.92549020 0.07058824
v -10.49600915 -28.23816898 -39.17063560 0.56470588 0.92549020 0.07058824
v -11.34032659 -27.52536468 -39.17063560 0.56470588 0.92549020 0.07058824
v -11.69796306 -27.82388982 -37.59459573 0.56470588 0.92549020 0.07058824
v -11.76801548 -27.76296611 -37.59459573 0.56470588 0.92549020 0.07058824
v -12.06297394 -26.45310649 -40.32699455 0.56470588 0.92549020 0.07058824
v -12.28419216 -26.67852621 -39.17063560 0.56470588 0.92549020 0.07058824
v -12.56440182 -26.97705135 -37.59459573 0.56470588 0.92549020 0.07058824
v 6.00689019 -26.11802612 -49.35016455 0.56470588 0.92549020 0.07058824
v 7.53698486 -27.84825829 -44.63990103 0.56470588 0.92549020 0.07058824
v 6.50463213 -27.98838583 -44.98367974 0.56470588 0.92549020 0.07058824
v 5.89996765 -27.73250426 -45.90787434 0.56470588 0.92549020 0.07058824
v 6.00689019 -26.83692885 -47.80537408 0.56470588 0.92549020 0.07058824
v 4.04541943 -25.89870483 -50.89495501 0.56470588 0.92549020 0.07058824
v 4.01223682 -24.96048081 -52.74780699 0.56470588 0.92549020 0.07058824
v 5.84097621 -24.78989141 -52.13614169 0.56470588 0.92549020 0.07058824
v 5.84097621 -24.33296364 -52.97997133 0.56470588 0.92549020 0.07058824
v 5.92577680 -23.44348161 -54.54261787 0.56470588 0.92549020 0.07058824
v 4.48785650 -24.50964641 -53.32821784 0.56470588 0.92549020 0.07058824
v 3.35964220 -24.66195567 -53.59163158 0.56470588 0.92549020 0.07058824
v 7.48536719 -29.37135087 -40.78239771 0.56470588 0.92549020 0.07058824
v 5.74511528 -30.96145549 -37.59459573 0.56470588 0.92549020 0.07058824
v 5.84097621 -30.40096045 -39.17063560 0.56470588 0.92549020 0.07058824
v 5.84097621 -29.91966420 -40.51897893 0.56470588 0.92549020 0.07058824
v 5.84097621 -29.59677059 -41.36280857 0.56470588 0.92549020 0.07058824
v 5.84097621 -29.13374944 -42.55488472 0.56470588 0.92549020 0.07058824
v 7.53698486 -28.18943204 -43.79160863 0.56470588 0.92549020 0.07058824
v 3.18635445 -19.53218288 -61.98974296 0.56470588 0.92549020 0.07058824
v 2.55219473 -19.09353272 -62.80232320 0.56470588 0.92549020 0.07058824
v 2.45633332 -18.14921785 -64.07476432 0.56470588 0.92549020 0.07058824
v 0.76032499 -18.33807981 -64.30246086 0.56470588 0.92549020 0.07058824
v -0.92830957 -18.45992722 -64.43640415 0.56470588 0.92549020 0.07058824
v -2.62431790 -19.31285654 -63.42291401 0.56470588 0.92549020 0.07058824
v -0.92830957 -19.31285654 -63.40952069 0.56470588 0.92549020 0.07058824
v 2.45633332 -21.60967965 -59.18590974 0.56470588 0.92549020 0.07058824
v 2.45633332 -21.05527547 -60.03420214 0.56470588 0.92549020 0.07058824
v 2.45633332 -22.51744182 -57.69916541 0.56470588 0.92549020 0.07058824
v 2.55219473 -20.14751330 -61.32896714 0.56470588 0.92549020 0.07058824
v 3.02044047 -22.88907490 -56.84193740 0.56470588 0.92549020 0.07058824
v -3.84470656 -21.38426245 -60.50299862 0.56470588 0.92549020 0.07058824
v -4.37194422 -20.73237933 -61.11466392 0.56470588 0.92549020 0.07058824
v -4.37194422 -21.82900347 -59.60559066 0.56470588 0.92549020 0.07058824
v -4.31663935 -22.72458393 -58.31082566 0.56470588 0.92549020 0.07058824
v -5.35636617 -23.07793939 -57.15893451 0.56470588 0.92549020 0.07058824
v -5.95734344 -23.37037114 -56.02043164 0.56470588 0.92549020 0.07058824
v -6.06795255 -24.22330299 -54.50243286 0.56470588 0.92549020 0.07058824
v -5.54440210 -24.89955711 -53.99792422 0.56470588 0.92549020 0.07058824
v -4.89549467 -24.56447674 -55.12749148 0.56470588 0.92549020 0.07058824
v -3.76728006 -24.72896771 -55.39537303 0.56470588 0.92549020 0.07058824
v -4.31663935 -26.47748001 -52.11381781 0.56470588 0.92549020 0.07058824
v -4.31663935 -27.02578829 -51.02443050 0.56470588 0.92549020 0.07058824
v -5.17201776 -28.03712278 -48.49294159 0.56470588 0.92549020 0.07058824
v -5.54071490 -26.58104728 -51.02443050 0.56470588 0.92549020 0.07058824
v -5.96471722 -27.15982246 -49.26086902 0.56470588 0.92549020 0.07058824
v -6.33341467 -27.69594903 -47.64018139 0.56470588 0.92549020 0.07058824
v -7.13717541 -26.55058543 -48.89922918 0.56470588 0.92549020 0.07058824
v -8.26907628 -26.13021288 -48.04646898 0.56470588 0.92549020 0.07058824
v -8.63039995 -26.39827617 -46.91690172 0.56470588 0.92549020 0.07058824
v -8.92904499 -26.61760251 -45.94359659 0.56470588 0.92549020 0.07058824
v -7.66809964 -27.52536468 -45.98824436 0.56470588 0.92549020 0.07058824
v -7.07449677 -28.18943204 -45.45694403 0.56470588 0.92549020 0.07058824
v -7.42475947 -28.45140194 -44.25146951 0.56470588 0.92549020 0.07058824
v -9.48209116 -26.93440779 -44.27379339 0.56470588 0.92549020 0.07058824
v -9.40466498 -27.64111871 -42.69775353 0.56470588 0.92549020 0.07058824
v -9.97245870 -27.82998320 -41.20654139 0.56470588 0.92549020 0.07058824
v -9.40466498 -28.43922023 -40.72881939 0.56470588 0.92549020 0.07058824
v -8.06260623 -29.37135087 -40.86275763 0.56470588 0.92549020 0.07058824
v -8.37968602 -29.60285892 -39.68407733 0.56470588 0.92549020 0.07058824
v -9.30511621 -29.13374944 -39.13938368 0.56470588 0.92549020 0.07058824
v -9.85816302 -29.32261393 -37.59459573 0.56470588 0.92549020 0.07058824
v -10.85364626 -28.53669916 -37.59459573 0.56470588 0.92549020 0.07058824
v 4.53947416 -26.22769182 -49.92611264 0.56470588 0.92549020 0.07058824
v 4.04541943 -26.62369589 -49.35016455 0.56470588 0.92549020 0.07058824
v 5.89996765 -28.40266500 -44.34969560 0.56470588 0.92549020 0.07058824
v 4.14865477 -28.87786786 -44.25146951 0.56470588 0.92549020 0.07058824
v 5.37641720 -28.12850833 -45.31407017 0.56470588 0.92549020 0.07058824
v 4.14865477 -27.39133051 -47.64018139 0.56470588 0.92549020 0.07058824
v 4.14865477 -27.90918199 -46.50614632 0.56470588 0.92549020 0.07058824
v 3.40757298 -26.36781432 -50.24310471 0.56470588 0.92549020 0.07058824
v 2.45633332 -26.06319580 -51.29231205 0.56470588 0.92549020 0.07058824
v 2.45633332 -25.32602303 -52.72101530 0.56470588 0.92549020 0.07058824
v -0.36420238 -24.59493859 -55.16767649 0.56470588 0.92549020 0.07058824
v 0.76032499 -24.47309118 -54.94444271 0.56470588 0.92549020 0.07058824
v 1.88853928 -23.01701568 -57.06517623 0.56470588 0.92549020 0.07058824
v 4.34775167 -31.29653586 -37.59459573 0.56470588 0.92549020 0.07058824
v 4.14865477 -30.79696452 -39.17063560 0.56470588 0.92549020 0.07058824
v 4.27401205 -30.10852869 -41.00563149 0.56470588 0.92549020 0.07058824
v 4.92291947 -29.71252462 -41.66640731 0.56470588 0.92549020 0.07058824
v 4.27401205 -29.51756675 -42.56381528 0.56470588 0.92549020 0.07058824
v 2.05445311 -19.67839876 -62.18619010 0.56470588 0.92549020 0.07058824
v 0.76032499 -19.18491828 -63.23093468 0.56470588 0.92549020 0.07058824
v -2.62431790 -19.98911066 -62.57462162 0.56470588 0.92549020 0.07058824
v -0.92830957 -19.97083304 -62.56122830 0.56470588 0.92549020 0.07058824
v 0.74557705 -21.72543368 -59.60112790 0.56470588 0.92549020 0.07058824
v 1.30231019 -21.18930458 -60.23957984 0.56470588 0.92549020 0.07058824
v 0.76032499 -22.64538008 -58.12330908 0.56470588 0.92549020 0.07058824
v -2.62431790 -20.83594912 -61.45397987 0.56470588 0.92549020 0.07058824
v -2.62431790 -21.45127954 -60.60568748 0.56470588 0.92549020 0.07058824
v -2.62431790 -22.20673245 -59.49397629 0.56470588 0.92549020 0.07058824
v -2.62431790 -22.86470642 -58.50727280 0.56470588 0.92549020 0.07058824
v -4.31663935 -23.27289221 -57.46253326 0.56470588 0.92549020 0.07058824
v -4.32770032 -24.17456605 -56.02043164 0.56470588 0.92549020 0.07058824
v -2.62431790 -23.38865128 -57.65898040 0.56470588 0.92549020 0.07058824
v -2.62431790 -24.23548975 -56.27045711 0.56470588 0.92549020 0.07058824
v -2.62431790 -24.74115447 -55.42662747 0.56470588 0.92549020 0.07058824
v -2.62431790 -25.31992965 -54.41314238 0.56470588 0.92549020 0.07058824
v -2.62431790 -26.53840371 -52.23436273 0.56470588 0.92549020 0.07058824
v -2.62431790 -27.15372908 -51.02443050 0.56470588 0.92549020 0.07058824
v -4.31663935 -27.73250426 -49.54214388 0.56470588 0.92549020 0.07058824
v -4.31663935 -28.12850833 -48.69385148 0.56470588 0.92549020 0.07058824
v -4.31663935 -28.58543611 -47.64018139 0.56470588 0.92549020 0.07058824
v -4.70008498 -29.64550754 -44.90331982 0.56470588 0.92549020 0.07058824
v -5.46328871 -29.88310897 -43.77374751 0.56470588 0.92549020 0.07058824
v -6.02002209 -29.33479564 -44.30504784 0.56470588 0.92549020 0.07058824
v -5.48541066 -28.21989389 -47.64018139 0.56470588 0.92549020 0.07058824
v -6.71686029 -27.93964384 -46.58651129 0.56470588 0.92549020 0.07058824
v -7.70496913 -26.78209853 -47.54196034 0.56470588 0.92549020 0.07058824
v -6.59150301 -29.56021536 -42.99242171 0.56470588 0.92549020 0.07058824
v -7.73446548 -28.90223634 -42.61292580 0.56470588 0.92549020 0.07058824
v -8.27276348 -27.82998320 -44.25146951 0.56470588 0.92549020 0.07058824
v -6.94176571 -29.78563003 -41.86285445 0.56470588 0.92549020 0.07058824
v -7.21460160 -29.98058790 -40.86275763 0.56470588 0.92549020 0.07058824
v -8.67833105 -29.81609189 -38.55897282 0.56470588 0.92549020 0.07058824
v -9.68118806 -29.45054967 -37.59459573 0.56470588 0.92549020 0.07058824
v 2.58169060 -28.44531361 -46.09539597 0.56470588 0.92549020 0.07058824
v 3.23428523 -28.01884769 -46.75617179 0.56470588 0.92549020 0.07058824
v 4.14865477 -28.27472421 -45.65785392 0.56470588 0.92549020 0.07058824
v 2.80659602 -29.62723244 -43.13529557 0.56470588 0.92549020 0.07058824
v 2.32728931 -29.33479564 -44.10413289 0.56470588 0.92549020 0.07058824
v -0.10980113 -26.33125908 -51.86379234 0.56470588 0.92549020 0.07058824
v 2.58169060 -27.76905949 -47.60446418 0.56470588 0.92549020 0.07058824
v 2.45633332 -26.99533149 -49.33230342 0.56470588 0.92549020 0.07058824
v -0.77714361 -26.79428024 -51.18962320 0.56470588 0.92549020 0.07058824
v -1.49241672 -24.69241752 -55.34626250 0.56470588 0.92549020 0.07058824
v -0.92830957 -24.21720961 -55.98918225 0.56470588 0.92549020 0.07058824
v -1.23801542 -26.44701816 -52.07363280 0.56470588 0.92549020 0.07058824
v 2.46370741 -31.69863331 -37.59459573 0.56470588 0.92549020 0.07058824
v 1.94753088 -31.49758711 -38.53664894 0.56470588 0.92549020 0.07058824
v 3.79470518 -29.84046036 -42.00572326 0.56470588 0.92549020 0.07058824
v 2.45633332 -30.54108294 -40.86275763 0.56470588 0.92549020 0.07058824
v 0.74557705 -20.75065695 -61.07001616 0.56470588 0.92549020 0.07058824
v 0.76032499 -19.82461716 -62.38263724 0.56470588 0.92549020 0.07058824
v -0.92830957 -20.81767151 -61.39593879 0.56470588 0.92549020 0.07058824
v 0.17409593 -21.31724537 -60.42709641 0.56470588 0.92549020 0.07058824
v -0.92830957 -22.79768934 -58.38672787 0.56470588 0.92549020 0.07058824
v -0.92830957 -21.40253755 -60.54764639 0.56470588 0.92549020 0.07058824
v -0.92830957 -22.09097590 -59.49397629 0.56470588 0.92549020 0.07058824
v -0.92093564 -27.72641088 -49.22961962 0.56470588 0.92549020 0.07058824
v -2.62431790 -27.79952134 -49.61804609 0.56470588 0.92549020 0.07058824
v -3.56818348 -29.74298647 -45.14440967 0.56470588 0.92549020 0.07058824
v -4.20603024 -29.36525749 -45.80072273 0.56470588 0.92549020 0.07058824
v -4.20603024 -29.98058790 -44.30504784 0.56470588 0.92549020 0.07058824
v -4.31663935 -30.65074864 -42.55488472 0.56470588 0.92549020 0.07058824
v -5.19045251 -31.43666340 -40.05018244 0.56470588 0.92549020 0.07058824
v -6.02002209 -30.07806684 -42.47898251 0.56470588 0.92549020 0.07058824
v -6.71317309 -31.33918447 -38.11250274 0.56470588 0.92549020 0.07058824
v -7.77133497 -30.23646443 -39.13938368 0.56470588 0.92549020 0.07058824
v -7.65703866 -30.89444345 -37.59459573 0.56470588 0.92549020 0.07058824
v -7.72709108 -30.84570146 -37.59459573 0.56470588 0.92549020 0.07058824
v -8.92904499 -29.99276962 -37.59459573 0.56470588 0.92549020 0.07058824
v 0.76032499 -28.88396124 -45.94359659 0.56470588 0.92549020 0.07058824
v 2.10238373 -28.13460171 -47.01958553 0.56470588 0.92549020 0.07058824
v 1.67469468 -29.74298647 -43.43889432 0.56470588 0.92549020 0.07058824
v 0.76032499 -27.34868695 -49.33230342 0.56470588 0.92549020 0.07058824
v 0.76032499 -28.27472421 -47.31872151 0.56470588 0.92549020 0.07058824
v 0.76032499 -27.88481352 -48.16701896 0.56470588 0.92549020 0.07058824
v 0.76032499 -32.00934520 -37.59459573 0.56470588 0.92549020 0.07058824
v 0.76032499 -31.59506604 -38.84024769 0.56470588 0.92549020 0.07058824
v -0.26096709 -31.39401479 -39.92517223 0.56470588 0.92549020 0.07058824
v 0.76032499 -31.30262924 -39.68407733 0.56470588 0.92549020 0.07058824
v -0.92830957 -29.17639300 -45.94359659 0.56470588 0.92549020 0.07058824
v -2.62431790 -28.66463490 -47.64018139 0.56470588 0.92549020 0.07058824
v -3.23266895 -29.74298647 -45.14440967 0.56470588 0.92549020 0.07058824
v -2.62431790 -31.55851081 -40.36271175 0.56470588 0.92549020 0.07058824
v -4.31663935 -31.52195558 -40.26895346 0.56470588 0.92549020 0.07058824
v -4.31663935 -31.90577289 -39.17063560 0.56470588 0.92549020 0.07058824
v -4.31663935 -32.42971775 -37.59459573 0.56470588 0.92549020 0.07058824
v -4.40143994 -32.40534928 -37.59459573 0.56470588 0.92549020 0.07058824
v -5.50015820 -31.58897266 -39.17063560 0.56470588 0.92549020 0.07058824
v -6.17487509 -31.80220562 -37.59459573 0.56470588 0.92549020 0.07058824
v -6.34816284 -31.14422660 -39.17063560 0.56470588 0.92549020 0.07058824
v -7.52799481 -30.97973563 -37.59459573 0.56470588 0.92549020 0.07058824
v 0.76032499 -29.48710490 -44.49256441 0.56470588 0.92549020 0.07058824
v -0.92830957 -29.63332078 -44.84974149 0.56470588 0.92549020 0.07058824
v 0.76032499 -29.81609189 -43.64873477 0.56470588 0.92549020 0.07058824
v -0.86931797 -31.16860012 -40.79132323 0.56470588 0.92549020 0.07058824
v 0.64971572 -32.02762030 -37.59459573 0.56470588 0.92549020 0.07058824
v -0.86931797 -31.69863331 -39.28671777 0.56470588 0.92549020 0.07058824
v -1.39286843 -31.47930697 -40.17966298 0.56470588 0.92549020 0.07058824
v -2.10445449 -29.70643124 -45.04172587 0.56470588 0.92549020 0.07058824
v -2.65012674 -29.43836795 -45.80072273 0.56470588 0.92549020 0.07058824
v -2.65012674 -30.00495638 -44.38541281 0.56470588 0.92549020 0.07058824
v -2.62431790 -30.71776572 -42.55488472 0.56470588 0.92549020 0.07058824
v -0.92830957 -29.96230776 -44.00144909 0.56470588 0.92549020 0.07058824
v -2.62431790 -31.97278997 -39.17063560 0.56470588 0.92549020 0.07058824
v -2.62431790 -32.47236636 -37.59459573 0.56470588 0.92549020 0.07058824
v -6.06426535 -31.85703595 -37.59459573 0.56470588 0.92549020 0.07058824
v -0.92830957 -30.51062109 -42.55488472 0.56470588 0.92549020 0.07058824
v -0.92462261 -32.25913340 -37.59459573 0.56470588 0.92549020 0.07058824
v -1.05366670 -32.27740849 -37.59459573 0.56470588 0.92549020 0.07058824
f 4347 4348 4351
f 4347 4351 4356
f 4347 4356 4363
f 4347 4363 4376
f 4347 4376 4375
f 4347 4375 4374
f 4347 4374 4373
f 4347 4373 4393
f 4347 4393 4412
f 4347 4412 4411
f 4347 4411 4430
f 4347 4430 4429
f 4347 4429 4455
f 4347 4455 4474
f 4347 4474 4495
f 4347 4495 4494
f 4347 4494 4493
f 4347 4493 4515
f 4347 4515 4548
f 4347 4548 4581
f 4347 4581 4615
f 4347 4615 4650
f 4347 4650 4692
f 4347 4692 4745
f 4347 4745 4802
f 4347 4802 4862
f 4347 4862 4934
f 4347 4934 5001
f 4347 5001 5082
f 4347 5082 5167
f 4347 5167 5166
f 4347 5166 5241
f 4347 5241 5321
f 4347 5321 5320
f 4347 5320 5393
f 4347 5393 5474
f 4347 5474 5553
f 4347 5553 5633
f 4347 5633 5718
f 4347 5718 5717
f 4347 5717 5810
f 4347 5810 5888
f 4347 5888 5968
f 4347 5968 5967
f 4347 5967 6033
f 4347 6033 6106
f 4347 6106 6105
f 4347 6105 6104
f 4347 6104 6165
f 4347 6165 6223
f 4347 6223 6220
f 4347 6220 6219
f 4347 6219 6286
f 4347 6286 6285
f 4347 6285 6339
f 4347 6339 6375
f 4347 6375 6374
f 4347 6374 6373
f 4347 6373 6397
f 4347 6397 6395
f 4347 6395 6412
f 4347 6412 6393
f 4347 6393 6392
f 4347 6392 6411
f 4347 6411 6415
f 4347 6415 6414
f 4347 6414 6402
f 4347 6402 6382
f 4347 6382 6352
f 4347 6352 6300
f 4347 6300 6237
f 4347 6237 6177
f 4347 6177 6176
f 4347 6176 6174
f 4347 6174 6117
f 4347 6117 6041
f 4347 6041 5977
f 4347 5977 5900
f 4347 5900 5820
f 4347 5820 5819
f 4347 5819 5727
f 4347 5727 5643
f 4347 5643 5642
f 4347 5642 5647
f 4347 5647 5641
f 4347 5641 5563
f 4347 5563 5562
f 4347 5562 5485
f 4347 5485 5409
f 4347 5409 5407
f 4347 5407 5406
f 4347 5406 5332
f 4347 5332 5252
f 4347 5252 5180
f 4347 5180 5179
f 4347 5179 5178
f 4347 5178 5091
f 4347 5091 5013
f 4347 5013 4945
f 4347 4945 4874
f 4347 4874 4873
f 4347 4873 4809
f 4347 4809 4808
f 4347 4808 4756
f 4347 4756 4698
f 4347 4698 4655
f 4347 4655 4617
f 4347 4617 4585
f 4347 4585 4550
f 4347 4550 4519
f 4347 4519 4499
f 4347 4499 4478
f 4347 4478 4477
f 4347 4477 4476
f 4347 4476 4460
f 4347 4460 4459
f 4347 4459 4458
f 4347 4458 4457
f 4347 4457 4436
f 4347 4436 4435
f 4347 4435 4431
f 4347 4431 4417
f 4347 4417 4416
f 4347 4416 4415
f 4347 4415 4414
f 4347 4414 4413
f 4347 4413 4400
f 4347 4400 4399
f 4347 4399 4398
f 4347 4398 4384
f 4347 4384 4383
f 4347 4383 4382
f 4347 4382 4381
f 4347 4381 4380
f 4347 4380 4379
f 4347 4379 4368
f 4347 4368 4364
f 4347 4364 4353
f 4347 4353 4349
f 4347 4349 4350
f 4347 4350 4348
f 4348 4350 4352
f 4348 4352 4351
f 4349 4353 4354
f 4349 4354 4350
f 4350 4354 4355
f 4350 4355 4352
f 4351 4352 4356
f 4352 4355 4357
f 4352 4357 4358
f 4352 4358 4359
f 4352 4359 4360
f 4352 4360 4361
f 4352 4361 4362
f 4352 4362 4363
f 4352 4363 4356
f 4353 4364 4354
f 4354 4365 4366
f 4354 4366 4367
f 4354 4367 4357
f 4354 4357 4355
f 4354 4364 4368
f 4354 4368 4365
f 4357 4367 4369
f 4357 4369 4358
f 4358 4369 4367
f 4358 4367 4387
f 4358 4387 4405
f 4358 4405 4404
f 4358 4404 4403
f 4358 4403 4402
f 4358 4402 4401
f 4358 4401 4422
f 4358 4422 4421
f 4358 4421 4420
f 4358 4420 4442
f 4358 4442 4466
f 4358 4466 4482
f 4358 4482 4503
f 4358 4503 4525
f 4358 4525 4553
f 4358 4553 4552
f 4358 4552 4587
f 4358 4587 4620
f 4358 4620 4657
f 4358 4657 4699
f 4358 4699 4758
f 4358 4758 4815
f 4358 4815 4881
f 4358 4881 4880
f 4358 4880 4879
f 4358 4879 4949
f 4358 4949 5022
f 4358 5022 5100
f 4358 5100 5043
f 4358 5043 4969
f 4358 4969 4901
f 4358 4901 4833
f 4358 4833 4775
f 4358 4775 4718
f 4358 4718 4668
f 4358 4668 4627
f 4358 4627 4592
f 4358 4592 4558
f 4358 4558 4530
f 4358 4530 4507
f 4358 4507 4486
f 4358 4486 4467
f 4358 4467 4443
f 4358 4443 4423
f 4358 4423 4406
f 4358 4406 4388
f 4358 4388 4370
f 4358 4370 4359
f 4359 4370 4360
f 4360 4370 4371
f 4360 4371 4362
f 4360 4362 4361
f 4362 4371 4372
f 4362 4372 4373
f 4362 4373 4374
f 4362 4374 4375
f 4362 4375 4376
f 4362 4376 4363
f 4365 4377 4378
f 4365 4378 4366
f 4365 4368 4379
f 4365 4379 4380
f 4365 4380 4381
f 4365 4381 4382
f 4365 4382 4383
f 4365 4383 4384
f 4365 4384 4377
f 4366 4378 4385
f 4366 4385 4386
f 4366 4386 4367
f 4367 4386 4387
f 4370 4388 4371
f 4371 4389 4390
f 4371 4390 4391
f 4371 4391 4372
f 4371 4388 4389
f 4372 4391 4392
f 4372 4392 4393
f 4372 4393 4373
f 4377 4394 4395
f 4377 4395 4396
f 4377 4396 4397
f 4377 4397 4378
f 4377 4384 4398
f 4377 4398 4399
f 4377 4399 4400
f 4377 4400 4394
f 4378 4397 4401
f 4378 4401 4402
f 4378 4402 4403
f 4378 4403 4404
f 4378 4404 4405
f 4378 4405 4385
f 4385 4405 4386
f 4386 4405 4387
f 4388 4406 4389
f 4389 4407 4408
f 4389 4408 4390
f 4389 4406 4407
f 4390 4409 4391
f 4390 4408 4410
f 4390 4410 4411
f 4390 4411 4409
f 4391 4409 4392
f 4392 4409 4411
f 4392 4411 4412
f 4392 4412 4393
f 4394 4400 4395
f 4395 4400 4413
f 4395 4413 4414
f 4395 4414 4415
f 4395 4415 4416
f 4395 4416 4417
f 4395 4417 4418
f 4395 4418 4396
f 4396 4419 4420
f 4396 4420 4421
f 4396 4421 4422
f 4396 4422 4397
f 4396 4418 4419
f 4397 4422 4401
f 4406 4423 4424
f 4406 4424 4425
f 4406 4425 4426
f 4406 4426 4407
f 4407 4426 4427
f 4407 4427 4428
f 4407 4428 4408
f 4408 4428 4410
f 4410 4428 4429
f 4410 4429 4430
f 4410 4430 4411
f 4417 4431 4418
f 4418 4432 4433
f 4418 4433 4434
f 4418 4434 4419
f 4418 4431 4435
f 4418 4435 4436
f 4418 4436 4432
f 4419 4437 4438
f 4419 4438 4420
f 4419 4434 4433
f 4419 4433 4439
f 4419 4439 4440
f 4419 4440 4441
f 4419 4441 4437
f 4420 4438 4442
f 4423 4443 4444
f 4423 4444 4445
f 4423 4445 4446
f 4423 4446 4447
f 4423 4447 4424
f 4424 4447 4425
f 4425 4447 4426
f 4426 4447 4427
f 4427 4447 4448
f 4427 4448 4428
f 4428 4448 4446
f 4428 4446 4449
f 4428 4449 4450
f 4428 4450 4451
f 4428 4451 4452
f 4428 4452 4453
f 4428 4453 4454
f 4428 4454 4455
f 4428 4455 4429
f 4432 4456 4439
f 4432 4439 4433
f 4432 4436 4457
f 4432 4457 4458
f 4432 4458 4459
f 4432 4459 4460
f 4432 4460 4456
f 4437 4461 4462
f 4437 4462 4438
f 4437 4441 4463
f 4437 4463 4461
f 4438 4462 4442
f 4439 4464 4465
f 4439 4465 4440
f 4439 4456 4464
f 4440 4465 4463
f 4440 4463 4441
f 4442 4462 4466
f 4443 4467 4444
f 4444 4467 4468
f 4444 4468 4469
f 4444 4469 4446
f 4444 4446 4445
f 4446 4469 4470
f 4446 4470 4471
f 4446 4471 4449
f 4446 4448 4447
f 4449 4471 4450
f 4450 4471 4470
f 4450 4470 4468
f 4450 4468 4472
f 4450 4472 4451
f 4451 4472 4452
f 4452 4472 4453
f 4453 4472 4454
f 4454 4472 4473
f 4454 4473 4455
f 4455 4473 4474
f 4456 4475 4464
f 4456 4460 4476
f 4456 4476 4477
f 4456 4477 4478
f 4456 4478 4475
f 4461 4463 4479
f 4461 4479 4480
f 4461 4480 4481
f 4461 4481 4462
f 4462 4481 4482
f 4462 4482 4466
f 4463 4483 4479
f 4463 4465 4484
f 4463 4484 4485
f 4463 4485 4483
f 4464 4475 4484
f 4464 4484 4465
f 4467 4486 4487
f 4467 4487 4468
f 4468 4470 4469
f 4468 4487 4486
f 4468 4486 4488
f 4468 4488 4489
f 4468 4489 4490
f 4468 4490 4472
f 4472 4490 4491
f 4472 4491 4492
f 4472 4492 4493
f 4472 4493 4494
f 4472 4494 4495
f 4472 4495 4474
f 4472 4474 4473
f 4475 4496 4484
f 4475 4478 4497
f 4475 4497 4498
f 4475 4498 4496
f 4478 4499 4498
f 4478 4498 4497
f 4479 4483 4485
f 4479 4485 4480
f 4480 4500 4501
f 4480 4501 4481
f 4480 4485 4502
f 4480 4502 4500
f 4481 4503 4482
f 4481 4501 4500
f 4481 4500 4503
f 4484 4496 4485
f 4485 4496 4504
f 4485 4504 4505
f 4485 4505 4506
f 4485 4506 4502
f 4486 4507 4508
f 4486 4508 4488
f 4488 4509 4489
f 4488 4508 4509
f 4489 4509 4510
f 4489 4510 4490
f 4490 4511 4491
f 4490 4510 4511
f 4491 4511 4512
f 4491 4512 4513
f 4491 4513 4514
f 4491 4514 4492
f 4492 4515 4493
f 4492 4514 4515
f 4496 4498 4504
f 4498 4516 4517
f 4498 4517 4518
f 4498 4518 4504
f 4498 4499 4516
f 4499 4519 4517
f 4499 4517 4516
f 4500 4502 4520
f 4500 4520 4521
f 4500 4521 4522
f 4500 4522 4523
f 4500 4523 4503
f 4502 4506 4520
f 4503 4524 4525
f 4503 4523 4524
f 4504 4518 4526
f 4504 4526 4527
f 4504 4527 4505
f 4505 4527 4528
f 4505 4528 4529
f 4505 4529 4520
f 4505 4520 4506
f 4507 4530 4531
f 4507 4531 4532
f 4507 4532 4533
f 4507 4533 4534
f 4507 4534 4535
f 4507 4535 4536
f 4507 4536 4508
f 4508 4536 4509
f 4509 4536 4537
f 4509 4537 4510
f 4510 4537 4538
f 4510 4538 4539
f 4510 4539 4540
f 4510 4540 4511
f 4511 4540 4541
f 4511 4541 4542
f 4511 4542 4512
f 4512 4542 4543
f 4512 4543 4544
f 4512 4544 4513
f 4513 4544 4545
f 4513 4545 4546
f 4513 4546 4547
f 4513 4547 4514
f 4514 4547 4548
f 4514 4548 4515
f 4517 4549 4518
f 4517 4519 4549
f 4518 4549 4526
f 4519 4550 4549
f 4520 4529 4551
f 4520 4551 4521
f 4521 4552 4522
f 4521 4551 4552
f 4522 4552 4553
f 4522 4553 4524
f 4522 4524 4523
f 4524 4553 4525
f 4526 4549 4554
f 4526 4554 4555
f 4526 4555 4556
f 4526 4556 4527
f 4527 4556 4557
f 4527 4557 4528
f 4528 4557 4551
f 4528 4551 4529
f 4530 4558 4559
f 4530 4559 4560
f 4530 4560 4561
f 4530 4561 4531
f 4531 4561 4562
f 4531 4562 4563
f 4531 4563 4564
f 4531 4564 4533
f 4531 4533 4532
f 4533 4564 4565
f 4533 4565 4566
f 4533 4566 4567
f 4533 4567 4534
f 4534 4567 4535
f 4535 4567 4537
f 4535 4537 4536
f 4537 4567 4538
f 4538 4566 4568
f 4538 4568 4539
f 4538 4567 4566
f 4539 4568 4569
f 4539 4569 4541
f 4539 4541 4540
f 4541 4570 4571
f 4541 4571 4572
f 4541 4572 4542
f 4541 4569 4570
f 4542 4572 4543
f 4543 4573 4574
f 4543 4574 4575
f 4543 4575 4576
f 4543 4576 4544
f 4543 4572 4573
f 4544 4576 4577
f 4544 4577 4578
f 4544 4578 4546
f 4544 4546 4545
f 4546 4578 4579
f 4546 4579 4547
f 4547 4580 4548
f 4547 4579 4581
f 4547 4581 4580
f 4548 4580 4581
f 4549 4582 4583
f 4549 4583 4584
f 4549 4584 4554
f 4549 4550 4585
f 4549 4585 4582
f 4551 4557 4586
f 4551 4586 4552
f 4552 4586 4588
f 4552 4588 4587
f 4554 4589 4555
f 4554 4584 4589
f 4555 4589 4590
f 4555 4590 4591
f 4555 4591 4556
f 4556 4591 4588
f 4556 4588 4557
f 4557 4588 4586
f 4558 4592 4559
f 4559 4592 4593
f 4559 4593 4560
f 4560 4593 4594
f 4560 4594 4562
f 4560 4562 4561
f 4562 4594 4595
f 4562 4595 4596
f 4562 4596 4597
f 4562 4597 4563
f 4563 4597 4564
f 4564 4597 4598
f 4564 4598 4599
f 4564 4599 4565
f 4565 4568 4566
f 4565 4599 4600
f 4565 4600 4568
f 4568 4600 4601
f 4568 4601 4602
f 4568 4602 4569
f 4569 4602 4570
f 4570 4602 4603
f 4570 4603 4571
f 4571 4603 4604
f 4571 4604 4573
f 4571 4573 4572
f 4573 4605 4641
f 4573 4641 4606
f 4573 4606 4607
f 4573 4607 4608
f 4573 4608 4574
f 4573 4604 4605
f 4574 4608 4609
f 4574 4609 4575
f 4575 4609 4610
f 4575 4610 4576
f 4576 4610 4577
f 4577 4610 4578
f 4578 4610 4611
f 4578 4611 4612
f 4578 4612 4579
f 4579 4612 4613
f 4579 4613 4581
f 4581 4614 4615
f 4581 4613 4614
f 4582 4585 4583
f 4583 4616 4584
f 4583 4585 4617
f 4583 4617 4618
f 4583 4618 4616
f 4584 4619 4589
f 4584 4616 4619
f 4587 4588 4620
f 4588 4591 4621
f 4588 4621 4620
f 4589 4619 4622
f 4589 4622 4623
f 4589 4623 4590
f 4590 4623 4624
f 4590 4624 4625
f 4590 4625 4626
f 4590 4626 4591
f 4591 4626 4621
f 4592 4627 4593
f 4593 4628 4629
f 4593 4629 4594
f 4593 4627 4628
f 4594 4629 4630
f 4594 4630 4595
f 4595 4630 4631
f 4595 4631 4596
f 4596 4631 4632
f 4596 4632 4633
f 4596 4633 4597
f 4597 4633 4598
f 4598 4633 4634
f 4598 4634 4635
f 4598 4635 4600
f 4598 4600 4599
f 4600 4635 4636
f 4600 4636 4637
f 4600 4637 4638
f 4600 4638 4639
f 4600 4639 4640
f 4600 4640 4602
f 4600 4602 4601
f 4602 4640 4603
f 4603 4640 4604
f 4604 4640 4605
f 4605 4640 4641
f 4606 4641 4642
f 4606 4642 4607
f 4607 4643 4609
f 4607 4609 4608
f 4607 4642 4643
f 4609 4643 4644
f 4609 4644 4645
f 4609 4645 4610
f 4610 4645 4611
f 4611 4645 4646
f 4611 4646 4612
f 4612 4646 4647
f 4612 4647 4648
f 4612 4648 4614
f 4612 4614 4613
f 4614 4649 4650
f 4614 4650 4615
f 4614 4648 4649
f 4616 4651 4652
f 4616 4652 4653
f 4616 4653 4619
f 4616 4618 4654
f 4616 4654 4651
f 4617 4655 4618
f 4618 4655 4656
f 4618 4656 4654
f 4619 4653 4622
f 4620 4621 4626
f 4620 4626 4658
f 4620 4658 4659
f 4620 4659 4660
f 4620 4660 4661
f 4620 4661 4657
f 4622 4662 4624
f 4622 4624 4623
f 4622 4653 4663
f 4622 4663 4664
f 4622 4664 4662
f 4624 4662 4665
f 4624 4665 4625
f 4625 4665 4666
f 4625 4666 4667
f 4625 4667 4626
f 4626 4667 4659
f 4626 4659 4658
f 4627 4668 4628
f 4628 4669 4629
f 4628 4668 4669
f 4629 4669 4670
f 4629 4670 4671
f 4629 4671 4630
f 4630 4671 4672
f 4630 4672 4631
f 4631 4672 4673
f 4631 4673 4632
f 4632 4673 4674
f 4632 4674 4675
f 4632 4675 4633
f 4633 4675 4676
f 4633 4676 4677
f 4633 4677 4638
f 4633 4638 4636
f 4633 4636 4635
f 4633 4635 4634
f 4636 4638 4637
f 4638 4677 4678
f 4638 4678 4679
f 4638 4679 4639
f 4639 4679 4680
f 4639 4680 4640
f 4640 4680 4641
f 4641 4680 4681
f 4641 4681 4682
f 4641 4682 4643
f 4641 4643 4642
f 4643 4682 4683
f 4643 4683 4684
f 4643 4684 4644
f 4644 4684 4685
f 4644 4685 4686
f 4644 4686 4645
f 4645 4686 4687
f 4645 4687 4646
f 4646 4687 4647
f 4647 4687 4688
f 4647 4688 4689
f 4647 4689 4690
f 4647 4690 4648
f 4648 4690 4649
f 4649 4690 4650
f 4650 4690 4691
f 4650 4691 4692
f 4651 4693 4652
f 4651 4654 4693
f 4652 4694 4653
f 4652 4693 4695
f 4652 4695 4694
f 4653 4694 4663
f 4654 4656 4696
f 4654 4696 4697
f 4654 4697 4693
f 4655 4698 4696
f 4655 4696 4656
f 4657 4661 4699
f 4659 4667 4700
f 4659 4700 4701
f 4659 4701 4660
f 4660 4701 4702
f 4660 4702 4661
f 4661 4702 4703
f 4661 4703 4704
f 4661 4704 4705
f 4661 4705 4706
f 4661 4706 4707
f 4661 4707 4708
f 4661 4708 4709
f 4661 4709 4699
f 4662 4664 4710
f 4662 4710 4665
f 4663 4694 4711
f 4663 4711 4664
f 4664 4712 4713
f 4664 4713 4710
f 4664 4711 4714
f 4664 4714 4715
f 4664 4715 4712
f 4665 4710 4713
f 4665 4713 4716
f 4665 4716 4666
f 4666 4716 4717
f 4666 4717 4700
f 4666 4700 4667
f 4668 4718 4719
f 4668 4719 4669
f 4669 4719 4720
f 4669 4720 4670
f 4670 4720 4721
f 4670 4721 4671
f 4671 4721 4722
f 4671 4722 4672
f 4672 4722 4723
f 4672 4723 4673
f 4673 4723 4724
f 4673 4724 4674
f 4674 4724 4725
f 4674 4725 4726
f 4674 4726 4675
f 4675 4726 4676
f 4676 4726 4727
f 4676 4727 4728
f 4676 4728 4678
f 4676 4678 4677
f 4678 4728 4729
f 4678 4729 4679
f 4679 4729 4730
f 4679 4730 4680
f 4680 4730 4731
f 4680 4731 4681
f 4681 4731 4683
f 4681 4683 4682
f 4683 4732 4733
f 4683 4733 4734
f 4683 4734 4735
f 4683 4735 4684
f 4683 4731 4736
f 4683 4736 4737
f 4683 4737 4732
f 4684 4735 4685
f 4685 4735 4738
f 4685 4738 4739
f 4685 4739 4686
f 4686 4739 4687
f 4687 4739 4740
f 4687 4740 4688
f 4688 4740 4741
f 4688 4741 4742
f 4688 4742 4743
f 4688 4743 4689
f 4689 4743 4690
f 4690 4743 4691
f 4691 4743 4692
f 4692 4744 4745
f 4692 4743 4744
f 4693 4697 4695
f 4694 4695 4746
f 4694 4746 4711
f 4695 4747 4748
f 4695 4748 4746
f 4695 4697 4749
f 4695 4749 4750
f 4695 4750 4747
f 4696 4751 4697
f 4696 4698 4752
f 4696 4752 4753
f 4696 4753 4806
f 4696 4806 4751
f 4697 4751 4754
f 4697 4754 4755
f 4697 4755 4750
f 4697 4750 4749
f 4698 4753 4752
f 4698 4756 4753
f 4699 4757 4758
f 4699 4709 4708
f 4699 4708 4757
f 4700 4702 4701
f 4700 4717 4703
f 4700 4703 4702
f 4703 4717 4759
f 4703 4759 4705
f 4703 4705 4704
f 4705 4759 4760
f 4705 4760 4761
f 4705 4761 4706
f 4706 4708 4707
f 4706 4761 4762
f 4706 4762 4708
f 4708 4763 4757
f 4708 4762 4764
f 4708 4764 4765
f 4708 4765 4763
f 4711 4746 4766
f 4711 4766 4714
f 4712 4715 4713
f 4713 4715 4767
f 4713 4767 4768
f 4713 4768 4769
f 4713 4769 4770
f 4713 4770 4717
f 4713 4717 4716
f 4714 4766 4771
f 4714 4771 4715
f 4715 4772 4767
f 4715 4771 4773
f 4715 4773 4774
f 4715 4774 4772
f 4717 4770 4759
f 4718 4775 4776
f 4718 4776 4777
f 4718 4777 4778
f 4718 4778 4719
f 4719 4778 4720
f 4720 4778 4779
f 4720 4779 4780
f 4720 4780 4721
f 4721 4780 4722
f 4722 4781 4782
f 4722 4782 4723
f 4722 4780 4781
f 4723 4782 4783
f 4723 4783 4724
f 4724 4783 4784
f 4724 4784 4725
f 4725 4784 4785
f 4725 4785 4726
f 4726 4785 4727
f 4727 4785 4786
f 4727 4786 4787
f 4727 4787 4728
f 4728 4787 4788
f 4728 4788 4789
f 4728 4789 4790
f 4728 4790 4729
f 4729 4790 4736
f 4729 4736 4730
f 4730 4736 4731
f 4732 4791 4733
f 4732 4737 4791
f 4733 4791 4792
f 4733 4792 4734
f 4734 4792 4793
f 4734 4793 4794
f 4734 4794 4738
f 4734 4738 4735
f 4736 4790 4795
f 4736 4795 4737
f 4737 4795 4791
f 4738 4794 4796
f 4738 4796 4739
f 4739 4796 4740
f 4740 4796 4797
f 4740 4797 4741
f 4741 4797 4798
f 4741 4798 4799
f 4741 4799 4742
f 4742 4799 4743
f 4743 4799 4744
f 4744 4799 4745
f 4745 4799 4800
f 4745 4800 4801
f 4745 4801 4802
f 4746 4748 4803
f 4746 4803 4766
f 4747 4804 4748
f 4747 4750 4804
f 4748 4804 4803
f 4750 4755 4805
f 4750 4805 4804
f 4751 4806 4807
f 4751 4807 4754
f 4753 4756 4808
f 4753 4808 4809
f 4753 4809 4810
f 4753 4810 4870
f 4753 4870 4806
f 4754 4811 4755
f 4754 4807 4811
f 4755 4811 4812
f 4755 4812 4805
f 4757 4763 4765
f 4757 4765 4813
f 4757 4813 4814
f 4757 4814 4815
f 4757 4815 4758
f 4759 4770 4769
f 4759 4769 4760
f 4760 4769 4762
f 4760 4762 4761
f 4762 4769 4816
f 4762 4816 4817
f 4762 4817 4818
f 4762 4818 4819
f 4762 4819 4820
f 4762 4820 4764
f 4764 4820 4821
f 4764 4821 4765
f 4765 4821 4822
f 4765 4822 4814
f 4765 4814 4813
f 4766 4803 4823
f 4766 4823 4771
f 4767 4772 4824
f 4767 4824 4768
f 4768 4825 4769
f 4768 4824 4825
f 4769 4825 4817
f 4769 4817 4816
f 4771 4823 4826
f 4771 4826 4773
f 4772 4774 4827
f 4772 4827 4828
f 4772 4828 4824
f 4773 4826 4829
f 4773 4829 4774
f 4774 4829 4830
f 4774 4830 4831
f 4774 4831 4832
f 4774 4832 4827
f 4775 4833 4776
f 4776 4834 4835
f 4776 4835 4836
f 4776 4836 4779
f 4776 4779 4778
f 4776 4778 4777
f 4776 4833 4837
f 4776 4837 4834
f 4779 4836 4838
f 4779 4838 4839
f 4779 4839 4780
f 4780 4839 4781
f 4781 4839 4840
f 4781 4840 4782
f 4782 4840 4841
f 4782 4841 4783
f 4783 4841 4842
f 4783 4842 4843
f 4783 4843 4844
f 4783 4844 4784
f 4784 4844 4843
f 4784 4843 4845
f 4784 4845 4846
f 4784 4846 4847
f 4784 4847 4785
f 4785 4847 4848
f 4785 4848 4849
f 4785 4849 4786
f 4786 4849 4850
f 4786 4850 4788
f 4786 4788 4787
f 4788 4850 4789
f 4789 4850 4851
f 4789 4851 4852
f 4789 4852 4790
f 4790 4852 4795
f 4791 4852 4792
f 4791 4795 4852
f 4792 4852 4853
f 4792 4853 4854
f 4792 4854 4793
f 4793 4854 4855
f 4793 4855 4856
f 4793 4856 4794
f 4794 4856 4857
f 4794 4857 4796
f 4796 4857 4858
f 4796 4858 4859
f 4796 4859 4797
f 4797 4859 4798
f 4798 4859 4860
f 4798 4860 4800
f 4798 4800 4799
f 4800 4860 4801
f 4801 4860 4802
f 4802 4860 4861
f 4802 4861 4862
f 4803 4804 4863
f 4803 4863 4864
f 4803 4864 4823
f 4804 4865 4935
f 4804 4935 4863
f 4804 4805 4866
f 4804 4866 4867
f 4804 4867 4865
f 4805 4812 4868
f 4805 4868 4869
f 4805 4869 4866
f 4806 4870 4871
f 4806 4871 4872
f 4806 4872 4807
f 4807 4872 4811
f 4809 4873 4810
f 4810 4873 4874
f 4810 4874 4875
f 4810 4875 4870
f 4811 4872 4876
f 4811 4876 4812
f 4812 4876 4868
f 4814 4822 4877
f 4814 4877 4878
f 4814 4878 4879
f 4814 4879 4880
f 4814 4880 4881
f 4814 4881 4815
f 4817 4825 4824
f 4817 4824 4882
f 4817 4882 4883
f 4817 4883 4884
f 4817 4884 4818
f 4818 4884 4885
f 4818 4885 4886
f 4818 4886 4819
f 4819 4821 4820
f 4819 4886 4821
f 4821 4886 4887
f 4821 4887 4888
f 4821 4888 4889
f 4821 4889 4822
f 4822 4889 4888
f 4822 4888 4890
f 4822 4890 4891
f 4822 4891 4877
f 4823 4864 4892
f 4823 4892 4893
f 4823 4893 4894
f 4823 4894 4826
f 4824 4828 4883
f 4824 4883 4882
f 4826 4894 4895
f 4826 4895 4829
f 4827 4883 4828
f 4827 4832 4883
f 4829 4895 4896
f 4829 4896 4897
f 4829 4897 4830
f 4830 4897 4831
f 4831 4898 4832
f 4831 4897 4898
f 4832 4899 4884
f 4832 4884 4883
f 4832 4898 4900
f 4832 4900 4899
f 4833 4901 4902
f 4833 4902 4837
f 4834 4837 4903
f 4834 4903 4904
f 4834 4904 4905
f 4834 4905 4835
f 4835 4905 4906
f 4835 4906 4836
f 4836 4906 4907
f 4836 4907 4838
f 4837 4908 4909
f 4837 4909 4910
f 4837 4910 4903
f 4837 4902 4911
f 4837 4911 4912
f 4837 4912 4908
f 4838 4907 4839
f 4839 4907 4913
f 4839 4913 4840
f 4840 4913 4914
f 4840 4914 4915
f 4840 4915 4841
f 4841 4915 4842
f 4842 4915 4916
f 4842 4916 4843
f 4843 4916 4845
f 4845 4916 4846
f 4846 4917 4918
f 4846 4918 4919
f 4846 4919 4920
f 4846 4920 4848
f 4846 4848 4847
f 4846 4916 4917
f 4848 4920 4849
f 4849 4920 4921
f 4849 4921 4850
f 4850 4921 4851
f 4851 4921 4922
f 4851 4922 4923
f 4851 4923 4924
f 4851 4924 4852
f 4852 4924 4925
f 4852 4925 4853
f 4853 4925 4854
f 4854 4925 4926
f 4854 4926 4855
f 4855 4926 4927
f 4855 4927 4928
f 4855 4928 4856
f 4856 4928 4929
f 4856 4929 4857
f 4857 4929 4858
f 4858 4929 4930
f 4858 4930 4931
f 4858 4931 4859
f 4859 4931 4932
f 4859 4932 4861
f 4859 4861 4860
f 4861 4932 4862
f 4862 4933 4934
f 4862 4932 4933
f 4863 4935 4864
f 4864 4935 4893
f 4864 4893 4892
f 4865 4867 4936
f 4865 4936 4937
f 4865 4937 4935
f 4866 4938 4936
f 4866 4936 4867
f 4866 4869 4939
f 4866 4939 4938
f 4868 4940 4939
f 4868 4939 4869
f 4868 4876 4941
f 4868 4941 4940
f 4870 4942 4871
f 4870 4875 4943
f 4870 4943 4942
f 4871 4942 4944
f 4871 4944 4876
f 4871 4876 4872
f 4874 4945 4875
f 4875 4945 4943
f 4876 4944 4941
f 4877 4891 4946
f 4877 4946 4947
f 4877 4947 4878
f 4878 4947 4948
f 4878 4948 4949
f 4878 4949 4879
f 4884 4950 4885
f 4884 4899 4950
f 4885 4950 4951
f 4885 4951 4886
f 4886 4951 4887
f 4887 4951 4952
f 4887 4952 4953
f 4887 4953 4888
f 4888 4953 4890
f 4890 4953 4954
f 4890 4954 4955
f 4890 4955 4956
f 4890 4956 4957
f 4890 4957 4891
f 4891 4957 4946
f 4893 4935 4958
f 4893 4958 4959
f 4893 4959 4894
f 4894 4960 4895
f 4894 4959 4960
f 4895 4960 4961
f 4895 4961 4897
f 4895 4897 4896
f 4897 4961 4962
f 4897 4962 4963
f 4897 4963 4964
f 4897 4964 4965
f 4897 4965 4898
f 4898 4966 4968
f 4898 4968 4900
f 4898 4965 4966
f 4899 4900 4950
f 4900 4967 4950
f 4900 4968 4967
f 4901 4969 4902
f 4902 4969 4970
f 4902 4970 4971
f 4902 4971 4911
f 4903 4972 4973
f 4903 4973 4904
f 4903 4910 4974
f 4903 4974 4972
f 4904 4973 4975
f 4904 4975 4976
f 4904 4976 4905
f 4905 4976 4977
f 4905 4977 4907
f 4905 4907 4906
f 4907 4977 4978
f 4907 4978 4913
f 4908 4979 4909
f 4908 4912 4911
f 4908 4911 4979
f 4909 4979 4980
f 4909 4980 4974
f 4909 4974 4910
f 4911 4971 4979
f 4913 4978 4981
f 4913 4981 4914
f 4914 4981 4982
f 4914 4982 4915
f 4915 4982 4983
f 4915 4983 4916
f 4916 4983 4984
f 4916 4984 4917
f 4917 4984 4918
f 4918 4985 4919
f 4918 4984 4985
f 4919 4985 4986
f 4919 4986 4920
f 4920 4986 4987
f 4920 4987 4921
f 4921 4987 4922
f 4922 4987 4988
f 4922 4988 4989
f 4922 4989 4990
f 4922 4990 4923
f 4923 4990 4991
f 4923 4991 4924
f 4924 4991 4925
f 4925 4991 4992
f 4925 4992 4926
f 4926 4992 4993
f 4926 4993 4927
f 4927 4993 4994
f 4927 4994 4995
f 4927 4995 4996
f 4927 4996 4997
f 4927 4997 4928
f 4928 4997 4929
f 4929 4997 4930
f 4930 4997 4998
f 4930 4998 4999
f 4930 4999 4931
f 4931 4999 4932
f 4932 4999 4933
f 4933 5000 5001
f 4933 5001 4934
f 4933 4999 5000
f 4935 4937 5002
f 4935 5002 4958
f 4936 4938 4937
f 4937 4938 5003
f 4937 5003 5004
f 4937 5004 5005
f 4937 5005 5006
f 4937 5006 5002
f 4938 4939 5003
f 4939 4940 5007
f 4939 5007 5008
f 4939 5008 5003
f 4940 4941 5009
f 4940 5009 5007
f 4941 4944 5010
f 4941 5010 5011
f 4941 5011 5009
f 4942 5012 4944
f 4942 4943 5012
f 4943 4945 5013
f 4943 5013 5014
f 4943 5014 5015
f 4943 5015 5016
f 4943 5016 5017
f 4943 5017 5012
f 4944 5012 5017
f 4944 5017 5018
f 4944 5018 5010
f 4946 4957 4956
f 4946 4956 5019
f 4946 5019 5020
f 4946 5020 4947
f 4947 5021 4949
f 4947 4949 4948
f 4947 5020 5021
f 4949 5021 5022
f 4950 4967 4951
f 4951 5023 4952
f 4951 4967 5024
f 4951 5024 5023
f 4952 5023 4953
f 4953 5023 5025
f 4953 5025 5026
f 4953 5026 4954
f 4954 5026 4955
f 4955 5026 5027
f 4955 5027 4956
f 4956 5028 5019
f 4956 5027 5029
f 4956 5029 5030
f 4956 5030 5028
f 4958 5002 5031
f 4958 5031 4959
f 4959 5031 5032
f 4959 5032 4960
f 4960 5032 4961
f 4961 5032 4962
f 4962 5032 5033
f 4962 5033 4963
f 4963 5033 4964
f 4964 5034 4965
f 4964 5033 5035
f 4964 5035 5036
f 4964 5036 5037
f 4964 5037 5038
f 4964 5038 5034
f 4965 5034 5039
f 4965 5039 5040
f 4965 5040 4966
f 4966 5040 4968
f 4967 4968 5041
f 4967 5041 5024
f 4968 5040 5039
f 4968 5039 5042
f 4968 5042 5041
f 4969 5043 5044
f 4969 5044 4970
f 4970 5044 5045
f 4970 5045 5046
f 4970 5046 4971
f 4971 5046 5045
f 4971 5045 5047
f 4971 5047 5048
f 4971 5048 4979
f 4972 5049 5050
f 4972 5050 4973
f 4972 4974 5049
f 4973 5050 4975
f 4974 4980 5049
f 4975 5051 5052
f 4975 5052 5053
f 4975 5053 4976
f 4975 5050 5051
f 4976 5053 5054
f 4976 5054 4977
f 4977 5054 5055
f 4977 5055 4978
f 4978 5055 4981
f 4979 5048 5056
f 4979 5056 4980
f 4980 5056 5057
f 4980 5057 5058
f 4980 5058 5049
f 4981 5055 5059
f 4981 5059 4982
f 4982 5059 5060
f 4982 5060 4983
f 4983 5060 4984
f 4984 5060 5061
f 4984 5061 5062
f 4984 5062 5063
f 4984 5063 4985
f 4985 5063 5064
f 4985 5064 5065
f 4985 5065 5066
f 4985 5066 4986
f 4986 5066 4987
f 4987 5066 4988
f 4988 5066 4989
f 4989 5067 5068
f 4989 5068 4991
f 4989 4991 4990
f 4989 5066 5067
f 4991 5068 4992
f 4992 5068 5069
f 4992 5069 4993
f 4993 5069 5070
f 4993 5070 4994
f 4994 5070 5071
f 4994 5071 5072
f 4994 5072 5073
f 4994 5073 5074
f 4994 5074 4995
f 4995 5074 5075
f 4995 5075 4996
f 4996 4998 4997
f 4996 5075 4998
f 4998 5075 5076
f 4998 5076 5077
f 4998 5077 5000
f 4998 5000 4999
f 5000 5077 5078
f 5000 5078 5079
f 5000 5079 5080
f 5000 5080 5081
f 5000 5081 5082
f 5000 5082 5001
f 5002 5006 5031
f 5003 5008 5004
f 5004 5008 5007
f 5004 5007 5083
f 5004 5083 5084
f 5004 5084 5006
f 5004 5006 5005
f 5006 5033 5031
f 5006 5084 5033
f 5007 5009 5085
f 5007 5085 5086
f 5007 5086 5083
f 5009 5011 5085
f 5010 5018 5017
f 5010 5017 5087
f 5010 5087 5011
f 5011 5087 5088
f 5011 5088 5089
f 5011 5089 5090
f 5011 5090 5085
f 5013 5091 5014
f 5014 5091 5015
f 5015 5091 5092
f 5015 5092 5093
f 5015 5093 5094
f 5015 5094 5095
f 5015 5095 5096
f 5015 5096 5097
f 5015 5097 5088
f 5015 5088 5016
f 5016 5088 5017
f 5017 5088 5087
f 5019 5028 5098
f 5019 5098 5020
f 5020 5098 5099
f 5020 5099 5021
f 5021 5043 5100
f 5021 5100 5022
f 5021 5099 5043
f 5023 5024 5101
f 5023 5101 5025
f 5024 5041 5102
f 5024 5102 5103
f 5024 5103 5104
f 5024 5104 5101
f 5025 5105 5026
f 5025 5101 5106
f 5025 5106 5107
f 5025 5107 5105
f 5026 5105 5108
f 5026 5108 5109
f 5026 5109 5110
f 5026 5110 5027
f 5027 5110 5029
f 5028 5111 5098
f 5028 5030 5111
f 5029 5110 5030
f 5030 5110 5112
f 5030 5112 5113
f 5030 5113 5114
f 5030 5114 5111
f 5031 5033 5032
f 5033 5084 5115
f 5033 5115 5116
f 5033 5116 5035
f 5034 5117 5039
f 5034 5038 5118
f 5034 5118 5119
f 5034 5119 5120
f 5034 5120 5117
f 5035 5116 5036
f 5036 5116 5121
f 5036 5121 5122
f 5036 5122 5123
f 5036 5123 5037
f 5037 5118 5038
f 5037 5123 5124
f 5037 5124 5118
f 5039 5117 5042
f 5041 5042 5102
f 5042 5117 5125
f 5042 5125 5103
f 5042 5103 5102
f 5043 5099 5126
f 5043 5126 5127
f 5043 5127 5044
f 5044 5127 5045
f 5045 5127 5114
f 5045 5114 5113
f 5045 5113 5047
f 5047 5113 5048
f 5048 5113 5128
f 5048 5128 5129
f 5048 5129 5056
f 5049 5058 5130
f 5049 5130 5050
f 5050 5130 5051
f 5051 5130 5052
f 5052 5130 5131
f 5052 5131 5132
f 5052 5132 5133
f 5052 5133 5134
f 5052 5134 5053
f 5053 5134 5054
f 5054 5134 5135
f 5054 5135 5055
f 5055 5135 5059
f 5056 5129 5136
f 5056 5136 5057
f 5057 5136 5137
f 5057 5137 5138
f 5057 5138 5058
f 5058 5138 5130
f 5059 5135 5139
f 5059 5139 5140
f 5059 5140 5060
f 5060 5140 5141
f 5060 5141 5061
f 5061 5141 5062
f 5062 5141 5140
f 5062 5140 5142
f 5062 5142 5143
f 5062 5143 5144
f 5062 5144 5145
f 5062 5145 5063
f 5063 5145 5064
f 5064 5146 5147
f 5064 5147 5148
f 5064 5148 5065
f 5064 5145 5146
f 5065 5148 5149
f 5065 5149 5066
f 5066 5149 5067
f 5067 5149 5150
f 5067 5150 5151
f 5067 5151 5068
f 5068 5151 5069
f 5069 5151 5152
f 5069 5152 5070
f 5070 5152 5153
f 5070 5153 5154
f 5070 5154 5155
f 5070 5155 5072
f 5070 5072 5071
f 5072 5155 5073
f 5073 5155 5156
f 5073 5156 5157
f 5073 5157 5158
f 5073 5158 5074
f 5074 5158 5075
f 5075 5158 5159
f 5075 5159 5160
f 5075 5160 5161
f 5075 5161 5076
f 5076 5161 5162
f 5076 5162 5077
f 5077 5162 5163
f 5077 5163 5078
f 5078 5163 5164
f 5078 5164 5080
f 5078 5080 5079
f 5080 5164 5165
f 5080 5165 5166
f 5080 5166 5167
f 5080 5167 5081
f 5081 5167 5082
f 5083 5086 5168
f 5083 5168 5169
f 5083 5169 5084
f 5084 5169 5170
f 5084 5170 5115
f 5085 5090 5086
f 5086 5090 5171
f 5086 5171 5172
f 5086 5172 5168
f 5088 5097 5173
f 5088 5173 5174
f 5088 5174 5089
f 5089 5175 5171
f 5089 5171 5090
f 5089 5174 5176
f 5089 5176 5177
f 5089 5177 5175
f 5091 5178 5092
f 5092 5178 5179
f 5092 5179 5180
f 5092 5180 5181
f 5092 5181 5093
f 5093 5181 5182
f 5093 5182 5183
f 5093 5183 5094
f 5094 5184 5173
f 5094 5173 5096
f 5094 5096 5095
f 5094 5183 5185
f 5094 5185 5184
f 5096 5173 5097
f 5098 5111 5126
f 5098 5126 5099
f 5101 5104 5186
f 5101 5186 5187
f 5101 5187 5106
f 5103 5125 5188
f 5103 5188 5189
f 5103 5189 5104
f 5104 5189 5186
f 5105 5107 5190
f 5105 5190 5108
f 5106 5187 5191
f 5106 5191 5107
f 5107 5191 5190
f 5108 5190 5192
f 5108 5192 5109
f 5109 5192 5193
f 5109 5193 5110
f 5110 5193 5112
f 5111 5114 5126
f 5112 5128 5113
f 5112 5193 5194
f 5112 5194 5128
f 5114 5127 5126
f 5115 5170 5116
f 5116 5170 5169
f 5116 5169 5121
f 5117 5120 5125
f 5118 5195 5119
f 5118 5124 5196
f 5118 5196 5197
f 5118 5197 5195
f 5119 5195 5120
f 5120 5195 5197
f 5120 5197 5198
f 5120 5198 5199
f 5120 5199 5200
f 5120 5200 5188
f 5120 5188 5125
f 5121 5169 5122
f 5122 5169 5201
f 5122 5201 5202
f 5122 5202 5123
f 5123 5202 5124
f 5124 5202 5203
f 5124 5203 5204
f 5124 5204 5205
f 5124 5205 5196
f 5128 5194 5206
f 5128 5206 5129
f 5129 5206 5207
f 5129 5207 5208
f 5129 5208 5136
f 5130 5138 5209
f 5130 5209 5131
f 5131 5209 5132
f 5132 5209 5210
f 5132 5210 5211
f 5132 5211 5212
f 5132 5212 5213
f 5132 5213 5133
f 5133 5213 5134
f 5134 5213 5214
f 5134 5214 5135
f 5135 5214 5139
f 5136 5208 5137
f 5137 5208 5215
f 5137 5215 5216
f 5137 5216 5138
f 5138 5216 5209
f 5139 5214 5217
f 5139 5217 5218
f 5139 5218 5140
f 5140 5218 5142
f 5142 5218 5143
f 5143 5219 5220
f 5143 5220 5221
f 5143 5221 5144
f 5143 5218 5219
f 5144 5221 5222
f 5144 5222 5146
f 5144 5146 5145
f 5146 5222 5147
f 5147 5222 5223
f 5147 5223 5224
f 5147 5224 5225
f 5147 5225 5226
f 5147 5226 5148
f 5148 5226 5227
f 5148 5227 5150
f 5148 5150 5149
f 5150 5227 5151
f 5151 5227 5228
f 5151 5228 5152
f 5152 5228 5229
f 5152 5229 5153
f 5153 5229 5230
f 5153 5230 5155
f 5153 5155 5154
f 5155 5230 5231
f 5155 5231 5232
f 5155 5232 5156
f 5156 5232 5157
f 5157 5232 5233
f 5157 5233 5159
f 5157 5159 5158
f 5159 5233 5234
f 5159 5234 5235
f 5159 5235 5236
f 5159 5236 5160
f 5160 5236 5237
f 5160 5237 5163
f 5160 5163 5161
f 5161 5163 5162
f 5163 5237 5238
f 5163 5238 5239
f 5163 5239 5164
f 5164 5239 5240
f 5164 5240 5165
f 5165 5240 5166
f 5166 5240 5241
f 5168 5242 5169
f 5168 5172 5243
f 5168 5243 5244
f 5168 5244 5242
f 5169 5242 5201
f 5171 5175 5172
f 5172 5175 5245
f 5172 5245 5246
f 5172 5246 5243
f 5173 5176 5174
f 5173 5184 5247
f 5173 5247 5248
f 5173 5248 5176
f 5175 5177 5245
f 5176 5248 5177
f 5177 5248 5249
f 5177 5249 5250
f 5177 5250 5251
f 5177 5251 5245
f 5180 5252 5181
f 5181 5252 5253
f 5181 5253 5182
f 5182 5253 5183
f 5183 5253 5254
f 5183 5254 5185
f 5184 5185 5247
f 5185 5254 5255
f 5185 5255 5256
f 5185 5256 5248
f 5185 5248 5247
f 5186 5189 5257
f 5186 5257 5187
f 5187 5257 5258
f 5187 5258 5259
f 5187 5259 5260
f 5187 5260 5191
f 5188 5200 5261
f 5188 5261 5189
f 5189 5261 5257
f 5190 5191 5192
f 5191 5260 5262
f 5191 5262 5263
f 5191 5263 5192
f 5192 5263 5264
f 5192 5264 5193
f 5193 5264 5194
f 5194 5264 5265
f 5194 5265 5206
f 5196 5205 5266
f 5196 5266 5197
f 5197 5266 5267
f 5197 5267 5268
f 5197 5268 5269
f 5197 5269 5198
f 5198 5269 5270
f 5198 5270 5199
f 5199 5270 5271
f 5199 5271 5200
f 5200 5272 5261
f 5200 5271 5272
f 5201 5242 5273
f 5201 5273 5274
f 5201 5274 5202
f 5202 5274 5273
f 5202 5273 5203
f 5203 5244 5243
f 5203 5243 5275
f 5203 5275 5204
f 5203 5273 5244
f 5204 5276 5277
f 5204 5277 5278
f 5204 5278 5205
f 5204 5275 5279
f 5204 5279 5276
f 5205 5278 5280
f 5205 5280 5281
f 5205 5281 5267
f 5205 5267 5266
f 5206 5265 5282
f 5206 5282 5207
f 5207 5282 5283
f 5207 5283 5284
f 5207 5284 5208
f 5208 5284 5215
f 5209 5216 5285
f 5209 5285 5210
f 5210 5285 5211
f 5211 5285 5286
f 5211 5286 5287
f 5211 5287 5288
f 5211 5288 5289
f 5211 5289 5212
f 5212 5289 5213
f 5213 5289 5290
f 5213 5290 5214
f 5214 5290 5217
f 5215 5284 5291
f 5215 5291 5292
f 5215 5292 5293
f 5215 5293 5294
f 5215 5294 5216
f 5216 5294 5285
f 5217 5290 5295
f 5217 5295 5218
f 5218 5295 5219
f 5219 5295 5220
f 5220 5295 5296
f 5220 5296 5297
f 5220 5297 5298
f 5220 5298 5299
f 5220 5299 5221
f 5221 5299 5223
f 5221 5223 5222
f 5223 5299 5300
f 5223 5300 5224
f 5224 5300 5301
f 5224 5301 5302
f 5224 5302 5303
f 5224 5303 5225
f 5225 5303 5226
f 5226 5303 5304
f 5226 5304 5227
f 5227 5304 5305
f 5227 5305 5228
f 5228 5305 5306
f 5228 5306 5229
f 5229 5306 5230
f 5230 5307 5308
f 5230 5308 5231
f 5230 5306 5307
f 5231 5308 5232
f 5232 5309 5310
f 5232 5310 5311
f 5232 5311 5312
f 5232 5312 5233
f 5232 5308 5309
f 5233 5312 5313
f 5233 5313 5234
f 5234 5313 5314
f 5234 5314 5315
f 5234 5315 5316
f 5234 5316 5235
f 5235 5316 5317
f 5235 5317 5238
f 5235 5238 5236
f 5236 5238 5237
f 5238 5317 5318
f 5238 5318 5319
f 5238 5319 5240
f 5238 5240 5239
f 5240 5319 5320
f 5240 5320 5321
f 5240 5321 5241
f 5242 5244 5273
f 5243 5246 5279
f 5243 5279 5275
f 5245 5251 5246
f 5246 5251 5322
f 5246 5322 5323
f 5246 5323 5324
f 5246 5324 5325
f 5246 5325 5279
f 5248 5256 5326
f 5248 5326 5249
f 5249 5326 5327
f 5249 5327 5250
f 5250 5328 5329
f 5250 5329 5322
f 5250 5322 5251
f 5250 5327 5330
f 5250 5330 5331
f 5250 5331 5328
f 5252 5332 5253
f 5253 5332 5333
f 5253 5333 5254
f 5254 5333 5334
f 5254 5334 5255
f 5255 5335 5327
f 5255 5327 5326
f 5255 5326 5256
f 5255 5334 5335
f 5257 5261 5336
f 5257 5336 5258
f 5258 5336 5337
f 5258 5337 5338
f 5258 5338 5259
f 5259 5339 5262
f 5259 5262 5260
f 5259 5338 5340
f 5259 5340 5339
f 5261 5272 5337
f 5261 5337 5336
f 5262 5339 5341
f 5262 5341 5263
f 5263 5341 5264
f 5264 5341 5342
f 5264 5342 5265
f 5265 5342 5343
f 5265 5343 5282
f 5267 5281 5344
f 5267 5344 5345
f 5267 5345 5346
f 5267 5346 5268
f 5268 5347 5348
f 5268 5348 5349
f 5268 5349 5269
f 5268 5346 5347
f 5269 5349 5270
f 5270 5349 5350
f 5270 5350 5271
f 5271 5350 5351
f 5271 5351 5352
f 5271 5352 5353
f 5271 5353 5337
f 5271 5337 5272
f 5276 5279 5354
f 5276 5354 5277
f 5277 5354 5280
f 5277 5280 5278
f 5279 5325 5324
f 5279 5324 5355
f 5279 5355 5356
f 5279 5356 5354
f 5280 5344 5281
f 5280 5354 5357
f 5280 5357 5344
f 5282 5343 5358
f 5282 5358 5283
f 5283 5358 5359
f 5283 5359 5291
f 5283 5291 5284
f 5285 5294 5360
f 5285 5360 5286
f 5286 5360 5361
f 5286 5361 5287
f 5287 5361 5362
f 5287 5362 5363
f 5287 5363 5288
f 5288 5363 5289
f 5289 5363 5364
f 5289 5364 5290
f 5290 5364 5365
f 5290 5365 5295
f 5291 5359 5366
f 5291 5366 5367
f 5291 5367 5292
f 5292 5367 5293
f 5293 5360 5294
f 5293 5367 5368
f 5293 5368 5360
f 5295 5365 5296
f 5296 5365 5369
f 5296 5369 5297
f 5297 5369 5370
f 5297 5370 5298
f 5298 5370 5371
f 5298 5371 5299
f 5299 5371 5300
f 5300 5371 5372
f 5300 5372 5373
f 5300 5373 5301
f 5301 5373 5374
f 5301 5374 5375
f 5301 5375 5302
f 5302 5375 5376
f 5302 5376 5303
f 5303 5376 5377
f 5303 5377 5304
f 5304 5377 5378
f 5304 5378 5305
f 5305 5378 5306
f 5306 5378 5379
f 5306 5379 5307
f 5307 5379 5380
f 5307 5380 5308
f 5308 5380 5381
f 5308 5381 5309
f 5309 5381 5382
f 5309 5382 5310
f 5310 5382 5383
f 5310 5383 5384
f 5310 5384 5311
f 5311 5384 5313
f 5311 5313 5312
f 5313 5384 5314
f 5314 5384 5385
f 5314 5385 5386
f 5314 5386 5387
f 5314 5387 5315
f 5315 5387 5388
f 5315 5388 5389
f 5315 5389 5316
f 5316 5389 5390
f 5316 5390 5317
f 5317 5390 5318
f 5318 5390 5391
f 5318 5391 5392
f 5318 5392 5393
f 5318 5393 5319
f 5319 5393 5320
f 5322 5394 5323
f 5322 5329 5394
f 5323 5394 5324
f 5324 5394 5395
f 5324 5395 5396
f 5324 5396 5355
f 5327 5335 5397
f 5327 5397 5398
f 5327 5398 5330
f 5328 5399 5400
f 5328 5400 5394
f 5328 5394 5329
f 5328 5331 5401
f 5328 5401 5402
f 5328 5402 5403
f 5328 5403 5399
f 5330 5398 5404
f 5330 5404 5331
f 5331 5404 5405
f 5331 5405 5401
f 5332 5406 5333
f 5333 5406 5407
f 5333 5407 5334
f 5334 5408 5335
f 5334 5407 5409
f 5334 5409 5410
f 5334 5410 5411
f 5334 5411 5408
f 5335 5408 5397
f 5337 5353 5412
f 5337 5412 5413
f 5337 5413 5340
f 5337 5340 5338
f 5339 5340 5414
f 5339 5414 5415
f 5339 5415 5341
f 5340 5413 5416
f 5340 5416 5414
f 5341 5415 5342
f 5342 5415 5417
f 5342 5417 5343
f 5343 5417 5418
f 5343 5418 5358
f 5344 5357 5345
f 5345 5419 5346
f 5345 5357 5420
f 5345 5420 5421
f 5345 5421 5422
f 5345 5422 5423
f 5345 5423 5419
f 5346 5419 5424
f 5346 5424 5347
f 5347 5424 5348
f 5348 5424 5425
f 5348 5425 5350
f 5348 5350 5349
f 5350 5425 5426
f 5350 5426 5427
f 5350 5427 5428
f 5350 5428 5351
f 5351 5428 5429
f 5351 5429 5352
f 5352 5429 5430
f 5352 5430 5353
f 5353 5430 5412
f 5354 5356 5431
f 5354 5431 5432
f 5354 5432 5433
f 5354 5433 5357
f 5355 5396 5356
f 5356 5396 5434
f 5356 5434 5431
f 5357 5433 5435
f 5357 5435 5420
f 5358 5418 5436
f 5358 5436 5437
f 5358 5437 5359
f 5359 5437 5366
f 5360 5368 5438
f 5360 5438 5361
f 5361 5438 5439
f 5361 5439 5440
f 5361 5440 5362
f 5362 5440 5441
f 5362 5441 5442
f 5362 5442 5363
f 5363 5442 5443
f 5363 5443 5364
f 5364 5443 5444
f 5364 5444 5445
f 5364 5445 5365
f 5365 5445 5369
f 5366 5437 5446
f 5366 5446 5447
f 5366 5447 5367
f 5367 5447 5448
f 5367 5448 5368
f 5368 5448 5438
f 5369 5445 5449
f 5369 5449 5450
f 5369 5450 5370
f 5370 5450 5451
f 5370 5451 5372
f 5370 5372 5371
f 5372 5451 5452
f 5372 5452 5453
f 5372 5453 5373
f 5373 5453 5374
f 5374 5453 5454
f 5374 5454 5375
f 5375 5454 5376
f 5376 5454 5455
f 5376 5455 5456
f 5376 5456 5377
f 5377 5456 5457
f 5377 5457 5378
f 5378 5457 5379
f 5379 5457 5458
f 5379 5458 5380
f 5380 5458 5459
f 5380 5459 5381
f 5381 5459 5460
f 5381 5460 5461
f 5381 5461 5382
f 5382 5461 5462
f 5382 5462 5463
f 5382 5463 5384
f 5382 5384 5383
f 5384 5463 5385
f 5385 5463 5464
f 5385 5464 5386
f 5386 5465 5466
f 5386 5466 5387
f 5386 5464 5467
f 5386 5467 5468
f 5386 5468 5465
f 5387 5466 5388
f 5388 5466 5469
f 5388 5469 5470
f 5388 5470 5471
f 5388 5471 5389
f 5389 5471 5391
f 5389 5391 5390
f 5391 5471 5472
f 5391 5472 5473
f 5391 5473 5474
f 5391 5474 5392
f 5392 5474 5393
f 5394 5400 5399
f 5394 5399 5395
f 5395 5399 5396
f 5396 5399 5434
f 5397 5408 5398
f 5398 5408 5475
f 5398 5475 5476
f 5398 5476 5404
f 5399 5477 5434
f 5399 5403 5477
f 5401 5403 5402
f 5401 5405 5476
f 5401 5476 5478
f 5401 5478 5479
f 5401 5479 5480
f 5401 5480 5403
f 5403 5480 5481
f 5403 5481 5482
f 5403 5482 5483
f 5403 5483 5477
f 5404 5476 5405
f 5408 5411 5484
f 5408 5484 5475
f 5409 5485 5410
f 5410 5485 5486
f 5410 5486 5411
f 5411 5487 5488
f 5411 5488 5484
f 5411 5486 5487
f 5412 5489 5416
f 5412 5416 5413
f 5412 5430 5429
f 5412 5429 5490
f 5412 5490 5491
f 5412 5491 5489
f 5414 5416 5489
f 5414 5489 5492
f 5414 5492 5415
f 5415 5492 5417
f 5417 5492 5418
f 5418 5492 5493
f 5418 5493 5494
f 5418 5494 5436
f 5419 5423 5422
f 5419 5422 5495
f 5419 5495 5425
f 5419 5425 5424
f 5420 5435 5496
f 5420 5496 5497
f 5420 5497 5421
f 5421 5497 5498
f 5421 5498 5422
f 5422 5498 5499
f 5422 5499 5500
f 5422 5500 5501
f 5422 5501 5502
f 5422 5502 5495
f 5425 5495 5503
f 5425 5503 5504
f 5425 5504 5426
f 5426 5504 5505
f 5426 5505 5506
f 5426 5506 5427
f 5427 5506 5507
f 5427 5507 5429
f 5427 5429 5428
f 5429 5507 5508
f 5429 5508 5509
f 5429 5509 5490
f 5431 5434 5510
f 5431 5510 5511
f 5431 5511 5432
f 5432 5511 5435
f 5432 5435 5433
f 5434 5477 5512
f 5434 5512 5513
f 5434 5513 5510
f 5435 5511 5496
f 5436 5494 5437
f 5437 5494 5514
f 5437 5514 5446
f 5438 5448 5515
f 5438 5515 5439
f 5439 5515 5441
f 5439 5441 5440
f 5441 5515 5516
f 5441 5516 5442
f 5442 5444 5443
f 5442 5516 5517
f 5442 5517 5518
f 5442 5518 5519
f 5442 5519 5520
f 5442 5520 5444
f 5444 5520 5521
f 5444 5521 5449
f 5444 5449 5445
f 5446 5514 5447
f 5447 5514 5522
f 5447 5522 5448
f 5448 5522 5523
f 5448 5523 5524
f 5448 5524 5525
f 5448 5525 5526
f 5448 5526 5515
f 5449 5521 5527
f 5449 5527 5451
f 5449 5451 5450
f 5451 5527 5528
f 5451 5528 5529
f 5451 5529 5452
f 5452 5529 5453
f 5453 5529 5530
f 5453 5530 5454
f 5454 5530 5531
f 5454 5531 5455
f 5455 5531 5532
f 5455 5532 5533
f 5455 5533 5456
f 5456 5533 5534
f 5456 5534 5459
f 5456 5459 5458
f 5456 5458 5457
f 5459 5534 5535
f 5459 5535 5536
f 5459 5536 5537
f 5459 5537 5460
f 5460 5536 5461
f 5460 5537 5536
f 5461 5538 5539
f 5461 5539 5462
f 5461 5536 5538
f 5462 5539 5540
f 5462 5540 5541
f 5462 5541 5542
f 5462 5542 5543
f 5462 5543 5463
f 5463 5543 5464
f 5464 5543 5544
f 5464 5544 5468
f 5464 5468 5467
f 5465 5468 5466
f 5466 5468 5469
f 5468 5544 5545
f 5468 5545 5469
f 5469 5545 5546
f 5469 5546 5547
f 5469 5547 5548
f 5469 5548 5470
f 5470 5548 5549
f 5470 5549 5472
f 5470 5472 5471
f 5472 5549 5550
f 5472 5550 5551
f 5472 5551 5552
f 5472 5552 5553
f 5472 5553 5473
f 5473 5553 5474
f 5475 5554 5476
f 5475 5484 5488
f 5475 5488 5554
f 5476 5554 5555
f 5476 5555 5556
f 5476 5556 5478
f 5477 5557 5513
f 5477 5513 5512
f 5477 5483 5557
f 5478 5556 5479
f 5479 5556 5480
f 5480 5556 5558
f 5480 5558 5559
f 5480 5559 5481
f 5481 5559 5560
f 5481 5560 5482
f 5482 5561 5557
f 5482 5557 5483
f 5482 5560 5561
f 5485 5562 5486
f 5486 5562 5563
f 5486 5563 5487
f 5487 5563 5564
f 5487 5564 5488
f 5488 5564 5565
f 5488 5565 5566
f 5488 5566 5567
f 5488 5567 5568
f 5488 5568 5569
f 5488 5569 5570
f 5488 5570 5571
f 5488 5571 5555
f 5488 5555 5554
f 5489 5491 5572
f 5489 5572 5573
f 5489 5573 5492
f 5490 5509 5574
f 5490 5574 5575
f 5490 5575 5572
f 5490 5572 5491
f 5492 5573 5493
f 5493 5573 5576
f 5493 5576 5577
f 5493 5577 5494
f 5494 5577 5514
f 5495 5502 5578
f 5495 5578 5579
f 5495 5579 5503
f 5496 5511 5580
f 5496 5580 5581
f 5496 5581 5582
f 5496 5582 5497
f 5497 5582 5498
f 5498 5583 5499
f 5498 5582 5583
f 5499 5584 5500
f 5499 5583 5585
f 5499 5585 5584
f 5500 5584 5501
f 5501 5584 5578
f 5501 5578 5502
f 5503 5579 5578
f 5503 5578 5586
f 5503 5586 5504
f 5504 5586 5505
f 5505 5586 5506
f 5506 5586 5587
f 5506 5587 5588
f 5506 5588 5507
f 5507 5589 5508
f 5507 5588 5590
f 5507 5590 5589
f 5508 5589 5591
f 5508 5591 5592
f 5508 5592 5509
f 5509 5592 5574
f 5510 5513 5511
f 5511 5513 5580
f 5513 5557 5593
f 5513 5593 5580
f 5514 5577 5594
f 5514 5594 5595
f 5514 5595 5522
f 5515 5526 5596
f 5515 5596 5516
f 5516 5596 5597
f 5516 5597 5517
f 5517 5597 5598
f 5517 5598 5518
f 5518 5598 5519
f 5519 5521 5520
f 5519 5598 5599
f 5519 5599 5600
f 5519 5600 5601
f 5519 5601 5602
f 5519 5602 5521
f 5521 5602 5527
f 5522 5595 5523
f 5523 5595 5603
f 5523 5603 5524
f 5524 5526 5525
f 5524 5603 5604
f 5524 5604 5605
f 5524 5605 5606
f 5524 5606 5607
f 5524 5607 5608
f 5524 5608 5609
f 5524 5609 5610
f 5524 5610 5611
f 5524 5611 5526
f 5526 5611 5612
f 5526 5612 5596
f 5527 5602 5528
f 5528 5602 5613
f 5528 5613 5529
f 5529 5614 5530
f 5529 5613 5614
f 5530 5614 5615
f 5530 5615 5531
f 5531 5615 5532
f 5532 5615 5616
f 5532 5616 5533
f 5533 5616 5617
f 5533 5617 5534
f 5534 5617 5618
f 5534 5618 5535
f 5535 5618 5619
f 5535 5619 5536
f 5536 5619 5538
f 5538 5619 5539
f 5539 5619 5620
f 5539 5620 5621
f 5539 5621 5622
f 5539 5622 5541
f 5539 5541 5540
f 5541 5623 5624
f 5541 5624 5625
f 5541 5625 5542
f 5541 5622 5623
f 5542 5625 5543
f 5543 5625 5626
f 5543 5626 5627
f 5543 5627 5544
f 5544 5627 5628
f 5544 5628 5629
f 5544 5629 5546
f 5544 5546 5545
f 5546 5629 5630
f 5546 5630 5631
f 5546 5631 5547
f 5547 5549 5548
f 5547 5631 5549
f 5549 5631 5550
f 5550 5631 5551
f 5551 5631 5632
f 5551 5632 5552
f 5552 5632 5633
f 5552 5633 5553
f 5555 5571 5634
f 5555 5634 5556
f 5556 5634 5635
f 5556 5635 5636
f 5556 5636 5558
f 5557 5561 5637
f 5557 5637 5593
f 5558 5636 5559
f 5559 5636 5560
f 5560 5638 5561
f 5560 5636 5639
f 5560 5639 5638
f 5561 5638 5640
f 5561 5640 5637
f 5563 5641 5564
f 5564 5641 5566
f 5564 5566 5565
f 5566 5642 5643
f 5566 5643 5644
f 5566 5644 5645
f 5566 5645 5646
f 5566 5646 5567
f 5566 5641 5647
f 5566 5647 5642
f 5567 5646 5568
f 5568 5648 5569
f 5568 5646 5645
f 5568 5645 5649
f 5568 5649 5648
f 5569 5648 5570
f 5570 5648 5650
f 5570 5650 5651
f 5570 5651 5634
f 5570 5634 5571
f 5572 5575 5652
f 5572 5652 5653
f 5572 5653 5573
f 5573 5653 5654
f 5573 5654 5576
f 5574 5592 5652
f 5574 5652 5575
f 5576 5654 5655
f 5576 5655 5577
f 5577 5655 5594
f 5578 5584 5656
f 5578 5656 5657
f 5578 5657 5586
f 5580 5593 5658
f 5580 5658 5659
f 5580 5659 5581
f 5581 5659 5582
f 5582 5659 5660
f 5582 5660 5583
f 5583 5660 5661
f 5583 5661 5585
f 5584 5662 5663
f 5584 5663 5656
f 5584 5585 5664
f 5584 5664 5662
f 5585 5661 5665
f 5585 5665 5666
f 5585 5666 5664
f 5586 5667 5587
f 5586 5657 5668
f 5586 5668 5669
f 5586 5669 5667
f 5587 5670 5590
f 5587 5590 5588
f 5587 5667 5669
f 5587 5669 5670
f 5589 5671 5591
f 5589 5590 5671
f 5590 5670 5672
f 5590 5672 5671
f 5591 5671 5652
f 5591 5652 5592
f 5593 5673 5658
f 5593 5637 5674
f 5593 5674 5673
f 5594 5655 5675
f 5594 5675 5595
f 5595 5675 5676
f 5595 5676 5677
f 5595 5677 5604
f 5595 5604 5603
f 5596 5612 5678
f 5596 5678 5597
f 5597 5678 5598
f 5598 5678 5679
f 5598 5679 5599
f 5599 5679 5680
f 5599 5680 5600
f 5600 5681 5682
f 5600 5682 5683
f 5600 5683 5684
f 5600 5684 5601
f 5600 5680 5681
f 5601 5684 5685
f 5601 5685 5613
f 5601 5613 5602
f 5604 5677 5686
f 5604 5686 5606
f 5604 5606 5605
f 5606 5686 5687
f 5606 5687 5688
f 5606 5688 5689
f 5606 5689 5607
f 5607 5690 5608
f 5607 5689 5691
f 5607 5691 5690
f 5608 5690 5692
f 5608 5692 5609
f 5609 5692 5693
f 5609 5693 5610
f 5610 5693 5694
f 5610 5694 5681
f 5610 5681 5612
f 5610 5612 5611
f 5612 5681 5680
f 5612 5680 5678
f 5613 5685 5695
f 5613 5695 5696
f 5613 5696 5614
f 5614 5696 5697
f 5614 5697 5615
f 5615 5697 5616
f 5616 5698 5699
f 5616 5699 5617
f 5616 5697 5698
f 5617 5699 5700
f 5617 5700 5618
f 5618 5700 5701
f 5618 5701 5620
f 5618 5620 5619
f 5620 5701 5702
f 5620 5702 5703
f 5620 5703 5621
f 5621 5703 5704
f 5621 5704 5705
f 5621 5705 5623
f 5621 5623 5622
f 5623 5705 5624
f 5624 5706 5707
f 5624 5707 5625
f 5624 5705 5706
f 5625 5707 5708
f 5625 5708 5709
f 5625 5709 5626
f 5626 5709 5628
f 5626 5628 5627
f 5628 5709 5710
f 5628 5710 5711
f 5628 5711 5629
f 5629 5711 5712
f 5629 5712 5713
f 5629 5713 5714
f 5629 5714 5631
f 5629 5631 5630
f 5631 5714 5715
f 5631 5715 5716
f 5631 5716 5632
f 5632 5716 5717
f 5632 5717 5718
f 5632 5718 5633
f 5634 5651 5635
f 5635 5651 5719
f 5635 5719 5636
f 5636 5719 5720
f 5636 5720 5639
f 5637 5640 5721
f 5637 5721 5722
f 5637 5722 5674
f 5638 5721 5640
f 5638 5639 5723
f 5638 5723 5724
f 5638 5724 5725
f 5638 5725 5721
f 5639 5720 5726
f 5639 5726 5723
f 5643 5727 5644
f 5644 5727 5728
f 5644 5728 5729
f 5644 5729 5645
f 5645 5729 5649
f 5648 5649 5730
f 5648 5730 5650
f 5649 5729 5731
f 5649 5731 5730
f 5650 5730 5651
f 5651 5730 5719
f 5652 5732 5653
f 5652 5671 5732
f 5653 5732 5733
f 5653 5733 5654
f 5654 5734 5655
f 5654 5733 5734
f 5655 5734 5675
f 5656 5663 5662
f 5656 5662 5735
f 5656 5735 5657
f 5657 5735 5668
f 5658 5673 5659
f 5659 5673 5736
f 5659 5736 5660
f 5660 5736 5737
f 5660 5737 5665
f 5660 5665 5661
f 5662 5738 5739
f 5662 5739 5735
f 5662 5664 5740
f 5662 5740 5738
f 5664 5666 5741
f 5664 5741 5740
f 5665 5737 5742
f 5665 5742 5743
f 5665 5743 5744
f 5665 5744 5666
f 5666 5744 5741
f 5668 5735 5669
f 5669 5745 5746
f 5669 5746 5747
f 5669 5747 5670
f 5669 5735 5748
f 5669 5748 5745
f 5670 5747 5749
f 5670 5749 5672
f 5671 5750 5751
f 5671 5751 5732
f 5671 5672 5750
f 5672 5752 5753
f 5672 5753 5750
f 5672 5749 5754
f 5672 5754 5752
f 5673 5674 5755
f 5673 5755 5736
f 5674 5722 5721
f 5674 5721 5756
f 5674 5756 5757
f 5674 5757 5758
f 5674 5758 5755
f 5675 5734 5676
f 5676 5734 5759
f 5676 5759 5760
f 5676 5760 5677
f 5677 5761 5686
f 5677 5760 5761
f 5678 5680 5679
f 5681 5694 5693
f 5681 5693 5762
f 5681 5762 5763
f 5681 5763 5764
f 5681 5764 5765
f 5681 5765 5766
f 5681 5766 5682
f 5682 5766 5765
f 5682 5765 5767
f 5682 5767 5768
f 5682 5768 5683
f 5683 5768 5769
f 5683 5769 5770
f 5683 5770 5771
f 5683 5771 5684
f 5684 5771 5685
f 5685 5771 5695
f 5686 5761 5772
f 5686 5772 5773
f 5686 5773 5774
f 5686 5774 5775
f 5686 5775 5776
f 5686 5776 5687
f 5687 5776 5688
f 5688 5777 5689
f 5688 5776 5778
f 5688 5778 5779
f 5688 5779 5780
f 5688 5780 5777
f 5689 5777 5691
f 5690 5691 5693
f 5690 5693 5692
f 5691 5777 5781
f 5691 5781 5782
f 5691 5782 5783
f 5691 5783 5693
f 5693 5783 5763
f 5693 5763 5762
f 5695 5771 5784
f 5695 5784 5785
f 5695 5785 5698
f 5695 5698 5696
f 5696 5698 5697
f 5698 5785 5699
f 5699 5786 5701
f 5699 5701 5700
f 5699 5785 5786
f 5701 5786 5784
f 5701 5784 5787
f 5701 5787 5788
f 5701 5788 5789
f 5701 5789 5790
f 5701 5790 5791
f 5701 5791 5702
f 5702 5791 5703
f 5703 5791 5704
f 5704 5792 5793
f 5704 5793 5706
f 5704 5706 5705
f 5704 5791 5794
f 5704 5794 5792
f 5706 5795 5707
f 5706 5793 5796
f 5706 5796 5797
f 5706 5797 5795
f 5707 5795 5797
f 5707 5797 5798
f 5707 5798 5708
f 5708 5798 5799
f 5708 5799 5709
f 5709 5799 5800
f 5709 5800 5710
f 5710 5800 5799
f 5710 5799 5801
f 5710 5801 5802
f 5710 5802 5876
f 5710 5876 5803
f 5710 5803 5804
f 5710 5804 5805
f 5710 5805 5711
f 5711 5805 5712
f 5712 5805 5806
f 5712 5806 5713
f 5713 5806 5714
f 5714 5806 5807
f 5714 5807 5808
f 5714 5808 5809
f 5714 5809 5715
f 5715 5809 5716
f 5716 5809 5717
f 5717 5809 5810
f 5719 5811 5720
f 5719 5730 5812
f 5719 5812 5811
f 5720 5811 5813
f 5720 5813 5726
f 5721 5725 5756
f 5723 5726 5814
f 5723 5814 5815
f 5723 5815 5724
f 5724 5815 5816
f 5724 5816 5725
f 5725 5816 5817
f 5725 5817 5756
f 5726 5813 5818
f 5726 5818 5815
f 5726 5815 5814
f 5727 5819 5728
f 5728 5819 5820
f 5728 5820 5729
f 5729 5821 5822
f 5729 5822 5730
f 5729 5730 5731
f 5729 5820 5821
f 5730 5822 5823
f 5730 5823 5812
f 5732 5751 5733
f 5733 5751 5824
f 5733 5824 5759
f 5733 5759 5734
f 5735 5825 5826
f 5735 5826 5748
f 5735 5739 5825
f 5736 5742 5737
f 5736 5755 5827
f 5736 5827 5742
f 5738 5828 5739
f 5738 5740 5829
f 5738 5829 5830
f 5738 5830 5828
f 5739 5828 5831
f 5739 5831 5825
f 5740 5741 5829
f 5741 5744 5832
f 5741 5832 5829
f 5742 5833 5743
f 5742 5827 5834
f 5742 5834 5833
f 5743 5833 5835
f 5743 5835 5744
f 5744 5835 5832
f 5745 5836 5746
f 5745 5748 5826
f 5745 5826 5837
f 5745 5837 5838
f 5745 5838 5836
f 5746 5749 5747
f 5746 5836 5749
f 5749 5836 5839
f 5749 5839 5752
f 5749 5752 5754
f 5750 5753 5752
f 5750 5752 5824
f 5750 5824 5751
f 5752 5839 5840
f 5752 5840 5824
f 5755 5758 5827
f 5756 5841 5757
f 5756 5817 5842
f 5756 5842 5841
f 5757 5841 5843
f 5757 5843 5758
f 5758 5843 5827
f 5759 5824 5844
f 5759 5844 5845
f 5759 5845 5761
f 5759 5761 5760
f 5761 5845 5846
f 5761 5846 5772
f 5763 5783 5764
f 5764 5783 5847
f 5764 5847 5848
f 5764 5848 5765
f 5765 5848 5849
f 5765 5849 5767
f 5767 5849 5768
f 5768 5849 5848
f 5768 5848 5850
f 5768 5850 5851
f 5768 5851 5769
f 5769 5851 5788
f 5769 5788 5770
f 5770 5788 5771
f 5771 5788 5784
f 5772 5846 5773
f 5773 5846 5852
f 5773 5852 5853
f 5773 5853 5774
f 5774 5853 5775
f 5775 5853 5854
f 5775 5854 5855
f 5775 5855 5778
f 5775 5778 5776
f 5777 5780 5856
f 5777 5856 5781
f 5778 5855 5857
f 5778 5857 5779
f 5779 5856 5780
f 5779 5857 5858
f 5779 5858 5856
f 5781 5856 5859
f 5781 5859 5860
f 5781 5860 5782
f 5782 5848 5847
f 5782 5847 5783
f 5782 5860 5861
f 5782 5861 5848
f 5784 5788 5787
f 5784 5786 5785
f 5788 5851 5862
f 5788 5862 5863
f 5788 5863 5864
f 5788 5864 5789
f 5789 5864 5790
f 5790 5864 5865
f 5790 5865 5794
f 5790 5794 5791
f 5792 5794 5866
f 5792 5866 5867
f 5792 5867 5868
f 5792 5868 5793
f 5793 5868 5869
f 5793 5869 5796
f 5794 5865 5866
f 5796 5870 5871
f 5796 5871 5797
f 5796 5869 5872
f 5796 5872 5870
f 5797 5871 5873
f 5797 5873 5874
f 5797 5874 5798
f 5798 5874 5799
f 5799 5874 5801
f 5801 5874 5875
f 5801 5875 5802
f 5802 5875 5876
f 5803 5876 5877
f 5803 5877 5804
f 5804 5877 5876
f 5804 5876 5878
f 5804 5878 5879
f 5804 5879 5880
f 5804 5880 5806
f 5804 5806 5805
f 5806 5880 5881
f 5806 5881 5882
f 5806 5882 5807
f 5807 5882 5883
f 5807 5883 5884
f 5807 5884 5808
f 5808 5884 5883
f 5808 5883 5885
f 5808 5885 5886
f 5808 5886 5809
f 5809 5886 5810
f 5810 5886 5887
f 5810 5887 5888
f 5811 5812 5889
f 5811 5889 5890
f 5811 5890 5891
f 5811 5891 5813
f 5812 5823 5892
f 5812 5892 5889
f 5813 5891 5818
f 5815 5818 5891
f 5815 5891 5893
f 5815 5893 5816
f 5816 5893 5894
f 5816 5894 5895
f 5816 5895 5896
f 5816 5896 5897
f 5816 5897 5817
f 5817 5897 5898
f 5817 5898 5842
f 5820 5899 5821
f 5820 5900 5901
f 5820 5901 5899
f 5821 5823 5822
f 5821 5899 5902
f 5821 5902 5823
f 5823 5902 5903
f 5823 5903 5892
f 5824 5840 5904
f 5824 5904 5905
f 5824 5905 5844
f 5825 5831 5826
f 5826 5831 5906
f 5826 5906 5837
f 5827 5843 5907
f 5827 5907 5908
f 5827 5908 5834
f 5828 5909 5831
f 5828 5830 5910
f 5828 5910 5909
f 5829 5832 5911
f 5829 5911 5912
f 5829 5912 5910
f 5829 5910 5830
f 5831 5909 5906
f 5832 5835 5911
f 5833 5913 5835
f 5833 5834 5914
f 5833 5914 5913
f 5834 5908 5914
f 5835 5913 5911
f 5836 5838 5915
f 5836 5915 5839
f 5837 5915 5838
f 5837 5906 5916
f 5837 5916 5915
f 5839 5915 5917
f 5839 5917 5904
f 5839 5904 5840
f 5841 5842 5843
f 5842 5898 5897
f 5842 5897 5918
f 5842 5918 5919
f 5842 5919 5920
f 5842 5920 5921
f 5842 5921 5843
f 5843 5921 5922
f 5843 5922 5923
f 5843 5923 5907
f 5844 5905 5845
f 5845 5905 5846
f 5846 5905 5924
f 5846 5924 5925
f 5846 5925 5926
f 5846 5926 5852
f 5848 5851 5850
f 5848 5861 5860
f 5848 5860 5927
f 5848 5927 5928
f 5848 5928 5929
f 5848 5929 5851
f 5851 5929 5930
f 5851 5930 5931
f 5851 5931 5862
f 5852 5926 5932
f 5852 5932 5853
f 5853 5932 5933
f 5853 5933 5854
f 5854 5933 5934
f 5854 5934 5935
f 5854 5935 5855
f 5855 5935 5936
f 5855 5936 5937
f 5855 5937 5938
f 5855 5938 5857
f 5856 5858 5939
f 5856 5939 5940
f 5856 5940 5941
f 5856 5941 5860
f 5856 5860 5859
f 5857 5938 5858
f 5858 5938 5942
f 5858 5942 5939
f 5860 5943 5927
f 5860 5941 5944
f 5860 5944 5943
f 5862 5931 5863
f 5863 5931 5864
f 5864 5931 5945
f 5864 5945 5946
f 5864 5946 5866
f 5864 5866 5865
f 5866 5946 5867
f 5867 5946 5868
f 5868 5947 5948
f 5868 5948 5949
f 5868 5949 5950
f 5868 5950 5951
f 5868 5951 5870
f 5868 5870 5872
f 5868 5872 5869
f 5868 5946 5952
f 5868 5952 5947
f 5870 5951 5953
f 5870 5953 5871
f 5871 5953 5873
f 5873 5953 5954
f 5873 5954 5955
f 5873 5955 5874
f 5874 5955 5956
f 5874 5956 5875
f 5875 5956 5957
f 5875 5957 5958
f 5875 5958 5959
f 5875 5959 5876
f 5876 5959 5960
f 5876 5960 5961
f 5876 5961 5878
f 5878 5961 5879
f 5879 5961 5880
f 5880 5961 5962
f 5880 5962 5881
f 5881 5962 5963
f 5881 5963 5882
f 5882 5963 5964
f 5882 5964 5965
f 5882 5965 5883
f 5883 5965 5887
f 5883 5887 5886
f 5883 5886 5885
f 5887 5966 5967
f 5887 5967 5968
f 5887 5968 5888
f 5887 5965 5966
f 5889 5892 5969
f 5889 5969 5970
f 5889 5970 5890
f 5890 5970 5891
f 5891 5970 5893
f 5892 5971 5969
f 5892 5903 5971
f 5893 5970 5972
f 5893 5972 5894
f 5894 5972 5973
f 5894 5973 5974
f 5894 5974 5975
f 5894 5975 5895
f 5895 5975 5896
f 5896 5975 5918
f 5896 5918 5897
f 5899 5901 5976
f 5899 5976 5902
f 5900 5977 5901
f 5901 5978 5902
f 5901 5902 5976
f 5901 5977 5978
f 5902 5978 5903
f 5903 5978 5979
f 5903 5979 5971
f 5904 5917 5925
f 5904 5925 5924
f 5904 5924 5905
f 5906 5909 5980
f 5906 5980 5916
f 5907 5923 5908
f 5908 5923 5981
f 5908 5981 5982
f 5908 5982 5914
f 5909 5983 5980
f 5909 5910 5984
f 5909 5984 5985
f 5909 5985 5983
f 5910 5912 5986
f 5910 5986 5987
f 5910 5987 5984
f 5911 5913 5988
f 5911 5988 5989
f 5911 5989 5912
f 5912 5989 5990
f 5912 5990 5991
f 5912 5991 5986
f 5913 5914 5988
f 5914 5982 5988
f 5915 5916 5926
f 5915 5926 5925
f 5915 5925 5917
f 5916 5980 5983
f 5916 5983 5933
f 5916 5933 5932
f 5916 5932 5926
f 5918 5992 5919
f 5918 5975 5993
f 5918 5993 5992
f 5919 5992 5994
f 5919 5994 5920
f 5920 5995 5921
f 5920 5994 5995
f 5921 5995 5922
f 5922 5995 5923
f 5923 5996 5997
f 5923 5997 5981
f 5923 5995 5996
f 5927 5943 5928
f 5928 5930 5929
f 5928 5943 5944
f 5928 5944 5998
f 5928 5998 5999
f 5928 5999 6000
f 5928 6000 5930
f 5930 6000 5931
f 5931 6000 6001
f 5931 6001 5952
f 5931 5952 6002
f 5931 6002 5946
f 5931 5946 5945
f 5933 5983 5934
f 5934 6003 5935
f 5934 5983 6003
f 5935 6003 5936
f 5936 6004 6005
f 5936 6005 6006
f 5936 6006 5937
f 5936 6003 6004
f 5937 6006 5938
f 5938 6006 6007
f 5938 6007 5942
f 5939 6008 5944
f 5939 5944 5940
f 5939 5942 6009
f 5939 6009 6010
f 5939 6010 6011
f 5939 6011 6008
f 5940 5944 5941
f 5942 6007 6009
f 5944 6008 6012
f 5944 6012 6013
f 5944 6013 5998
f 5946 6002 5952
f 5947 6014 6015
f 5947 6015 5949
f 5947 5949 5948
f 5947 5952 6014
f 5949 6016 5950
f 5949 6015 6017
f 5949 6017 6018
f 5949 6018 6016
f 5950 6016 5953
f 5950 5953 5951
f 5952 6001 6014
f 5953 6018 6019
f 5953 6019 6020
f 5953 6020 6021
f 5953 6021 6022
f 5953 6022 5954
f 5953 6016 6018
f 5954 6022 5955
f 5955 6022 5956
f 5956 6022 5957
f 5957 6023 6024
f 5957 6024 5958
f 5957 6022 6023
f 5958 6024 5959
f 5959 6024 6025
f 5959 6025 6026
f 5959 6026 6027
f 5959 6027 5960
f 5960 6027 5961
f 5961 6027 6028
f 5961 6028 5962
f 5962 6028 5963
f 5963 6028 6029
f 5963 6029 5964
f 5964 6029 6030
f 5964 6030 5965
f 5965 6030 5966
f 5966 6030 6031
f 5966 6031 6032
f 5966 6032 5967
f 5967 6032 6033
f 5969 5971 5970
f 5970 5971 6034
f 5970 6034 5972
f 5971 5979 6034
f 5972 6034 6035
f 5972 6035 6036
f 5972 6036 6037
f 5972 6037 5973
f 5973 6037 6038
f 5973 6038 5974
f 5974 6038 5975
f 5975 6038 6039
f 5975 6039 6040
f 5975 6040 5993
f 5977 6041 6042
f 5977 6042 5978
f 5978 6042 6043
f 5978 6043 6044
f 5978 6044 6045
f 5978 6045 5979
f 5979 6035 6034
f 5979 6045 6046
f 5979 6046 6035
f 5981 5997 6047
f 5981 6047 5982
f 5982 6047 5988
f 5983 5985 6003
f 5984 6003 5985
f 5984 5987 6004
f 5984 6004 6003
f 5986 6048 5987
f 5986 5991 6049
f 5986 6049 6048
f 5987 6048 6004
f 5988 6047 6050
f 5988 6050 5989
f 5989 6050 6051
f 5989 6051 6052
f 5989 6052 5990
f 5990 6053 5991
f 5990 6052 6054
f 5990 6054 6053
f 5991 6053 6049
f 5992 5993 5994
f 5993 6040 6055
f 5993 6055 6056
f 5993 6056 5994
f 5994 6056 6057
f 5994 6057 6058
f 5994 6058 6059
f 5994 6059 5995
f 5995 6059 6060
f 5995 6060 5996
f 5996 6060 5997
f 5997 6061 6047
f 5997 6060 6062
f 5997 6062 6061
f 5998 6013 5999
f 5999 6013 6012
f 5999 6012 6063
f 5999 6063 6064
f 5999 6064 6065
f 5999 6065 6001
f 5999 6001 6000
f 6001 6065 6014
f 6004 6048 6066
f 6004 6066 6005
f 6005 6066 6006
f 6006 6066 6067
f 6006 6067 6068
f 6006 6068 6007
f 6007 6068 6009
f 6008 6011 6012
f 6009 6068 6069
f 6009 6069 6010
f 6010 6070 6012
f 6010 6012 6011
f 6010 6069 6071
f 6010 6071 6072
f 6010 6072 6073
f 6010 6073 6070
f 6012 6070 6074
f 6012 6074 6075
f 6012 6075 6063
f 6014 6064 6076
f 6014 6076 6015
f 6014 6065 6064
f 6015 6076 6017
f 6017 6076 6064
f 6017 6064 6077
f 6017 6077 6074
f 6017 6074 6078
f 6017 6078 6079
f 6017 6079 6080
f 6017 6080 6081
f 6017 6081 6018
f 6018 6081 6082
f 6018 6082 6083
f 6018 6083 6084
f 6018 6084 6020
f 6018 6020 6019
f 6020 6085 6086
f 6020 6086 6022
f 6020 6022 6021
f 6020 6084 6087
f 6020 6087 6088
f 6020 6088 6089
f 6020 6089 6090
f 6020 6090 6091
f 6020 6091 6092
f 6020 6092 6085
f 6022 6086 6093
f 6022 6093 6023
f 6023 6093 6094
f 6023 6094 6095
f 6023 6095 6096
f 6023 6096 6097
f 6023 6097 6024
f 6024 6097 6098
f 6024 6098 6026
f 6024 6026 6025
f 6026 6099 6027
f 6026 6098 6100
f 6026 6100 6101
f 6026 6101 6099
f 6027 6099 6028
f 6028 6099 6102
f 6028 6102 6103
f 6028 6103 6029
f 6029 6103 6030
f 6030 6103 6031
f 6031 6103 6104
f 6031 6104 6105
f 6031 6105 6032
f 6032 6105 6106
f 6032 6106 6033
f 6035 6107 6036
f 6035 6046 6107
f 6036 6107 6108
f 6036 6108 6109
f 6036 6109 6110
f 6036 6110 6111
f 6036 6111 6112
f 6036 6112 6113
f 6036 6113 6114
f 6036 6114 6038
f 6036 6038 6037
f 6038 6114 6039
f 6039 6114 6040
f 6040 6114 6115
f 6040 6115 6116
f 6040 6116 6055
f 6041 6117 6042
f 6042 6118 6043
f 6042 6117 6119
f 6042 6119 6118
f 6043 6118 6120
f 6043 6120 6044
f 6044 6120 6045
f 6045 6120 6118
f 6045 6118 6046
f 6046 6118 6121
f 6046 6121 6107
f 6047 6061 6051
f 6047 6051 6050
f 6048 6049 6066
f 6049 6053 6125
f 6049 6125 6066
f 6051 6061 6122
f 6051 6122 6123
f 6051 6123 6124
f 6051 6124 6052
f 6052 6124 6054
f 6053 6054 6126
f 6053 6126 6125
f 6054 6124 6127
f 6054 6127 6128
f 6054 6128 6126
f 6055 6116 6056
f 6056 6116 6129
f 6056 6129 6057
f 6057 6130 6131
f 6057 6131 6058
f 6057 6129 6116
f 6057 6116 6115
f 6057 6115 6130
f 6058 6132 6133
f 6058 6133 6060
f 6058 6060 6059
f 6058 6131 6132
f 6060 6133 6134
f 6060 6134 6062
f 6061 6062 6122
f 6062 6134 6122
f 6063 6075 6077
f 6063 6077 6064
f 6066 6125 6135
f 6066 6135 6067
f 6067 6135 6068
f 6068 6135 6136
f 6068 6136 6071
f 6068 6071 6069
f 6070 6073 6074
f 6071 6136 6137
f 6071 6137 6072
f 6072 6137 6138
f 6072 6138 6139
f 6072 6139 6078
f 6072 6078 6074
f 6072 6074 6073
f 6074 6077 6075
f 6078 6139 6079
f 6079 6139 6140
f 6079 6140 6082
f 6079 6082 6080
f 6080 6082 6081
f 6082 6140 6138
f 6082 6138 6141
f 6082 6141 6142
f 6082 6142 6143
f 6082 6143 6088
f 6082 6088 6087
f 6082 6087 6084
f 6082 6084 6083
f 6085 6094 6093
f 6085 6093 6086
f 6085 6092 6144
f 6085 6144 6145
f 6085 6145 6095
f 6085 6095 6094
f 6088 6143 6089
f 6089 6143 6146
f 6089 6146 6090
f 6090 6146 6147
f 6090 6147 6091
f 6091 6147 6144
f 6091 6144 6092
f 6095 6145 6144
f 6095 6144 6148
f 6095 6148 6149
f 6095 6149 6150
f 6095 6150 6151
f 6095 6151 6152
f 6095 6152 6153
f 6095 6153 6096
f 6096 6153 6097
f 6097 6153 6154
f 6097 6154 6098
f 6098 6154 6155
f 6098 6155 6100
f 6099 6101 6156
f 6099 6156 6102
f 6100 6157 6158
f 6100 6158 6101
f 6100 6155 6157
f 6101 6158 6159
f 6101 6159 6160
f 6101 6160 6161
f 6101 6161 6156
f 6102 6156 6162
f 6102 6162 6103
f 6103 6162 6163
f 6103 6163 6164
f 6103 6164 6104
f 6104 6164 6165
f 6107 6109 6108
f 6107 6121 6166
f 6107 6166 6109
f 6109 6167 6111
f 6109 6111 6110
f 6109 6166 6168
f 6109 6168 6169
f 6109 6169 6167
f 6111 6167 6170
f 6111 6170 6112
f 6112 6170 6171
f 6112 6171 6113
f 6113 6172 6114
f 6113 6171 6172
f 6114 6172 6115
f 6115 6172 6173
f 6115 6173 6130
f 6117 6174 6119
f 6118 6119 6175
f 6118 6175 6121
f 6119 6174 6176
f 6119 6176 6177
f 6119 6177 6178
f 6119 6178 6179
f 6119 6179 6180
f 6119 6180 6175
f 6121 6175 6181
f 6121 6181 6182
f 6121 6182 6166
f 6122 6134 6183
f 6122 6183 6184
f 6122 6184 6123
f 6123 6184 6124
f 6124 6184 6185
f 6124 6185 6127
f 6125 6126 6135
f 6126 6128 6186
f 6126 6186 6187
f 6126 6187 6135
f 6127 6185 6188
f 6127 6188 6128
f 6128 6188 6186
f 6130 6189 6190
f 6130 6190 6191
f 6130 6191 6132
f 6130 6132 6131
f 6130 6173 6192
f 6130 6192 6193
f 6130 6193 6189
f 6132 6191 6133
f 6133 6191 6194
f 6133 6194 6134
f 6134 6194 6183
f 6135 6187 6195
f 6135 6195 6136
f 6136 6195 6137
f 6137 6196 6197
f 6137 6197 6138
f 6137 6195 6196
f 6138 6198 6199
f 6138 6199 6200
f 6138 6200 6142
f 6138 6142 6141
f 6138 6140 6139
f 6138 6197 6198
f 6142 6200 6143
f 6143 6200 6201
f 6143 6201 6146
f 6144 6147 6202
f 6144 6202 6203
f 6144 6203 6204
f 6144 6204 6149
f 6144 6149 6148
f 6146 6201 6205
f 6146 6205 6147
f 6147 6205 6202
f 6149 6206 6150
f 6149 6204 6207
f 6149 6207 6208
f 6149 6208 6209
f 6149 6209 6206
f 6150 6206 6151
f 6151 6206 6152
f 6152 6206 6209
f 6152 6209 6210
f 6152 6210 6153
f 6153 6210 6154
f 6154 6210 6155
f 6155 6210 6157
f 6156 6161 6162
f 6157 6210 6211
f 6157 6211 6212
f 6157 6212 6213
f 6157 6213 6158
f 6158 6213 6214
f 6158 6214 6159
f 6159 6214 6160
f 6160 6214 6215
f 6160 6215 6161
f 6161 6215 6216
f 6161 6216 6217
f 6161 6217 6218
f 6161 6218 6219
f 6161 6219 6220
f 6161 6220 6221
f 6161 6221 6162
f 6162 6221 6163
f 6163 6221 6222
f 6163 6222 6164
f 6164 6222 6165
f 6165 6222 6223
f 6166 6182 6168
f 6167 6224 6170
f 6167 6169 6224
f 6168 6182 6225
f 6168 6225 6226
f 6168 6226 6227
f 6168 6227 6228
f 6168 6228 6224
f 6168 6224 6169
f 6170 6224 6229
f 6170 6229 6230
f 6170 6230 6231
f 6170 6231 6171
f 6171 6231 6172
f 6172 6231 6232
f 6172 6232 6173
f 6173 6232 6233
f 6173 6233 6234
f 6173 6234 6235
f 6173 6235 6192
f 6175 6180 6179
f 6175 6179 6236
f 6175 6236 6181
f 6177 6237 6238
f 6177 6238 6179
f 6177 6179 6178
f 6179 6238 6239
f 6179 6239 6240
f 6179 6240 6181
f 6179 6181 6236
f 6181 6241 6242
f 6181 6242 6225
f 6181 6225 6182
f 6181 6240 6241
f 6183 6194 6243
f 6183 6243 6184
f 6184 6243 6244
f 6184 6244 6245
f 6184 6245 6185
f 6185 6245 6246
f 6185 6246 6188
f 6186 6195 6187
f 6186 6188 6247
f 6186 6247 6248
f 6186 6248 6196
f 6186 6196 6195
f 6188 6246 6249
f 6188 6249 6247
f 6189 6250 6251
f 6189 6251 6190
f 6189 6193 6252
f 6189 6252 6250
f 6190 6251 6191
f 6191 6251 6253
f 6191 6253 6243
f 6191 6243 6194
f 6192 6254 6193
f 6192 6235 6254
f 6193 6254 6252
f 6196 6248 6197
f 6197 6248 6198
f 6198 6248 6255
f 6198 6255 6256
f 6198 6256 6199
f 6199 6256 6255
f 6199 6255 6257
f 6199 6257 6258
f 6199 6258 6259
f 6199 6259 6200
f 6200 6259 6201
f 6201 6259 6205
f 6202 6205 6260
f 6202 6260 6261
f 6202 6261 6204
f 6202 6204 6203
f 6204 6261 6262
f 6204 6262 6207
f 6205 6259 6260
f 6207 6209 6208
f 6207 6262 6259
f 6207 6259 6263
f 6207 6263 6264
f 6207 6264 6265
f 6207 6265 6266
f 6207 6266 6267
f 6207 6267 6268
f 6207 6268 6209
f 6209 6268 6269
f 6209 6269 6270
f 6209 6270 6271
f 6209 6271 6210
f 6210 6271 6272
f 6210 6272 6211
f 6211 6272 6273
f 6211 6273 6212
f 6212 6273 6274
f 6212 6274 6213
f 6213 6274 6275
f 6213 6275 6276
f 6213 6276 6277
f 6213 6277 6278
f 6213 6278 6214
f 6214 6278 6279
f 6214 6279 6280
f 6214 6280 6216
f 6214 6216 6215
f 6216 6280 6281
f 6216 6281 6282
f 6216 6282 6283
f 6216 6283 6284
f 6216 6284 6285
f 6216 6285 6217
f 6217 6285 6286
f 6217 6286 6219
f 6217 6219 6218
f 6220 6223 6222
f 6220 6222 6221
f 6224 6287 6229
f 6224 6228 6288
f 6224 6288 6287
f 6225 6242 6226
f 6226 6242 6289
f 6226 6289 6290
f 6226 6290 6291
f 6226 6291 6227
f 6227 6292 6228
f 6227 6291 6293
f 6227 6293 6292
f 6228 6292 6288
f 6229 6287 6294
f 6229 6294 6295
f 6229 6295 6230
f 6230 6235 6234
f 6230 6234 6232
f 6230 6232 6231
f 6230 6295 6296
f 6230 6296 6235
f 6232 6234 6233
f 6235 6296 6297
f 6235 6297 6298
f 6235 6298 6299
f 6235 6299 6254
f 6237 6300 6238
f 6238 6300 6301
f 6238 6301 6239
f 6239 6302 6303
f 6239 6303 6240
f 6239 6301 6302
f 6240 6303 6241
f 6241 6290 6289
f 6241 6289 6242
f 6241 6303 6304
f 6241 6304 6290
f 6243 6305 6244
f 6243 6253 6305
f 6244 6305 6245
f 6245 6305 6306
f 6245 6306 6246
f 6246 6306 6249
f 6247 6249 6248
f 6248 6249 6307
f 6248 6307 6255
f 6249 6306 6308
f 6249 6308 6307
f 6250 6309 6310
f 6250 6310 6251
f 6250 6252 6311
f 6250 6311 6309
f 6251 6310 6253
f 6252 6254 6299
f 6252 6299 6311
f 6253 6310 6305
f 6255 6307 6312
f 6255 6312 6313
f 6255 6313 6314
f 6255 6314 6315
f 6255 6315 6264
f 6255 6264 6258
f 6255 6258 6257
f 6258 6264 6316
f 6258 6316 6263
f 6258 6263 6259
f 6259 6262 6260
f 6260 6262 6261
f 6263 6317 6264
f 6263 6316 6317
f 6264 6317 6316
f 6264 6315 6318
f 6264 6318 6319
f 6264 6319 6320
f 6264 6320 6321
f 6264 6321 6322
f 6264 6322 6265
f 6265 6322 6323
f 6265 6323 6266
f 6266 6323 6324
f 6266 6324 6267
f 6267 6324 6325
f 6267 6325 6326
f 6267 6326 6327
f 6267 6327 6328
f 6267 6328 6329
f 6267 6329 6330
f 6267 6330 6331
f 6267 6331 6270
f 6267 6270 6269
f 6267 6269 6268
f 6270 6331 6271
f 6271 6331 6332
f 6271 6332 6272
f 6272 6332 6273
f 6273 6332 6275
f 6273 6275 6274
f 6275 6332 6331
f 6275 6331 6276
f 6276 6331 6333
f 6276 6333 6277
f 6277 6334 6335
f 6277 6335 6278
f 6277 6333 6336
f 6277 6336 6334
f 6278 6335 6334
f 6278 6334 6279
f 6279 6334 6280
f 6280 6334 6282
f 6280 6282 6281
f 6282 6336 6337
f 6282 6337 6283
f 6282 6334 6336
f 6283 6285 6284
f 6283 6337 6338
f 6283 6338 6285
f 6285 6338 6339
f 6287 6288 6294
f 6288 6292 6294
f 6290 6340 6341
f 6290 6341 6342
f 6290 6342 6291
f 6290 6304 6343
f 6290 6343 6344
f 6290 6344 6340
f 6291 6342 6293
f 6292 6293 6341
f 6292 6341 6294
f 6293 6342 6341
f 6294 6345 6295
f 6294 6341 6346
f 6294 6346 6347
f 6294 6347 6348
f 6294 6348 6345
f 6295 6345 6296
f 6296 6345 6297
f 6297 6349 6350
f 6297 6350 6311
f 6297 6311 6299
f 6297 6299 6298
f 6297 6345 6351
f 6297 6351 6349
f 6300 6352 6353
f 6300 6353 6301
f 6301 6353 6302
f 6302 6354 6303
f 6302 6353 6355
f 6302 6355 6354
f 6303 6354 6304
f 6304 6354 6343
f 6305 6310 6356
f 6305 6356 6357
f 6305 6357 6306
f 6306 6357 6308
f 6307 6308 6312
f 6308 6357 6358
f 6308 6358 6312
f 6309 6359 6310
f 6309 6311 6359
f 6310 6359 6356
f 6311 6350 6360
f 6311 6360 6359
f 6312 6358 6313
f 6313 6358 6361
f 6313 6361 6314
f 6314 6361 6315
f 6315 6361 6362
f 6315 6362 6360
f 6315 6360 6318
f 6318 6360 6319
f 6319 6360 6349
f 6319 6349 6320
f 6320 6349 6321
f 6321 6349 6322
f 6322 6349 6351
f 6322 6351 6323
f 6323 6351 6348
f 6323 6348 6363
f 6323 6363 6364
f 6323 6364 6325
f 6323 6325 6324
f 6325 6364 6365
f 6325 6365 6326
f 6326 6365 6366
f 6326 6366 6327
f 6327 6366 6367
f 6327 6367 6368
f 6327 6368 6369
f 6327 6369 6328
f 6328 6370 6333
f 6328 6333 6329
f 6328 6369 6370
f 6329 6333 6330
f 6330 6333 6331
f 6333 6370 6371
f 6333 6371 6336
f 6336 6371 6337
f 6337 6372 6338
f 6337 6371 6373
f 6337 6373 6374
f 6337 6374 6372
f 6338 6372 6374
f 6338 6374 6375
f 6338 6375 6339
f 6340 6344 6376
f 6340 6376 6377
f 6340 6377 6341
f 6341 6377 6346
f 6343 6378 6344
f 6343 6354 6355
f 6343 6355 6378
f 6344 6378 6376
f 6345 6348 6351
f 6346 6379 6347
f 6346 6377 6380
f 6346 6380 6381
f 6346 6381 6379
f 6347 6379 6348
f 6348 6379 6363
f 6349 6360 6350
f 6352 6382 6353
f 6353 6382 6383
f 6353 6383 6384
f 6353 6384 6385
f 6353 6385 6378
f 6353 6378 6355
f 6356 6359 6357
f 6357 6359 6358
f 6358 6359 6361
f 6359 6360 6362
f 6359 6362 6361
f 6363 6379 6381
f 6363 6381 6380
f 6363 6380 6376
f 6363 6376 6386
f 6363 6386 6364
f 6364 6387 6365
f 6364 6386 6387
f 6365 6388 6389
f 6365 6389 6390
f 6365 6390 6368
f 6365 6368 6367
f 6365 6367 6366
f 6365 6387 6388
f 6368 6390 6369
f 6369 6390 6391
f 6369 6391 6392
f 6369 6392 6393
f 6369 6393 6394
f 6369 6394 6395
f 6369 6395 6371
f 6369 6371 6396
f 6369 6396 6370
f 6370 6396 6371
f 6371 6395 6397
f 6371 6397 6373
f 6376 6380 6377
f 6376 6378 6398
f 6376 6398 6399
f 6376 6399 6386
f 6378 6400 6398
f 6378 6385 6384
f 6378 6384 6401
f 6378 6401 6400
f 6382 6402 6383
f 6383 6402 6384
f 6384 6402 6403
f 6384 6403 6404
f 6384 6404 6401
f 6386 6399 6405
f 6386 6405 6387
f 6387 6405 6406
f 6387 6406 6388
f 6388 6406 6405
f 6388 6405 6407
f 6388 6407 6408
f 6388 6408 6389
f 6389 6408 6405
f 6389 6405 6409
f 6389 6409 6404
f 6389 6404 6410
f 6389 6410 6391
f 6389 6391 6390
f 6391 6410 6392
f 6392 6410 6411
f 6393 6412 6394
f 6394 6412 6395
f 6398 6400 6399
f 6399 6400 6409
f 6399 6409 6405
f 6400 6401 6413
f 6400 6413 6409
f 6401 6404 6413
f 6402 6414 6403
f 6403 6414 6415
f 6403 6415 6404
f 6404 6415 6410
f 6404 6409 6413
f 6405 6408 6407
f 6410 6415 6411