# https://github.com/mikedh/trimesh

o geometry_0
v -36.61919277 1.08800439 100.60375659 0.54509804 0.71372549 0.60000000
v -36.28930881 -5.39251416 91.94594112 0.54509804 0.71372549 0.60000000
v -36.55465131 -3.23234138 98.44032957 0.54509804 0.71372549 0.60000000
v -36.52596406 -5.39251416 98.44032957 0.54509804 0.71372549 0.60000000
v -36.49010662 -1.07216840 102.76718360 0.54509804 0.71372549 0.60000000
v -36.52596406 1.08800439 102.76718360 0.54509804 0.71372549 0.60000000
v -36.56182151 3.24817717 100.60375659 0.54509804 0.71372549 0.60000000
v -34.49646888 1.08800439 66.79096135 0.54509804 0.71372549 0.60000000
v -34.44626782 -1.07216840 66.79096135 0.54509804 0.71372549 0.60000000
v -34.32435509 -2.43307717 66.79096135 0.54509804 0.71372549 0.60000000
v -34.25264020 -3.23234138 66.79096135 0.54509804 0.71372549 0.60000000
v -33.92275946 -5.39251416 66.79096135 0.54509804 0.71372549 0.60000000
v -33.63590314 -6.76062377 66.79096135 0.54509804 0.71372549 0.60000000
v -33.46378935 -7.55988737 66.79096135 0.54509804 0.71372549 0.60000000
v -33.09088097 -8.92079615 66.79096135 0.54509804 0.71372549 0.60000000
v -32.86856611 -9.72006056 66.79096135 0.54509804 0.71372549 0.60000000
v -32.62474065 -10.47612081 66.79096135 0.54509804 0.71372549 0.60000000
v -32.48131410 -10.91535595 66.79096135 0.54509804 0.71372549 0.60000000
v -34.76897836 -11.19617854 99.07783893 0.54509804 0.71372549 0.60000000
v -35.98094189 -7.55988737 98.44032957 0.54509804 0.71372549 0.60000000
v -36.03113973 -5.39251416 102.76718360 0.54509804 0.71372549 0.60000000
v -36.32516625 -3.23234138 102.76718360 0.54509804 0.71372549 0.60000000
v -35.80165790 -7.55988737 100.60375659 0.54509804 0.71372549 0.60000000
v -35.60803028 -7.55988737 102.76718360 0.54509804 0.71372549 0.60000000
v -35.42157287 -3.23234138 104.77020321 0.54509804 0.71372549 0.60000000
v -35.50763137 -1.07216840 104.83601171 0.54509804 0.71372549 0.60000000
v -35.51480157 1.08800439 104.82778403 0.54509804 0.71372549 0.60000000
v -36.43990878 3.24817717 102.76718360 0.54509804 0.71372549 0.60000000
v -36.38253751 5.41555058 100.60375659 0.54509804 0.71372549 0.60000000
v -36.24628116 5.41555058 98.44032957 0.54509804 0.71372549 0.60000000
v -34.40324018 3.24817717 66.79096135 0.54509804 0.71372549 0.60000000
v -32.07971525 -11.99544214 66.79096135 0.54509804 0.71372549 0.60000000
v -31.54903670 -13.29154589 66.79096135 0.54509804 0.71372549 0.60000000
v -31.22632293 -14.04760695 66.79096135 0.54509804 0.71372549 0.60000000
v -33.49247659 -14.04760695 98.44032957 0.54509804 0.71372549 0.60000000
v -34.33152529 -12.29786640 100.60375659 0.54509804 0.71372549 0.60000000
v -34.76897836 -11.21057939 100.60375659 0.54509804 0.71372549 0.60000000
v -35.22077505 -9.72006056 100.60375659 0.54509804 0.71372549 0.60000000
v -34.79766560 -9.72006056 104.13269385 0.54509804 0.71372549 0.60000000
v -35.07017830 -7.55988737 104.47818525 0.54509804 0.71372549 0.60000000
v -35.27097612 -5.39251416 104.66326923 0.54509804 0.71372549 0.60000000
v -35.04149106 -9.72006056 102.76718360 0.54509804 0.71372549 0.60000000
v -34.63272201 -10.87215260 103.89002904 0.54509804 0.71372549 0.60000000
v -34.10921365 -7.55988737 105.55989231 0.54509804 0.71372549 0.60000000
v -34.13072748 -5.39251416 105.74497629 0.54509804 0.71372549 0.60000000
v -34.17375512 -1.07216840 105.91772522 0.54509804 0.71372549 0.60000000
v -34.15941472 -3.23234138 105.85191672 0.54509804 0.71372549 0.60000000
v -35.45743031 3.24817717 104.74964047 0.54509804 0.71372549 0.60000000
v -35.34986120 5.41555058 104.65092772 0.54509804 0.71372549 0.60000000
v -36.22476734 5.41555058 102.76718360 0.54509804 0.71372549 0.60000000
v -36.11002481 7.57572336 100.60375659 0.54509804 0.71372549 0.60000000
v -34.16658492 5.41555058 66.79096135 0.54509804 0.71372549 0.60000000
v -34.31718489 4.05464180 66.79096135 0.54509804 0.71372549 0.60000000
v -30.77452624 -15.01248393 66.79096135 0.54509804 0.71372549 0.60000000
v -33.55701806 -14.04760695 100.60375659 0.54509804 0.71372549 0.60000000
v -30.50918696 -15.56692828 66.79096135 0.54509804 0.71372549 0.60000000
v -32.70362574 -15.60293080 98.44032957 0.54509804 0.71372549 0.60000000
v -32.74665338 -15.68933751 100.60375659 0.54509804 0.71372549 0.60000000
v -34.25264020 -12.04584632 102.76718360 0.54509804 0.71372549 0.60000000
v -33.43510533 -14.04760695 102.76718360 0.54509804 0.71372549 0.60000000
v -33.91558604 -9.72006056 105.21440736 0.54509804 0.71372549 0.60000000
v -32.61039703 -15.45171827 104.10390344 0.54509804 0.71372549 0.60000000
v -32.91876717 -14.04760695 104.50286182 0.54509804 0.71372549 0.60000000
v -32.32354393 -12.67229652 105.91361138 0.54509804 0.71372549 0.60000000
v -33.03350970 -7.55988737 106.37837827 0.54509804 0.71372549 0.60000000
v -32.83270866 -9.72006056 106.30434209 0.54509804 0.71372549 0.60000000
v -32.45262686 8.77821958 106.01232413 0.54509804 0.71372549 0.60000000
v -33.55701806 7.57572336 105.59280301 0.54509804 0.71372549 0.60000000
v -35.17774741 7.57572336 104.51108305 0.54509804 0.71372549 0.60000000
v -34.94826235 9.74309657 104.26430440 0.54509804 0.71372549 0.60000000
v -35.89488338 7.57572336 102.76718360 0.54509804 0.71372549 0.60000000
v -35.66540155 9.74309657 100.60375659 0.54509804 0.71372549 0.60000000
v -33.78650311 7.57572336 66.79096135 0.54509804 0.71372549 0.60000000
v -34.03032857 6.21481458 66.79096135 0.54509804 0.71372549 0.60000000
v -32.70362574 -15.63173250 102.76718360 0.54509804 0.71372549 0.60000000
v -30.29404553 -15.96295927 66.79096135 0.54509804 0.71372549 0.60000000
v -29.92113392 -16.64701366 66.79096135 0.54509804 0.71372549 0.60000000
v -32.06537485 -16.69021863 98.44032957 0.54509804 0.71372549 0.60000000
v -32.14425994 -16.76942450 100.60375659 0.54509804 0.71372549 0.60000000
v -32.12274612 -16.71181950 102.76718360 0.54509804 0.71372549 0.60000000
v -32.59605663 -11.22498023 106.12337194 0.54509804 0.71372549 0.60000000
v -30.35141679 -19.57044793 103.98051411 0.54509804 0.71372549 0.60000000
v -30.71715820 -18.37515254 104.44528100 0.54509804 0.71372549 0.60000000
v -30.20081682 -17.15825466 105.95062947 0.54509804 0.71372549 0.60000000
v -32.02234721 -14.04760695 105.58868917 0.54509804 0.71372549 0.60000000
v -30.55938803 -15.71814081 106.20974963 0.54509804 0.71372549 0.60000000
v -30.93946983 -14.04760695 106.41539635 0.54509804 0.71372549 0.60000000
v -29.19682775 -14.04760695 106.70330693 0.54509804 0.71372549 0.60000000
v -31.36257928 -9.72006056 106.55112074 0.54509804 0.71372549 0.60000000
v -7.03730019 1.08800439 108.22099046 0.54509804 0.71372549 0.60000000
v -30.31555935 15.25153831 106.02466564 0.54509804 0.71372549 0.60000000
v -33.31319260 9.59908566 105.47352107 0.54509804 0.71372549 0.60000000
v -33.67893078 11.94647310 104.73318512 0.54509804 0.71372549 0.60000000
v -34.74746454 11.25521788 104.02986726 0.54509804 0.71372549 0.60000000
v -35.44308669 9.74309657 102.76718360 0.54509804 0.71372549 0.60000000
v -34.64706563 13.09856515 101.91168601 0.54509804 0.71372549 0.60000000
v -35.07017830 11.90326975 100.60375659 0.54509804 0.71372549 0.60000000
v -34.65423905 13.12016682 99.30816868 0.54509804 0.71372549 0.60000000
v -33.26299153 9.74309657 66.79096135 0.54509804 0.71372549 0.60000000
v -33.59287550 8.38218779 66.79096135 0.54509804 0.71372549 0.60000000
v -28.86694379 -18.37515254 66.79096135 0.54509804 0.71372549 0.60000000
v -30.36576041 -19.57764876 99.07373154 0.54509804 0.71372549 0.60000000
v -31.18329529 -18.37515254 100.60375659 0.54509804 0.71372549 0.60000000
v -31.15461127 -18.37515254 102.76718360 0.54509804 0.71372549 0.60000000
v -29.84942226 -18.37515254 105.52699451 0.54509804 0.71372549 0.60000000
v -30.39444443 -19.62805293 102.76718360 0.54509804 0.71372549 0.60000000
v -29.61993720 -20.70813993 102.76718360 0.54509804 0.71372549 0.60000000
v -28.53705982 -22.14105456 102.76718360 0.54509804 0.71372549 0.60000000
v -28.40080347 -21.97544037 104.29721510 0.54509804 0.71372549 0.60000000
v -27.85578130 -21.24818262 105.74086891 0.54509804 0.71372549 0.60000000
v -28.33626201 -19.80806717 106.16450387 0.54509804 0.71372549 0.60000000
v -28.76654488 -18.37515254 106.37426443 0.54509804 0.71372549 0.60000000
v -27.03107300 -18.37515254 106.78145049 0.54509804 0.71372549 0.60000000
v -5.39505661 -1.07216840 108.34437979 0.54509804 0.71372549 0.60000000
v -7.13052729 -1.07216840 108.22510430 0.54509804 0.71372549 0.60000000
v -5.39505661 1.08800439 108.34437979 0.54509804 0.71372549 0.60000000
v -20.54098539 -24.87007294 107.18040888 0.54509804 0.71372549 0.60000000
v -6.77913031 2.70093345 108.20043417 0.54509804 0.71372549 0.60000000
v -28.21434928 19.64388973 106.05344961 0.54509804 0.71372549 0.60000000
v -31.16895167 16.07960442 105.31311366 0.54509804 0.71372549 0.60000000
v -33.15542243 14.07064296 104.56455648 0.54509804 0.71372549 0.60000000
v -32.70362574 16.23081534 104.13269385 0.54509804 0.71372549 0.60000000
v -32.45262686 17.33250481 103.85712479 0.54509804 0.71372549 0.60000000
v -34.49646888 12.70253335 103.35533981 0.54509804 0.71372549 0.60000000
v -34.86220707 11.94647310 102.68492620 0.54509804 0.71372549 0.60000000
v -34.16658492 13.91943042 102.68492620 0.54509804 0.71372549 0.60000000
v -33.16976605 16.23081534 102.76718360 0.54509804 0.71372549 0.60000000
v -33.42076171 16.23081534 100.60375659 0.54509804 0.71372549 0.60000000
v -34.25981363 14.25065719 100.60375659 0.54509804 0.71372549 0.60000000
v -34.67575288 13.17057100 100.60375659 0.54509804 0.71372549 0.60000000
v -31.74266109 14.07064296 66.79096135 0.54509804 0.71372549 0.60000000
v -32.11557269 13.16337017 66.79096135 0.54509804 0.71372549 0.60000000
v -32.32354393 12.65212918 66.79096135 0.54509804 0.71372549 0.60000000
v -32.70362574 11.57204299 66.79096135 0.54509804 0.71372549 0.60000000
v -33.05502352 10.43435179 66.79096135 0.54509804 0.71372549 0.60000000
v -28.14263440 -19.49844288 66.79096135 0.54509804 0.71372549 0.60000000
v -30.40161786 -19.63525376 100.60375659 0.54509804 0.71372549 0.60000000
v -27.32509952 -20.57852827 66.79096135 0.54509804 0.71372549 0.60000000
v -29.60559358 -20.71533915 100.60375659 0.54509804 0.71372549 0.60000000
v -28.52271943 -22.11945208 100.60375659 0.54509804 0.71372549 0.60000000
v -27.63346966 -23.22113994 102.76718360 0.54509804 0.71372549 0.60000000
v -26.35696467 -24.20761941 104.43293949 0.54509804 0.71372549 0.60000000
v -27.10995808 -22.79630565 105.08690420 0.54509804 0.71372549 0.60000000
v -25.79759887 -23.61717254 105.87247946 0.54509804 0.71372549 0.60000000
v -26.41433594 -22.17705708 106.28789319 0.54509804 0.71372549 0.60000000
v -27.09561446 -20.53532492 106.48120485 0.54509804 0.71372549 0.60000000
v -1.07072174 -32.76190223 108.37729048 0.54509804 0.71372549 0.60000000
v -3.23647488 -1.07216840 108.47188295 0.54509804 0.71372549 0.60000000
v -3.23647488 1.08800439 108.46365527 0.54509804 0.71372549 0.60000000
v -3.23647488 3.24817717 108.40196061 0.54509804 0.71372549 0.60000000
v -5.53848397 3.35618595 108.26212883 0.54509804 0.71372549 0.60000000
v -24.99440440 -22.81790813 106.55934842 0.54509804 0.71372549 0.60000000
v -22.85016669 -25.00688382 106.63749843 0.54509804 0.71372549 0.60000000
v -18.38240405 -27.03024371 107.24621738 0.54509804 0.71372549 0.60000000
v -2.75599316 -32.58908882 108.26212883 0.54509804 0.71372549 0.60000000
v -27.47569949 21.08400357 105.81901247 0.54509804 0.71372549 0.60000000
v -29.16814051 20.52955923 105.00875418 0.54509804 0.71372549 0.60000000
v -31.34823566 18.18937262 104.43705332 0.54509804 0.71372549 0.60000000
v -4.91457510 4.91151041 108.21687662 0.54509804 0.71372549 0.60000000
v -19.67324944 28.26297838 106.06579112 0.54509804 0.71372549 0.60000000
v -25.23823146 23.22257508 105.91361138 0.54509804 0.71372549 0.60000000
v -32.55302576 17.51971826 102.76718360 0.54509804 0.71372549 0.60000000
v -30.61675607 19.98231571 104.19850235 0.54509804 0.71372549 0.60000000
v -30.88209857 20.36394665 102.76718360 0.54509804 0.71372549 0.60000000
v -31.96497595 18.60700608 102.76718360 0.54509804 0.71372549 0.60000000
v -32.68211192 17.77173915 100.60375659 0.54509804 0.71372549 0.60000000
v -30.78169966 16.12280777 66.79096135 0.54509804 0.71372549 0.60000000
v -31.38409310 14.84110406 66.79096135 0.54509804 0.71372549 0.60000000
v -26.24939395 -21.96823955 66.79096135 0.54509804 0.71372549 0.60000000
v -27.60478242 -23.19953908 100.60375659 0.54509804 0.71372549 0.60000000
v -26.55059229 -24.40923612 102.76718360 0.54509804 0.71372549 0.60000000
v -25.47488672 -25.48932151 102.76718360 0.54509804 0.71372549 0.60000000
v -24.20555515 -26.31738761 104.44938839 0.54509804 0.71372549 0.60000000
v -23.66053136 -25.82054827 105.88893481 0.54509804 0.71372549 0.60000000
v -24.35615351 -24.38043281 106.29200703 0.54509804 0.71372549 0.60000000
v -22.21908600 -26.48300019 106.36192292 0.54509804 0.71372549 0.60000000
v -5.39505661 -33.52516411 107.31202588 0.54509804 0.71372549 0.60000000
v -1.07072174 -33.84199084 107.58759494 0.54509804 0.71372549 0.60000000
v 1.08786000 -32.84830893 108.45131376 0.54509804 0.71372549 0.60000000
v -1.07072174 -1.07216840 108.53769145 0.54509804 0.71372549 0.60000000
v -1.07072174 1.08800439 108.51300842 0.54509804 0.71372549 0.60000000
v -1.07072174 3.24817717 108.45542760 0.54509804 0.71372549 0.60000000
v -1.07072174 5.41555058 108.33615211 0.54509804 0.71372549 0.60000000
v -3.27950313 5.54516103 108.25801500 0.54509804 0.71372549 0.60000000
v -20.62704228 -27.13825450 106.69919309 0.54509804 0.71372549 0.60000000
v -16.21665091 -29.19761692 107.11871421 0.54509804 0.71372549 0.60000000
v -9.72656249 -31.35779091 107.64106193 0.54509804 0.71372549 0.60000000
v -26.86613263 22.58892486 105.44061682 0.54509804 0.71372549 0.60000000
v -28.57291727 22.72573574 104.28898742 0.54509804 0.71372549 0.60000000
v -11.34012084 32.61212645 106.08636030 0.54509804 0.71372549 0.60000000
v -16.17362327 31.20081268 105.46529984 0.54509804 0.71372549 0.60000000
v -18.28200515 31.40962861 104.57277771 0.54509804 0.71372549 0.60000000
v -20.59118484 29.23505619 105.04988611 0.54509804 0.71372549 0.60000000
v -21.11469481 27.55012067 105.85191672 0.54509804 0.71372549 0.60000000
v -22.59199761 26.91647045 105.46529984 0.54509804 0.71372549 0.60000000
v -24.65735023 24.67709220 105.52288067 0.54509804 0.71372549 0.60000000
v -28.16414822 23.86342613 103.91059177 0.54509804 0.71372549 0.60000000
v -32.09405887 18.85182615 100.60375659 0.54509804 0.71372549 0.60000000
v -30.13627536 21.44403365 102.76718360 0.54509804 0.71372549 0.60000000
v -30.25101789 21.60244540 101.45103296 0.54509804 0.71372549 0.60000000
v -30.90361239 20.75277842 100.67779276 0.54509804 0.71372549 0.60000000
v -30.22233386 17.20289315 66.79096135 0.54509804 0.71372549 0.60000000
v -32.01517379 18.67181192 98.44032957 0.54509804 0.71372549 0.60000000
v -25.25257509 -23.04832654 66.79096135 0.54509804 0.71372549 0.60000000
v -26.52190665 -24.37323199 100.60375659 0.54509804 0.71372549 0.60000000
v -25.42468727 -25.45331898 100.60375659 0.54509804 0.71372549 0.60000000
v -24.39201096 -26.49020263 102.76718360 0.54509804 0.71372549 0.60000000
v -21.91071747 -28.33354990 104.31366400 0.54509804 0.71372549 0.60000000
v -21.40154952 -27.92311726 105.75731781 0.54509804 0.71372549 0.60000000
v -19.96010415 -28.47755999 106.30434209 0.54509804 0.71372549 0.60000000
v -9.72656249 -33.19393896 106.70330693 0.54509804 0.71372549 0.60000000
v -7.60383780 -33.68357586 106.83080364 0.54509804 0.71372549 0.60000000
v -6.91538666 -34.70605785 106.12748578 0.54509804 0.71372549 0.60000000
v -5.39505661 -34.82847030 106.26733045 0.54509804 0.71372549 0.60000000
v -3.23647488 -34.96528118 106.41539635 0.54509804 0.71372549 0.60000000
v -1.07072174 -35.05168788 106.50588143 0.54509804 0.71372549 0.60000000
v 1.08786000 -33.93559675 107.61227151 0.54509804 0.71372549 0.60000000
v 3.24644173 -32.81950885 108.44309898 0.54509804 0.71372549 0.60000000
v 9.73652934 -31.13457333 108.54591912 0.54509804 0.71372549 0.60000000
v 22.72387638 -22.70269812 108.80503928 0.54509804 0.71372549 0.60000000
v 1.08786000 -1.07216840 108.55003296 0.54509804 0.71372549 0.60000000
v 1.08786000 1.08800439 108.53357761 0.54509804 0.71372549 0.60000000
v 1.08786000 3.24817717 108.46365527 0.54509804 0.71372549 0.60000000
v 1.08786000 5.41555058 108.34437979 0.54509804 0.71372549 0.60000000
v 1.08786000 7.12928739 108.22099046 0.54509804 0.71372549 0.60000000
v 1.08786000 11.90326975 107.86316400 0.54509804 0.71372549 0.60000000
v -1.07072174 8.08696435 108.13461922 0.54509804 0.71372549 0.60000000
v -18.28200515 -29.19761692 106.53878568 0.54509804 0.71372549 0.60000000
v -16.21665091 -30.74574156 106.38660594 0.54509804 0.71372549 0.60000000
v -14.01504033 -31.44419761 106.65394733 0.54509804 0.71372549 0.60000000
v -11.89231564 -31.35779091 107.24621738 0.54509804 0.71372549 0.60000000
v -26.88764645 24.70589389 104.33834057 0.54509804 0.71372549 0.60000000
v -4.62772038 34.66428964 106.03288687 0.54509804 0.71372549 0.60000000
v -9.72656249 33.80022262 105.60513807 0.54509804 0.71372549 0.60000000
v -11.99271535 33.41859007 105.38303600 0.54509804 0.71372549 0.60000000
v -16.21665091 32.87854899 104.28075975 0.54509804 0.71372549 0.60000000
v -17.50032610 32.56892148 103.97640027 0.54509804 0.71372549 0.60000000
v -20.06767487 30.70397334 104.25196934 0.54509804 0.71372549 0.60000000
v -22.70673853 28.67341102 104.33834057 0.54509804 0.71372549 0.60000000
v -24.70754969 26.90926962 104.33834057 0.54509804 0.71372549 0.60000000
v -26.07010996 26.09560517 103.97640027 0.54509804 0.71372549 0.60000000
v -26.20636631 26.23241605 102.76718360 0.54509804 0.71372549 0.60000000
v -27.28924208 25.06592235 102.76718360 0.54509804 0.71372549 0.60000000
v -28.26455035 23.97863614 102.76718360 0.54509804 0.71372549 0.60000000
v -29.20399795 22.72573574 102.76718360 0.54509804 0.71372549 0.60000000
v -30.34424659 21.73205545 100.00737270 0.54509804 0.71372549 0.60000000
v -30.34424659 21.73205545 99.17244429 0.54509804 0.71372549 0.60000000
v -29.51236809 18.39818854 66.79096135 0.54509804 0.71372549 0.60000000
v -24.57129495 -23.75398342 66.79096135 0.54509804 0.71372549 0.60000000
v -24.16969771 -24.15721523 66.79096135 0.54509804 0.71372549 0.60000000
v -23.73224464 -24.56044705 66.79096135 0.54509804 0.71372549 0.60000000
v -22.98642143 -25.24450144 66.79096135 0.54509804 0.71372549 0.60000000
v -24.34898170 -26.43979845 100.60375659 0.54509804 0.71372549 0.60000000
v -23.11550596 -27.57028801 102.76718360 0.54509804 0.71372549 0.60000000
v -22.03263020 -28.42715581 102.76718360 0.54509804 0.71372549 0.60000000
v -20.54098539 -29.48564033 102.76718360 0.54509804 0.71372549 0.60000000
v -19.41508037 -30.24890221 102.76718360 0.54509804 0.71372549 0.60000000
v -19.06368419 -30.00408376 104.93061062 0.54509804 0.71372549 0.60000000
v -20.62704228 -28.88799263 104.99230528 0.54509804 0.71372549 0.60000000
v -17.50032610 -30.39291553 106.11925811 0.54509804 0.71372549 0.60000000
v -11.89231564 -32.80510719 106.37015059 0.54509804 0.71372549 0.60000000
v -8.35683121 -34.51164358 105.72029972 0.54509804 0.71372549 0.60000000
v -7.60383780 -34.87167204 104.97174255 0.54509804 0.71372549 0.60000000
v -5.39505661 -35.28930712 104.93061062 0.54509804 0.71372549 0.60000000
v -3.23647488 -35.54852723 104.93061062 0.54509804 0.71372549 0.60000000
v -13.26921873 -32.56028874 106.12748578 0.54509804 0.71372549 0.60000000
v -1.07072174 -35.70693897 104.93061062 0.54509804 0.71372549 0.60000000
v 1.08786000 -35.75014394 104.93061062 0.54509804 0.71372549 0.60000000
v 1.08786000 -35.05888710 106.53055800 0.54509804 0.71372549 0.60000000
v 3.24644173 -33.89959423 107.56703220 0.54509804 0.71372549 0.60000000
v 5.41219487 -32.72589970 108.38551816 0.54509804 0.71372549 0.60000000
v 11.90228248 -30.78894652 108.49656597 0.54509804 0.71372549 0.60000000
v 17.66806232 -28.32634746 108.29914047 0.54509804 0.71372549 0.60000000
v 22.72387638 -24.33002864 108.42664363 0.54509804 0.71372549 0.60000000
v 24.70317533 -22.52268389 108.41430212 0.54509804 0.71372549 0.60000000
v 24.88245932 -20.54252574 108.71454776 0.54509804 0.71372549 0.60000000
v 30.92792206 -11.88743376 108.50479365 0.54509804 0.71372549 0.60000000
v 31.37254532 -7.55988737 108.48833830 0.54509804 0.71372549 0.60000000
v 32.48410995 8.73501623 108.19220650 0.54509804 0.71372549 0.60000000
v 32.39805144 8.73501623 108.19220650 0.54509804 0.71372549 0.60000000
v 3.24644173 14.07064296 107.70687043 0.54509804 0.71372549 0.60000000
v 1.08786000 14.07064296 107.69864275 0.54509804 0.71372549 0.60000000
v -3.23647488 34.68589374 106.04522838 0.54509804 0.71372549 0.60000000
v -1.07072174 35.74437825 105.18972433 0.54509804 0.71372549 0.60000000
v -1.07072174 36.96127451 104.10801727 0.54509804 0.71372549 0.60000000
v -3.23647488 35.76597912 105.08690420 0.54509804 0.71372549 0.60000000
v -3.23647488 36.88926947 104.00519069 0.54509804 0.71372549 0.60000000
v -5.30900012 35.68677163 104.93061062 0.54509804 0.71372549 0.60000000
v -7.56080935 35.47075649 104.76608937 0.54509804 0.71372549 0.60000000
v -9.72656249 35.21153316 104.52342456 0.54509804 0.71372549 0.60000000
v -11.89231564 34.88750722 104.16971194 0.54509804 0.71372549 0.60000000
v -13.91464142 33.59860591 104.57277771 0.54509804 0.71372549 0.60000000
v -13.10427674 34.67869130 103.91881945 0.54509804 0.71372549 0.60000000
v -14.54572211 34.35466536 102.76718360 0.54509804 0.71372549 0.60000000
v -16.21665091 33.55540095 102.76718360 0.54509804 0.71372549 0.60000000
v -17.81586645 32.74173811 102.76718360 0.54509804 0.71372549 0.60000000
v -18.89874221 32.12248632 102.76718360 0.54509804 0.71372549 0.60000000
v -21.50912023 30.21433322 103.33066324 0.54509804 0.71372549 0.60000000
v -23.88284300 28.21257420 103.93938219 0.54509804 0.71372549 0.60000000
v -25.08763310 27.31250143 102.76718360 0.54509804 0.71372549 0.60000000
v -26.28525140 26.30442110 100.60375659 0.54509804 0.71372549 0.60000000
v -27.36812716 25.15952988 100.60375659 0.54509804 0.71372549 0.60000000
v -25.15934638 27.39170892 100.60375659 0.54509804 0.71372549 0.60000000
v -28.35777583 24.07224367 100.60375659 0.54509804 0.71372549 0.60000000
v -26.61513375 22.43051150 66.79096135 0.54509804 0.71372549 0.60000000
v -27.29641550 21.58804374 66.79096135 0.54509804 0.71372549 0.60000000
v -27.69801113 21.09120440 66.79096135 0.54509804 0.71372549 0.60000000
v -28.49403218 20.00391819 66.79096135 0.54509804 0.71372549 0.60000000
v -28.28606417 23.97863614 98.44032957 0.54509804 0.71372549 0.60000000
v -25.68285635 23.51059850 66.79096135 0.54509804 0.71372549 0.60000000
v -26.02708232 23.11456590 66.79096135 0.54509804 0.71372549 0.60000000
v -21.90354566 -26.17337591 66.79096135 0.54509804 0.71372549 0.60000000
v -23.05813631 -27.51988383 100.60375659 0.54509804 0.71372549 0.60000000
v -21.97525894 -28.37675164 100.60375659 0.54509804 0.71372549 0.60000000
v -20.54098539 -29.37763276 100.60375659 0.54509804 0.71372549 0.60000000
v -19.32185327 -30.19129882 100.60375659 0.54509804 0.71372549 0.60000000
v -18.33937641 -30.88255244 102.76718360 0.54509804 0.71372549 0.60000000
v -15.23417406 -32.48828047 104.02986726 0.54509804 0.71372549 0.60000000
v -17.98080682 -30.67373651 104.93061062 0.54509804 0.71372549 0.60000000
v -14.71066409 -32.22906036 105.47352107 0.54509804 0.71372549 0.60000000
v -11.89231564 -33.53236655 104.93061062 0.54509804 0.71372549 0.60000000
v -9.69787767 -34.26682513 104.97174255 0.54509804 0.71372549 0.60000000
v -8.95922627 -34.69165942 104.28075975 0.54509804 0.71372549 0.60000000
v -7.56080935 -35.11649049 102.76718360 0.54509804 0.71372549 0.60000000
v -5.39505661 -35.51972392 102.76718360 0.54509804 0.71372549 0.60000000
v -3.23647488 -35.78614646 102.76718360 0.54509804 0.71372549 0.60000000
v -1.07072174 -35.95175743 102.76718360 0.54509804 0.71372549 0.60000000
v -14.01504033 -32.75470301 104.82367020 0.54509804 0.71372549 0.60000000
v 1.08786000 -36.05256578 102.76718360 0.54509804 0.71372549 0.60000000
v 3.24644173 -35.69253732 104.93061062 0.54509804 0.71372549 0.60000000
v 3.24644173 -36.06696744 102.76718360 0.54509804 0.71372549 0.60000000
v 3.24644173 -35.01568536 106.48531224 0.54509804 0.71372549 0.60000000
v 5.41219487 -33.80598831 107.45597794 0.54509804 0.71372549 0.60000000
v 7.17635158 -32.58188961 108.28679896 0.54509804 0.71372549 0.60000000
v 8.61779613 -32.42347786 108.16752347 0.54509804 0.71372549 0.60000000
v 13.49432621 -30.52252397 108.34849362 0.54509804 0.71372549 0.60000000
v 16.23378877 -29.73766122 107.82203208 0.54509804 0.71372549 0.60000000
v 18.47842699 -29.24082188 107.18040888 0.54509804 0.71372549 0.60000000
v 19.10950768 -27.80790725 108.01122990 0.54509804 0.71372549 0.60000000
v 21.56211553 -25.89975415 108.14696074 0.54509804 0.71372549 0.60000000
v 23.85695321 -23.84039012 108.21276279 0.54509804 0.71372549 0.60000000
v 26.01553454 -21.68021774 108.21276279 0.54509804 0.71372549 0.60000000
v 26.35976052 -20.54252574 108.36906281 0.54509804 0.71372549 0.60000000
v 30.61238171 -13.62277266 108.36906281 0.54509804 0.71372549 0.60000000
v 32.58450885 -8.97120033 108.26622978 0.54509804 0.71372549 0.60000000
v 32.74227902 -7.55988737 108.37729048 0.54509804 0.71372549 0.60000000
v 32.78530667 -5.39251416 108.37317665 0.54509804 0.71372549 0.60000000
v 32.80682049 -3.23234138 108.34437979 0.54509804 0.71372549 0.60000000
v 32.58450885 5.41555058 108.23333197 0.54509804 0.71372549 0.60000000
v 33.79646916 -1.07216840 107.78912783 0.54509804 0.71372549 0.60000000
v 33.72475427 3.24817717 107.68630769 0.54509804 0.71372549 0.60000000
v 35.21640070 3.24817717 106.60459418 0.54509804 0.71372549 0.60000000
v 35.08014435 5.41555058 106.48120485 0.54509804 0.71372549 0.60000000
v 34.88651673 7.57572336 106.29612087 0.54509804 0.71372549 0.60000000
v 34.72157636 9.01583882 106.12748578 0.54509804 0.71372549 0.60000000
v 33.48092881 9.59188484 107.03645681 0.54509804 0.71372549 0.60000000
v 33.08650339 11.90326975 106.57991760 0.54509804 0.71372549 0.60000000
v 32.72076520 13.55220275 106.27144429 0.54509804 0.71372549 0.60000000
v 30.99246352 16.23081534 106.56757609 0.54509804 0.71372549 0.60000000
v 26.89761249 22.51691820 106.25910278 0.54509804 0.71372549 0.60000000
v 24.88245932 22.72573574 106.72386967 0.54509804 0.71372549 0.60000000
v 22.72387638 24.88590812 106.61692924 0.54509804 0.71372549 0.60000000
v 16.23378877 29.21345532 106.46886334 0.54509804 0.71372549 0.60000000
v 14.02500798 31.43123271 106.30845593 0.54509804 0.71372549 0.60000000
v 11.90228248 31.38082853 106.34547402 0.54509804 0.71372549 0.60000000
v 3.24644173 34.73629791 106.08224647 0.54509804 0.71372549 0.60000000
v 3.24644173 16.23081534 107.53823534 0.54509804 0.71372549 0.60000000
v 1.08786000 36.95407530 104.09567576 0.54509804 0.71372549 0.60000000
v -1.07072174 37.32850219 102.76718360 0.54509804 0.71372549 0.60000000
v -3.23647488 37.21329540 102.76718360 0.54509804 0.71372549 0.60000000
v -4.55600671 36.81726442 103.89413643 0.54509804 0.71372549 0.60000000
v -5.99745167 36.71645606 103.55687915 0.54509804 0.71372549 0.60000000
v -9.72656249 36.04680009 102.76718360 0.54509804 0.71372549 0.60000000
v -11.89231564 35.39874822 102.76718360 0.54509804 0.71372549 0.60000000
v -13.46284554 34.82270461 102.76718360 0.54509804 0.71372549 0.60000000
v -14.92580391 34.53468120 100.60375659 0.54509804 0.71372549 0.60000000
v -16.21665091 33.90823020 100.60375659 0.54509804 0.71372549 0.60000000
v -19.23579637 32.32410303 100.60375659 0.54509804 0.71372549 0.60000000
v -18.15292061 32.91455151 100.60375659 0.54509804 0.71372549 0.60000000
v -21.65971859 30.32234401 101.89112327 0.54509804 0.71372549 0.60000000
v -22.51311252 29.53027882 102.67258469 0.54509804 0.71372549 0.60000000
v -24.00475573 28.32058177 102.76718360 0.54509804 0.71372549 0.60000000
v -23.50993139 25.71397423 66.79096135 0.54509804 0.71372549 0.60000000
v -24.59998058 24.63388884 66.79096135 0.54509804 0.71372549 0.60000000
v -25.28843092 23.92823196 66.79096135 0.54509804 0.71372549 0.60000000
v -24.07647061 28.38538760 100.60375659 0.54509804 0.71372549 0.60000000
v -21.71708986 30.37994741 98.44032957 0.54509804 0.71372549 0.60000000
v -21.40872133 -26.55500846 66.79096135 0.54509804 0.71372549 0.60000000
v -19.38639473 -28.05992814 66.79096135 0.54509804 0.71372549 0.60000000
v -20.11070413 -27.52708627 66.79096135 0.54509804 0.71372549 0.60000000
v -16.50350562 -29.83846958 66.79096135 0.54509804 0.71372549 0.60000000
v -18.24614770 -30.82494904 100.60375659 0.54509804 0.71372549 0.60000000
v -18.30351897 -28.75838419 66.79096135 0.54509804 0.71372549 0.60000000
v -16.34573545 -31.96264104 102.76718360 0.54509804 0.71372549 0.60000000
v -16.05888074 -31.76102433 104.82367020 0.54509804 0.71372549 0.60000000
v -15.26285808 -32.50268212 102.76718360 0.54509804 0.71372549 0.60000000
v -14.05089777 -33.03552399 102.76718360 0.54509804 0.71372549 0.60000000
v -11.89231564 -33.88519257 102.76718360 0.54509804 0.71372549 0.60000000
v -10.20704482 -34.43243609 102.76718360 0.54509804 0.71372549 0.60000000
v -9.13133925 -34.74206360 102.76718360 0.54509804 0.71372549 0.60000000
v -7.56080935 -35.03008379 100.60375659 0.54509804 0.71372549 0.60000000
v -5.39505661 -35.44051643 100.60375659 0.54509804 0.71372549 0.60000000
v -8.99508290 -34.70605785 100.60375659 0.54509804 0.71372549 0.60000000
v -3.23647488 -35.75014394 100.60375659 0.54509804 0.71372549 0.60000000
v -1.07072174 -35.98056073 100.60375659 0.54509804 0.71372549 0.60000000
v 1.08786000 -36.05256578 100.60375659 0.54509804 0.71372549 0.60000000
v 5.41219487 -35.90135325 102.76718360 0.54509804 0.71372549 0.60000000
v 5.41219487 -35.51972392 104.93061062 0.54509804 0.71372549 0.60000000
v 5.41219487 -34.90767457 106.37426443 0.54509804 0.71372549 0.60000000
v 3.24644173 -36.00216160 100.60375659 0.54509804 0.71372549 0.60000000
v 5.41219487 -35.86535072 100.60375659 0.54509804 0.71372549 0.60000000
v 7.21220822 -34.76366447 106.19740812 0.54509804 0.71372549 0.60000000
v 7.91500218 -33.59716916 107.18452271 0.54509804 0.71372549 0.60000000
v 11.90228248 -31.86903190 107.71098426 0.54509804 0.71372549 0.60000000
v 8.65365277 -34.60524950 106.00821029 0.54509804 0.71372549 0.60000000
v 9.73652934 -33.36675236 106.94185790 0.54509804 0.71372549 0.60000000
v 11.90228248 -33.02112556 106.62927075 0.54509804 0.71372549 0.60000000
v 14.28317706 -31.46579848 107.20097162 0.54509804 0.71372549 0.60000000
v 16.23378877 -31.02656575 106.74031857 0.54509804 0.71372549 0.60000000
v 17.85451812 -30.58732981 106.34958785 0.54509804 0.71372549 0.60000000
v 20.55812324 -28.64317418 106.52233033 0.54509804 0.71372549 0.60000000
v 20.73023703 -27.06624946 107.69864275 0.54509804 0.71372549 0.60000000
v 22.72387638 -25.41011563 107.78090015 0.54509804 0.71372549 0.60000000
v 21.77008515 -28.21833989 106.13159962 0.54509804 0.71372549 0.60000000
v 22.58044983 -26.94383701 106.63338459 0.54509804 0.71372549 0.60000000
v 24.03623720 -26.16617669 106.23442620 0.54509804 0.71372549 0.60000000
v 24.66731789 -24.65405457 106.96653448 0.54509804 0.71372549 0.60000000
v 25.29839857 -23.12033159 107.69453536 0.54509804 0.71372549 0.60000000
v 26.83307103 -22.47227971 106.94185790 0.54509804 0.71372549 0.60000000
v 28.29603021 -21.82422784 106.19329428 0.54509804 0.71372549 0.60000000
v 28.78368435 -20.54252574 106.58813883 0.54509804 0.71372549 0.60000000
v 30.71995082 -18.00072242 106.43595909 0.54509804 0.71372549 0.60000000
v 29.32153632 -18.54796594 107.23798970 0.54509804 0.71372549 0.60000000
v 27.88726116 -19.09520946 108.04002031 0.54509804 0.71372549 0.60000000
v 29.85221810 -16.21498016 107.93308634 0.54509804 0.71372549 0.60000000
v 30.19644246 -15.06288811 108.15106813 0.54509804 0.71372549 0.60000000
v 28.36057168 -17.65509561 108.29091280 0.54509804 0.71372549 0.60000000
v 31.35103150 -14.22762118 107.63284070 0.54509804 0.71372549 0.60000000
v 32.00362601 -11.88743376 107.87550551 0.54509804 0.71372549 0.60000000
v 33.58132772 -9.82806893 107.15161846 0.54509804 0.71372549 0.60000000
v 34.79328802 -9.24482209 106.23442620 0.54509804 0.71372549 0.60000000
v 33.82515318 -7.55988737 107.53001411 0.54509804 0.71372549 0.60000000
v 33.27296080 -11.88743376 106.79378555 0.54509804 0.71372549 0.60000000
v 33.86818404 -5.39251416 107.68219385 0.54509804 0.71372549 0.60000000
v 33.88969786 -3.23234138 107.76856509 0.54509804 0.71372549 0.60000000
v 35.34548362 -1.07216840 106.70741432 0.54509804 0.71372549 0.60000000
v 35.31679960 1.08800439 106.67451007 0.54509804 0.71372549 0.60000000
v 36.27776103 1.08800439 104.93061062 0.54509804 0.71372549 0.60000000
v 36.11999086 3.24817717 104.93061062 0.54509804 0.71372549 0.60000000
v 35.84748138 5.41555058 104.93061062 0.54509804 0.71372549 0.60000000
v 34.94388800 9.73589654 104.95940103 0.54509804 0.71372549 0.60000000
v 34.47774768 10.45595427 105.70385082 0.54509804 0.71372549 0.60000000
v 35.46739635 7.57572336 104.93061062 0.54509804 0.71372549 0.60000000
v 32.38371104 14.99231659 105.90538371 0.54509804 0.71372549 0.60000000
v 30.56935407 17.76453832 106.23853359 0.54509804 0.71372549 0.60000000
v 28.14543024 21.66005040 106.02055180 0.54509804 0.71372549 0.60000000
v 26.07290581 23.91383031 106.08224647 0.54509804 0.71372549 0.60000000
v 24.71034553 24.73469559 106.27555168 0.54509804 0.71372549 0.60000000
v 22.72387638 26.46283446 106.23853359 0.54509804 0.71372549 0.60000000
v 20.04895689 28.50059761 106.21797086 0.54509804 0.71372549 0.60000000
v 20.68720778 27.19729465 106.41539635 0.54509804 0.71372549 0.60000000
v 18.30631481 29.22065454 106.31668360 0.54509804 0.71372549 0.60000000
v 16.23378877 30.73997587 106.25087511 0.54509804 0.71372549 0.60000000
v 11.90228248 32.77053819 106.20974963 0.54509804 0.71372549 0.60000000
v 9.73652934 32.92175073 106.21385702 0.54509804 0.71372549 0.60000000
v 4.91737054 34.71469382 106.07401879 0.54509804 0.71372549 0.60000000
v 3.24644173 36.86766537 103.97228644 0.54509804 0.71372549 0.60000000
v 1.08786000 37.29249967 102.76718360 0.54509804 0.71372549 0.60000000
v -1.07072174 37.49411638 100.60375659 0.54509804 0.71372549 0.60000000
v -3.23647488 37.41491212 100.60375659 0.54509804 0.71372549 0.60000000
v -5.39505661 37.19889375 100.60375659 0.54509804 0.71372549 0.60000000
v -6.84367258 36.87486781 102.11321889 0.54509804 0.71372549 0.60000000
v -5.32334294 36.96847373 102.80831553 0.54509804 0.71372549 0.60000000
v -7.56080935 36.55084187 102.80831553 0.54509804 0.71372549 0.60000000
v -9.72656249 36.32042185 100.60375659 0.54509804 0.71372549 0.60000000
v -11.89231564 35.69397407 100.60375659 0.54509804 0.71372549 0.60000000
v -13.84292815 34.98111636 100.60375659 0.54509804 0.71372549 0.60000000
v -13.71384361 34.92350975 98.44032957 0.54509804 0.71372549 0.60000000
v -14.78954917 34.46267293 98.44032957 0.54509804 0.71372549 0.60000000
v -16.21665091 33.81462105 98.44032957 0.54509804 0.71372549 0.60000000
v -18.19594825 32.89294742 98.44032957 0.54509804 0.71372549 0.60000000
v -19.27165382 32.33850469 98.44032957 0.54509804 0.71372549 0.60000000
v -20.54098539 31.33042435 100.60375659 0.54509804 0.71372549 0.60000000
v -21.73143187 30.38714985 100.60375659 0.54509804 0.71372549 0.60000000
v -22.81430924 29.47267543 100.60375659 0.54509804 0.71372549 0.60000000
v -22.42705563 26.65004952 66.79096135 0.54509804 0.71372549 0.60000000
v -21.12186662 27.73013651 66.79096135 0.54509804 0.71372549 0.60000000
v -21.60234733 27.33410230 66.79096135 0.54509804 0.71372549 0.60000000
v -20.54098539 31.33762356 98.44032957 0.54509804 0.71372549 0.60000000
v -15.82222549 -30.21289969 66.79096135 0.54509804 0.71372549 0.60000000
v -15.42062825 -30.42891806 66.79096135 0.54509804 0.71372549 0.60000000
v -16.04453712 -31.99864357 100.52149918 0.54509804 0.71372549 0.60000000
v -15.20548842 -32.47388204 101.19191280 0.54509804 0.71372549 0.60000000
v -14.24452377 -32.84830893 100.52149918 0.54509804 0.71372549 0.60000000
v -11.89231564 -33.79158666 100.60375659 0.54509804 0.71372549 0.60000000
v -10.07795947 -34.38923436 100.60375659 0.54509804 0.71372549 0.60000000
v -7.56080935 -33.28754488 66.79096135 0.54509804 0.71372549 0.60000000
v -6.76478749 -33.45315907 66.79096135 0.54509804 0.71372549 0.60000000
v -5.39505661 -33.72678083 66.79096135 0.54509804 0.71372549 0.60000000
v -9.61182077 -32.74030136 66.79096135 0.54509804 0.71372549 0.60000000
v -8.86599836 -32.94191807 66.79096135 0.54509804 0.71372549 0.60000000
v -3.23647488 -34.00760180 66.79096135 0.54509804 0.71372549 0.60000000
v -2.43328161 -34.05800598 66.79096135 0.54509804 0.71372549 0.60000000
v -1.07072174 -34.13721346 66.79096135 0.54509804 0.71372549 0.60000000
v 1.08786000 -34.15161512 66.79096135 0.54509804 0.71372549 0.60000000
v 7.57794801 -35.42611800 100.60375659 0.54509804 0.71372549 0.60000000
v 7.57794801 -35.44051643 102.76718360 0.54509804 0.71372549 0.60000000
v 7.79308864 -35.01568536 105.14448502 0.54509804 0.71372549 0.60000000
v 1.88388186 -34.11561260 66.79096135 0.54509804 0.71372549 0.60000000
v 3.24644173 -34.05080676 66.79096135 0.54509804 0.71372549 0.60000000
v 5.41219487 -33.79878587 66.79096135 0.54509804 0.71372549 0.60000000
v 7.57794801 -33.39555567 66.79096135 0.54509804 0.71372549 0.60000000
v 13.63058256 -32.69709962 106.31256977 0.54509804 0.71372549 0.60000000
v 9.11262047 -34.76366447 104.56867032 0.54509804 0.71372549 0.60000000
v 9.79390061 -34.41803766 105.14448502 0.54509804 0.71372549 0.60000000
v 11.90228248 -33.75558413 104.93061062 0.54509804 0.71372549 0.60000000
v 15.07202792 -32.40187377 105.74497629 0.54509804 0.71372549 0.60000000
v 18.21308611 -30.81054739 104.93061062 0.54509804 0.71372549 0.60000000
v 19.29596348 -30.16249551 104.93061062 0.54509804 0.71372549 0.60000000
v 20.55812324 -29.31282693 104.93061062 0.54509804 0.71372549 0.60000000
v 21.95654096 -28.34795155 104.93061062 0.54509804 0.71372549 0.60000000
v 23.03224652 -27.47668210 104.93061062 0.54509804 0.71372549 0.60000000
v 24.28006427 -26.39659349 104.93061062 0.54509804 0.71372549 0.60000000
v 25.36294004 -25.34530980 104.93061062 0.54509804 0.71372549 0.60000000
v 26.20916216 -24.02760518 106.25087511 0.54509804 0.71372549 0.60000000
v 26.41713178 -24.26522442 104.93061062 0.54509804 0.71372549 0.60000000
v 27.50000916 -23.07712824 104.93061062 0.54509804 0.71372549 0.60000000
v 28.43228656 -21.99704285 104.93061062 0.54509804 0.71372549 0.60000000
v 30.28249775 -19.44083788 105.91361138 0.54509804 0.71372549 0.60000000
v 32.56299503 -15.33650987 106.14805497 0.54509804 0.71372549 0.60000000
v 31.41557619 -16.12137263 106.76500159 0.54509804 0.71372549 0.60000000
v 32.84267793 -14.04760695 106.43595909 0.54509804 0.71372549 0.60000000
v 34.57814659 -10.68493754 105.83135398 0.54509804 0.71372549 0.60000000
v 35.56062506 -7.55988737 104.93061062 0.54509804 0.71372549 0.60000000
v 35.95505049 -5.39251416 104.93061062 0.54509804 0.71372549 0.60000000
v 34.98691564 -7.55988737 106.44830060 0.54509804 0.71372549 0.60000000
v 35.18054325 -5.39251416 106.60048034 0.54509804 0.71372549 0.60000000
v 35.29528578 -3.23234138 106.68685158 0.54509804 0.71372549 0.60000000
v 36.30644827 -1.07216840 104.93061062 0.54509804 0.71372549 0.60000000
v 36.62198861 1.08800439 102.76718360 0.54509804 0.71372549 0.60000000
v 36.47856207 3.24817717 102.76718360 0.54509804 0.71372549 0.60000000
v 36.20604937 5.41555058 102.76718360 0.54509804 0.71372549 0.60000000
v 34.74309018 11.18321202 104.26019701 0.54509804 0.71372549 0.60000000
v 34.18372439 11.90326975 104.95940103 0.54509804 0.71372549 0.60000000
v 32.76379284 15.79878183 104.46172990 0.54509804 0.71372549 0.60000000
v 33.15821827 14.19305218 105.08279036 0.54509804 0.71372549 0.60000000
v 35.80445051 7.57572336 102.76718360 0.54509804 0.71372549 0.60000000
v 32.12553874 16.40363035 105.08279036 0.54509804 0.71372549 0.60000000
v 31.03549116 18.44859272 105.01286802 0.54509804 0.71372549 0.60000000
v 30.06018611 19.20465378 105.79022206 0.54509804 0.71372549 0.60000000
v 30.56935407 19.90310983 104.34656825 0.54509804 0.71372549 0.60000000
v 28.52551205 22.14248809 104.93061062 0.54509804 0.71372549 0.60000000
v 27.62192188 23.22257508 104.93061062 0.54509804 0.71372549 0.60000000
v 26.53904451 24.41787048 104.93061062 0.54509804 0.71372549 0.60000000
v 25.47051075 25.49795747 104.93061062 0.54509804 0.71372549 0.60000000
v 23.87129522 26.02359851 106.05344961 0.54509804 0.71372549 0.60000000
v 21.49040226 28.01095749 105.92183906 0.54509804 0.71372549 0.60000000
v 17.52463577 30.43035158 106.10692304 0.54509804 0.71372549 0.60000000
v 13.27918558 32.59052558 106.11514427 0.54509804 0.71372549 0.60000000
v 6.36598690 34.45547371 105.99586878 0.54509804 0.71372549 0.60000000
v 7.57794801 35.41314987 104.78254472 0.54509804 0.71372549 0.60000000
v 5.38350924 35.69397407 104.93061062 0.54509804 0.71372549 0.60000000
v 4.40820339 36.79566032 103.86535246 0.54509804 0.71372549 0.60000000
v 3.24644173 37.09808539 102.76718360 0.54509804 0.71372549 0.60000000
v 1.08786000 37.42211133 100.60375659 0.54509804 0.71372549 0.60000000
v 1.08786000 34.96671471 66.79096135 0.54509804 0.71372549 0.60000000
v 0.28466680 34.96671471 66.79096135 0.54509804 0.71372549 0.60000000
v -1.07072174 34.95231306 66.79096135 0.54509804 0.71372549 0.60000000
v -3.23647488 34.82270461 66.79096135 0.54509804 0.71372549 0.60000000
v -6.94407229 36.87486781 98.93388687 0.54509804 0.71372549 0.60000000
v -7.10184246 36.91806955 100.60375659 0.54509804 0.71372549 0.60000000
v -4.60620616 34.67149208 66.79096135 0.54509804 0.71372549 0.60000000
v -8.18471903 36.68765275 100.60375659 0.54509804 0.71372549 0.60000000
v -9.72656249 36.16201010 98.44032957 0.54509804 0.71372549 0.60000000
v -11.89231564 35.55716319 98.44032957 0.54509804 0.71372549 0.60000000
v -12.02140017 32.82094237 66.79096135 0.54509804 0.71372549 0.60000000
v -12.98953502 32.46811635 66.79096135 0.54509804 0.71372549 0.60000000
v -13.94332705 32.05768049 66.79096135 0.54509804 0.71372549 0.60000000
v -14.71783429 31.69045281 66.79096135 0.54509804 0.71372549 0.60000000
v -16.21665091 30.97039589 66.79096135 0.54509804 0.71372549 0.60000000
v -17.37841176 30.34394488 66.79096135 0.54509804 0.71372549 0.60000000
v -18.05969190 29.90470893 66.79096135 0.54509804 0.71372549 0.60000000
v -18.46128914 29.64548883 66.79096135 0.54509804 0.71372549 0.60000000
v -19.04217037 29.24945784 66.79096135 0.54509804 0.71372549 0.60000000
v -20.03898924 28.56540345 66.79096135 0.54509804 0.71372549 0.60000000
v -14.05089777 -31.06976749 66.79096135 0.54509804 0.71372549 0.60000000
v -13.25487591 -31.40819508 66.79096135 0.54509804 0.71372549 0.60000000
v -11.89231564 -31.96984026 66.79096135 0.54509804 0.71372549 0.60000000
v -10.69469734 -32.40907621 66.79096135 0.54509804 0.71372549 0.60000000
v -10.01341720 -32.61789213 66.79096135 0.54509804 0.71372549 0.60000000
v 9.39230417 -34.84286873 100.60375659 0.54509804 0.71372549 0.60000000
v 9.73652934 -32.84110971 66.79096135 0.54509804 0.71372549 0.60000000
v 10.15964040 -32.71870049 66.79096135 0.54509804 0.71372549 0.60000000
v 10.94131945 -32.48108125 66.79096135 0.54509804 0.71372549 0.60000000
v 9.37796136 -34.85727039 102.76718360 0.54509804 0.71372549 0.60000000
v 14.24014942 -32.84110971 104.98407761 0.54509804 0.71372549 0.60000000
v 10.46083793 -34.47564106 102.76718360 0.54509804 0.71372549 0.60000000
v 11.90228248 -33.94279919 102.76718360 0.54509804 0.71372549 0.60000000
v 15.24414010 -32.48828047 104.30132249 0.54509804 0.71372549 0.60000000
v 16.07601860 -31.97703947 104.98407761 0.54509804 0.71372549 0.60000000
v 18.26328556 -30.85375235 102.76718360 0.54509804 0.71372549 0.60000000
v 16.38438713 -31.94103695 102.76718360 0.54509804 0.71372549 0.60000000
v 19.34616294 -30.19129882 102.76718360 0.54509804 0.71372549 0.60000000
v 20.55812324 -29.36323110 102.76718360 0.54509804 0.71372549 0.60000000
v 21.99239679 -28.36955242 102.76718360 0.54509804 0.71372549 0.60000000
v 23.06810236 -27.51268462 102.76718360 0.54509804 0.71372549 0.60000000
v 24.30874990 -26.43259601 102.76718360 0.54509804 0.71372549 0.60000000
v 25.39162567 -25.36691228 102.76718360 0.54509804 0.71372549 0.60000000
v 26.41713178 -24.27962446 102.76718360 0.54509804 0.71372549 0.60000000
v 27.50000916 -23.06992902 102.76718360 0.54509804 0.71372549 0.60000000
v 28.43945676 -21.98984203 102.76718360 0.54509804 0.71372549 0.60000000
v 29.52233414 -20.63613327 102.76718360 0.54509804 0.71372549 0.60000000
v 30.36138283 -19.54884706 104.46995757 0.54509804 0.71372549 0.60000000
v 29.66576069 -20.37691317 105.08690420 0.54509804 0.71372549 0.60000000
v 30.90640823 -18.58397007 105.08690420 0.54509804 0.71372549 0.60000000
v 32.09685472 -16.66141532 104.93061062 0.54509804 0.71372549 0.60000000
v 32.69207796 -15.57412911 104.93061062 0.54509804 0.71372549 0.60000000
v 33.40921393 -14.04760695 104.93061062 0.54509804 0.71372549 0.60000000
v 34.30563711 -11.82982876 105.03755104 0.54509804 0.71372549 0.60000000
v 34.72157636 -11.06656768 104.38769372 0.54509804 0.71372549 0.60000000
v 34.96540182 -9.87127228 105.03755104 0.54509804 0.71372549 0.60000000
v 35.88333560 -7.55988737 102.76718360 0.54509804 0.71372549 0.60000000
v 36.27776103 -5.39251416 102.76718360 0.54509804 0.71372549 0.60000000
v 36.52875991 -3.23234138 102.76718360 0.54509804 0.71372549 0.60000000
v 36.19887594 -3.23234138 104.93061062 0.54509804 0.71372549 0.60000000
v 36.64350244 -1.07216840 102.76718360 0.54509804 0.71372549 0.60000000
v 36.63633224 1.08800439 100.60375659 0.54509804 0.71372549 0.60000000
v 36.46421844 3.24817717 100.60375659 0.54509804 0.71372549 0.60000000
v 36.12716428 5.41555058 100.60375659 0.54509804 0.71372549 0.60000000
v 35.28094216 9.74309657 102.76718360 0.54509804 0.71372549 0.60000000
v 34.80763165 11.37042708 102.76718360 0.54509804 0.71372549 0.60000000
v 34.43472004 12.45051327 102.76718360 0.54509804 0.71372549 0.60000000
v 33.79646916 14.07064296 102.76718360 0.54509804 0.71372549 0.60000000
v 32.90721939 16.07240359 102.76718360 0.54509804 0.71372549 0.60000000
v 32.37653762 17.15248897 102.76718360 0.54509804 0.71372549 0.60000000
v 35.72556543 7.57572336 100.60375659 0.54509804 0.71372549 0.60000000
v 31.67374527 18.39818854 102.76718360 0.54509804 0.71372549 0.60000000
v 30.67692318 20.06872241 102.76718360 0.54509804 0.71372549 0.60000000
v 29.95978721 21.14880941 102.76718360 0.54509804 0.71372549 0.60000000
v 28.88408325 22.62492739 102.76718360 0.54509804 0.71372549 0.60000000
v 28.04503133 23.70501438 102.76718360 0.54509804 0.71372549 0.60000000
v 25.95099308 25.95879429 103.76663971 0.54509804 0.71372549 0.60000000
v 24.38763499 26.46283446 104.93061062 0.54509804 0.71372549 0.60000000
v 22.21471004 28.65900936 104.47818525 0.54509804 0.71372549 0.60000000
v 19.96290000 30.62476586 104.26430440 0.54509804 0.71372549 0.60000000
v 18.96607952 29.94071146 105.70796466 0.54509804 0.71372549 0.60000000
v 18.17723027 31.25121686 104.81133513 0.54509804 0.71372549 0.60000000
v 16.23378877 31.82006448 105.36658709 0.54509804 0.71372549 0.60000000
v 14.72063013 32.19449459 105.81078479 0.54509804 0.71372549 0.60000000
v 13.85289419 33.44739338 104.83189787 0.54509804 0.71372549 0.60000000
v 12.99233087 34.62828712 103.85301095 0.54509804 0.71372549 0.60000000
v 11.90228248 34.81550218 104.11213111 0.54509804 0.71372549 0.60000000
v 11.90228248 33.85062680 105.19383817 0.54509804 0.71372549 0.60000000
v 9.73652934 35.13952811 104.51519689 0.54509804 0.71372549 0.60000000
v 7.57794801 36.36362682 102.76718360 0.54509804 0.71372549 0.60000000
v 5.95721866 36.69485197 102.76718360 0.54509804 0.71372549 0.60000000
v 4.87434209 36.87486781 102.76718360 0.54509804 0.71372549 0.60000000
v 3.24644173 37.21329540 100.60375659 0.54509804 0.71372549 0.60000000
v 3.24644173 34.81550218 66.79096135 0.54509804 0.71372549 0.60000000
v 2.45041987 34.87310879 66.79096135 0.54509804 0.71372549 0.60000000
v -5.28748590 34.56348129 66.79096135 0.54509804 0.71372549 0.60000000
v -5.68908273 34.49867868 66.79096135 0.54509804 0.71372549 0.60000000
v -7.56080935 34.13144778 66.79096135 0.54509804 0.71372549 0.60000000
v -8.36400302 33.92983106 66.79096135 0.54509804 0.71372549 0.60000000
v -9.72656249 33.57700504 66.79096135 0.54509804 0.71372549 0.60000000
v 10.47518074 -34.49004271 100.60375659 0.54509804 0.71372549 0.60000000
v 11.62259958 -32.24346202 66.79096135 0.54509804 0.71372549 0.60000000
v 11.90228248 -34.01480424 100.60375659 0.54509804 0.71372549 0.60000000
v 14.06803563 -33.15793644 100.60375659 0.54509804 0.71372549 0.60000000
v 14.06803563 -33.06432730 102.76718360 0.54509804 0.71372549 0.60000000
v 15.30151136 -32.51708378 102.76718360 0.54509804 0.71372549 0.60000000
v 15.33019699 -32.55308630 100.60375659 0.54509804 0.71372549 0.60000000
v 15.27999754 -32.53868465 99.37397718 0.54509804 0.71372549 0.60000000
v 18.39237010 -28.99600343 66.79096135 0.54509804 0.71372549 0.60000000
v 19.60433201 -28.21114067 66.79096135 0.54509804 0.71372549 0.60000000
v 20.68720778 -27.39027539 66.79096135 0.54509804 0.71372549 0.60000000
v 22.06411168 -26.31018679 66.79096135 0.54509804 0.71372549 0.60000000
v 22.74539181 -25.71253909 66.79096135 0.54509804 0.71372549 0.60000000
v 23.14698744 -25.35971145 66.79096135 0.54509804 0.71372549 0.60000000
v 23.57009850 -24.96368047 66.79096135 0.54509804 0.71372549 0.60000000
v 24.29440628 -24.27962446 66.79096135 0.54509804 0.71372549 0.60000000
v 25.37728366 -23.14913490 66.79096135 0.54509804 0.71372549 0.60000000
v 25.74302345 -22.75310230 66.79096135 0.54509804 0.71372549 0.60000000
v 26.35258870 -22.06904790 66.79096135 0.54509804 0.71372549 0.60000000
v 27.03386884 -21.21938093 66.79096135 0.54509804 0.71372549 0.60000000
v 27.43546447 -20.71533915 66.79096135 0.54509804 0.71372549 0.60000000
v 30.36138283 -19.55604789 102.76718360 0.54509804 0.71372549 0.60000000
v 31.17892093 -18.37515254 102.76718360 0.54509804 0.71372549 0.60000000
v 32.19008342 -16.84863038 102.76718360 0.54509804 0.71372549 0.60000000
v 32.81399069 -15.76134417 102.76718360 0.54509804 0.71372549 0.60000000
v 33.68890005 -14.04760695 102.76718360 0.54509804 0.71372549 0.60000000
v 34.41320622 -12.42747646 102.76718360 0.54509804 0.71372549 0.60000000
v 35.33114323 -9.72006056 102.76718360 0.54509804 0.71372549 0.60000000
v 34.82197527 -11.34739027 102.76718360 0.54509804 0.71372549 0.60000000
v 35.35265705 -9.72006056 100.60375659 0.54509804 0.71372549 0.60000000
v 35.88333560 -7.55988737 100.60375659 0.54509804 0.71372549 0.60000000
v 36.26342063 -5.39251416 100.60375659 0.54509804 0.71372549 0.60000000
v 36.52158971 -3.23234138 100.60375659 0.54509804 0.71372549 0.60000000
v 36.63633224 -1.07216840 100.60375659 0.54509804 0.71372549 0.60000000
v 34.59966363 1.04480093 66.79096135 0.54509804 0.71372549 0.60000000
v 34.52794875 2.44891336 66.79096135 0.54509804 0.71372549 0.60000000
v 34.48492111 3.24817717 66.79096135 0.54509804 0.71372549 0.60000000
v 34.21240841 5.41555058 66.79096135 0.54509804 0.71372549 0.60000000
v 33.96858295 6.77645976 66.79096135 0.54509804 0.71372549 0.60000000
v 35.19488688 9.74309657 100.60375659 0.54509804 0.71372549 0.60000000
v 34.75743381 11.23361620 100.60375659 0.54509804 0.71372549 0.60000000
v 34.39169240 12.32090322 100.60375659 0.54509804 0.71372549 0.60000000
v 33.71041387 14.07064296 100.60375659 0.54509804 0.71372549 0.60000000
v 32.86419175 16.00039693 100.60375659 0.54509804 0.71372549 0.60000000
v 32.34068017 17.08048392 100.60375659 0.54509804 0.71372549 0.60000000
v 33.81798298 7.57572336 66.79096135 0.54509804 0.71372549 0.60000000
v 31.59486018 18.39818854 100.60375659 0.54509804 0.71372549 0.60000000
v 30.62672534 20.00391819 100.60375659 0.54509804 0.71372549 0.60000000
v 29.92392976 21.08400357 100.60375659 0.54509804 0.71372549 0.60000000
v 28.84105239 22.59612569 100.60375659 0.54509804 0.71372549 0.60000000
v 28.03068771 23.68341190 100.60375659 0.54509804 0.71372549 0.60000000
v 27.04821246 24.88590812 100.60375659 0.54509804 0.71372549 0.60000000
v 26.06573399 26.07400269 100.60375659 0.54509804 0.71372549 0.60000000
v 26.05139198 26.05960265 102.32298590 0.54509804 0.71372549 0.60000000
v 26.81872741 25.09472566 102.93170485 0.54509804 0.71372549 0.60000000
v 23.79958195 28.13336671 101.58264996 0.54509804 0.71372549 0.60000000
v 22.60913546 28.98303530 102.76718360 0.54509804 0.71372549 0.60000000
v 21.33980228 30.06312391 102.76718360 0.54509804 0.71372549 0.60000000
v 20.25692652 30.82638257 102.76718360 0.54509804 0.71372549 0.60000000
v 17.38120761 32.49691643 103.91059177 0.54509804 0.71372549 0.60000000
v 16.23378877 32.78493985 104.28487359 0.54509804 0.71372549 0.60000000
v 13.09990158 34.67149208 102.76718360 0.54509804 0.71372549 0.60000000
v 11.90228248 35.10352559 102.76718360 0.54509804 0.71372549 0.60000000
v 9.73652934 35.80918086 102.76718360 0.54509804 0.71372549 0.60000000
v 16.23378877 33.22417580 102.76718360 0.54509804 0.71372549 0.60000000
v 14.18277815 34.19625361 102.76718360 0.54509804 0.71372549 0.60000000
v 7.57794801 36.48603604 100.60375659 0.54509804 0.71372549 0.60000000
v 6.27993041 36.75245859 100.60375659 0.54509804 0.71372549 0.60000000
v 5.19705384 36.93247120 100.60375659 0.54509804 0.71372549 0.60000000
v 4.83848545 36.87486781 98.97913263 0.54509804 0.71372549 0.60000000
v 4.53728792 34.65709043 66.79096135 0.54509804 0.71372549 0.60000000
v 4.03529218 34.72189626 66.79096135 0.54509804 0.71372549 0.60000000
v 12.02419602 -32.09945192 66.79096135 0.54509804 0.71372549 0.60000000
v 12.80587506 -31.79702685 66.79096135 0.54509804 0.71372549 0.60000000
v 14.06803563 -31.30018751 66.79096135 0.54509804 0.71372549 0.60000000
v 15.68876498 -30.55852650 66.79096135 0.54509804 0.71372549 0.60000000
v 16.77164236 -29.98247967 66.79096135 0.54509804 0.71372549 0.60000000
v 17.38120761 -29.61525199 66.79096135 0.54509804 0.71372549 0.60000000
v 28.25300257 -19.62805293 66.79096135 0.54509804 0.71372549 0.60000000
v 29.07053745 -18.37515254 66.79096135 0.54509804 0.71372549 0.60000000
v 32.79247687 -15.68213668 100.60375659 0.54509804 0.71372549 0.60000000
v 33.67455643 -14.04760695 100.60375659 0.54509804 0.71372549 0.60000000
v 34.42037964 -12.46347979 100.60375659 0.54509804 0.71372549 0.60000000
v 34.83631889 -11.38339360 100.60375659 0.54509804 0.71372549 0.60000000
v 35.67536759 -7.55988737 94.11347553 0.54509804 0.71372549 0.60000000
v 34.55663277 -0.96415972 66.79096135 0.54509804 0.71372549 0.60000000
v 35.91919304 -5.39251416 94.11347553 0.54509804 0.71372549 0.60000000
v 34.38452220 -3.23234138 66.79096135 0.54509804 0.71372549 0.60000000
v 34.58532001 0.31754278 66.79096135 0.54509804 0.71372549 0.60000000
v 33.47375862 8.94383296 66.79096135 0.54509804 0.71372549 0.60000000
v 33.26578738 9.74309657 66.79096135 0.54509804 0.71372549 0.60000000
v 32.69924816 11.48563628 66.79096135 0.54509804 0.71372549 0.60000000
v 32.29765253 12.56572247 66.79096135 0.54509804 0.71372549 0.60000000
v 32.55582161 11.88166808 66.79096135 0.54509804 0.71372549 0.60000000
v 31.65223145 14.07064296 66.79096135 0.54509804 0.71372549 0.60000000
v 30.72712424 16.00039693 66.79096135 0.54509804 0.71372549 0.60000000
v 30.16775844 17.08048392 66.79096135 0.54509804 0.71372549 0.60000000
v 29.67293411 17.90134920 66.79096135 0.54509804 0.71372549 0.60000000
v 29.37173417 18.39818854 66.79096135 0.54509804 0.71372549 0.60000000
v 28.76216730 19.34146466 66.79096135 0.54509804 0.71372549 0.60000000
v 28.41077274 19.88150735 66.79096135 0.54509804 0.71372549 0.60000000
v 28.12391642 20.27753995 66.79096135 0.54509804 0.71372549 0.60000000
v 27.62192188 20.96159435 66.79096135 0.54509804 0.71372549 0.60000000
v 26.53904451 22.34410480 66.79096135 0.54509804 0.71372549 0.60000000
v 26.01553454 26.02359851 99.36163566 0.54509804 0.71372549 0.60000000
v 26.20916216 22.74733661 66.79096135 0.54509804 0.71372549 0.60000000
v 23.80675376 28.14056915 99.49736650 0.54509804 0.71372549 0.60000000
v 24.67448970 27.34850718 100.75593632 0.54509804 0.71372549 0.60000000
v 23.80675376 28.14056915 100.13898970 0.54509804 0.71372549 0.60000000
v 22.93901782 28.83902521 100.75593632 0.54509804 0.71372549 0.60000000
v 21.36848792 30.09192399 100.60375659 0.54509804 0.71372549 0.60000000
v 20.28561215 30.85518588 100.60375659 0.54509804 0.71372549 0.60000000
v 18.63619717 31.94247370 100.60375659 0.54509804 0.71372549 0.60000000
v 18.58599771 31.91367039 102.76718360 0.54509804 0.71372549 0.60000000
v 17.50312195 32.57612392 102.76718360 0.54509804 0.71372549 0.60000000
v 14.25449143 34.23225613 100.60375659 0.54509804 0.71372549 0.60000000
v 13.17161486 34.70029217 100.60375659 0.54509804 0.71372549 0.60000000
v 11.90228248 35.17553064 100.60375659 0.54509804 0.71372549 0.60000000
v 9.73652934 35.91719165 100.60375659 0.54509804 0.71372549 0.60000000
v 16.23378877 33.28898163 100.60375659 0.54509804 0.71372549 0.60000000
v 8.94050748 33.72101514 66.79096135 0.54509804 0.71372549 0.60000000
v 7.57794801 34.07384438 66.79096135 0.54509804 0.71372549 0.60000000
v 6.87515405 34.22505692 66.79096135 0.54509804 0.71372549 0.60000000
v 5.62016449 34.47707458 66.79096135 0.54509804 0.71372549 0.60000000
v 4.93888476 34.59228459 66.79096135 0.54509804 0.71372549 0.60000000
v 30.03150209 -16.81262785 66.79096135 0.54509804 0.71372549 0.60000000
v 30.60521151 -15.73254086 66.79096135 0.54509804 0.71372549 0.60000000
v 31.40123257 -14.04760695 66.79096135 0.54509804 0.71372549 0.60000000
v 32.16856960 -12.22586055 66.79096135 0.54509804 0.71372549 0.60000000
v 32.32633977 -11.82262874 66.79096135 0.54509804 0.71372549 0.60000000
v 32.58450885 -11.13857353 66.79096135 0.54509804 0.71372549 0.60000000
v 32.87136195 -10.24570240 66.79096135 0.54509804 0.71372549 0.60000000
v 33.03630554 -9.72006056 66.79096135 0.54509804 0.71372549 0.60000000
v 33.41638735 -8.35915097 66.79096135 0.54509804 0.71372549 0.60000000
v 33.63152879 -7.55988737 66.79096135 0.54509804 0.71372549 0.60000000
v 33.92555208 -6.19897859 66.79096135 0.54509804 0.71372549 0.60000000
v 34.09049568 -5.39251416 66.79096135 0.54509804 0.71372549 0.60000000
v 34.27694987 -4.03160498 66.79096135 0.54509804 0.71372549 0.60000000
v 25.62828092 23.42419180 66.79096135 0.54509804 0.71372549 0.60000000
v 24.94700079 24.13704789 66.79096135 0.54509804 0.71372549 0.60000000
v 24.54540516 24.55468136 66.79096135 0.54509804 0.71372549 0.60000000
v 24.14380792 24.95791478 66.79096135 0.54509804 0.71372549 0.60000000
v 23.44818577 25.63476835 66.79096135 0.54509804 0.71372549 0.60000000
v 22.36530840 26.59964534 66.79096135 0.54509804 0.71372549 0.60000000
v 21.88482768 26.99567632 66.79096135 0.54509804 0.71372549 0.60000000
v 21.05294757 27.67973233 66.79096135 0.54509804 0.71372549 0.60000000
v 19.97007181 28.49339840 66.79096135 0.54509804 0.71372549 0.60000000
v 19.38201877 28.88222694 66.79096135 0.54509804 0.71372549 0.60000000
v 18.39237010 29.53027882 66.79096135 0.54509804 0.71372549 0.60000000
v 17.97643085 29.79670136 66.79096135 0.54509804 0.71372549 0.60000000
v 17.23778106 30.25753818 66.79096135 0.54509804 0.71372549 0.60000000
v 17.55332140 32.59772479 100.60375659 0.54509804 0.71372549 0.60000000
v 14.06803563 31.86326621 66.79096135 0.54509804 0.71372549 0.60000000
v 13.08555877 34.67149208 99.23824634 0.54509804 0.71372549 0.60000000
v 11.76602694 32.82814481 66.79096135 0.54509804 0.71372549 0.60000000
v 11.01303353 33.08016248 66.79096135 0.54509804 0.71372549 0.60000000
v 9.73652934 33.50499677 66.79096135 0.54509804 0.71372549 0.60000000
v 16.15490368 30.84078422 66.79096135 0.54509804 0.71372549 0.60000000
v 16.55650092 30.62476586 66.79096135 0.54509804 0.71372549 0.60000000
v 13.62341074 32.06488293 66.79096135 0.54509804 0.71372549 0.60000000
v 12.84890351 32.41050973 66.79096135 0.54509804 0.71372549 0.60000000
f 1 2 3
f 1 3 4
f 1 4 5
f 1 5 6
f 1 6 7
f 1 7 2
f 2 4 3
f 2 7 8
f 2 8 9
f 2 9 10
f 2 10 11
f 2 11 12
f 2 12 13
f 2 13 14
f 2 14 15
f 2 15 16
f 2 16 17
f 2 17 18
f 2 18 19
f 2 19 20
f 2 20 4
f 4 21 22
f 4 22 5
f 4 20 23
f 4 23 24
f 4 24 21
f 5 22 25
f 5 25 26
f 5 26 6
f 6 27 28
f 6 28 7
f 6 26 27
f 7 28 29
f 7 29 30
f 7 30 31
f 7 31 8
f 8 31 53
f 8 53 52
f 8 52 74
f 8 74 73
f 8 73 100
f 8 100 99
f 8 99 135
f 8 135 134
f 8 134 133
f 8 133 132
f 8 132 131
f 8 131 168
f 8 168 167
f 8 167 202
f 8 202 248
f 8 248 308
f 8 308 307
f 8 307 306
f 8 306 305
f 8 305 311
f 8 311 310
f 8 310 385
f 8 385 384
f 8 384 383
f 8 383 486
f 8 486 488
f 8 488 487
f 8 487 585
f 8 585 584
f 8 584 583
f 8 583 582
f 8 582 581
f 8 581 580
f 8 580 579
f 8 579 578
f 8 578 577
f 8 577 576
f 8 576 665
f 8 665 664
f 8 664 663
f 8 663 662
f 8 662 661
f 8 661 572
f 8 572 569
f 8 569 568
f 8 568 567
f 8 567 566
f 8 566 660
f 8 660 659
f 8 659 737
f 8 737 736
f 8 736 790
f 8 790 789
f 8 789 788
f 8 788 787
f 8 787 786
f 8 786 822
f 8 822 821
f 8 821 820
f 8 820 826
f 8 826 825
f 8 825 818
f 8 818 823
f 8 823 824
f 8 824 816
f 8 816 815
f 8 815 814
f 8 814 813
f 8 813 812
f 8 812 811
f 8 811 810
f 8 810 809
f 8 809 808
f 8 808 807
f 8 807 806
f 8 806 805
f 8 805 804
f 8 804 771
f 8 771 769
f 8 769 768
f 8 768 767
f 8 767 766
f 8 766 765
f 8 765 764
f 8 764 763
f 8 763 762
f 8 762 761
f 8 761 760
f 8 760 758
f 8 758 759
f 8 759 757
f 8 757 756
f 8 756 755
f 8 755 711
f 8 711 704
f 8 704 703
f 8 703 702
f 8 702 701
f 8 701 700
f 8 700 754
f 8 754 751
f 8 751 753
f 8 753 803
f 8 803 802
f 8 802 801
f 8 801 800
f 8 800 799
f 8 799 798
f 8 798 797
f 8 797 796
f 8 796 795
f 8 795 794
f 8 794 793
f 8 793 792
f 8 792 791
f 8 791 745
f 8 745 744
f 8 744 686
f 8 686 685
f 8 685 684
f 8 684 683
f 8 683 682
f 8 682 681
f 8 681 680
f 8 680 679
f 8 679 678
f 8 678 677
f 8 677 676
f 8 676 675
f 8 675 674
f 8 674 743
f 8 743 742
f 8 742 741
f 8 741 740
f 8 740 739
f 8 739 738
f 8 738 667
f 8 667 594
f 8 594 593
f 8 593 592
f 8 592 512
f 8 512 511
f 8 511 510
f 8 510 509
f 8 509 505
f 8 505 504
f 8 504 503
f 8 503 502
f 8 502 499
f 8 499 498
f 8 498 497
f 8 497 501
f 8 501 500
f 8 500 590
f 8 590 589
f 8 589 588
f 8 588 587
f 8 587 586
f 8 586 491
f 8 491 490
f 8 490 391
f 8 391 393
f 8 393 389
f 8 389 390
f 8 390 388
f 8 388 312
f 8 312 252
f 8 252 251
f 8 251 250
f 8 250 249
f 8 249 204
f 8 204 169
f 8 169 138
f 8 138 136
f 8 136 101
f 8 101 77
f 8 77 76
f 8 76 56
f 8 56 54
f 8 54 34
f 8 34 33
f 8 33 32
f 8 32 18
f 8 18 17
f 8 17 16
f 8 16 15
f 8 15 14
f 8 14 13
f 8 13 12
f 8 12 11
f 8 11 10
f 8 10 9
f 18 32 19
f 19 32 33
f 19 33 34
f 19 34 35
f 19 35 36
f 19 36 37
f 19 37 20
f 20 38 42
f 20 42 23
f 20 37 38
f 21 24 39
f 21 39 40
f 21 40 22
f 22 40 41
f 22 41 25
f 23 42 24
f 24 42 43
f 24 43 39
f 25 41 44
f 25 44 45
f 25 45 26
f 26 46 27
f 26 45 47
f 26 47 46
f 27 46 48
f 27 48 28
f 28 48 49
f 28 49 50
f 28 50 29
f 29 50 51
f 29 51 30
f 30 52 53
f 30 53 31
f 30 51 52
f 34 54 35
f 35 55 36
f 35 54 56
f 35 56 57
f 35 57 58
f 35 58 55
f 36 59 43
f 36 43 37
f 36 55 60
f 36 60 59
f 37 43 38
f 38 43 42
f 39 43 61
f 39 61 40
f 40 44 41
f 40 61 44
f 43 59 60
f 43 60 62
f 43 62 63
f 43 63 64
f 43 64 61
f 44 65 45
f 44 61 66
f 44 66 65
f 45 65 47
f 46 47 65
f 46 65 67
f 46 67 68
f 46 68 49
f 46 49 48
f 49 68 69
f 49 69 50
f 50 69 70
f 50 70 71
f 50 71 51
f 51 71 72
f 51 72 73
f 51 73 74
f 51 74 52
f 55 58 75
f 55 75 60
f 56 76 57
f 57 76 77
f 57 77 78
f 57 78 79
f 57 79 58
f 58 79 80
f 58 80 75
f 60 75 62
f 61 64 81
f 61 81 66
f 62 75 80
f 62 80 82
f 62 82 83
f 62 83 84
f 62 84 85
f 62 85 63
f 63 85 64
f 64 85 84
f 64 84 86
f 64 86 87
f 64 87 81
f 65 66 87
f 65 87 88
f 65 88 89
f 65 89 90
f 65 90 91
f 65 91 67
f 66 81 87
f 67 91 92
f 67 92 68
f 68 92 69
f 69 92 70
f 70 92 93
f 70 93 94
f 70 94 71
f 71 94 95
f 71 95 72
f 72 95 96
f 72 96 97
f 72 97 98
f 72 98 99
f 72 99 100
f 72 100 73
f 77 101 102
f 77 102 78
f 78 102 103
f 78 103 79
f 79 103 104
f 79 104 80
f 80 104 82
f 82 105 83
f 82 104 106
f 82 106 107
f 82 107 108
f 82 108 109
f 82 109 110
f 82 110 105
f 83 105 84
f 84 105 110
f 84 110 111
f 84 111 86
f 86 111 112
f 86 112 87
f 87 112 113
f 87 113 88
f 88 114 115
f 88 115 116
f 88 116 89
f 88 113 117
f 88 117 114
f 89 116 90
f 90 116 118
f 90 118 91
f 91 119 120
f 91 120 121
f 91 121 93
f 91 93 92
f 91 118 119
f 93 121 94
f 94 121 122
f 94 122 123
f 94 123 124
f 94 124 125
f 94 125 95
f 95 125 96
f 96 126 127
f 96 127 128
f 96 128 129
f 96 129 130
f 96 130 97
f 96 125 124
f 96 124 126
f 97 130 98
f 98 130 129
f 98 129 128
f 98 128 131
f 98 131 132
f 98 132 133
f 98 133 134
f 98 134 135
f 98 135 99
f 101 136 102
f 102 137 103
f 102 136 138
f 102 138 139
f 102 139 137
f 103 137 106
f 103 106 104
f 106 137 107
f 107 137 139
f 107 139 108
f 108 139 140
f 108 140 141
f 108 141 109
f 109 141 142
f 109 142 143
f 109 143 110
f 110 143 144
f 110 144 145
f 110 145 111
f 111 146 112
f 111 145 146
f 112 146 113
f 113 146 117
f 114 117 147
f 114 147 148
f 114 148 116
f 114 116 115
f 116 148 149
f 116 149 150
f 116 150 151
f 116 151 118
f 117 152 153
f 117 153 154
f 117 154 155
f 117 155 147
f 117 146 152
f 118 151 119
f 119 156 157
f 119 157 158
f 119 158 120
f 119 151 159
f 119 159 160
f 119 160 161
f 119 161 156
f 120 158 121
f 121 158 122
f 122 158 123
f 123 162 127
f 123 127 126
f 123 126 124
f 123 158 163
f 123 163 164
f 123 164 165
f 123 165 162
f 127 162 128
f 128 162 166
f 128 166 167
f 128 167 168
f 128 168 131
f 138 169 140
f 138 140 139
f 140 169 170
f 140 170 141
f 141 170 171
f 141 171 142
f 142 171 172
f 142 172 173
f 142 173 174
f 142 174 144
f 142 144 143
f 144 174 175
f 144 175 145
f 145 175 176
f 145 176 153
f 145 153 152
f 145 152 146
f 147 155 177
f 147 177 178
f 147 178 179
f 147 179 148
f 148 179 180
f 148 180 149
f 149 180 181
f 149 181 182
f 149 182 150
f 150 182 183
f 150 183 184
f 150 184 160
f 150 160 159
f 150 159 151
f 153 176 185
f 153 185 154
f 154 185 186
f 154 186 187
f 154 187 155
f 155 187 177
f 156 188 189
f 156 189 157
f 156 161 188
f 157 163 158
f 157 189 163
f 160 190 191
f 160 191 192
f 160 192 193
f 160 193 194
f 160 194 161
f 160 184 190
f 161 194 195
f 161 195 196
f 161 196 188
f 162 165 166
f 163 189 197
f 163 197 164
f 164 198 165
f 164 197 199
f 164 199 200
f 164 200 201
f 164 201 198
f 165 198 166
f 166 202 167
f 166 198 203
f 166 203 202
f 169 204 205
f 169 205 170
f 170 205 171
f 171 205 172
f 172 205 206
f 172 206 207
f 172 207 173
f 173 207 208
f 173 208 209
f 173 209 174
f 174 209 176
f 174 176 175
f 176 209 210
f 176 210 185
f 177 187 211
f 177 211 212
f 177 212 213
f 177 213 214
f 177 214 178
f 178 214 215
f 178 215 216
f 178 216 217
f 178 217 179
f 179 217 218
f 179 218 219
f 179 219 220
f 179 220 180
f 180 220 221
f 180 221 222
f 180 222 181
f 181 222 182
f 182 223 224
f 182 224 183
f 182 222 223
f 183 224 225
f 183 225 226
f 183 226 227
f 183 227 190
f 183 190 184
f 185 210 228
f 185 228 186
f 186 228 229
f 186 229 230
f 186 230 231
f 186 231 187
f 187 231 211
f 188 196 195
f 188 195 232
f 188 232 189
f 189 232 197
f 190 233 234
f 190 234 235
f 190 235 191
f 190 227 233
f 191 235 236
f 191 236 192
f 192 236 237
f 192 237 238
f 192 238 193
f 193 238 239
f 193 239 194
f 194 239 195
f 195 240 232
f 195 239 240
f 197 232 241
f 197 241 242
f 197 242 243
f 197 243 244
f 197 244 245
f 197 245 199
f 198 201 246
f 198 246 247
f 198 247 202
f 198 202 203
f 199 245 200
f 200 245 244
f 200 244 246
f 200 246 201
f 202 247 248
f 204 249 205
f 205 249 250
f 205 250 206
f 206 250 251
f 206 251 252
f 206 252 253
f 206 253 207
f 207 253 254
f 207 254 208
f 208 255 256
f 208 256 257
f 208 257 258
f 208 258 259
f 208 259 209
f 208 254 255
f 209 259 258
f 209 258 260
f 209 260 210
f 210 260 228
f 211 261 213
f 211 213 212
f 211 231 230
f 211 230 261
f 213 262 263
f 213 263 264
f 213 264 265
f 213 265 214
f 213 261 266
f 213 266 262
f 214 265 215
f 215 265 267
f 215 267 216
f 216 267 268
f 216 268 269
f 216 269 217
f 217 270 218
f 217 269 270
f 218 270 271
f 218 271 219
f 219 271 272
f 219 272 220
f 220 272 273
f 220 273 274
f 220 274 275
f 220 275 276
f 220 276 277
f 220 277 278
f 220 278 222
f 220 222 221
f 222 279 223
f 222 278 279
f 223 279 280
f 223 280 224
f 224 280 225
f 225 280 226
f 226 280 281
f 226 281 282
f 226 282 227
f 227 282 233
f 228 260 229
f 229 260 266
f 229 266 230
f 230 266 261
f 232 240 241
f 233 283 284
f 233 284 285
f 233 285 286
f 233 286 287
f 233 287 288
f 233 288 289
f 233 289 290
f 233 290 234
f 233 282 283
f 234 290 235
f 235 290 291
f 235 291 292
f 235 292 236
f 236 292 293
f 236 293 237
f 237 294 295
f 237 295 296
f 237 296 297
f 237 297 298
f 237 298 238
f 237 293 294
f 238 298 299
f 238 299 239
f 239 299 240
f 240 299 241
f 241 299 300
f 241 300 242
f 242 301 302
f 242 302 243
f 242 300 303
f 242 303 301
f 243 302 304
f 243 304 244
f 244 304 246
f 246 304 247
f 247 305 306
f 247 306 307
f 247 307 308
f 247 308 248
f 247 304 309
f 247 309 310
f 247 310 311
f 247 311 305
f 252 312 253
f 253 312 313
f 253 313 254
f 254 313 314
f 254 314 255
f 255 314 256
f 256 314 315
f 256 315 257
f 257 315 316
f 257 316 392
f 257 392 317
f 257 317 318
f 257 318 319
f 257 319 258
f 258 319 260
f 260 319 320
f 260 320 266
f 262 321 322
f 262 322 323
f 262 323 263
f 262 266 321
f 263 323 324
f 263 324 264
f 264 324 325
f 264 325 326
f 264 326 265
f 265 326 327
f 265 327 267
f 266 320 328
f 266 328 321
f 267 327 329
f 267 329 268
f 268 330 269
f 268 329 331
f 268 331 330
f 269 330 332
f 269 332 270
f 270 332 333
f 270 333 271
f 271 334 272
f 271 333 334
f 272 334 335
f 272 335 336
f 272 336 273
f 273 337 338
f 273 338 339
f 273 339 340
f 273 340 274
f 273 336 337
f 274 340 341
f 274 341 275
f 275 342 343
f 275 343 276
f 275 341 342
f 276 343 344
f 276 344 277
f 277 344 345
f 277 345 346
f 277 346 278
f 278 346 347
f 278 347 348
f 278 348 279
f 279 348 349
f 279 349 350
f 279 350 351
f 279 351 352
f 279 352 353
f 279 353 354
f 279 354 355
f 279 355 356
f 279 356 357
f 279 357 358
f 279 358 359
f 279 359 360
f 279 360 361
f 279 361 362
f 279 362 363
f 279 363 364
f 279 364 365
f 279 365 366
f 279 366 280
f 280 367 281
f 280 366 367
f 281 367 282
f 282 367 366
f 282 366 283
f 283 366 284
f 284 366 285
f 285 368 369
f 285 369 287
f 285 287 286
f 285 366 368
f 287 369 370
f 287 370 371
f 287 371 288
f 288 371 289
f 289 371 290
f 290 371 372
f 290 372 291
f 291 372 293
f 291 293 292
f 293 372 373
f 293 373 374
f 293 374 375
f 293 375 294
f 294 375 376
f 294 376 295
f 295 376 377
f 295 377 296
f 296 378 297
f 296 377 379
f 296 379 378
f 297 378 298
f 298 380 381
f 298 381 299
f 298 378 380
f 299 381 382
f 299 382 300
f 300 382 303
f 301 383 384
f 301 384 385
f 301 385 309
f 301 309 302
f 301 303 383
f 302 309 304
f 303 382 386
f 303 386 387
f 303 387 383
f 309 385 310
f 312 388 314
f 312 314 313
f 314 389 315
f 314 388 390
f 314 390 389
f 315 389 316
f 316 391 392
f 316 389 393
f 316 393 391
f 317 392 394
f 317 394 318
f 318 320 395
f 318 395 319
f 318 394 396
f 318 396 397
f 318 397 398
f 318 398 323
f 318 323 321
f 318 321 328
f 318 328 320
f 319 395 320
f 321 323 322
f 323 398 399
f 323 399 400
f 323 400 324
f 324 401 402
f 324 402 325
f 324 400 403
f 324 403 401
f 325 402 404
f 325 404 326
f 326 404 405
f 326 405 327
f 327 405 329
f 329 406 331
f 329 405 406
f 330 331 407
f 330 407 408
f 330 408 409
f 330 409 332
f 331 406 410
f 331 410 411
f 331 411 407
f 332 409 333
f 333 409 412
f 333 412 413
f 333 413 335
f 333 335 334
f 335 414 336
f 335 413 415
f 335 415 416
f 335 416 417
f 335 417 414
f 336 414 418
f 336 418 419
f 336 419 337
f 337 419 420
f 337 420 338
f 338 421 339
f 338 420 421
f 339 421 422
f 339 422 340
f 340 423 341
f 340 422 421
f 340 421 424
f 340 424 425
f 340 425 423
f 341 423 426
f 341 426 427
f 341 427 428
f 341 428 342
f 342 428 429
f 342 429 430
f 342 430 431
f 342 431 432
f 342 432 433
f 342 433 434
f 342 434 435
f 342 435 436
f 342 436 437
f 342 437 343
f 343 437 344
f 344 436 438
f 344 438 439
f 344 439 345
f 344 437 436
f 345 440 441
f 345 441 442
f 345 442 346
f 345 439 443
f 345 443 440
f 346 442 444
f 346 444 445
f 346 445 347
f 347 445 348
f 348 445 350
f 348 350 349
f 350 445 446
f 350 446 447
f 350 447 351
f 351 447 352
f 352 447 448
f 352 448 449
f 352 449 353
f 353 449 450
f 353 450 354
f 354 450 355
f 355 451 452
f 355 452 358
f 355 358 357
f 355 357 356
f 355 450 453
f 355 453 451
f 358 454 455
f 358 455 359
f 358 452 454
f 359 455 456
f 359 456 360
f 360 456 457
f 360 457 458
f 360 458 361
f 361 458 362
f 362 458 459
f 362 459 460
f 362 460 461
f 362 461 462
f 362 462 463
f 362 463 363
f 363 463 364
f 364 464 365
f 364 463 464
f 365 464 465
f 365 465 366
f 366 465 466
f 366 466 368
f 368 467 468
f 368 468 369
f 368 466 467
f 369 468 469
f 369 469 470
f 369 470 370
f 370 470 471
f 370 471 472
f 370 472 473
f 370 473 371
f 371 473 372
f 372 473 472
f 372 472 474
f 372 474 373
f 373 474 472
f 373 472 475
f 373 475 476
f 373 476 374
f 374 476 477
f 374 477 375
f 375 477 376
f 376 477 478
f 376 478 479
f 376 479 480
f 376 480 481
f 376 481 377
f 377 481 379
f 378 482 483
f 378 483 380
f 378 379 482
f 379 481 482
f 380 484 382
f 380 382 381
f 380 483 484
f 382 484 485
f 382 485 386
f 383 387 486
f 386 485 387
f 387 487 488
f 387 488 486
f 387 485 484
f 387 484 489
f 387 489 487
f 391 490 392
f 392 490 491
f 392 491 492
f 392 492 394
f 394 492 493
f 394 493 396
f 396 493 397
f 397 494 495
f 397 495 398
f 397 493 494
f 398 495 496
f 398 496 399
f 399 403 400
f 399 496 403
f 401 403 497
f 401 497 498
f 401 498 499
f 401 499 402
f 402 499 404
f 403 496 500
f 403 500 501
f 403 501 497
f 404 499 502
f 404 502 405
f 405 502 503
f 405 503 504
f 405 504 406
f 406 504 505
f 406 505 410
f 407 411 506
f 407 506 507
f 407 507 508
f 407 508 408
f 408 508 415
f 408 415 412
f 408 412 409
f 410 505 509
f 410 509 510
f 410 510 411
f 411 510 511
f 411 511 512
f 411 512 506
f 412 415 413
f 414 417 513
f 414 513 418
f 415 417 416
f 415 508 514
f 415 514 515
f 415 515 516
f 415 516 517
f 415 517 513
f 415 513 417
f 418 513 419
f 419 513 420
f 420 513 517
f 420 517 518
f 420 518 519
f 420 519 424
f 420 424 421
f 423 425 426
f 424 519 520
f 424 520 521
f 424 521 522
f 424 522 523
f 424 523 426
f 424 426 425
f 426 523 524
f 426 524 525
f 426 525 427
f 427 525 428
f 428 525 429
f 429 525 430
f 430 525 526
f 430 526 527
f 430 527 528
f 430 528 529
f 430 529 431
f 431 529 432
f 432 529 530
f 432 530 531
f 432 531 435
f 432 435 433
f 433 435 434
f 435 531 438
f 435 438 436
f 438 531 530
f 438 530 532
f 438 532 439
f 439 532 443
f 440 443 441
f 441 443 532
f 441 532 533
f 441 533 534
f 441 534 535
f 441 535 536
f 441 536 442
f 442 536 537
f 442 537 444
f 444 537 538
f 444 538 445
f 445 538 446
f 446 538 539
f 446 539 448
f 446 448 447
f 448 539 540
f 448 540 541
f 448 541 449
f 449 541 542
f 449 542 450
f 450 542 453
f 451 453 543
f 451 543 452
f 452 543 544
f 452 544 545
f 452 545 546
f 452 546 454
f 453 547 543
f 453 542 547
f 454 546 545
f 454 545 548
f 454 548 549
f 454 549 455
f 455 549 550
f 455 550 456
f 456 550 551
f 456 551 552
f 456 552 553
f 456 553 457
f 457 553 554
f 457 554 555
f 457 555 556
f 457 556 458
f 458 556 459
f 459 556 460
f 460 556 557
f 460 557 558
f 460 558 463
f 460 463 462
f 460 462 461
f 463 558 559
f 463 559 464
f 464 559 466
f 464 466 465
f 466 560 561
f 466 561 562
f 466 562 467
f 466 559 560
f 467 562 563
f 467 563 468
f 468 564 565
f 468 565 469
f 468 563 564
f 469 565 566
f 469 566 567
f 469 567 568
f 469 568 470
f 470 568 569
f 470 569 471
f 471 570 571
f 471 571 472
f 471 569 572
f 471 572 570
f 472 571 573
f 472 573 475
f 475 573 570
f 475 570 574
f 475 574 575
f 475 575 476
f 476 575 478
f 476 478 477
f 478 575 576
f 478 576 577
f 478 577 479
f 479 577 578
f 479 578 480
f 480 578 481
f 481 578 579
f 481 579 580
f 481 580 482
f 482 489 483
f 482 580 581
f 482 581 582
f 482 582 583
f 482 583 584
f 482 584 585
f 482 585 487
f 482 487 489
f 483 489 484
f 491 586 493
f 491 493 492
f 493 586 494
f 494 586 587
f 494 587 588
f 494 588 495
f 495 588 589
f 495 589 496
f 496 589 590
f 496 590 500
f 506 591 507
f 506 512 592
f 506 592 593
f 506 593 594
f 506 594 591
f 507 591 595
f 507 595 514
f 507 514 508
f 514 595 516
f 514 516 515
f 516 596 517
f 516 595 597
f 516 597 598
f 516 598 596
f 517 596 599
f 517 599 600
f 517 600 518
f 518 601 519
f 518 600 599
f 518 599 602
f 518 602 601
f 519 601 603
f 519 603 520
f 520 604 521
f 520 603 604
f 521 605 606
f 521 606 522
f 521 604 605
f 522 606 523
f 523 606 607
f 523 607 524
f 524 608 526
f 524 526 525
f 524 607 608
f 526 608 609
f 526 609 527
f 527 609 610
f 527 610 611
f 527 611 528
f 528 611 612
f 528 612 613
f 528 613 614
f 528 614 529
f 529 614 613
f 529 613 615
f 529 615 616
f 529 616 530
f 530 616 617
f 530 617 618
f 530 618 619
f 530 619 533
f 530 533 532
f 533 620 621
f 533 621 534
f 533 619 620
f 534 621 622
f 534 622 623
f 534 623 535
f 535 537 536
f 535 623 624
f 535 624 625
f 535 625 537
f 537 625 538
f 538 625 539
f 539 625 626
f 539 626 540
f 540 626 627
f 540 627 541
f 541 627 628
f 541 628 542
f 542 628 629
f 542 629 636
f 542 636 547
f 543 547 630
f 543 630 631
f 543 631 632
f 543 632 633
f 543 633 545
f 543 545 544
f 545 633 634
f 545 634 635
f 545 635 551
f 545 551 548
f 547 636 630
f 548 551 549
f 549 551 550
f 551 635 637
f 551 637 638
f 551 638 639
f 551 639 640
f 551 640 641
f 551 641 642
f 551 642 552
f 552 642 553
f 553 642 554
f 554 642 555
f 555 642 643
f 555 643 556
f 556 643 644
f 556 644 645
f 556 645 557
f 557 645 646
f 557 646 558
f 558 646 647
f 558 647 648
f 558 648 649
f 558 649 559
f 559 649 650
f 559 650 651
f 559 651 652
f 559 652 653
f 559 653 654
f 559 654 561
f 559 561 560
f 561 654 563
f 561 563 562
f 563 655 656
f 563 656 657
f 563 657 564
f 563 654 652
f 563 652 651
f 563 651 655
f 564 657 658
f 564 658 565
f 565 658 659
f 565 659 660
f 565 660 566
f 570 573 571
f 570 572 661
f 570 661 662
f 570 662 663
f 570 663 574
f 574 663 664
f 574 664 665
f 574 665 575
f 575 665 576
f 591 666 595
f 591 594 666
f 594 667 668
f 594 668 666
f 595 666 668
f 595 668 597
f 596 598 599
f 597 668 598
f 598 668 669
f 598 669 670
f 598 670 599
f 599 671 602
f 599 670 669
f 599 669 671
f 601 672 673
f 601 673 603
f 601 602 672
f 602 671 672
f 603 673 674
f 603 674 675
f 603 675 604
f 604 675 605
f 605 675 676
f 605 676 677
f 605 677 606
f 606 677 607
f 607 677 678
f 607 678 679
f 607 679 680
f 607 680 681
f 607 681 608
f 608 681 682
f 608 682 609
f 609 682 683
f 609 683 610
f 610 683 684
f 610 684 611
f 611 684 685
f 611 685 612
f 612 685 686
f 612 686 687
f 612 687 613
f 613 687 688
f 613 688 689
f 613 689 615
f 615 689 616
f 616 689 690
f 616 690 617
f 617 690 691
f 617 691 618
f 618 691 692
f 618 692 620
f 618 620 619
f 620 693 621
f 620 692 694
f 620 694 693
f 621 693 622
f 622 693 695
f 622 695 696
f 622 696 623
f 623 696 697
f 623 697 698
f 623 698 624
f 624 698 699
f 624 699 626
f 624 626 625
f 626 699 627
f 627 699 700
f 627 700 701
f 627 701 702
f 627 702 628
f 628 702 703
f 628 703 629
f 629 703 704
f 629 704 636
f 630 636 705
f 630 705 631
f 631 705 706
f 631 706 707
f 631 707 632
f 632 707 708
f 632 708 633
f 633 708 709
f 633 709 634
f 634 709 710
f 634 710 635
f 635 710 637
f 636 704 711
f 636 711 705
f 637 710 712
f 637 712 638
f 638 712 713
f 638 713 714
f 638 714 639
f 639 714 715
f 639 715 640
f 640 715 716
f 640 716 641
f 641 716 717
f 641 717 718
f 641 718 719
f 641 719 720
f 641 720 642
f 642 720 719
f 642 719 721
f 642 721 722
f 642 722 723
f 642 723 645
f 642 645 644
f 642 644 643
f 645 723 724
f 645 724 725
f 645 725 647
f 645 647 646
f 647 725 648
f 648 725 726
f 648 726 649
f 649 726 650
f 650 726 651
f 651 727 728
f 651 728 729
f 651 729 655
f 651 726 725
f 651 725 730
f 651 730 731
f 651 731 727
f 652 654 653
f 655 732 733
f 655 733 656
f 655 729 732
f 656 733 734
f 656 734 657
f 657 734 658
f 658 734 735
f 658 735 736
f 658 736 737
f 658 737 659
f 667 738 668
f 668 738 739
f 668 739 740
f 668 740 669
f 669 740 673
f 669 673 672
f 669 672 671
f 673 740 741
f 673 741 742
f 673 742 743
f 673 743 674
f 686 744 687
f 687 744 688
f 688 744 689
f 689 744 745
f 689 745 746
f 689 746 690
f 690 746 747
f 690 747 691
f 691 747 748
f 691 748 692
f 692 748 749
f 692 749 694
f 693 694 749
f 693 749 695
f 695 749 750
f 695 750 696
f 696 750 697
f 697 750 698
f 698 751 699
f 698 750 752
f 698 752 753
f 698 753 751
f 699 751 754
f 699 754 700
f 705 711 755
f 705 755 756
f 705 756 706
f 706 756 757
f 706 757 707
f 707 758 708
f 707 757 759
f 707 759 758
f 708 758 760
f 708 760 709
f 709 761 710
f 709 760 761
f 710 762 712
f 710 761 762
f 712 762 763
f 712 763 713
f 713 763 764
f 713 764 765
f 713 765 766
f 713 766 714
f 714 766 715
f 715 766 767
f 715 767 768
f 715 768 716
f 716 768 769
f 716 769 717
f 717 770 718
f 717 769 771
f 717 771 770
f 718 770 772
f 718 772 773
f 718 773 719
f 719 773 721
f 721 773 774
f 721 774 775
f 721 775 723
f 721 723 722
f 723 775 776
f 723 776 777
f 723 777 724
f 724 777 778
f 724 778 779
f 724 779 725
f 725 779 780
f 725 780 730
f 727 731 781
f 727 781 782
f 727 782 783
f 727 783 728
f 728 783 784
f 728 784 729
f 729 784 732
f 730 785 781
f 730 781 731
f 730 780 785
f 732 784 786
f 732 786 787
f 732 787 788
f 732 788 733
f 733 788 789
f 733 789 790
f 733 790 734
f 734 790 736
f 734 736 735
f 745 791 746
f 746 791 747
f 747 791 792
f 747 792 793
f 747 793 748
f 748 793 794
f 748 794 795
f 748 795 749
f 749 795 796
f 749 796 750
f 750 796 797
f 750 797 798
f 750 798 799
f 750 799 800
f 750 800 801
f 750 801 802
f 750 802 803
f 750 803 753
f 750 753 752
f 770 771 804
f 770 804 805
f 770 805 806
f 770 806 807
f 770 807 808
f 770 808 772
f 772 775 774
f 772 774 773
f 772 808 809
f 772 809 810
f 772 810 811
f 772 811 776
f 772 776 775
f 776 811 812
f 776 812 777
f 777 812 813
f 777 813 778
f 778 813 814
f 778 814 815
f 778 815 816
f 778 816 817
f 778 817 780
f 778 780 779
f 780 817 785
f 781 785 818
f 781 818 819
f 781 819 782
f 782 819 783
f 783 819 820
f 783 820 784
f 784 820 821
f 784 821 822
f 784 822 786
f 785 817 823
f 785 823 818
f 816 824 817
f 817 824 823
f 818 825 819
f 819 825 826
f 819 826 820

o geometry_1
v 1.08646219 -37.30736996 -102.77312974 0.54117647 0.42352941 0.64313725
v -1.06783081 -37.20831546 -104.92273220 0.54117647 0.42352941 0.64313725
v 3.24768217 -37.24369253 -104.92273220 0.54117647 0.42352941 0.64313725
v 3.24768217 -37.28614307 -102.77312974 0.54117647 0.42352941 0.64313725
v 1.08646219 -34.32866165 57.32864569 0.54117647 0.42352941 0.64313725
v -1.06783081 -34.13762936 66.78684752 0.54117647 0.42352941 0.64313725
v -3.23597758 -34.01027128 66.78684752 0.54117647 0.42352941 0.64313725
v -3.36066336 -37.01727995 -105.04310385 0.54117647 0.42352941 0.64313725
v -2.71645370 -36.88285162 -106.21247820 0.54117647 0.42352941 0.64313725
v 3.24768217 -36.85454803 -106.12650029 0.54117647 0.42352941 0.64313725
v 4.79240024 -36.83332437 -106.10929697 0.54117647 0.42352941 0.64313725
v 5.47124504 -37.05973372 -105.06030717 0.54117647 0.42352941 0.64313725
v 7.57704851 -36.93945234 -104.47561355 0.54117647 0.42352941 0.64313725
v 7.57704851 -36.93945234 -103.30622630 0.54117647 0.42352941 0.64313725
v 3.24768217 -34.20838027 59.49542568 0.54117647 0.42352941 0.64313725
v 1.08646219 -34.15177954 66.78684752 0.54117647 0.42352941 0.64313725
v -4.60059396 -33.83338918 66.78684752 0.54117647 0.42352941 0.64313725
v -4.75298770 -36.86870144 -103.44380127 0.54117647 0.42352941 0.64313725
v -4.16419394 -36.71304299 -105.83415993 0.54117647 0.42352941 0.64313725
v -4.75298770 -36.86870144 -104.38962274 0.54117647 0.42352941 0.64313725
v -10.95264154 -34.66120220 -106.07490323 0.54117647 0.42352941 0.64313725
v -9.72656491 -34.83100760 -106.22968152 0.54117647 0.42352941 0.64313725
v -3.36066336 -35.87107979 -106.64240643 0.54117647 0.42352941 0.64313725
v -1.06783081 -35.68712098 -106.69399060 0.54117647 0.42352941 0.64313725
v 5.47124504 -35.85692961 -106.52202189 0.54117647 0.42352941 0.64313725
v 6.23321329 -36.69181611 -105.88574410 0.54117647 0.42352941 0.64313725
v 7.57704851 -35.38288402 -106.38444692 0.54117647 0.42352941 0.64313725
v 8.87239543 -36.83332437 -104.08009196 0.54117647 0.42352941 0.64313725
v 8.87239543 -36.83332437 -103.65016373 0.54117647 0.42352941 0.64313725
v 5.41582914 -33.92537019 61.64502814 0.54117647 0.42352941 0.64313725
v 3.24768217 -34.05272505 66.78684752 0.54117647 0.42352941 0.64313725
v -5.39719776 -33.72726120 66.78684752 0.54117647 0.42352941 0.64313725
v -9.72656491 -35.31920659 -102.77312974 0.54117647 0.42352941 0.64313725
v -9.72656491 -35.32628007 -104.92273220 0.54117647 0.42352941 0.64313725
v -6.76181415 -33.45132138 66.78684752 0.54117647 0.42352941 0.64313725
v -7.56534473 -33.28858946 66.78684752 0.54117647 0.42352941 0.64313725
v -9.61573311 -32.74378974 66.78684752 0.54117647 0.42352941 0.64313725
v -15.33742460 -32.55983415 -106.16089404 0.54117647 0.42352941 0.64313725
v -14.05593206 -32.87822130 -106.43604398 0.54117647 0.42352941 0.64313725
v -11.75617132 -33.58575294 -106.53922520 0.54117647 0.42352941 0.64313725
v -11.32669848 -34.80978394 -104.92273220 0.54117647 0.42352941 0.64313725
v -12.40730857 -34.35696201 -104.92273220 0.54117647 0.42352941 0.64313725
v -14.05593206 -33.59282964 -104.92273220 0.54117647 0.42352941 0.64313725
v -24.86895815 -24.28879032 -108.53404938 0.54117647 0.42352941 0.64313725
v -24.86895815 -22.70391841 -108.89517723 0.54117647 0.42352941 0.64313725
v 3.24768217 -35.68712098 -106.60801269 0.54117647 0.42352941 0.64313725
v 29.21003070 -20.53887294 -106.84876889 0.54117647 0.42352941 0.64313725
v 29.21003070 -22.66854296 -106.52202189 0.54117647 0.42352941 0.64313725
v 9.00400840 -34.99374275 -106.17808446 0.54117647 0.42352941 0.64313725
v 7.57704851 -36.46540676 -105.54180667 0.54117647 0.42352941 0.64313725
v 28.48962559 -24.17558403 -106.26407526 0.54117647 0.42352941 0.64313725
v 28.84289975 -24.60010399 -104.92273220 0.54117647 0.42352941 0.64313725
v 17.60732680 -32.56690763 -101.87890533 0.54117647 0.42352941 0.64313725
v 18.84033022 -32.12116241 -100.60633685 0.54117647 0.42352941 0.64313725
v 17.75971932 -32.65888865 -100.60633685 0.54117647 0.42352941 0.64313725
v 16.22885603 -33.42302102 -98.43955687 0.54117647 0.42352941 0.64313725
v 16.16651334 -32.92067507 -61.65570068 0.54117647 0.42352941 0.64313725
v 16.13187780 -32.89944818 -59.48890779 0.54117647 0.42352941 0.64313725
v 15.30756605 -32.51738039 -18.40586119 0.54117647 0.42352941 0.64313725
v 15.26600372 -32.49615673 -16.23906991 0.54117647 0.42352941 0.64313725
v 13.35415591 -32.59521122 22.71157594 0.54117647 0.42352941 0.64313725
v 13.30566679 -32.57398434 24.87836560 0.54117647 0.42352941 0.64313725
v 11.90641567 -33.06925681 24.87836560 0.54117647 0.42352941 0.64313725
v 11.13752063 -32.55983415 61.64502814 0.54117647 0.42352941 0.64313725
v 11.07517713 -32.53153057 63.81182103 0.54117647 0.42352941 0.64313725
v 9.73826870 -32.97727579 61.64502814 0.54117647 0.42352941 0.64313725
v 7.57704851 -33.52915221 61.64502814 0.54117647 0.42352941 0.64313725
v 5.41582914 -33.79801211 66.78684752 0.54117647 0.42352941 0.64313725
v -10.71712356 -32.41125241 65.97860101 0.54117647 0.42352941 0.64313725
v -10.69634239 -32.40417571 66.78684752 0.54117647 0.42352941 0.64313725
v -19.29966080 -30.10469868 -105.59340373 0.54117647 0.42352941 0.64313725
v -17.85884734 -30.67072528 -106.47043772 0.54117647 0.42352941 0.64313725
v -26.17123105 -23.97039995 -108.36208066 0.54117647 0.42352941 0.64313725
v -15.69070037 -32.75794314 -104.92273220 0.54117647 0.42352941 0.64313725
v -16.77130966 -32.10701223 -104.92273220 0.54117647 0.42352941 0.64313725
v -11.88778429 -31.98673407 65.97860101 0.54117647 0.42352941 0.64313725
v -14.05593206 -31.13769417 63.81182103 0.54117647 0.42352941 0.64313725
v -15.49674391 -30.46553959 63.81182103 0.54117647 0.42352941 0.64313725
v -26.47601931 -22.70391841 -108.58563354 0.54117647 0.42352941 0.64313725
v -28.65802147 -17.82195105 -108.39647441 0.54117647 0.42352941 0.64313725
v -28.65802147 -16.74650340 -108.39647441 0.54117647 0.42352941 0.64313725
v -28.28396534 11.46985234 -108.22450569 0.54117647 0.42352941 0.64313725
v -28.04151976 11.46985234 -108.22450569 0.54117647 0.42352941 0.64313725
v 20.55822318 24.88465076 -107.10671551 0.54117647 0.42352941 0.64313725
v 33.53939302 7.57842911 -107.22708716 0.54117647 0.42352941 0.64313725
v 30.85865419 -20.53887294 -106.48762814 0.54117647 0.42352941 0.64313725
v 30.50537359 -21.92563425 -106.22968152 0.54117647 0.42352941 0.64313725
v 29.92351064 -23.33362244 -104.92273220 0.54117647 0.42352941 0.64313725
v 28.87753206 -24.65670632 -102.77312974 0.54117647 0.42352941 0.64313725
v 27.73458170 -25.73922906 -102.77312974 0.54117647 0.42352941 0.64313725
v 21.61112532 -30.23913024 -101.15663674 0.54117647 0.42352941 0.64313725
v 17.75971932 -32.68011231 -98.43955687 0.54117647 0.42352941 0.64313725
v 20.75910482 -30.89005793 -100.50315563 0.54117647 0.42352941 0.64313725
v 20.77295839 -30.85468087 -98.37076938 0.54117647 0.42352941 0.64313725
v 20.10104078 -30.69194894 -59.48890779 0.54117647 0.42352941 0.64313725
v 20.08026042 -30.67072528 -57.32211491 0.54117647 0.42352941 0.64313725
v 18.39700300 -31.73202113 -59.48890779 0.54117647 0.42352941 0.64313725
v 17.21941548 -32.39710223 -59.48890779 0.54117647 0.42352941 0.64313725
v 16.22885603 -31.19429812 27.02796161 0.54117647 0.42352941 0.64313725
v 14.38627608 -32.11408893 24.87836560 0.54117647 0.42352941 0.64313725
v 14.06763585 -31.37118022 63.81182103 0.54117647 0.42352941 0.64313725
v 14.06763585 -31.32165297 65.97860101 0.54117647 0.42352941 0.64313725
v 12.15578722 -32.13531259 63.81182103 0.54117647 0.42352941 0.64313725
v 9.73826870 -32.92774855 63.81182103 0.54117647 0.42352941 0.64313725
v 12.05880980 -32.11408893 65.97860101 0.54117647 0.42352941 0.64313725
v 10.97819971 -32.49615673 65.97860101 0.54117647 0.42352941 0.64313725
v 9.73826870 -32.84284423 66.78684752 0.54117647 0.42352941 0.64313725
v 7.57704851 -33.40179413 66.78684752 0.54117647 0.42352941 0.64313725
v -11.43753029 -32.13531259 66.78684752 0.54117647 0.42352941 0.64313725
v -18.49612941 -30.93251170 -104.90552888 0.54117647 0.42352941 0.64313725
v -19.57674031 -30.36648510 -104.16606986 0.54117647 0.42352941 0.64313725
v -26.17123105 -23.97039995 -107.45065293 0.54117647 0.42352941 0.64313725
v -27.88912724 -21.23932949 -104.92273220 0.54117647 0.42352941 0.64313725
v -28.53333609 -20.15680514 -104.92273220 0.54117647 0.42352941 0.64313725
v -29.52389393 -18.38090095 -104.92273220 0.54117647 0.42352941 0.64313725
v -30.18888476 -17.05074197 -104.92273220 0.54117647 0.42352941 0.64313725
v -28.96280651 -18.47288035 -107.17550299 0.54117647 0.42352941 0.64313725
v -21.86264587 -28.33587119 -104.44121981 0.54117647 0.42352941 0.64313725
v -24.00308408 -26.18497428 -103.28903588 0.54117647 0.42352941 0.64313725
v -16.61199035 -29.89951299 61.64502814 0.54117647 0.42352941 0.64313725
v -18.37837082 -28.87359420 59.49542568 0.54117647 0.42352941 0.64313725
v -19.57674031 -30.36648510 -103.59857956 0.54117647 0.42352941 0.64313725
v -11.88778429 -31.96550719 66.78684752 0.54117647 0.42352941 0.64313725
v -13.25240068 -31.40655729 66.78684752 0.54117647 0.42352941 0.64313725
v -14.05593206 -31.09524362 65.97860101 0.54117647 0.42352941 0.64313725
v -14.92873131 -30.66364858 66.78684752 0.54117647 0.42352941 0.64313725
v -15.42054765 -30.43016253 66.78684752 0.54117647 0.42352941 0.64313725
v -16.57735480 -29.87828933 63.81182103 0.54117647 0.42352941 0.64313725
v -32.73801303 -5.39769837 -106.43604398 0.54117647 0.42352941 0.64313725
v -32.86269841 -3.23265210 -106.50483146 0.54117647 0.42352941 0.64313725
v -32.91118752 3.24833655 -106.60801269 0.54117647 0.42352941 0.64313725
v -30.43825551 -15.58615144 -106.26407526 0.54117647 0.42352941 0.64313725
v -32.48171710 -8.80800012 -106.07490323 0.54117647 0.42352941 0.64313725
v -32.59254568 -7.56274546 -106.22968152 0.54117647 0.42352941 0.64313725
v -31.35954226 3.24833655 -107.22708716 0.54117647 0.42352941 0.64313725
v -29.08056671 12.07832948 -107.65701539 0.54117647 0.42352941 0.64313725
v -27.03710351 16.23153913 -107.22708716 0.54117647 0.42352941 0.64313725
v -24.86895815 18.39658621 -107.46784336 0.54117647 0.42352941 0.64313725
v -20.54651779 22.72667877 -107.39905587 0.54117647 0.42352941 0.64313725
v -9.72656491 29.21474170 -107.17550299 0.54117647 0.42352941 0.64313725
v -7.56534473 29.21474170 -107.19269342 0.54117647 0.42352941 0.64313725
v 11.90641567 29.21474170 -107.07232177 0.54117647 0.42352941 0.64313725
v 31.37817767 11.90852247 -107.17550299 0.54117647 0.42352941 0.64313725
v 18.56325071 27.24072852 -106.76277808 0.54117647 0.42352941 0.64313725
v 20.55822318 26.64640477 -106.60801269 0.54117647 0.42352941 0.64313725
v 22.67788104 24.86342387 -106.57361895 0.54117647 0.42352941 0.64313725
v 31.48208108 14.12309599 -106.72838434 0.54117647 0.42352941 0.64313725
v 33.06835866 11.90852247 -106.69399060 0.54117647 0.42352941 0.64313725
v 33.67101002 9.76470146 -106.79717183 0.54117647 0.42352941 0.64313725
v 34.97328452 7.57842911 -106.53922520 0.54117647 0.42352941 0.64313725
v 35.19494813 5.41338283 -106.74558766 0.54117647 0.42352941 0.64313725
v 35.20187331 3.24833655 -106.52202189 0.54117647 0.42352941 0.64313725
v 36.15086720 3.24833655 -104.92273220 0.54117647 0.42352941 0.64313725
v 32.47956409 -19.50587745 -103.94251699 0.54117647 0.42352941 0.64313725
v 31.83535524 -20.35491413 -104.76795391 0.54117647 0.42352941 0.64313725
v 30.73396882 -22.25817480 -104.92273220 0.54117647 0.42352941 0.64313725
v 29.95814296 -23.28409519 -102.77312974 0.54117647 0.42352941 0.64313725
v 27.45057541 -20.72990684 65.97860101 0.54117647 0.42352941 0.64313725
v 26.39767327 -22.12374324 63.81182103 0.54117647 0.42352941 0.64313725
v 25.91971051 -23.72984042 31.36154093 0.54117647 0.42352941 0.64313725
v 24.83910122 -24.83358843 31.36154093 0.54117647 0.42352941 0.64313725
v 23.67536728 -25.83120846 37.84471627 0.54117647 0.42352941 0.64313725
v 23.79312587 -25.94441314 29.76224480 0.54117647 0.42352941 0.64313725
v 23.64073173 -27.97502705 -55.17251889 0.54117647 0.42352941 0.64313725
v 22.56012245 -28.83114043 -55.17251889 0.54117647 0.42352941 0.64313725
v 22.58090281 -28.85944402 -57.32211491 0.54117647 0.42352941 0.64313725
v 21.16086971 -29.94196676 -57.32211491 0.54117647 0.42352941 0.64313725
v 21.65268604 -30.28865749 -99.05863134 0.54117647 0.42352941 0.64313725
v 21.65268604 -30.28865749 -99.71211244 0.54117647 0.42352941 0.64313725
v 22.59475638 -26.76514946 37.84471627 0.54117647 0.42352941 0.64313725
v 21.32711741 -27.87597255 35.69512670 0.54117647 0.42352941 0.64313725
v 20.23958134 -28.64718485 35.69512670 0.54117647 0.42352941 0.64313725
v 19.39448924 -30.22498006 -14.07228025 0.54117647 0.42352941 0.64313725
v 18.70871644 -29.81461190 27.02796161 0.54117647 0.42352941 0.64313725
v 17.62810716 -30.45846289 27.02796161 0.54117647 0.42352941 0.64313725
v 17.58654483 -30.43723923 29.19475127 0.54117647 0.42352941 0.64313725
v 17.50342178 -30.38771198 33.52833382 0.54117647 0.42352941 0.64313725
v 16.22885603 -31.14477087 29.19475127 0.54117647 0.42352941 0.64313725
v 15.70933094 -30.57167079 65.97860101 0.54117647 0.42352941 0.64313725
v 14.06763585 -31.30042609 66.78684752 0.54117647 0.42352941 0.64313725
v 12.80692448 -31.79569856 66.78684752 0.54117647 0.42352941 0.64313725
v 12.02417426 -32.09993875 66.78684752 0.54117647 0.42352941 0.64313725
v 10.94356497 -32.48200332 66.78684752 0.54117647 0.42352941 0.64313725
v -24.23860287 -24.24633816 55.16185281 0.54117647 0.42352941 0.64313725
v -25.24994268 -23.05060914 66.78684752 0.54117647 0.42352941 0.64313725
v -26.24742731 -21.96808640 66.78684752 0.54117647 0.42352941 0.64313725
v -27.32803982 -20.58132510 66.78684752 0.54117647 0.42352941 0.64313725
v -28.14542316 -19.49880075 66.78684752 0.54117647 0.42352941 0.64313725
v -28.20776263 -19.58370506 50.82826381 0.54117647 0.42352941 0.64313725
v -28.96280651 -18.38090095 50.82826381 0.54117647 0.42352941 0.64313725
v -29.96722115 -16.71820304 48.66147737 0.54117647 0.42352941 0.64313725
v -30.54215892 -15.64275539 48.66147737 0.54117647 0.42352941 0.64313725
v -30.60450483 -15.96821924 -104.92273220 0.54117647 0.42352941 0.64313725
v -31.29027763 -14.05081000 46.51188136 0.54117647 0.42352941 0.64313725
v -32.10766097 -12.04141975 44.34508848 0.54117647 0.42352941 0.64313725
v -21.86264587 -28.33587119 -103.27183256 0.54117647 0.42352941 0.64313725
v -18.59310764 -28.69671210 61.86858102 0.54117647 0.42352941 0.64313725
v -19.52132440 -28.15898908 59.49542568 0.54117647 0.42352941 0.64313725
v -20.61578726 -27.35947642 57.32864569 0.54117647 0.42352941 0.64313725
v -22.01504000 -26.27695369 57.32864569 0.54117647 0.42352941 0.64313725
v -14.05593206 -31.07401674 66.78684752 0.54117647 0.42352941 0.64313725
v -16.50115854 -29.84291226 66.78684752 0.54117647 0.42352941 0.64313725
v -18.30217456 -28.76038953 66.78684752 0.54117647 0.42352941 0.64313725
v -33.20212222 -5.39769837 -104.92273220 0.54117647 0.42352941 0.64313725
v -33.37529671 -3.23265210 -104.92273220 0.54117647 0.42352941 0.64313725
v -32.70338071 5.41338283 -106.36725649 0.54117647 0.42352941 0.64313725
v -30.99241776 9.74347539 -106.79717183 0.54117647 0.42352941 0.64313725
v -33.39607868 3.24833655 -104.92273220 0.54117647 0.42352941 0.64313725
v -32.32239296 -10.25136457 -105.45582876 0.54117647 0.42352941 0.64313725
v -31.30412797 -14.05081000 -104.92273220 0.54117647 0.42352941 0.64313725
v -32.06609703 -11.73718118 -104.81955097 0.54117647 0.42352941 0.64313725
v -32.59947731 -9.60751116 -104.81955097 0.54117647 0.42352941 0.64313725
v -32.94582629 -7.56274546 -104.92273220 0.54117647 0.42352941 0.64313725
v -30.56986606 11.90852247 -106.45323440 0.54117647 0.42352941 0.64313725
v -29.19832692 13.90376173 -106.77998140 0.54117647 0.42352941 0.64313725
v -28.40171909 16.23153913 -106.38444692 0.54117647 0.42352941 0.64313725
v -26.90549296 18.19140213 -106.48762814 0.54117647 0.42352941 0.64313725
v -24.86895815 20.12296316 -106.65959686 0.54117647 0.42352941 0.64313725
v -18.48920262 25.02615580 -106.84876889 0.54117647 0.42352941 0.64313725
v -14.05593206 28.52843694 -106.47043772 0.54117647 0.42352941 0.64313725
v -11.75617132 29.27134565 -106.77998140 0.54117647 0.42352941 0.64313725
v -20.54651779 24.26909691 -106.52202189 0.54117647 0.42352941 0.64313725
v -17.84499377 26.32801441 -106.35005317 0.54117647 0.42352941 0.64313725
v -7.56534473 30.89866811 -106.67680018 0.54117647 0.42352941 0.64313725
v -5.39719776 31.16753123 -106.83156557 0.54117647 0.42352941 0.64313725
v -1.06783081 31.37979040 -106.96914054 0.54117647 0.42352941 0.64313725
v 5.41582914 31.37979040 -106.96914054 0.54117647 0.42352941 0.64313725
v 9.73826870 31.06847673 -106.79717183 0.54117647 0.42352941 0.64313725
v 16.22885603 28.80437354 -106.62520311 0.54117647 0.42352941 0.64313725
v 17.95367578 28.43645915 -106.35005317 0.54117647 0.42352941 0.64313725
v 21.92976555 26.19358285 -106.26407526 0.54117647 0.42352941 0.64313725
v 30.72011202 16.23153913 -106.40165023 0.54117647 0.42352941 0.64313725
v 24.20181754 24.12759187 -106.26407526 0.54117647 0.42352941 0.64313725
v 32.69430253 13.42971453 -106.31565943 0.54117647 0.42352941 0.64313725
v 34.75854609 9.05716982 -106.21247820 0.54117647 0.42352941 0.64313725
v 35.95691719 5.41338283 -104.92273220 0.54117647 0.42352941 0.64313725
v 36.22013829 3.24833655 -102.77312974 0.54117647 0.42352941 0.64313725
v 36.18550597 -3.23265210 -100.60633685 0.54117647 0.42352941 0.64313725
v 36.10238454 -5.39769837 -100.60633685 0.54117647 0.42352941 0.64313725
v 35.82530019 -7.56274546 -100.60633685 0.54117647 0.42352941 0.64313725
v 34.98713487 -9.72071584 -102.22284275 0.54117647 0.42352941 0.64313725
v 32.47956409 -19.50587745 -103.78773870 0.54117647 0.42352941 0.64313725
v 34.78625323 -11.39756554 -101.94769281 0.54117647 0.42352941 0.64313725
v 34.58537160 -12.84092999 -101.00187134 0.54117647 0.42352941 0.64313725
v 34.62693554 -12.97536075 -99.57453747 0.54117647 0.42352941 0.64313725
v 29.07148853 -18.38090095 66.78684752 0.54117647 0.42352941 0.64313725
v 28.25410518 -19.63323231 66.78684752 0.54117647 0.42352941 0.64313725
v 27.74150688 -20.31246197 66.78684752 0.54117647 0.42352941 0.64313725
v 27.43672183 -20.71575504 66.78684752 0.54117647 0.42352941 0.64313725
v 26.35611094 -22.06714090 66.78684752 0.54117647 0.42352941 0.64313725
v 25.43482096 -23.20626597 63.81182103 0.54117647 0.42352941 0.64313725
v 24.35421167 -24.33124086 63.81182103 0.54117647 0.42352941 0.64313725
v 24.73519620 -24.74868573 37.84471627 0.54117647 0.42352941 0.64313725
v 22.42158189 -26.65901987 46.51188136 0.54117647 0.42352941 0.64313725
v 23.14891540 -25.36423797 66.78684752 0.54117647 0.42352941 0.64313725
v 21.18857847 -27.77691806 44.34508848 0.54117647 0.42352941 0.64313725
v 20.10796918 -28.53398017 44.34508848 0.54117647 0.42352941 0.64313725
v 18.53554195 -29.72970759 35.69512670 0.54117647 0.42352941 0.64313725
v 16.76916148 -29.98441730 66.78684752 0.54117647 0.42352941 0.64313725
v 15.68855058 -30.55751738 66.78684752 0.54117647 0.42352941 0.64313725
v -23.10257607 -25.32886090 55.16185281 0.54117647 0.42352941 0.64313725
v -24.17625857 -24.16850894 65.97860101 0.54117647 0.42352941 0.64313725
v -24.57109828 -23.75106569 66.78684752 0.54117647 0.42352941 0.64313725
v -28.86582828 -18.38090095 66.78684752 0.54117647 0.42352941 0.64313725
v -28.87275345 -18.38090095 65.97860101 0.54117647 0.42352941 0.64313725
v -29.92565721 -16.65452400 65.97860101 0.54117647 0.42352941 0.64313725
v -30.51445177 -15.57200126 65.97860101 0.54117647 0.42352941 0.64313725
v -31.24178851 -14.05081000 65.97860101 0.54117647 0.42352941 0.64313725
v -32.47479193 -10.91644405 -104.01130447 0.54117647 0.42352941 0.64313725
v -32.08687900 -12.00604269 65.97860101 0.54117647 0.42352941 0.64313725
v -32.48864228 -10.92351995 65.97860101 0.54117647 0.42352941 0.64313725
v -32.49557390 -10.95889621 44.34508848 0.54117647 0.42352941 0.64313725
v -18.70393944 -28.50567659 66.78684752 0.54117647 0.42352941 0.64313725
v -19.49361565 -28.13776220 61.28388740 0.54117647 0.42352941 0.64313725
v -21.90420820 -26.17789919 66.78684752 0.54117647 0.42352941 0.64313725
v -20.60193369 -27.33825276 59.49542568 0.54117647 0.42352941 0.64313725
v -22.30597308 -25.83120846 66.78684752 0.54117647 0.42352941 0.64313725
v -22.98481748 -25.24395659 66.78684752 0.54117647 0.42352941 0.64313725
v -23.09564929 -25.30056054 57.32864569 0.54117647 0.42352941 0.64313725
v -34.24810080 -3.23265210 65.97860101 0.54117647 0.42352941 0.64313725
v -34.32429706 -2.43314145 66.78684752 0.54117647 0.42352941 0.64313725
v -34.44205726 -1.07468101 65.97860101 0.54117647 0.42352941 0.64313725
v -34.49747155 1.09036537 66.78684752 0.54117647 0.42352941 0.64313725
v -32.54405657 6.85674729 -106.16089404 0.54117647 0.42352941 0.64313725
v -32.99431541 5.41338283 -104.92273220 0.54117647 0.42352941 0.64313725
v -34.40049332 3.24833655 65.97860101 0.54117647 0.42352941 0.64313725
v -34.17190454 5.41338283 66.78684752 0.54117647 0.42352941 0.64313725
v -33.79091678 7.57842911 66.78684752 0.54117647 0.42352941 0.64313725
v -30.32742693 13.07594871 -106.10929697 0.54117647 0.42352941 0.64313725
v -28.13156637 17.33528875 -106.04052239 0.54117647 0.42352941 0.64313725
v -26.09503479 19.62769069 -106.22968152 0.54117647 0.42352941 0.64313725
v -15.26122673 28.20297310 -106.09210655 0.54117647 0.42352941 0.64313725
v -10.94571395 30.35386839 -106.10929697 0.54117647 0.42352941 0.64313725
v -9.72656491 30.55905408 -106.35005317 0.54117647 0.42352941 0.64313725
v -21.66176262 23.83750348 -106.05771281 0.54117647 0.42352941 0.64313725
v -2.41859322 32.49769020 -106.07490323 0.54117647 0.42352941 0.64313725
v -3.18056167 31.54959580 -106.76277808 0.54117647 0.42352941 0.64313725
v 1.08646219 32.58259129 -106.19528778 0.54117647 0.42352941 0.64313725
v 3.24768217 32.60381817 -106.22968152 0.54117647 0.42352941 0.64313725
v 7.43158278 31.52129543 -106.76277808 0.54117647 0.42352941 0.64313725
v 6.62112460 32.48353679 -106.05771281 0.54117647 0.42352941 0.64313725
v 11.90641567 30.76423655 -106.52202189 0.54117647 0.42352941 0.64313725
v 13.48576888 30.49537343 -106.26407526 0.54117647 0.42352941 0.64313725
v 19.39448924 28.08976842 -105.59340373 0.54117647 0.42352941 0.64313725
v 22.15835595 26.37754165 -104.92273220 0.54117647 0.42352941 0.64313725
v 23.23896684 25.47897611 -104.92273220 0.54117647 0.42352941 0.64313725
v 24.49967741 24.39645338 -104.92273220 0.54117647 0.42352941 0.64313725
v 30.33219909 17.34943893 -106.05771281 0.54117647 0.42352941 0.64313725
v 32.28561408 14.88722997 -104.92273220 0.54117647 0.42352941 0.64313725
v 32.88133381 13.80470724 -104.92273220 0.54117647 0.42352941 0.64313725
v 33.80954574 11.90852247 -104.92273220 0.54117647 0.42352941 0.64313725
v 34.46761139 10.47930820 -104.92273220 0.54117647 0.42352941 0.64313725
v 34.90401344 9.39678546 -104.92273220 0.54117647 0.42352941 0.64313725
v 35.47895120 7.57842911 -104.92273220 0.54117647 0.42352941 0.64313725
v 33.85803486 7.57842911 63.81182103 0.54117647 0.42352941 0.64313725
v 34.28058655 5.41338283 61.64502814 0.54117647 0.42352941 0.64313725
v 34.58537160 3.87096429 52.99505670 0.54117647 0.42352941 0.64313725
v 36.26170223 -1.07468101 -94.10597110 0.54117647 0.42352941 0.64313725
v 36.26170223 -1.07468101 -96.27276398 0.54117647 0.42352941 0.64313725
v 36.26862741 -3.23265210 -96.27276398 0.54117647 0.42352941 0.64313725
v 36.24092026 -3.23265210 -98.43955687 0.54117647 0.42352941 0.64313725
v 34.69620018 2.89457073 50.82826381 0.54117647 0.42352941 0.64313725
v 34.80011003 1.09036537 50.82826381 0.54117647 0.42352941 0.64313725
v 36.10930971 -5.39769837 -98.43955687 0.54117647 0.42352941 0.64313725
v 35.83915699 -7.56274546 -98.43955687 0.54117647 0.42352941 0.64313725
v 35.43046209 -9.72071584 -98.43955687 0.54117647 0.42352941 0.64313725
v 35.40968012 -9.72071584 -100.60633685 0.54117647 0.42352941 0.64313725
v 34.62693554 -12.97536075 -99.48854667 0.54117647 0.42352941 0.64313725
v 32.83284470 -11.80793370 44.34508848 0.54117647 0.42352941 0.64313725
v 32.44493177 -12.93998449 42.17830204 0.54117647 0.42352941 0.64313725
v 32.42414980 -12.89045724 44.34508848 0.54117647 0.42352941 0.64313725
v 31.95311544 -14.05081000 42.17830204 0.54117647 0.42352941 0.64313725
v 30.60235182 -15.72765809 66.78684752 0.54117647 0.42352941 0.64313725
v 30.24215248 -16.41396446 66.78684752 0.54117647 0.42352941 0.64313725
v 30.02741405 -16.81018244 66.78684752 0.54117647 0.42352941 0.64313725
v 34.84166752 -12.02726877 -100.41717772 0.54117647 0.42352941 0.64313725
v 25.73960923 -22.75344566 66.78684752 0.54117647 0.42352941 0.64313725
v 25.37940506 -23.14966363 66.78684752 0.54117647 0.42352941 0.64313725
v 24.29879577 -24.28171362 66.78684752 0.54117647 0.42352941 0.64313725
v 22.74715051 -25.71800379 66.78684752 0.54117647 0.42352941 0.64313725
v 22.06830611 -26.30525405 66.78684752 0.54117647 0.42352941 0.64313725
v 21.19550525 -26.99156042 66.78684752 0.54117647 0.42352941 0.64313725
v 20.68983535 -27.38778001 66.78684752 0.54117647 0.42352941 0.64313725
v 19.60922606 -28.20851633 66.78684752 0.54117647 0.42352941 0.64313725
v 18.39700300 -28.99387558 66.78684752 0.54117647 0.42352941 0.64313725
v 17.38566319 -29.60942621 66.78684752 0.54117647 0.42352941 0.64313725
v -24.16933178 -24.16143385 66.78684752 0.54117647 0.42352941 0.64313725
v -29.91873203 -16.64744891 66.78684752 0.54117647 0.42352941 0.64313725
v -30.29278816 -15.96821924 66.78684752 0.54117647 0.42352941 0.64313725
v -30.50752660 -15.56492617 66.78684752 0.54117647 0.42352941 0.64313725
v -30.77075415 -15.01305136 66.78684752 0.54117647 0.42352941 0.64313725
v -31.22793171 -14.05081000 66.78684752 0.54117647 0.42352941 0.64313725
v -31.54657355 -13.28667441 66.78684752 0.54117647 0.42352941 0.64313725
v -32.07995383 -11.99896760 66.78684752 0.54117647 0.42352941 0.64313725
v -32.86963003 -9.72071584 65.97860101 0.54117647 0.42352941 0.64313725
v -32.86269841 -9.72071584 44.34508848 0.54117647 0.42352941 0.64313725
v -33.46534977 -7.56274546 65.97860101 0.54117647 0.42352941 0.64313725
v -33.92252733 -5.39769837 65.97860101 0.54117647 0.42352941 0.64313725
v -32.48171710 -10.91644405 66.78684752 0.54117647 0.42352941 0.64313725
v -32.62718445 -10.47777473 66.78684752 0.54117647 0.42352941 0.64313725
v -32.86963003 -9.72071584 66.78684752 0.54117647 0.42352941 0.64313725
v -19.38278384 -28.05993459 66.78684752 0.54117647 0.42352941 0.64313725
v -20.11011736 -27.52928182 66.78684752 0.54117647 0.42352941 0.64313725
v -20.54651779 -27.20381798 66.78684752 0.54117647 0.42352941 0.64313725
v -34.24810080 -3.23265210 66.78684752 0.54117647 0.42352941 0.64313725
v -34.44205726 -1.07468101 66.78684752 0.54117647 0.42352941 0.64313725
v -34.46283278 -0.27517037 66.78684752 0.54117647 0.42352941 0.64313725
v -34.46283278 1.88987601 66.78684752 0.54117647 0.42352941 0.64313725
v -32.58562051 6.97702786 -104.92273220 0.54117647 0.42352941 0.64313725
v -32.24619670 8.05955059 -104.92273220 0.54117647 0.42352941 0.64313725
v -33.59696032 8.37794016 66.78684752 0.54117647 0.42352941 0.64313725
v -33.26446813 9.74347539 66.78684752 0.54117647 0.42352941 0.64313725
v -34.40049332 3.24833655 66.78684752 0.54117647 0.42352941 0.64313725
v -34.31736544 4.05492229 66.78684752 0.54117647 0.42352941 0.64313725
v -31.63662661 9.74347539 -104.92273220 0.54117647 0.42352941 0.64313725
v -32.32239296 12.65850546 66.78684752 0.54117647 0.42352941 0.64313725
v -31.74745519 14.06649366 66.78684752 0.54117647 0.42352941 0.64313725
v -30.78460450 16.11833445 66.78684752 0.54117647 0.42352941 0.64313725
v -26.12274193 19.67014284 -104.92273220 0.54117647 0.42352941 0.64313725
v -30.21659190 17.20085719 66.78684752 0.54117647 0.42352941 0.64313725
v -29.51003714 18.39658621 66.78684752 0.54117647 0.42352941 0.64313725
v -28.49177215 20.00975848 66.78684752 0.54117647 0.42352941 0.64313725
v -27.69517077 21.08520613 65.97860101 0.54117647 0.42352941 0.64313725
v -26.61455826 22.42244019 65.97860101 0.54117647 0.42352941 0.64313725
v -25.67941633 23.50496293 65.97860101 0.54117647 0.42352941 0.64313725
v -21.73796049 23.90825600 -104.92273220 0.54117647 0.42352941 0.64313725
v -18.21904990 26.59687753 -104.92273220 0.54117647 0.42352941 0.64313725
v -16.54964605 27.67940026 -104.92273220 0.54117647 0.42352941 0.64313725
v -15.46903676 28.32325448 -104.92273220 0.54117647 0.42352941 0.64313725
v -14.05593206 29.08031336 -104.92273220 0.54117647 0.42352941 0.64313725
v -3.86633366 32.39155900 -105.40423170 0.54117647 0.42352941 0.64313725
v -12.24106087 29.97180059 -104.92273220 0.54117647 0.42352941 0.64313725
v -11.15352399 30.43877270 -104.92273220 0.54117647 0.42352941 0.64313725
v -9.72656491 30.95526883 -104.92273220 0.54117647 0.42352941 0.64313725
v -7.56534473 31.62742663 -104.92273220 0.54117647 0.42352941 0.64313725
v -20.54651779 24.86342387 -104.92273220 0.54117647 0.42352941 0.64313725
v -19.29966080 25.84689212 -104.92273220 0.54117647 0.42352941 0.64313725
v -1.06783081 32.54014074 -106.12650029 0.54117647 0.42352941 0.64313725
v -3.18056167 32.56136763 -104.78515723 0.54117647 0.42352941 0.64313725
v -1.06783081 32.78070028 -104.92273220 0.54117647 0.42352941 0.64313725
v 1.08646219 32.90098165 -104.92273220 0.54117647 0.42352941 0.64313725
v 5.41582914 32.54721744 -106.14369072 0.54117647 0.42352941 0.64313725
v 3.24768217 32.90805836 -104.92273220 0.54117647 0.42352941 0.64313725
v 5.41582914 32.74532643 -104.92273220 0.54117647 0.42352941 0.64313725
v 6.84971500 32.53306404 -104.92273220 0.54117647 0.42352941 0.64313725
v 7.93032509 32.31373139 -104.92273220 0.54117647 0.42352941 0.64313725
v 9.73826870 31.87506287 -104.92273220 0.54117647 0.42352941 0.64313725
v 11.90641567 31.26658572 -104.92273220 0.54117647 0.42352941 0.64313725
v 13.90138814 30.62273151 -104.92273220 0.54117647 0.42352941 0.64313725
v 14.98199743 30.19821317 -104.92273220 0.54117647 0.42352941 0.64313725
v 16.22885603 29.62510986 -104.92273220 0.54117647 0.42352941 0.64313725
v 18.56325071 28.54966383 -104.90552888 0.54117647 0.42352941 0.64313725
v 19.52610140 28.16051933 -104.14887944 0.54117647 0.42352941 0.64313725
v 20.37119351 27.57326906 -104.90552888 0.54117647 0.42352941 0.64313725
v 19.96942862 28.49305988 66.78684752 0.54117647 0.42352941 0.64313725
v 21.05003790 27.67940026 66.78684752 0.54117647 0.42352941 0.64313725
v 22.37309277 26.59687753 65.97860101 0.54117647 0.42352941 0.64313725
v 25.58028831 23.17949908 -104.92273220 0.54117647 0.42352941 0.64313725
v 23.45370367 25.64170804 65.97860101 0.54117647 0.42352941 0.64313725
v 24.55509331 24.55918530 65.97860101 0.54117647 0.42352941 0.64313725
v 25.63570421 23.43421041 65.97860101 0.54117647 0.42352941 0.64313725
v 30.49844841 17.54047283 -104.92273220 0.54117647 0.42352941 0.64313725
v 31.40588482 16.23153913 -104.92273220 0.54117647 0.42352941 0.64313725
v 30.52615556 17.58292498 -103.13427048 0.54117647 0.42352941 0.64313725
v 28.44113647 19.91777908 63.81182103 0.54117647 0.42352941 0.64313725
v 29.41783751 18.39658621 63.81182103 0.54117647 0.42352941 0.64313725
v 30.20058854 17.13717976 61.64502814 0.54117647 0.42352941 0.64313725
v 30.76860114 16.06173211 61.64502814 0.54117647 0.42352941 0.64313725
v 31.73145183 14.06649366 59.49542568 0.54117647 0.42352941 0.64313725
v 32.34102837 12.68680744 57.32864569 0.54117647 0.42352941 0.64313725
v 32.33410319 12.66558055 59.49542568 0.54117647 0.42352941 0.64313725
v 32.74971682 11.60428390 57.32864569 0.54117647 0.42352941 0.64313725
v 32.72200967 11.53353057 63.81182103 0.54117647 0.42352941 0.64313725
v 33.31080424 9.74347539 63.81182103 0.54117647 0.42352941 0.64313725
v 33.29002226 9.74347539 65.97860101 0.54117647 0.42352941 0.64313725
v 33.83032771 7.57842911 65.97860101 0.54117647 0.42352941 0.64313725
v 33.96886989 6.77891887 66.78684752 0.54117647 0.42352941 0.64313725
v 34.21131547 5.41338283 66.78684752 0.54117647 0.42352941 0.64313725
v 34.31521887 4.61387219 66.78684752 0.54117647 0.42352941 0.64313725
v 34.48839336 3.24833655 66.78684752 0.54117647 0.42352941 0.64313725
v 36.24784544 -3.23265210 -94.10597110 0.54117647 0.42352941 0.64313725
v 34.82088555 -1.07468101 48.66147737 0.54117647 0.42352941 0.64313725
v 36.10238454 -5.39769837 -96.27276398 0.54117647 0.42352941 0.64313725
v 34.63386071 2.32147025 59.49542568 0.54117647 0.42352941 0.64313725
v 34.62693554 2.20826517 60.71639709 0.54117647 0.42352941 0.64313725
v 34.59922194 1.04083812 66.78684752 0.54117647 0.42352941 0.64313725
v 34.62693554 0.25547826 65.42831403 0.54117647 0.42352941 0.64313725
v 34.62693554 -0.08413687 65.42831403 0.54117647 0.42352941 0.64313725
v 34.60615357 -4.14536782 48.66147737 0.54117647 0.42352941 0.64313725
v 34.43990425 -5.39769837 46.51188136 0.54117647 0.42352941 0.64313725
v 34.05892294 -7.56274546 44.34508848 0.54117647 0.42352941 0.64313725
v 34.03120935 -7.56274546 46.51188136 0.54117647 0.42352941 0.64313725
v 33.51861750 -9.72071584 44.34508848 0.54117647 0.42352941 0.64313725
v 33.39393212 -9.72071584 50.82826381 0.54117647 0.42352941 0.64313725
v 32.58347395 -11.14285421 66.78684752 0.54117647 0.42352941 0.64313725
v 32.32717157 -11.82208469 66.78684752 0.54117647 0.42352941 0.64313725
v 32.16785387 -12.22537775 66.78684752 0.54117647 0.42352941 0.64313725
v 31.88384435 -12.90460742 66.78684752 0.54117647 0.42352941 0.64313725
v 31.39895964 -14.05081000 66.78684752 0.54117647 0.42352941 0.64313725
v 31.10802495 -14.66636063 66.78684752 0.54117647 0.42352941 0.64313725
v -33.09129364 -8.92120560 66.78684752 0.54117647 0.42352941 0.64313725
v -33.46534977 -7.56274546 66.78684752 0.54117647 0.42352941 0.64313725
v -33.92252733 -5.39769837 66.78684752 0.54117647 0.42352941 0.64313725
v -33.25753651 9.74347539 65.97860101 0.54117647 0.42352941 0.64313725
v -33.05665487 10.43685685 66.78684752 0.54117647 0.42352941 0.64313725
v -32.70338071 11.57598273 66.78684752 0.54117647 0.42352941 0.64313725
v -24.59880543 24.62993943 65.97860101 0.54117647 0.42352941 0.64313725
v -24.57802507 24.60871255 63.81182103 0.54117647 0.42352941 0.64313725
v -23.46278024 25.67001001 61.64502814 0.54117647 0.42352941 0.64313725
v -27.99303064 20.68898815 66.78684752 0.54117647 0.42352941 0.64313725
v -27.69517077 21.09228122 66.78684752 0.54117647 0.42352941 0.64313725
v -27.30033267 21.58755369 66.78684752 0.54117647 0.42352941 0.64313725
v -26.61455826 22.42951528 66.78684752 0.54117647 0.42352941 0.64313725
v -25.68634311 23.51203963 66.78684752 0.54117647 0.42352941 0.64313725
v -22.37524256 26.61102771 61.64502814 0.54117647 0.42352941 0.64313725
v -21.06604288 27.69355044 61.64502814 0.54117647 0.42352941 0.64313725
v -19.93001608 28.47890970 57.32864569 0.54117647 0.42352941 0.64313725
v -18.37837082 29.52605537 57.32864569 0.54117647 0.42352941 0.64313725
v -18.05973059 29.90812316 66.78684752 0.54117647 0.42352941 0.64313725
v -17.37395779 30.34679168 66.78684752 0.54117647 0.42352941 0.64313725
v -16.14788116 30.84206416 57.32864569 0.54117647 0.42352941 0.64313725
v -5.21709608 32.20760019 -104.78515723 0.54117647 0.42352941 0.64313725
v -4.37200357 32.46938661 -103.95970741 0.54117647 0.42352941 0.64313725
v -14.05593206 31.82553562 55.16185281 0.54117647 0.42352941 0.64313725
v -12.71902363 32.36325864 52.99505670 0.54117647 0.42352941 0.64313725
v -11.63841273 32.76655009 52.99505670 0.54117647 0.42352941 0.64313725
v -9.72656491 33.36795376 50.82826381 0.54117647 0.42352941 0.64313725
v -7.56534473 33.92690366 48.66147737 0.54117647 0.42352941 0.64313725
v -19.95772483 28.50013658 59.49542568 0.54117647 0.42352941 0.64313725
v -2.68874574 34.67688585 46.51188136 0.54117647 0.42352941 0.64313725
v -1.06783081 34.72641310 44.34508848 0.54117647 0.42352941 0.64313725
v 1.08646219 34.69811273 42.17830204 0.54117647 0.42352941 0.64313725
v 2.31253882 34.63443531 40.57899946 0.54117647 0.42352941 0.64313725
v 2.43029761 34.64858549 42.17830204 0.54117647 0.42352941 0.64313725
v 3.51090770 34.54953099 42.17830204 0.54117647 0.42352941 0.64313725
v 4.43219687 34.64150878 61.64502814 0.54117647 0.42352941 0.64313725
v 5.41582914 34.28774458 42.17830204 0.54117647 0.42352941 0.64313725
v 7.57704851 33.81369899 37.84471627 0.54117647 0.42352941 0.64313725
v 9.73826870 33.24059568 37.84471627 0.54117647 0.42352941 0.64313725
v 9.73826870 33.50238532 65.97860101 0.54117647 0.42352941 0.64313725
v 9.73826870 33.50945880 66.78684752 0.54117647 0.42352941 0.64313725
v 11.76787591 32.82315404 65.97860101 0.54117647 0.42352941 0.64313725
v 12.84848600 32.40570918 65.97860101 0.54117647 0.42352941 0.64313725
v 14.06763585 31.86798617 66.78684752 0.54117647 0.42352941 0.64313725
v 16.15958656 30.83499068 66.78684752 0.54117647 0.42352941 0.64313725
v 16.56135144 30.62980499 66.78684752 0.54117647 0.42352941 0.64313725
v 17.24019584 30.25481389 66.78684752 0.54117647 0.42352941 0.64313725
v 17.98138293 29.79491849 66.78684752 0.54117647 0.42352941 0.64313725
v 18.39700300 29.53313207 66.78684752 0.54117647 0.42352941 0.64313725
v 21.88820483 26.99309228 66.78684752 0.54117647 0.42352941 0.64313725
v 22.36616598 26.59687753 66.78684752 0.54117647 0.42352941 0.64313725
v 23.44677688 25.63463294 66.78684752 0.54117647 0.42352941 0.64313725
v 24.14640164 24.95540328 66.78684752 0.54117647 0.42352941 0.64313725
v 24.54816652 24.55211021 66.78684752 0.54117647 0.42352941 0.64313725
v 25.62877742 23.42713532 66.78684752 0.54117647 0.42352941 0.64313725
v 26.20371680 22.74790565 66.78684752 0.54117647 0.42352941 0.64313725
v 26.55006579 22.35168767 65.97860101 0.54117647 0.42352941 0.64313725
v 26.56392097 22.35876276 63.81182103 0.54117647 0.42352941 0.64313725
v 27.64452865 21.00030182 63.81182103 0.54117647 0.42352941 0.64313725
v 27.63760347 20.97907654 65.97860101 0.54117647 0.42352941 0.64313725
v 28.42727967 19.89655220 65.97860101 0.54117647 0.42352941 0.64313725
v 29.39013037 18.39658621 65.97860101 0.54117647 0.42352941 0.64313725
v 30.19366337 17.12302958 63.81182103 0.54117647 0.42352941 0.64313725
v 30.73396882 16.01220487 65.97860101 0.54117647 0.42352941 0.64313725
v 31.65525557 14.06649366 66.78684752 0.54117647 0.42352941 0.64313725
v 31.71066986 14.06649366 61.64502814 0.54117647 0.42352941 0.64313725
v 32.30638960 12.58775294 65.97860101 0.54117647 0.42352941 0.64313725
v 32.70815932 11.50522940 65.97860101 0.54117647 0.42352941 0.64313725
v 32.70122770 11.48400332 66.78684752 0.54117647 0.42352941 0.64313725
v 33.26924674 9.74347539 66.78684752 0.54117647 0.42352941 0.64313725
v 33.81647736 7.57842911 66.78684752 0.54117647 0.42352941 0.64313725
v 34.70313180 -3.06284448 48.66147737 0.54117647 0.42352941 0.64313725
v 34.79317841 -1.07468101 50.82826381 0.54117647 0.42352941 0.64313725
v 34.58537160 0.31208080 66.78684752 0.54117647 0.42352941 0.64313725
v 34.55766445 -0.96855122 66.78684752 0.54117647 0.42352941 0.64313725
v 34.63386071 -2.29871050 57.32864569 0.54117647 0.42352941 0.64313725
v 34.39834031 -3.23265210 65.97860101 0.54117647 0.42352941 0.64313725
v 34.38448996 -3.23265210 66.78684752 0.54117647 0.42352941 0.64313725
v 34.28058655 -4.03216274 66.78684752 0.54117647 0.42352941 0.64313725
v 34.09355526 -5.39769837 66.78684752 0.54117647 0.42352941 0.64313725
v 34.33600084 -5.39769837 52.99505670 0.54117647 0.42352941 0.64313725
v 33.91345560 -7.56274546 52.99505670 0.54117647 0.42352941 0.64313725
v 33.63637125 -7.56274546 66.78684752 0.54117647 0.42352941 0.64313725
v 33.04065151 -9.72071584 66.78684752 0.54117647 0.42352941 0.64313725
v 32.87440219 -10.24428948 66.78684752 0.54117647 0.42352941 0.64313725
v -24.60573222 24.62993943 66.78684752 0.54117647 0.42352941 0.64313725
v -23.91303424 25.31624419 66.78684752 0.54117647 0.42352941 0.64313725
v -23.51126936 25.71246217 66.78684752 0.54117647 0.42352941 0.64313725
v -23.48356060 25.69123528 63.81182103 0.54117647 0.42352941 0.64313725
v -22.42373167 26.64640477 65.97860101 0.54117647 0.42352941 0.64313725
v -21.12145878 27.73600099 66.78684752 0.54117647 0.42352941 0.64313725
v -20.03392110 28.55673731 65.97860101 0.54117647 0.42352941 0.64313725
v -18.46149548 29.64633674 66.78684752 0.54117647 0.42352941 0.64313725
v -16.65355107 30.73593618 66.78684752 0.54117647 0.42352941 0.64313725
v -16.21715063 30.96942224 66.78684752 0.54117647 0.42352941 0.64313725
v -5.39719776 34.33019512 46.51188136 0.54117647 0.42352941 0.64313725
v -3.76935584 34.57075788 46.51188136 0.54117647 0.42352941 0.64313725
v -13.93817186 32.05901845 66.78684752 0.54117647 0.42352941 0.64313725
v -13.84812203 32.08732204 65.99580433 0.54117647 0.42352941 0.64313725
v -12.98917474 32.46938661 66.71807293 0.54117647 0.42352941 0.64313725
v -12.01939726 32.82315404 66.78684752 0.54117647 0.42352941 0.64313725
v -9.72656491 33.57313623 66.78684752 0.54117647 0.42352941 0.64313725
v -8.36194772 33.92690366 66.78684752 0.54117647 0.42352941 0.64313725
v -7.56534473 34.13208613 66.78684752 0.54117647 0.42352941 0.64313725
v -5.39719776 34.35849548 48.66147737 0.54117647 0.42352941 0.64313725
v -3.23597758 34.81839089 66.78684752 0.54117647 0.42352941 0.64313725
v -1.87136119 34.90329520 66.78684752 0.54117647 0.42352941 0.64313725
v -1.06783081 34.95282245 66.78684752 0.54117647 0.42352941 0.64313725
v 0.28985864 34.95989915 66.78684752 0.54117647 0.42352941 0.64313725
v 1.08646219 34.93159879 63.81182103 0.54117647 0.42352941 0.64313725
v 1.08646219 34.95282245 65.97860101 0.54117647 0.42352941 0.64313725
v 2.45107857 34.87499484 66.78684752 0.54117647 0.42352941 0.64313725
v 3.24768217 34.79716723 63.81182103 0.54117647 0.42352941 0.64313725
v 3.24768217 34.81839089 66.78684752 0.54117647 0.42352941 0.64313725
v 4.47375880 34.64858549 63.81182103 0.54117647 0.42352941 0.64313725
v 4.93786678 34.59198154 66.78684752 0.54117647 0.42352941 0.64313725
v 5.61671158 34.47877686 66.78684752 0.54117647 0.42352941 0.64313725
v 5.55436889 34.46462668 63.81182103 0.54117647 0.42352941 0.64313725
v 6.87742376 34.22406715 66.78684752 0.54117647 0.42352941 0.64313725
v 7.57704851 34.05425852 63.81182103 0.54117647 0.42352941 0.64313725
v 8.94166571 33.72171797 66.78684752 0.54117647 0.42352941 0.64313725
v 11.76787591 32.82315404 66.78684752 0.54117647 0.42352941 0.64313725
v 12.84848600 32.40570918 66.78684752 0.54117647 0.42352941 0.64313725
v 26.54313900 22.34461258 66.78684752 0.54117647 0.42352941 0.64313725
v 27.62374990 20.96492475 66.78684752 0.54117647 0.42352941 0.64313725
v 28.41342288 19.88240202 66.78684752 0.54117647 0.42352941 0.64313725
v 28.75977831 19.34467900 66.78684752 0.54117647 0.42352941 0.64313725
v 29.36934840 18.39658621 66.78684752 0.54117647 0.42352941 0.64313725
v 29.67413989 17.90131374 66.78684752 0.54117647 0.42352941 0.64313725
v 30.17288140 17.09472760 65.97860101 0.54117647 0.42352941 0.64313725
v 30.51923038 16.40134775 66.78684752 0.54117647 0.42352941 0.64313725
v 30.72703719 15.99805469 66.78684752 0.54117647 0.42352941 0.64313725
v 32.29946442 12.56652606 66.78684752 0.54117647 0.42352941 0.64313725
v 32.55576680 11.88729639 66.78684752 0.54117647 0.42352941 0.64313725
v 34.50225016 -1.69730864 66.78684752 0.54117647 0.42352941 0.64313725
v 33.92730594 -6.19720902 66.78684752 0.54117647 0.42352941 0.64313725
v -22.43065846 26.65347825 66.78684752 0.54117647 0.42352941 0.64313725
v -20.04084788 28.56381401 66.78684752 0.54117647 0.42352941 0.64313725
v -4.60752115 34.66980915 66.78684752 0.54117647 0.42352941 0.64313725
v -3.76935584 34.76179016 66.78684752 0.54117647 0.42352941 0.64313725
v -12.98917474 32.46938661 66.78684752 0.54117647 0.42352941 0.64313725
v -5.68813125 34.50000375 66.78684752 0.54117647 0.42352941 0.64313725
v -5.28636596 34.56368117 66.78684752 0.54117647 0.42352941 0.64313725
v 1.08646219 34.95989915 66.78684752 0.54117647 0.42352941 0.64313725
v 4.03735837 34.71933639 66.78684752 0.54117647 0.42352941 0.64313725
v 4.53610149 34.65565897 66.78684752 0.54117647 0.42352941 0.64313725
v 7.57704851 34.07548541 66.78684752 0.54117647 0.42352941 0.64313725
v 30.16595622 17.08057742 66.78684752 0.54117647 0.42352941 0.64313725
f 827 828 829
f 827 829 830
f 827 830 831
f 827 831 832
f 827 832 833
f 827 833 828
f 828 834 835
f 828 835 829
f 828 833 834
f 829 835 836
f 829 836 837
f 829 837 838
f 829 838 839
f 829 839 830
f 830 839 840
f 830 840 841
f 830 841 842
f 830 842 831
f 831 842 832
f 832 842 857
f 832 857 894
f 832 894 934
f 832 934 933
f 832 933 1009
f 832 1009 1008
f 832 1008 1007
f 832 1007 1006
f 832 1006 1086
f 832 1086 1085
f 832 1085 1172
f 832 1172 1171
f 832 1171 1170
f 832 1170 1169
f 832 1169 1168
f 832 1168 1167
f 832 1167 1166
f 832 1166 1081
f 832 1081 1165
f 832 1165 1164
f 832 1164 1163
f 832 1163 1076
f 832 1076 1075
f 832 1075 1074
f 832 1074 1073
f 832 1073 1072
f 832 1072 1161
f 832 1161 1160
f 832 1160 1159
f 832 1159 1286
f 832 1286 1285
f 832 1285 1284
f 832 1284 1283
f 832 1283 1282
f 832 1282 1281
f 832 1281 1371
f 832 1371 1370
f 832 1370 1369
f 832 1369 1422
f 832 1422 1366
f 832 1366 1365
f 832 1365 1364
f 832 1364 1421
f 832 1421 1361
f 832 1361 1360
f 832 1360 1272
f 832 1272 1266
f 832 1266 1265
f 832 1265 1264
f 832 1264 1263
f 832 1263 1357
f 832 1357 1356
f 832 1356 1355
f 832 1355 1420
f 832 1420 1419
f 832 1419 1351
f 832 1351 1418
f 832 1418 1417
f 832 1417 1434
f 832 1434 1415
f 832 1415 1414
f 832 1414 1413
f 832 1413 1412
f 832 1412 1411
f 832 1411 1410
f 832 1410 1342
f 832 1342 1341
f 832 1341 1340
f 832 1340 1339
f 832 1339 1338
f 832 1338 1337
f 832 1337 1336
f 832 1336 1242
f 832 1242 1241
f 832 1241 1335
f 832 1335 1334
f 832 1334 1333
f 832 1333 1332
f 832 1332 1331
f 832 1331 1330
f 832 1330 1409
f 832 1409 1408
f 832 1408 1327
f 832 1327 1407
f 832 1407 1433
f 832 1433 1405
f 832 1405 1403
f 832 1403 1402
f 832 1402 1432
f 832 1432 1431
f 832 1431 1400
f 832 1400 1398
f 832 1398 1430
f 832 1430 1395
f 832 1395 1394
f 832 1394 1393
f 832 1393 1392
f 832 1392 1426
f 832 1426 1425
f 832 1425 1429
f 832 1429 1428
f 832 1428 1390
f 832 1390 1389
f 832 1389 1388
f 832 1388 1387
f 832 1387 1427
f 832 1427 1384
f 832 1384 1381
f 832 1381 1380
f 832 1380 1306
f 832 1306 1305
f 832 1305 1379
f 832 1379 1424
f 832 1424 1377
f 832 1377 1423
f 832 1423 1374
f 832 1374 1373
f 832 1373 1372
f 832 1372 1300
f 832 1300 1299
f 832 1299 1298
f 832 1298 1297
f 832 1297 1296
f 832 1296 1208
f 832 1208 1207
f 832 1207 1206
f 832 1206 1204
f 832 1204 1203
f 832 1203 1202
f 832 1202 1292
f 832 1292 1291
f 832 1291 1198
f 832 1198 1197
f 832 1197 1114
f 832 1114 1113
f 832 1113 1200
f 832 1200 1199
f 832 1199 1194
f 832 1194 1109
f 832 1109 1193
f 832 1193 1192
f 832 1192 1107
f 832 1107 1191
f 832 1191 1289
f 832 1289 1288
f 832 1288 1287
f 832 1287 1187
f 832 1187 1186
f 832 1186 1185
f 832 1185 1180
f 832 1180 1179
f 832 1179 1178
f 832 1178 1177
f 832 1177 1176
f 832 1176 1175
f 832 1175 1174
f 832 1174 1090
f 832 1090 1014
f 832 1014 1013
f 832 1013 1012
f 832 1012 1011
f 832 1011 1089
f 832 1089 1173
f 832 1173 1104
f 832 1104 1103
f 832 1103 1101
f 832 1101 1190
f 832 1190 1189
f 832 1189 1188
f 832 1188 1099
f 832 1099 1029
f 832 1029 1028
f 832 1028 953
f 832 953 952
f 832 952 1027
f 832 1027 950
f 832 950 949
f 832 949 935
f 832 935 896
f 832 896 863
f 832 863 862
f 832 862 861
f 832 861 858
f 832 858 843
f 832 843 833
f 833 843 844
f 833 844 834
f 834 845 835
f 834 844 846
f 834 846 845
f 835 845 847
f 835 847 848
f 835 848 849
f 835 849 850
f 835 850 851
f 835 851 836
f 836 851 837
f 837 852 839
f 837 839 838
f 837 851 853
f 837 853 852
f 839 854 855
f 839 855 840
f 839 852 854
f 840 855 841
f 841 856 857
f 841 857 842
f 841 855 856
f 843 858 844
f 844 859 860
f 844 860 846
f 844 858 861
f 844 861 862
f 844 862 863
f 844 863 859
f 845 846 860
f 845 860 847
f 847 864 865
f 847 865 866
f 847 866 848
f 847 860 867
f 847 867 868
f 847 868 869
f 847 869 864
f 848 866 849
f 849 866 870
f 849 870 871
f 849 871 850
f 850 872 851
f 850 871 872
f 851 872 871
f 851 871 873
f 851 873 874
f 851 874 853
f 852 853 875
f 852 875 876
f 852 876 854
f 853 874 877
f 853 877 875
f 854 876 877
f 854 877 878
f 854 878 879
f 854 879 880
f 854 880 881
f 854 881 882
f 854 882 855
f 855 882 883
f 855 883 884
f 855 884 885
f 855 885 886
f 855 886 887
f 855 887 888
f 855 888 889
f 855 889 890
f 855 890 891
f 855 891 892
f 855 892 893
f 855 893 856
f 856 893 934
f 856 934 894
f 856 894 857
f 859 867 860
f 859 863 895
f 859 895 867
f 863 896 895
f 864 897 898
f 864 898 899
f 864 899 865
f 864 869 900
f 864 900 901
f 864 901 897
f 865 899 870
f 865 870 866
f 867 895 902
f 867 902 903
f 867 903 868
f 868 903 869
f 869 903 904
f 869 904 900
f 870 899 871
f 871 899 905
f 871 905 906
f 871 906 907
f 871 907 908
f 871 908 909
f 871 909 910
f 871 910 911
f 871 911 873
f 873 911 912
f 873 912 874
f 874 912 913
f 874 913 877
f 875 877 876
f 877 913 878
f 878 913 914
f 878 914 915
f 878 915 916
f 878 916 917
f 878 917 879
f 879 917 880
f 880 918 881
f 880 917 919
f 880 919 920
f 880 920 921
f 880 921 922
f 880 922 923
f 880 923 924
f 880 924 918
f 881 918 882
f 882 918 924
f 882 924 883
f 883 924 884
f 884 924 885
f 885 924 886
f 886 924 925
f 886 925 926
f 886 926 887
f 887 926 888
f 888 926 927
f 888 927 928
f 888 928 929
f 888 929 890
f 888 890 889
f 890 929 891
f 891 930 892
f 891 929 931
f 891 931 932
f 891 932 933
f 891 933 930
f 892 930 893
f 893 930 934
f 895 896 902
f 896 935 902
f 897 899 898
f 897 901 936
f 897 936 937
f 897 937 899
f 899 938 939
f 899 939 940
f 899 940 941
f 899 941 942
f 899 942 943
f 899 943 906
f 899 906 905
f 899 937 944
f 899 944 945
f 899 945 938
f 900 904 946
f 900 946 947
f 900 947 901
f 901 948 937
f 901 937 936
f 901 947 948
f 902 935 949
f 902 949 950
f 902 950 951
f 902 951 903
f 903 951 904
f 904 951 952
f 904 952 953
f 904 953 1028
f 904 1028 954
f 904 954 946
f 906 955 956
f 906 956 957
f 906 957 907
f 906 943 958
f 906 958 959
f 906 959 960
f 906 960 955
f 907 957 961
f 907 961 908
f 908 962 963
f 908 963 964
f 908 964 965
f 908 965 966
f 908 966 967
f 908 967 909
f 908 961 957
f 908 957 962
f 909 967 968
f 909 968 910
f 910 969 911
f 910 968 970
f 910 970 971
f 910 971 972
f 910 972 973
f 910 973 969
f 911 969 974
f 911 974 975
f 911 975 976
f 911 976 977
f 911 977 912
f 912 977 978
f 912 978 979
f 912 979 980
f 912 980 981
f 912 981 913
f 913 981 982
f 913 982 914
f 914 982 983
f 914 983 915
f 915 983 984
f 915 984 985
f 915 985 986
f 915 986 987
f 915 987 988
f 915 988 989
f 915 989 916
f 916 990 991
f 916 991 992
f 916 992 993
f 916 993 994
f 916 994 995
f 916 995 919
f 916 919 917
f 916 989 996
f 916 996 997
f 916 997 990
f 919 995 994
f 919 994 920
f 920 994 921
f 921 993 922
f 921 994 993
f 922 993 998
f 922 998 999
f 922 999 923
f 923 999 1000
f 923 1000 1001
f 923 1001 924
f 924 1001 1002
f 924 1002 925
f 925 1002 1003
f 925 1003 1004
f 925 1004 1005
f 925 1005 926
f 926 1005 927
f 927 1005 928
f 928 1005 1006
f 928 1006 929
f 929 1006 931
f 930 933 934
f 931 1006 1007
f 931 1007 1008
f 931 1008 1009
f 931 1009 932
f 932 1009 933
f 937 948 1022
f 937 1022 944
f 938 945 1010
f 938 1010 1011
f 938 1011 1012
f 938 1012 1013
f 938 1013 1014
f 938 1014 1015
f 938 1015 939
f 939 1015 1016
f 939 1016 1017
f 939 1017 940
f 940 1017 941
f 941 1017 1018
f 941 1018 942
f 942 1019 958
f 942 958 943
f 942 1018 1020
f 942 1020 1021
f 942 1021 1019
f 944 1022 945
f 945 1022 1010
f 946 954 947
f 947 954 1023
f 947 1023 1024
f 947 1024 948
f 948 1024 1025
f 948 1025 1026
f 948 1026 1022
f 950 1027 951
f 951 1027 952
f 954 1028 1029
f 954 1029 1023
f 955 960 1030
f 955 1030 1031
f 955 1031 956
f 956 1031 957
f 957 1032 1033
f 957 1033 962
f 957 1031 1034
f 957 1034 1032
f 958 1035 959
f 958 1019 1036
f 958 1036 1037
f 958 1037 1035
f 959 1035 1038
f 959 1038 1039
f 959 1039 960
f 960 1039 1030
f 962 1033 1040
f 962 1040 1041
f 962 1041 1042
f 962 1042 963
f 963 1042 1043
f 963 1043 964
f 964 1043 1044
f 964 1044 965
f 965 1045 1046
f 965 1046 1047
f 965 1047 966
f 965 1044 1048
f 965 1048 1049
f 965 1049 1045
f 966 1047 1050
f 966 1050 1051
f 966 1051 1052
f 966 1052 967
f 967 1052 1053
f 967 1053 968
f 968 1053 1054
f 968 1054 1055
f 968 1055 970
f 969 973 974
f 970 1055 971
f 971 1055 1056
f 971 1056 1057
f 971 1057 972
f 972 1058 973
f 972 1057 1059
f 972 1059 1058
f 973 1058 974
f 974 1058 1060
f 974 1060 1061
f 974 1061 976
f 974 976 975
f 976 1061 1062
f 976 1062 977
f 977 1062 979
f 977 979 978
f 979 1062 1063
f 979 1063 1064
f 979 1064 1065
f 979 1065 1066
f 979 1066 1067
f 979 1067 980
f 980 1068 982
f 980 982 981
f 980 1067 1069
f 980 1069 1070
f 980 1070 1071
f 980 1071 1154
f 980 1154 1068
f 982 1068 1072
f 982 1072 1073
f 982 1073 983
f 983 1073 984
f 984 1073 1074
f 984 1074 1075
f 984 1075 1076
f 984 1076 985
f 985 1076 1077
f 985 1077 986
f 986 1077 1078
f 986 1078 1079
f 986 1079 988
f 986 988 987
f 988 1080 996
f 988 996 989
f 988 1079 1078
f 988 1078 1081
f 988 1081 1080
f 990 997 991
f 991 993 992
f 991 997 993
f 993 997 998
f 996 1080 1082
f 996 1082 997
f 997 1082 998
f 998 1082 1083
f 998 1083 1084
f 998 1084 1000
f 998 1000 999
f 1000 1084 1002
f 1000 1002 1001
f 1002 1084 1003
f 1003 1084 1085
f 1003 1085 1005
f 1003 1005 1004
f 1005 1085 1086
f 1005 1086 1006
f 1010 1087 1088
f 1010 1088 1089
f 1010 1089 1011
f 1010 1022 1087
f 1014 1090 1091
f 1014 1091 1015
f 1015 1091 1016
f 1016 1091 1092
f 1016 1092 1017
f 1017 1092 1093
f 1017 1093 1018
f 1018 1093 1094
f 1018 1094 1020
f 1019 1095 1036
f 1019 1021 1095
f 1020 1094 1096
f 1020 1096 1021
f 1021 1096 1097
f 1021 1097 1098
f 1021 1098 1095
f 1022 1026 1087
f 1023 1029 1099
f 1023 1099 1100
f 1023 1100 1024
f 1024 1100 1101
f 1024 1101 1102
f 1024 1102 1025
f 1025 1102 1026
f 1026 1102 1101
f 1026 1101 1103
f 1026 1103 1104
f 1026 1104 1105
f 1026 1105 1087
f 1030 1039 1106
f 1030 1106 1107
f 1030 1107 1108
f 1030 1108 1031
f 1031 1108 1109
f 1031 1109 1034
f 1032 1034 1110
f 1032 1110 1033
f 1033 1110 1040
f 1034 1111 1110
f 1034 1109 1112
f 1034 1112 1113
f 1034 1113 1114
f 1034 1114 1111
f 1035 1037 1095
f 1035 1095 1038
f 1036 1095 1037
f 1038 1095 1039
f 1039 1095 1106
f 1040 1110 1115
f 1040 1115 1041
f 1041 1115 1042
f 1042 1115 1116
f 1042 1116 1043
f 1043 1116 1117
f 1043 1117 1044
f 1044 1117 1048
f 1045 1049 1046
f 1046 1049 1118
f 1046 1118 1119
f 1046 1119 1047
f 1047 1119 1120
f 1047 1120 1050
f 1048 1117 1121
f 1048 1121 1049
f 1049 1121 1118
f 1050 1120 1122
f 1050 1122 1051
f 1051 1123 1052
f 1051 1122 1123
f 1052 1123 1124
f 1052 1124 1125
f 1052 1125 1053
f 1053 1126 1054
f 1053 1125 1126
f 1054 1126 1127
f 1054 1127 1128
f 1054 1128 1055
f 1055 1128 1129
f 1055 1129 1056
f 1056 1129 1130
f 1056 1130 1057
f 1057 1130 1131
f 1057 1131 1132
f 1057 1132 1133
f 1057 1133 1059
f 1058 1059 1134
f 1058 1134 1060
f 1059 1133 1134
f 1060 1134 1135
f 1060 1135 1136
f 1060 1136 1137
f 1060 1137 1061
f 1061 1137 1138
f 1061 1138 1139
f 1061 1139 1140
f 1061 1140 1062
f 1062 1140 1141
f 1062 1141 1142
f 1062 1142 1143
f 1062 1143 1063
f 1063 1144 1145
f 1063 1145 1146
f 1063 1146 1147
f 1063 1147 1064
f 1063 1143 1148
f 1063 1148 1149
f 1063 1149 1144
f 1064 1147 1065
f 1065 1147 1146
f 1065 1146 1150
f 1065 1150 1151
f 1065 1151 1066
f 1066 1151 1152
f 1066 1152 1153
f 1066 1153 1069
f 1066 1069 1067
f 1068 1154 1155
f 1068 1155 1156
f 1068 1156 1157
f 1068 1157 1158
f 1068 1158 1159
f 1068 1159 1160
f 1068 1160 1161
f 1068 1161 1072
f 1069 1153 1070
f 1070 1153 1162
f 1070 1162 1071
f 1071 1162 1153
f 1071 1153 1152
f 1071 1152 1154
f 1076 1163 1077
f 1077 1163 1164
f 1077 1164 1165
f 1077 1165 1078
f 1078 1165 1081
f 1080 1081 1166
f 1080 1166 1167
f 1080 1167 1082
f 1082 1167 1168
f 1082 1168 1169
f 1082 1169 1170
f 1082 1170 1083
f 1083 1170 1171
f 1083 1171 1084
f 1084 1171 1172
f 1084 1172 1085
f 1087 1105 1088
f 1088 1173 1089
f 1088 1105 1173
f 1090 1174 1092
f 1090 1092 1091
f 1092 1174 1175
f 1092 1175 1093
f 1093 1175 1176
f 1093 1176 1094
f 1094 1176 1177
f 1094 1177 1178
f 1094 1178 1179
f 1094 1179 1180
f 1094 1180 1096
f 1095 1098 1181
f 1095 1181 1182
f 1095 1182 1183
f 1095 1183 1184
f 1095 1184 1106
f 1096 1180 1185
f 1096 1185 1097
f 1097 1185 1186
f 1097 1186 1187
f 1097 1187 1098
f 1098 1187 1181
f 1099 1188 1100
f 1100 1188 1189
f 1100 1189 1190
f 1100 1190 1101
f 1104 1173 1105
f 1106 1184 1289
f 1106 1289 1191
f 1106 1191 1107
f 1107 1192 1108
f 1108 1192 1193
f 1108 1193 1109
f 1109 1194 1112
f 1110 1111 1195
f 1110 1195 1196
f 1110 1196 1115
f 1111 1114 1197
f 1111 1197 1198
f 1111 1198 1195
f 1112 1194 1199
f 1112 1199 1200
f 1112 1200 1113
f 1115 1196 1201
f 1115 1201 1202
f 1115 1202 1203
f 1115 1203 1204
f 1115 1204 1116
f 1116 1205 1117
f 1116 1204 1206
f 1116 1206 1207
f 1116 1207 1208
f 1116 1208 1209
f 1116 1209 1210
f 1116 1210 1211
f 1116 1211 1205
f 1117 1205 1212
f 1117 1212 1121
f 1118 1121 1213
f 1118 1213 1214
f 1118 1214 1215
f 1118 1215 1216
f 1118 1216 1119
f 1119 1217 1122
f 1119 1122 1120
f 1119 1216 1218
f 1119 1218 1219
f 1119 1219 1220
f 1119 1220 1221
f 1119 1221 1217
f 1121 1212 1222
f 1121 1222 1223
f 1121 1223 1213
f 1122 1224 1123
f 1122 1217 1225
f 1122 1225 1226
f 1122 1226 1227
f 1122 1227 1224
f 1123 1224 1124
f 1124 1224 1227
f 1124 1227 1125
f 1125 1228 1126
f 1125 1227 1229
f 1125 1229 1228
f 1126 1228 1127
f 1127 1129 1128
f 1127 1228 1229
f 1127 1229 1230
f 1127 1230 1231
f 1127 1231 1232
f 1127 1232 1233
f 1127 1233 1234
f 1127 1234 1129
f 1129 1234 1235
f 1129 1235 1236
f 1129 1236 1130
f 1130 1236 1237
f 1130 1237 1238
f 1130 1238 1239
f 1130 1239 1240
f 1130 1240 1131
f 1131 1240 1239
f 1131 1239 1241
f 1131 1241 1242
f 1131 1242 1243
f 1131 1243 1132
f 1132 1243 1133
f 1133 1244 1134
f 1133 1243 1245
f 1133 1245 1246
f 1133 1246 1247
f 1133 1247 1244
f 1134 1244 1248
f 1134 1248 1249
f 1134 1249 1135
f 1135 1249 1250
f 1135 1250 1251
f 1135 1251 1252
f 1135 1252 1253
f 1135 1253 1136
f 1136 1253 1254
f 1136 1254 1137
f 1137 1254 1255
f 1137 1255 1138
f 1138 1255 1256
f 1138 1256 1257
f 1138 1257 1139
f 1139 1257 1258
f 1139 1258 1259
f 1139 1259 1260
f 1139 1260 1140
f 1140 1260 1261
f 1140 1261 1141
f 1141 1261 1262
f 1141 1262 1263
f 1141 1263 1142
f 1142 1263 1264
f 1142 1264 1265
f 1142 1265 1266
f 1142 1266 1143
f 1143 1266 1148
f 1144 1267 1146
f 1144 1146 1145
f 1144 1149 1268
f 1144 1268 1267
f 1146 1267 1269
f 1146 1269 1150
f 1148 1266 1270
f 1148 1270 1149
f 1149 1270 1271
f 1149 1271 1272
f 1149 1272 1273
f 1149 1273 1274
f 1149 1274 1268
f 1150 1269 1151
f 1151 1269 1275
f 1151 1275 1276
f 1151 1276 1277
f 1151 1277 1152
f 1152 1277 1278
f 1152 1278 1279
f 1152 1279 1154
f 1154 1279 1155
f 1155 1279 1280
f 1155 1280 1281
f 1155 1281 1282
f 1155 1282 1157
f 1155 1157 1156
f 1157 1282 1283
f 1157 1283 1284
f 1157 1284 1285
f 1157 1285 1158
f 1158 1285 1286
f 1158 1286 1159
f 1181 1187 1287
f 1181 1287 1182
f 1182 1287 1183
f 1183 1287 1288
f 1183 1288 1289
f 1183 1289 1184
f 1195 1198 1290
f 1195 1290 1291
f 1195 1291 1292
f 1195 1292 1196
f 1196 1292 1202
f 1196 1202 1201
f 1198 1291 1290
f 1205 1211 1293
f 1205 1293 1294
f 1205 1294 1295
f 1205 1295 1212
f 1208 1296 1209
f 1209 1296 1297
f 1209 1297 1298
f 1209 1298 1210
f 1210 1298 1299
f 1210 1299 1300
f 1210 1300 1211
f 1211 1300 1293
f 1212 1295 1301
f 1212 1301 1302
f 1212 1302 1222
f 1213 1223 1303
f 1213 1303 1304
f 1213 1304 1214
f 1214 1304 1305
f 1214 1305 1306
f 1214 1306 1215
f 1215 1306 1307
f 1215 1307 1216
f 1216 1307 1218
f 1217 1221 1308
f 1217 1308 1309
f 1217 1309 1225
f 1218 1307 1310
f 1218 1310 1219
f 1219 1310 1311
f 1219 1311 1312
f 1219 1312 1220
f 1220 1312 1313
f 1220 1313 1221
f 1221 1309 1308
f 1221 1313 1314
f 1221 1314 1309
f 1222 1302 1223
f 1223 1302 1315
f 1223 1315 1303
f 1225 1309 1226
f 1226 1309 1316
f 1226 1316 1227
f 1227 1316 1317
f 1227 1317 1229
f 1229 1317 1318
f 1229 1318 1319
f 1229 1319 1320
f 1229 1320 1230
f 1230 1320 1321
f 1230 1321 1322
f 1230 1322 1231
f 1231 1322 1323
f 1231 1323 1324
f 1231 1324 1232
f 1232 1324 1233
f 1233 1324 1325
f 1233 1325 1234
f 1234 1325 1326
f 1234 1326 1235
f 1235 1326 1327
f 1235 1327 1328
f 1235 1328 1329
f 1235 1329 1236
f 1236 1239 1237
f 1236 1329 1330
f 1236 1330 1239
f 1237 1239 1238
f 1239 1330 1331
f 1239 1331 1332
f 1239 1332 1333
f 1239 1333 1334
f 1239 1334 1335
f 1239 1335 1241
f 1242 1336 1243
f 1243 1336 1337
f 1243 1337 1245
f 1244 1250 1248
f 1244 1247 1250
f 1245 1337 1338
f 1245 1338 1339
f 1245 1339 1246
f 1246 1339 1340
f 1246 1340 1341
f 1246 1341 1247
f 1247 1341 1342
f 1247 1342 1343
f 1247 1343 1344
f 1247 1344 1250
f 1248 1250 1249
f 1250 1344 1345
f 1250 1345 1251
f 1251 1345 1346
f 1251 1346 1347
f 1251 1347 1252
f 1252 1347 1348
f 1252 1348 1349
f 1252 1349 1253
f 1253 1349 1254
f 1254 1349 1350
f 1254 1350 1351
f 1254 1351 1352
f 1254 1352 1255
f 1255 1352 1353
f 1255 1353 1257
f 1255 1257 1256
f 1257 1353 1259
f 1257 1259 1258
f 1259 1353 1354
f 1259 1354 1261
f 1259 1261 1260
f 1261 1354 1355
f 1261 1355 1356
f 1261 1356 1357
f 1261 1357 1262
f 1262 1357 1263
f 1266 1272 1271
f 1266 1271 1270
f 1267 1268 1358
f 1267 1358 1269
f 1268 1274 1359
f 1268 1359 1358
f 1269 1358 1275
f 1272 1360 1274
f 1272 1274 1273
f 1274 1360 1361
f 1274 1361 1362
f 1274 1362 1359
f 1275 1358 1362
f 1275 1362 1363
f 1275 1363 1364
f 1275 1364 1365
f 1275 1365 1366
f 1275 1366 1367
f 1275 1367 1276
f 1276 1367 1278
f 1276 1278 1277
f 1278 1367 1366
f 1278 1366 1368
f 1278 1368 1279
f 1279 1368 1280
f 1280 1368 1369
f 1280 1369 1370
f 1280 1370 1371
f 1280 1371 1281
f 1293 1300 1372
f 1293 1372 1373
f 1293 1373 1374
f 1293 1374 1375
f 1293 1375 1295
f 1293 1295 1294
f 1295 1375 1301
f 1301 1375 1376
f 1301 1376 1302
f 1302 1376 1377
f 1302 1377 1378
f 1302 1378 1315
f 1303 1315 1379
f 1303 1379 1304
f 1304 1379 1305
f 1306 1380 1307
f 1307 1380 1381
f 1307 1381 1310
f 1309 1314 1382
f 1309 1382 1383
f 1309 1383 1316
f 1310 1381 1384
f 1310 1384 1385
f 1310 1385 1386
f 1310 1386 1311
f 1311 1386 1312
f 1312 1386 1387
f 1312 1387 1313
f 1313 1387 1388
f 1313 1388 1314
f 1314 1388 1389
f 1314 1389 1390
f 1314 1390 1391
f 1314 1391 1382
f 1315 1378 1379
f 1316 1383 1392
f 1316 1392 1393
f 1316 1393 1394
f 1316 1394 1317
f 1317 1394 1395
f 1317 1395 1396
f 1317 1396 1318
f 1318 1396 1320
f 1318 1320 1319
f 1320 1396 1397
f 1320 1397 1398
f 1320 1398 1399
f 1320 1399 1321
f 1321 1399 1322
f 1322 1399 1400
f 1322 1400 1401
f 1322 1401 1402
f 1322 1402 1403
f 1322 1403 1404
f 1322 1404 1323
f 1323 1404 1324
f 1324 1404 1405
f 1324 1405 1406
f 1324 1406 1407
f 1324 1407 1325
f 1325 1407 1326
f 1326 1407 1327
f 1327 1408 1328
f 1328 1408 1409
f 1328 1409 1329
f 1329 1409 1330
f 1342 1410 1343
f 1343 1346 1345
f 1343 1345 1344
f 1343 1410 1346
f 1346 1410 1411
f 1346 1411 1412
f 1346 1412 1347
f 1347 1412 1413
f 1347 1413 1414
f 1347 1414 1348
f 1348 1414 1415
f 1348 1415 1349
f 1349 1415 1416
f 1349 1416 1417
f 1349 1417 1350
f 1350 1417 1418
f 1350 1418 1351
f 1351 1419 1353
f 1351 1353 1352
f 1353 1419 1420
f 1353 1420 1354
f 1354 1420 1355
f 1358 1359 1362
f 1361 1421 1362
f 1362 1421 1364
f 1362 1364 1363
f 1366 1422 1368
f 1368 1422 1369
f 1374 1423 1375
f 1375 1423 1376
f 1376 1423 1377
f 1377 1424 1378
f 1378 1424 1379
f 1382 1391 1383
f 1383 1391 1425
f 1383 1425 1426
f 1383 1426 1392
f 1384 1427 1386
f 1384 1386 1385
f 1386 1427 1387
f 1390 1428 1391
f 1391 1428 1429
f 1391 1429 1425
f 1395 1430 1397
f 1395 1397 1396
f 1397 1430 1398
f 1398 1400 1399
f 1400 1431 1401
f 1401 1431 1432
f 1401 1432 1402
f 1403 1405 1404
f 1405 1433 1406
f 1406 1433 1407
f 1415 1434 1416
f 1416 1434 1417